scenario_id,timestamp,time_minutes,phase_id,parking_zone_id,estimated_spaces,occupied_spaces_input,arrival_vehicles,departure_vehicles,average_vehicle_occupancy,data_type,confidence_type,assumption_note
baseline,2026-07-19T12:00:00Z,-180,pre_match,stadium_parking,2000,400,0,0,2.0,synthetic,scenario,Synthetic scenario assumption for FinalFlow demonstration; not observed event operations.
baseline,2026-07-19T12:00:00Z,-180,pre_match,meadowlands_remote,1200,240,0,0,2.0,synthetic,scenario,Synthetic scenario assumption for FinalFlow demonstration; not observed event operations.
baseline,2026-07-19T12:00:00Z,-180,pre_match,secaucus_park_ride,1000,200,0,0,2.0,synthetic,scenario,Synthetic scenario assumption for FinalFlow demonstration; not observed event operations.
baseline,2026-07-19T12:00:00Z,-180,pre_match,midtown_park_ride,800,160,0,0,2.0,synthetic,scenario,Synthetic scenario assumption for FinalFlow demonstration; not observed event operations.
baseline,2026-07-19T12:05:00Z,-175,pre_match,stadium_parking,2000,400,0,0,2.0,synthetic,scenario,Synthetic scenario assumption for FinalFlow demonstration; not observed event operations.
baseline,2026-07-19T12:05:00Z,-175,pre_match,meadowlands_remote,1200,240,0,0,2.0,synthetic,scenario,Synthetic scenario assumption for FinalFlow demonstration; not observed event operations.
baseline,2026-07-19T12:05:00Z,-175,pre_match,secaucus_park_ride,1000,200,0,0,2.0,synthetic,scenario,Synthetic scenario assumption for FinalFlow demonstration; not observed event operations.
baseline,2026-07-19T12:05:00Z,-175,pre_match,midtown_park_ride,800,160,0,0,2.0,synthetic,scenario,Synthetic scenario assumption for FinalFlow demonstration; not observed event operations.
baseline,2026-07-19T12:10:00Z,-170,pre_match,stadium_parking,2000,400,0,0,2.0,synthetic,scenario,Synthetic scenario assumption for FinalFlow demonstration; not observed event operations.
baseline,2026-07-19T12:10:00Z,-170,pre_match,meadowlands_remote,1200,240,0,0,2.0,synthetic,scenario,Synthetic scenario assumption for FinalFlow demonstration; not observed event operations.
baseline,2026-07-19T12:10:00Z,-170,pre_match,secaucus_park_ride,1000,200,0,0,2.0,synthetic,scenario,Synthetic scenario assumption for FinalFlow demonstration; not observed event operations.
baseline,2026-07-19T12:10:00Z,-170,pre_match,midtown_park_ride,800,160,0,0,2.0,synthetic,scenario,Synthetic scenario assumption for FinalFlow demonstration; not observed event operations.
baseline,2026-07-19T12:15:00Z,-165,pre_match,stadium_parking,2000,400,0,0,2.0,synthetic,scenario,Synthetic scenario assumption for FinalFlow demonstration; not observed event operations.
baseline,2026-07-19T12:15:00Z,-165,pre_match,meadowlands_remote,1200,240,0,0,2.0,synthetic,scenario,Synthetic scenario assumption for FinalFlow demonstration; not observed event operations.
baseline,2026-07-19T12:15:00Z,-165,pre_match,secaucus_park_ride,1000,200,0,0,2.0,synthetic,scenario,Synthetic scenario assumption for FinalFlow demonstration; not observed event operations.
baseline,2026-07-19T12:15:00Z,-165,pre_match,midtown_park_ride,800,160,0,0,2.0,synthetic,scenario,Synthetic scenario assumption for FinalFlow demonstration; not observed event operations.
baseline,2026-07-19T12:20:00Z,-160,pre_match,stadium_parking,2000,400,0,0,2.0,synthetic,scenario,Synthetic scenario assumption for FinalFlow demonstration; not observed event operations.
baseline,2026-07-19T12:20:00Z,-160,pre_match,meadowlands_remote,1200,240,0,0,2.0,synthetic,scenario,Synthetic scenario assumption for FinalFlow demonstration; not observed event operations.
baseline,2026-07-19T12:20:00Z,-160,pre_match,secaucus_park_ride,1000,200,0,0,2.0,synthetic,scenario,Synthetic scenario assumption for FinalFlow demonstration; not observed event operations.
baseline,2026-07-19T12:20:00Z,-160,pre_match,midtown_park_ride,800,160,0,0,2.0,synthetic,scenario,Synthetic scenario assumption for FinalFlow demonstration; not observed event operations.
baseline,2026-07-19T12:25:00Z,-155,pre_match,stadium_parking,2000,400,0,0,2.0,synthetic,scenario,Synthetic scenario assumption for FinalFlow demonstration; not observed event operations.
baseline,2026-07-19T12:25:00Z,-155,pre_match,meadowlands_remote,1200,240,0,0,2.0,synthetic,scenario,Synthetic scenario assumption for FinalFlow demonstration; not observed event operations.
baseline,2026-07-19T12:25:00Z,-155,pre_match,secaucus_park_ride,1000,200,0,0,2.0,synthetic,scenario,Synthetic scenario assumption for FinalFlow demonstration; not observed event operations.
baseline,2026-07-19T12:25:00Z,-155,pre_match,midtown_park_ride,800,160,0,0,2.0,synthetic,scenario,Synthetic scenario assumption for FinalFlow demonstration; not observed event operations.
baseline,2026-07-19T12:30:00Z,-150,pre_match,stadium_parking,2000,401,1,0,2.0,synthetic,scenario,Synthetic scenario assumption for FinalFlow demonstration; not observed event operations.
baseline,2026-07-19T12:30:00Z,-150,pre_match,meadowlands_remote,1200,240,0,0,2.0,synthetic,scenario,Synthetic scenario assumption for FinalFlow demonstration; not observed event operations.
baseline,2026-07-19T12:30:00Z,-150,pre_match,secaucus_park_ride,1000,200,0,0,2.0,synthetic,scenario,Synthetic scenario assumption for FinalFlow demonstration; not observed event operations.
baseline,2026-07-19T12:30:00Z,-150,pre_match,midtown_park_ride,800,160,0,0,2.0,synthetic,scenario,Synthetic scenario assumption for FinalFlow demonstration; not observed event operations.
baseline,2026-07-19T12:35:00Z,-145,pre_match,stadium_parking,2000,402,1,0,2.0,synthetic,scenario,Synthetic scenario assumption for FinalFlow demonstration; not observed event operations.
baseline,2026-07-19T12:35:00Z,-145,pre_match,meadowlands_remote,1200,240,0,0,2.0,synthetic,scenario,Synthetic scenario assumption for FinalFlow demonstration; not observed event operations.
baseline,2026-07-19T12:35:00Z,-145,pre_match,secaucus_park_ride,1000,200,0,0,2.0,synthetic,scenario,Synthetic scenario assumption for FinalFlow demonstration; not observed event operations.
baseline,2026-07-19T12:35:00Z,-145,pre_match,midtown_park_ride,800,160,0,0,2.0,synthetic,scenario,Synthetic scenario assumption for FinalFlow demonstration; not observed event operations.
baseline,2026-07-19T12:40:00Z,-140,pre_match,stadium_parking,2000,403,1,0,2.0,synthetic,scenario,Synthetic scenario assumption for FinalFlow demonstration; not observed event operations.
baseline,2026-07-19T12:40:00Z,-140,pre_match,meadowlands_remote,1200,240,0,0,2.0,synthetic,scenario,Synthetic scenario assumption for FinalFlow demonstration; not observed event operations.
baseline,2026-07-19T12:40:00Z,-140,pre_match,secaucus_park_ride,1000,200,0,0,2.0,synthetic,scenario,Synthetic scenario assumption for FinalFlow demonstration; not observed event operations.
baseline,2026-07-19T12:40:00Z,-140,pre_match,midtown_park_ride,800,160,0,0,2.0,synthetic,scenario,Synthetic scenario assumption for FinalFlow demonstration; not observed event operations.
baseline,2026-07-19T12:45:00Z,-135,pre_match,stadium_parking,2000,406,3,0,2.0,synthetic,scenario,Synthetic scenario assumption for FinalFlow demonstration; not observed event operations.
baseline,2026-07-19T12:45:00Z,-135,pre_match,meadowlands_remote,1200,242,2,0,2.0,synthetic,scenario,Synthetic scenario assumption for FinalFlow demonstration; not observed event operations.
baseline,2026-07-19T12:45:00Z,-135,pre_match,secaucus_park_ride,1000,201,1,0,2.0,synthetic,scenario,Synthetic scenario assumption for FinalFlow demonstration; not observed event operations.
baseline,2026-07-19T12:45:00Z,-135,pre_match,midtown_park_ride,800,161,1,0,2.0,synthetic,scenario,Synthetic scenario assumption for FinalFlow demonstration; not observed event operations.
baseline,2026-07-19T12:50:00Z,-130,pre_match,stadium_parking,2000,409,3,0,2.0,synthetic,scenario,Synthetic scenario assumption for FinalFlow demonstration; not observed event operations.
baseline,2026-07-19T12:50:00Z,-130,pre_match,meadowlands_remote,1200,244,2,0,2.0,synthetic,scenario,Synthetic scenario assumption for FinalFlow demonstration; not observed event operations.
baseline,2026-07-19T12:50:00Z,-130,pre_match,secaucus_park_ride,1000,202,1,0,2.0,synthetic,scenario,Synthetic scenario assumption for FinalFlow demonstration; not observed event operations.
baseline,2026-07-19T12:50:00Z,-130,pre_match,midtown_park_ride,800,162,1,0,2.0,synthetic,scenario,Synthetic scenario assumption for FinalFlow demonstration; not observed event operations.
baseline,2026-07-19T12:55:00Z,-125,pre_match,stadium_parking,2000,413,4,0,2.0,synthetic,scenario,Synthetic scenario assumption for FinalFlow demonstration; not observed event operations.
baseline,2026-07-19T12:55:00Z,-125,pre_match,meadowlands_remote,1200,247,3,0,2.0,synthetic,scenario,Synthetic scenario assumption for FinalFlow demonstration; not observed event operations.
baseline,2026-07-19T12:55:00Z,-125,pre_match,secaucus_park_ride,1000,204,2,0,2.0,synthetic,scenario,Synthetic scenario assumption for FinalFlow demonstration; not observed event operations.
baseline,2026-07-19T12:55:00Z,-125,pre_match,midtown_park_ride,800,164,2,0,2.0,synthetic,scenario,Synthetic scenario assumption for FinalFlow demonstration; not observed event operations.
baseline,2026-07-19T13:00:00Z,-120,gates_open,stadium_parking,2000,417,4,0,2.0,synthetic,scenario,Synthetic scenario assumption for FinalFlow demonstration; not observed event operations.
baseline,2026-07-19T13:00:00Z,-120,gates_open,meadowlands_remote,1200,250,3,0,2.0,synthetic,scenario,Synthetic scenario assumption for FinalFlow demonstration; not observed event operations.
baseline,2026-07-19T13:00:00Z,-120,gates_open,secaucus_park_ride,1000,206,2,0,2.0,synthetic,scenario,Synthetic scenario assumption for FinalFlow demonstration; not observed event operations.
baseline,2026-07-19T13:00:00Z,-120,gates_open,midtown_park_ride,800,166,2,0,2.0,synthetic,scenario,Synthetic scenario assumption for FinalFlow demonstration; not observed event operations.
baseline,2026-07-19T13:05:00Z,-115,pre_match,stadium_parking,2000,422,5,0,2.0,synthetic,scenario,Synthetic scenario assumption for FinalFlow demonstration; not observed event operations.
baseline,2026-07-19T13:05:00Z,-115,pre_match,meadowlands_remote,1200,253,3,0,2.0,synthetic,scenario,Synthetic scenario assumption for FinalFlow demonstration; not observed event operations.
baseline,2026-07-19T13:05:00Z,-115,pre_match,secaucus_park_ride,1000,208,2,0,2.0,synthetic,scenario,Synthetic scenario assumption for FinalFlow demonstration; not observed event operations.
baseline,2026-07-19T13:05:00Z,-115,pre_match,midtown_park_ride,800,168,2,0,2.0,synthetic,scenario,Synthetic scenario assumption for FinalFlow demonstration; not observed event operations.
baseline,2026-07-19T13:10:00Z,-110,pre_match,stadium_parking,2000,428,6,0,2.0,synthetic,scenario,Synthetic scenario assumption for FinalFlow demonstration; not observed event operations.
baseline,2026-07-19T13:10:00Z,-110,pre_match,meadowlands_remote,1200,257,4,0,2.0,synthetic,scenario,Synthetic scenario assumption for FinalFlow demonstration; not observed event operations.
baseline,2026-07-19T13:10:00Z,-110,pre_match,secaucus_park_ride,1000,211,3,0,2.0,synthetic,scenario,Synthetic scenario assumption for FinalFlow demonstration; not observed event operations.
baseline,2026-07-19T13:10:00Z,-110,pre_match,midtown_park_ride,800,170,2,0,2.0,synthetic,scenario,Synthetic scenario assumption for FinalFlow demonstration; not observed event operations.
baseline,2026-07-19T13:15:00Z,-105,pre_match,stadium_parking,2000,436,8,0,2.0,synthetic,scenario,Synthetic scenario assumption for FinalFlow demonstration; not observed event operations.
baseline,2026-07-19T13:15:00Z,-105,pre_match,meadowlands_remote,1200,261,4,0,2.0,synthetic,scenario,Synthetic scenario assumption for FinalFlow demonstration; not observed event operations.
baseline,2026-07-19T13:15:00Z,-105,pre_match,secaucus_park_ride,1000,215,4,0,2.0,synthetic,scenario,Synthetic scenario assumption for FinalFlow demonstration; not observed event operations.
baseline,2026-07-19T13:15:00Z,-105,pre_match,midtown_park_ride,800,173,3,0,2.0,synthetic,scenario,Synthetic scenario assumption for FinalFlow demonstration; not observed event operations.
baseline,2026-07-19T13:20:00Z,-100,pre_match,stadium_parking,2000,445,9,0,2.0,synthetic,scenario,Synthetic scenario assumption for FinalFlow demonstration; not observed event operations.
baseline,2026-07-19T13:20:00Z,-100,pre_match,meadowlands_remote,1200,266,5,0,2.0,synthetic,scenario,Synthetic scenario assumption for FinalFlow demonstration; not observed event operations.
baseline,2026-07-19T13:20:00Z,-100,pre_match,secaucus_park_ride,1000,220,5,0,2.0,synthetic,scenario,Synthetic scenario assumption for FinalFlow demonstration; not observed event operations.
baseline,2026-07-19T13:20:00Z,-100,pre_match,midtown_park_ride,800,177,4,0,2.0,synthetic,scenario,Synthetic scenario assumption for FinalFlow demonstration; not observed event operations.
baseline,2026-07-19T13:25:00Z,-95,pre_match,stadium_parking,2000,456,11,0,2.0,synthetic,scenario,Synthetic scenario assumption for FinalFlow demonstration; not observed event operations.
baseline,2026-07-19T13:25:00Z,-95,pre_match,meadowlands_remote,1200,272,6,0,2.0,synthetic,scenario,Synthetic scenario assumption for FinalFlow demonstration; not observed event operations.
baseline,2026-07-19T13:25:00Z,-95,pre_match,secaucus_park_ride,1000,225,5,0,2.0,synthetic,scenario,Synthetic scenario assumption for FinalFlow demonstration; not observed event operations.
baseline,2026-07-19T13:25:00Z,-95,pre_match,midtown_park_ride,800,181,4,0,2.0,synthetic,scenario,Synthetic scenario assumption for FinalFlow demonstration; not observed event operations.
baseline,2026-07-19T13:30:00Z,-90,pre_match,stadium_parking,2000,467,11,0,2.0,synthetic,scenario,Synthetic scenario assumption for FinalFlow demonstration; not observed event operations.
baseline,2026-07-19T13:30:00Z,-90,pre_match,meadowlands_remote,1200,279,7,0,2.0,synthetic,scenario,Synthetic scenario assumption for FinalFlow demonstration; not observed event operations.
baseline,2026-07-19T13:30:00Z,-90,pre_match,secaucus_park_ride,1000,231,6,0,2.0,synthetic,scenario,Synthetic scenario assumption for FinalFlow demonstration; not observed event operations.
baseline,2026-07-19T13:30:00Z,-90,pre_match,midtown_park_ride,800,185,4,0,2.0,synthetic,scenario,Synthetic scenario assumption for FinalFlow demonstration; not observed event operations.
baseline,2026-07-19T13:35:00Z,-85,pre_match,stadium_parking,2000,479,12,0,2.0,synthetic,scenario,Synthetic scenario assumption for FinalFlow demonstration; not observed event operations.
baseline,2026-07-19T13:35:00Z,-85,pre_match,meadowlands_remote,1200,287,8,0,2.0,synthetic,scenario,Synthetic scenario assumption for FinalFlow demonstration; not observed event operations.
baseline,2026-07-19T13:35:00Z,-85,pre_match,secaucus_park_ride,1000,237,6,0,2.0,synthetic,scenario,Synthetic scenario assumption for FinalFlow demonstration; not observed event operations.
baseline,2026-07-19T13:35:00Z,-85,pre_match,midtown_park_ride,800,190,5,0,2.0,synthetic,scenario,Synthetic scenario assumption for FinalFlow demonstration; not observed event operations.
baseline,2026-07-19T13:40:00Z,-80,pre_match,stadium_parking,2000,493,14,0,2.0,synthetic,scenario,Synthetic scenario assumption for FinalFlow demonstration; not observed event operations.
baseline,2026-07-19T13:40:00Z,-80,pre_match,meadowlands_remote,1200,295,8,0,2.0,synthetic,scenario,Synthetic scenario assumption for FinalFlow demonstration; not observed event operations.
baseline,2026-07-19T13:40:00Z,-80,pre_match,secaucus_park_ride,1000,244,7,0,2.0,synthetic,scenario,Synthetic scenario assumption for FinalFlow demonstration; not observed event operations.
baseline,2026-07-19T13:40:00Z,-80,pre_match,midtown_park_ride,800,196,6,0,2.0,synthetic,scenario,Synthetic scenario assumption for FinalFlow demonstration; not observed event operations.
baseline,2026-07-19T13:45:00Z,-75,pre_match,stadium_parking,2000,509,16,0,2.0,synthetic,scenario,Synthetic scenario assumption for FinalFlow demonstration; not observed event operations.
baseline,2026-07-19T13:45:00Z,-75,pre_match,meadowlands_remote,1200,305,10,0,2.0,synthetic,scenario,Synthetic scenario assumption for FinalFlow demonstration; not observed event operations.
baseline,2026-07-19T13:45:00Z,-75,pre_match,secaucus_park_ride,1000,252,8,0,2.0,synthetic,scenario,Synthetic scenario assumption for FinalFlow demonstration; not observed event operations.
baseline,2026-07-19T13:45:00Z,-75,pre_match,midtown_park_ride,800,202,6,0,2.0,synthetic,scenario,Synthetic scenario assumption for FinalFlow demonstration; not observed event operations.
baseline,2026-07-19T13:50:00Z,-70,pre_match,stadium_parking,2000,525,16,0,2.0,synthetic,scenario,Synthetic scenario assumption for FinalFlow demonstration; not observed event operations.
baseline,2026-07-19T13:50:00Z,-70,pre_match,meadowlands_remote,1200,315,10,0,2.0,synthetic,scenario,Synthetic scenario assumption for FinalFlow demonstration; not observed event operations.
baseline,2026-07-19T13:50:00Z,-70,pre_match,secaucus_park_ride,1000,260,8,0,2.0,synthetic,scenario,Synthetic scenario assumption for FinalFlow demonstration; not observed event operations.
baseline,2026-07-19T13:50:00Z,-70,pre_match,midtown_park_ride,800,208,6,0,2.0,synthetic,scenario,Synthetic scenario assumption for FinalFlow demonstration; not observed event operations.
baseline,2026-07-19T13:55:00Z,-65,pre_match,stadium_parking,2000,542,17,0,2.0,synthetic,scenario,Synthetic scenario assumption for FinalFlow demonstration; not observed event operations.
baseline,2026-07-19T13:55:00Z,-65,pre_match,meadowlands_remote,1200,325,10,0,2.0,synthetic,scenario,Synthetic scenario assumption for FinalFlow demonstration; not observed event operations.
baseline,2026-07-19T13:55:00Z,-65,pre_match,secaucus_park_ride,1000,269,9,0,2.0,synthetic,scenario,Synthetic scenario assumption for FinalFlow demonstration; not observed event operations.
baseline,2026-07-19T13:55:00Z,-65,pre_match,midtown_park_ride,800,215,7,0,2.0,synthetic,scenario,Synthetic scenario assumption for FinalFlow demonstration; not observed event operations.
baseline,2026-07-19T14:00:00Z,-60,pre_match,stadium_parking,2000,561,19,0,2.0,synthetic,scenario,Synthetic scenario assumption for FinalFlow demonstration; not observed event operations.
baseline,2026-07-19T14:00:00Z,-60,pre_match,meadowlands_remote,1200,336,11,0,2.0,synthetic,scenario,Synthetic scenario assumption for FinalFlow demonstration; not observed event operations.
baseline,2026-07-19T14:00:00Z,-60,pre_match,secaucus_park_ride,1000,278,9,0,2.0,synthetic,scenario,Synthetic scenario assumption for FinalFlow demonstration; not observed event operations.
baseline,2026-07-19T14:00:00Z,-60,pre_match,midtown_park_ride,800,223,8,0,2.0,synthetic,scenario,Synthetic scenario assumption for FinalFlow demonstration; not observed event operations.
baseline,2026-07-19T14:05:00Z,-55,pre_match,stadium_parking,2000,582,21,0,2.0,synthetic,scenario,Synthetic scenario assumption for FinalFlow demonstration; not observed event operations.
baseline,2026-07-19T14:05:00Z,-55,pre_match,meadowlands_remote,1200,349,13,0,2.0,synthetic,scenario,Synthetic scenario assumption for FinalFlow demonstration; not observed event operations.
baseline,2026-07-19T14:05:00Z,-55,pre_match,secaucus_park_ride,1000,288,10,0,2.0,synthetic,scenario,Synthetic scenario assumption for FinalFlow demonstration; not observed event operations.
baseline,2026-07-19T14:05:00Z,-55,pre_match,midtown_park_ride,800,231,8,0,2.0,synthetic,scenario,Synthetic scenario assumption for FinalFlow demonstration; not observed event operations.
baseline,2026-07-19T14:10:00Z,-50,pre_match,stadium_parking,2000,603,21,0,2.0,synthetic,scenario,Synthetic scenario assumption for FinalFlow demonstration; not observed event operations.
baseline,2026-07-19T14:10:00Z,-50,pre_match,meadowlands_remote,1200,362,13,0,2.0,synthetic,scenario,Synthetic scenario assumption for FinalFlow demonstration; not observed event operations.
baseline,2026-07-19T14:10:00Z,-50,pre_match,secaucus_park_ride,1000,298,10,0,2.0,synthetic,scenario,Synthetic scenario assumption for FinalFlow demonstration; not observed event operations.
baseline,2026-07-19T14:10:00Z,-50,pre_match,midtown_park_ride,800,239,8,0,2.0,synthetic,scenario,Synthetic scenario assumption for FinalFlow demonstration; not observed event operations.
baseline,2026-07-19T14:15:00Z,-45,pre_match,stadium_parking,2000,622,19,0,2.0,synthetic,scenario,Synthetic scenario assumption for FinalFlow demonstration; not observed event operations.
baseline,2026-07-19T14:15:00Z,-45,pre_match,meadowlands_remote,1200,373,11,0,2.0,synthetic,scenario,Synthetic scenario assumption for FinalFlow demonstration; not observed event operations.
baseline,2026-07-19T14:15:00Z,-45,pre_match,secaucus_park_ride,1000,307,9,0,2.0,synthetic,scenario,Synthetic scenario assumption for FinalFlow demonstration; not observed event operations.
baseline,2026-07-19T14:15:00Z,-45,pre_match,midtown_park_ride,800,247,8,0,2.0,synthetic,scenario,Synthetic scenario assumption for FinalFlow demonstration; not observed event operations.
baseline,2026-07-19T14:20:00Z,-40,pre_match,stadium_parking,2000,639,17,0,2.0,synthetic,scenario,Synthetic scenario assumption for FinalFlow demonstration; not observed event operations.
baseline,2026-07-19T14:20:00Z,-40,pre_match,meadowlands_remote,1200,383,10,0,2.0,synthetic,scenario,Synthetic scenario assumption for FinalFlow demonstration; not observed event operations.
baseline,2026-07-19T14:20:00Z,-40,pre_match,secaucus_park_ride,1000,316,9,0,2.0,synthetic,scenario,Synthetic scenario assumption for FinalFlow demonstration; not observed event operations.
baseline,2026-07-19T14:20:00Z,-40,pre_match,midtown_park_ride,800,254,7,0,2.0,synthetic,scenario,Synthetic scenario assumption for FinalFlow demonstration; not observed event operations.
baseline,2026-07-19T14:25:00Z,-35,pre_match,stadium_parking,2000,655,16,0,2.0,synthetic,scenario,Synthetic scenario assumption for FinalFlow demonstration; not observed event operations.
baseline,2026-07-19T14:25:00Z,-35,pre_match,meadowlands_remote,1200,393,10,0,2.0,synthetic,scenario,Synthetic scenario assumption for FinalFlow demonstration; not observed event operations.
baseline,2026-07-19T14:25:00Z,-35,pre_match,secaucus_park_ride,1000,324,8,0,2.0,synthetic,scenario,Synthetic scenario assumption for FinalFlow demonstration; not observed event operations.
baseline,2026-07-19T14:25:00Z,-35,pre_match,midtown_park_ride,800,260,6,0,2.0,synthetic,scenario,Synthetic scenario assumption for FinalFlow demonstration; not observed event operations.
baseline,2026-07-19T14:30:00Z,-30,ceremony,stadium_parking,2000,655,0,0,2.0,synthetic,scenario,Synthetic scenario assumption for FinalFlow demonstration; not observed event operations.
baseline,2026-07-19T14:30:00Z,-30,ceremony,meadowlands_remote,1200,393,0,0,2.0,synthetic,scenario,Synthetic scenario assumption for FinalFlow demonstration; not observed event operations.
baseline,2026-07-19T14:30:00Z,-30,ceremony,secaucus_park_ride,1000,324,0,0,2.0,synthetic,scenario,Synthetic scenario assumption for FinalFlow demonstration; not observed event operations.
baseline,2026-07-19T14:30:00Z,-30,ceremony,midtown_park_ride,800,260,0,0,2.0,synthetic,scenario,Synthetic scenario assumption for FinalFlow demonstration; not observed event operations.
baseline,2026-07-19T14:35:00Z,-25,ceremony,stadium_parking,2000,655,0,0,2.0,synthetic,scenario,Synthetic scenario assumption for FinalFlow demonstration; not observed event operations.
baseline,2026-07-19T14:35:00Z,-25,ceremony,meadowlands_remote,1200,393,0,0,2.0,synthetic,scenario,Synthetic scenario assumption for FinalFlow demonstration; not observed event operations.
baseline,2026-07-19T14:35:00Z,-25,ceremony,secaucus_park_ride,1000,324,0,0,2.0,synthetic,scenario,Synthetic scenario assumption for FinalFlow demonstration; not observed event operations.
baseline,2026-07-19T14:35:00Z,-25,ceremony,midtown_park_ride,800,260,0,0,2.0,synthetic,scenario,Synthetic scenario assumption for FinalFlow demonstration; not observed event operations.
baseline,2026-07-19T14:40:00Z,-20,ceremony,stadium_parking,2000,655,0,0,2.0,synthetic,scenario,Synthetic scenario assumption for FinalFlow demonstration; not observed event operations.
baseline,2026-07-19T14:40:00Z,-20,ceremony,meadowlands_remote,1200,393,0,0,2.0,synthetic,scenario,Synthetic scenario assumption for FinalFlow demonstration; not observed event operations.
baseline,2026-07-19T14:40:00Z,-20,ceremony,secaucus_park_ride,1000,324,0,0,2.0,synthetic,scenario,Synthetic scenario assumption for FinalFlow demonstration; not observed event operations.
baseline,2026-07-19T14:40:00Z,-20,ceremony,midtown_park_ride,800,260,0,0,2.0,synthetic,scenario,Synthetic scenario assumption for FinalFlow demonstration; not observed event operations.
baseline,2026-07-19T14:45:00Z,-15,ceremony,stadium_parking,2000,655,0,0,2.0,synthetic,scenario,Synthetic scenario assumption for FinalFlow demonstration; not observed event operations.
baseline,2026-07-19T14:45:00Z,-15,ceremony,meadowlands_remote,1200,393,0,0,2.0,synthetic,scenario,Synthetic scenario assumption for FinalFlow demonstration; not observed event operations.
baseline,2026-07-19T14:45:00Z,-15,ceremony,secaucus_park_ride,1000,324,0,0,2.0,synthetic,scenario,Synthetic scenario assumption for FinalFlow demonstration; not observed event operations.
baseline,2026-07-19T14:45:00Z,-15,ceremony,midtown_park_ride,800,260,0,0,2.0,synthetic,scenario,Synthetic scenario assumption for FinalFlow demonstration; not observed event operations.
baseline,2026-07-19T14:50:00Z,-10,ceremony,stadium_parking,2000,655,0,0,2.0,synthetic,scenario,Synthetic scenario assumption for FinalFlow demonstration; not observed event operations.
baseline,2026-07-19T14:50:00Z,-10,ceremony,meadowlands_remote,1200,393,0,0,2.0,synthetic,scenario,Synthetic scenario assumption for FinalFlow demonstration; not observed event operations.
baseline,2026-07-19T14:50:00Z,-10,ceremony,secaucus_park_ride,1000,324,0,0,2.0,synthetic,scenario,Synthetic scenario assumption for FinalFlow demonstration; not observed event operations.
baseline,2026-07-19T14:50:00Z,-10,ceremony,midtown_park_ride,800,260,0,0,2.0,synthetic,scenario,Synthetic scenario assumption for FinalFlow demonstration; not observed event operations.
baseline,2026-07-19T14:55:00Z,-5,ceremony,stadium_parking,2000,655,0,0,2.0,synthetic,scenario,Synthetic scenario assumption for FinalFlow demonstration; not observed event operations.
baseline,2026-07-19T14:55:00Z,-5,ceremony,meadowlands_remote,1200,393,0,0,2.0,synthetic,scenario,Synthetic scenario assumption for FinalFlow demonstration; not observed event operations.
baseline,2026-07-19T14:55:00Z,-5,ceremony,secaucus_park_ride,1000,324,0,0,2.0,synthetic,scenario,Synthetic scenario assumption for FinalFlow demonstration; not observed event operations.
baseline,2026-07-19T14:55:00Z,-5,ceremony,midtown_park_ride,800,260,0,0,2.0,synthetic,scenario,Synthetic scenario assumption for FinalFlow demonstration; not observed event operations.
baseline,2026-07-19T15:00:00Z,0,kickoff,stadium_parking,2000,655,0,0,2.0,synthetic,scenario,Synthetic scenario assumption for FinalFlow demonstration; not observed event operations.
baseline,2026-07-19T15:00:00Z,0,kickoff,meadowlands_remote,1200,393,0,0,2.0,synthetic,scenario,Synthetic scenario assumption for FinalFlow demonstration; not observed event operations.
baseline,2026-07-19T15:00:00Z,0,kickoff,secaucus_park_ride,1000,324,0,0,2.0,synthetic,scenario,Synthetic scenario assumption for FinalFlow demonstration; not observed event operations.
baseline,2026-07-19T15:00:00Z,0,kickoff,midtown_park_ride,800,260,0,0,2.0,synthetic,scenario,Synthetic scenario assumption for FinalFlow demonstration; not observed event operations.
baseline,2026-07-19T15:05:00Z,5,first_half,stadium_parking,2000,655,0,0,2.0,synthetic,scenario,Synthetic scenario assumption for FinalFlow demonstration; not observed event operations.
baseline,2026-07-19T15:05:00Z,5,first_half,meadowlands_remote,1200,393,0,0,2.0,synthetic,scenario,Synthetic scenario assumption for FinalFlow demonstration; not observed event operations.
baseline,2026-07-19T15:05:00Z,5,first_half,secaucus_park_ride,1000,324,0,0,2.0,synthetic,scenario,Synthetic scenario assumption for FinalFlow demonstration; not observed event operations.
baseline,2026-07-19T15:05:00Z,5,first_half,midtown_park_ride,800,260,0,0,2.0,synthetic,scenario,Synthetic scenario assumption for FinalFlow demonstration; not observed event operations.
baseline,2026-07-19T15:10:00Z,10,first_half,stadium_parking,2000,655,0,0,2.0,synthetic,scenario,Synthetic scenario assumption for FinalFlow demonstration; not observed event operations.
baseline,2026-07-19T15:10:00Z,10,first_half,meadowlands_remote,1200,393,0,0,2.0,synthetic,scenario,Synthetic scenario assumption for FinalFlow demonstration; not observed event operations.
baseline,2026-07-19T15:10:00Z,10,first_half,secaucus_park_ride,1000,324,0,0,2.0,synthetic,scenario,Synthetic scenario assumption for FinalFlow demonstration; not observed event operations.
baseline,2026-07-19T15:10:00Z,10,first_half,midtown_park_ride,800,260,0,0,2.0,synthetic,scenario,Synthetic scenario assumption for FinalFlow demonstration; not observed event operations.
baseline,2026-07-19T15:15:00Z,15,first_half,stadium_parking,2000,655,0,0,2.0,synthetic,scenario,Synthetic scenario assumption for FinalFlow demonstration; not observed event operations.
baseline,2026-07-19T15:15:00Z,15,first_half,meadowlands_remote,1200,393,0,0,2.0,synthetic,scenario,Synthetic scenario assumption for FinalFlow demonstration; not observed event operations.
baseline,2026-07-19T15:15:00Z,15,first_half,secaucus_park_ride,1000,324,0,0,2.0,synthetic,scenario,Synthetic scenario assumption for FinalFlow demonstration; not observed event operations.
baseline,2026-07-19T15:15:00Z,15,first_half,midtown_park_ride,800,260,0,0,2.0,synthetic,scenario,Synthetic scenario assumption for FinalFlow demonstration; not observed event operations.
baseline,2026-07-19T15:20:00Z,20,first_half,stadium_parking,2000,655,0,0,2.0,synthetic,scenario,Synthetic scenario assumption for FinalFlow demonstration; not observed event operations.
baseline,2026-07-19T15:20:00Z,20,first_half,meadowlands_remote,1200,393,0,0,2.0,synthetic,scenario,Synthetic scenario assumption for FinalFlow demonstration; not observed event operations.
baseline,2026-07-19T15:20:00Z,20,first_half,secaucus_park_ride,1000,324,0,0,2.0,synthetic,scenario,Synthetic scenario assumption for FinalFlow demonstration; not observed event operations.
baseline,2026-07-19T15:20:00Z,20,first_half,midtown_park_ride,800,260,0,0,2.0,synthetic,scenario,Synthetic scenario assumption for FinalFlow demonstration; not observed event operations.
baseline,2026-07-19T15:25:00Z,25,first_half,stadium_parking,2000,655,0,0,2.0,synthetic,scenario,Synthetic scenario assumption for FinalFlow demonstration; not observed event operations.
baseline,2026-07-19T15:25:00Z,25,first_half,meadowlands_remote,1200,393,0,0,2.0,synthetic,scenario,Synthetic scenario assumption for FinalFlow demonstration; not observed event operations.
baseline,2026-07-19T15:25:00Z,25,first_half,secaucus_park_ride,1000,324,0,0,2.0,synthetic,scenario,Synthetic scenario assumption for FinalFlow demonstration; not observed event operations.
baseline,2026-07-19T15:25:00Z,25,first_half,midtown_park_ride,800,260,0,0,2.0,synthetic,scenario,Synthetic scenario assumption for FinalFlow demonstration; not observed event operations.
baseline,2026-07-19T15:30:00Z,30,first_half,stadium_parking,2000,655,0,0,2.0,synthetic,scenario,Synthetic scenario assumption for FinalFlow demonstration; not observed event operations.
baseline,2026-07-19T15:30:00Z,30,first_half,meadowlands_remote,1200,393,0,0,2.0,synthetic,scenario,Synthetic scenario assumption for FinalFlow demonstration; not observed event operations.
baseline,2026-07-19T15:30:00Z,30,first_half,secaucus_park_ride,1000,324,0,0,2.0,synthetic,scenario,Synthetic scenario assumption for FinalFlow demonstration; not observed event operations.
baseline,2026-07-19T15:30:00Z,30,first_half,midtown_park_ride,800,260,0,0,2.0,synthetic,scenario,Synthetic scenario assumption for FinalFlow demonstration; not observed event operations.
baseline,2026-07-19T15:35:00Z,35,first_half,stadium_parking,2000,655,0,0,2.0,synthetic,scenario,Synthetic scenario assumption for FinalFlow demonstration; not observed event operations.
baseline,2026-07-19T15:35:00Z,35,first_half,meadowlands_remote,1200,393,0,0,2.0,synthetic,scenario,Synthetic scenario assumption for FinalFlow demonstration; not observed event operations.
baseline,2026-07-19T15:35:00Z,35,first_half,secaucus_park_ride,1000,324,0,0,2.0,synthetic,scenario,Synthetic scenario assumption for FinalFlow demonstration; not observed event operations.
baseline,2026-07-19T15:35:00Z,35,first_half,midtown_park_ride,800,260,0,0,2.0,synthetic,scenario,Synthetic scenario assumption for FinalFlow demonstration; not observed event operations.
baseline,2026-07-19T15:40:00Z,40,first_half,stadium_parking,2000,655,0,0,2.0,synthetic,scenario,Synthetic scenario assumption for FinalFlow demonstration; not observed event operations.
baseline,2026-07-19T15:40:00Z,40,first_half,meadowlands_remote,1200,393,0,0,2.0,synthetic,scenario,Synthetic scenario assumption for FinalFlow demonstration; not observed event operations.
baseline,2026-07-19T15:40:00Z,40,first_half,secaucus_park_ride,1000,324,0,0,2.0,synthetic,scenario,Synthetic scenario assumption for FinalFlow demonstration; not observed event operations.
baseline,2026-07-19T15:40:00Z,40,first_half,midtown_park_ride,800,260,0,0,2.0,synthetic,scenario,Synthetic scenario assumption for FinalFlow demonstration; not observed event operations.
baseline,2026-07-19T15:45:00Z,45,first_half_end,stadium_parking,2000,655,0,0,2.0,synthetic,scenario,Synthetic scenario assumption for FinalFlow demonstration; not observed event operations.
baseline,2026-07-19T15:45:00Z,45,first_half_end,meadowlands_remote,1200,393,0,0,2.0,synthetic,scenario,Synthetic scenario assumption for FinalFlow demonstration; not observed event operations.
baseline,2026-07-19T15:45:00Z,45,first_half_end,secaucus_park_ride,1000,324,0,0,2.0,synthetic,scenario,Synthetic scenario assumption for FinalFlow demonstration; not observed event operations.
baseline,2026-07-19T15:45:00Z,45,first_half_end,midtown_park_ride,800,260,0,0,2.0,synthetic,scenario,Synthetic scenario assumption for FinalFlow demonstration; not observed event operations.
baseline,2026-07-19T15:50:00Z,50,halftime,stadium_parking,2000,655,0,0,2.0,synthetic,scenario,Synthetic scenario assumption for FinalFlow demonstration; not observed event operations.
baseline,2026-07-19T15:50:00Z,50,halftime,meadowlands_remote,1200,393,0,0,2.0,synthetic,scenario,Synthetic scenario assumption for FinalFlow demonstration; not observed event operations.
baseline,2026-07-19T15:50:00Z,50,halftime,secaucus_park_ride,1000,324,0,0,2.0,synthetic,scenario,Synthetic scenario assumption for FinalFlow demonstration; not observed event operations.
baseline,2026-07-19T15:50:00Z,50,halftime,midtown_park_ride,800,260,0,0,2.0,synthetic,scenario,Synthetic scenario assumption for FinalFlow demonstration; not observed event operations.
baseline,2026-07-19T15:55:00Z,55,halftime,stadium_parking,2000,655,0,0,2.0,synthetic,scenario,Synthetic scenario assumption for FinalFlow demonstration; not observed event operations.
baseline,2026-07-19T15:55:00Z,55,halftime,meadowlands_remote,1200,393,0,0,2.0,synthetic,scenario,Synthetic scenario assumption for FinalFlow demonstration; not observed event operations.
baseline,2026-07-19T15:55:00Z,55,halftime,secaucus_park_ride,1000,324,0,0,2.0,synthetic,scenario,Synthetic scenario assumption for FinalFlow demonstration; not observed event operations.
baseline,2026-07-19T15:55:00Z,55,halftime,midtown_park_ride,800,260,0,0,2.0,synthetic,scenario,Synthetic scenario assumption for FinalFlow demonstration; not observed event operations.
baseline,2026-07-19T16:00:00Z,60,second_half,stadium_parking,2000,655,0,0,2.0,synthetic,scenario,Synthetic scenario assumption for FinalFlow demonstration; not observed event operations.
baseline,2026-07-19T16:00:00Z,60,second_half,meadowlands_remote,1200,393,0,0,2.0,synthetic,scenario,Synthetic scenario assumption for FinalFlow demonstration; not observed event operations.
baseline,2026-07-19T16:00:00Z,60,second_half,secaucus_park_ride,1000,324,0,0,2.0,synthetic,scenario,Synthetic scenario assumption for FinalFlow demonstration; not observed event operations.
baseline,2026-07-19T16:00:00Z,60,second_half,midtown_park_ride,800,260,0,0,2.0,synthetic,scenario,Synthetic scenario assumption for FinalFlow demonstration; not observed event operations.
baseline,2026-07-19T16:05:00Z,65,second_half,stadium_parking,2000,655,0,0,2.0,synthetic,scenario,Synthetic scenario assumption for FinalFlow demonstration; not observed event operations.
baseline,2026-07-19T16:05:00Z,65,second_half,meadowlands_remote,1200,393,0,0,2.0,synthetic,scenario,Synthetic scenario assumption for FinalFlow demonstration; not observed event operations.
baseline,2026-07-19T16:05:00Z,65,second_half,secaucus_park_ride,1000,324,0,0,2.0,synthetic,scenario,Synthetic scenario assumption for FinalFlow demonstration; not observed event operations.
baseline,2026-07-19T16:05:00Z,65,second_half,midtown_park_ride,800,260,0,0,2.0,synthetic,scenario,Synthetic scenario assumption for FinalFlow demonstration; not observed event operations.
baseline,2026-07-19T16:10:00Z,70,second_half,stadium_parking,2000,655,0,0,2.0,synthetic,scenario,Synthetic scenario assumption for FinalFlow demonstration; not observed event operations.
baseline,2026-07-19T16:10:00Z,70,second_half,meadowlands_remote,1200,393,0,0,2.0,synthetic,scenario,Synthetic scenario assumption for FinalFlow demonstration; not observed event operations.
baseline,2026-07-19T16:10:00Z,70,second_half,secaucus_park_ride,1000,324,0,0,2.0,synthetic,scenario,Synthetic scenario assumption for FinalFlow demonstration; not observed event operations.
baseline,2026-07-19T16:10:00Z,70,second_half,midtown_park_ride,800,260,0,0,2.0,synthetic,scenario,Synthetic scenario assumption for FinalFlow demonstration; not observed event operations.
baseline,2026-07-19T16:15:00Z,75,second_half,stadium_parking,2000,655,0,0,2.0,synthetic,scenario,Synthetic scenario assumption for FinalFlow demonstration; not observed event operations.
baseline,2026-07-19T16:15:00Z,75,second_half,meadowlands_remote,1200,393,0,0,2.0,synthetic,scenario,Synthetic scenario assumption for FinalFlow demonstration; not observed event operations.
baseline,2026-07-19T16:15:00Z,75,second_half,secaucus_park_ride,1000,324,0,0,2.0,synthetic,scenario,Synthetic scenario assumption for FinalFlow demonstration; not observed event operations.
baseline,2026-07-19T16:15:00Z,75,second_half,midtown_park_ride,800,260,0,0,2.0,synthetic,scenario,Synthetic scenario assumption for FinalFlow demonstration; not observed event operations.
baseline,2026-07-19T16:20:00Z,80,second_half,stadium_parking,2000,655,0,0,2.0,synthetic,scenario,Synthetic scenario assumption for FinalFlow demonstration; not observed event operations.
baseline,2026-07-19T16:20:00Z,80,second_half,meadowlands_remote,1200,393,0,0,2.0,synthetic,scenario,Synthetic scenario assumption for FinalFlow demonstration; not observed event operations.
baseline,2026-07-19T16:20:00Z,80,second_half,secaucus_park_ride,1000,324,0,0,2.0,synthetic,scenario,Synthetic scenario assumption for FinalFlow demonstration; not observed event operations.
baseline,2026-07-19T16:20:00Z,80,second_half,midtown_park_ride,800,260,0,0,2.0,synthetic,scenario,Synthetic scenario assumption for FinalFlow demonstration; not observed event operations.
baseline,2026-07-19T16:25:00Z,85,second_half,stadium_parking,2000,655,0,0,2.0,synthetic,scenario,Synthetic scenario assumption for FinalFlow demonstration; not observed event operations.
baseline,2026-07-19T16:25:00Z,85,second_half,meadowlands_remote,1200,393,0,0,2.0,synthetic,scenario,Synthetic scenario assumption for FinalFlow demonstration; not observed event operations.
baseline,2026-07-19T16:25:00Z,85,second_half,secaucus_park_ride,1000,324,0,0,2.0,synthetic,scenario,Synthetic scenario assumption for FinalFlow demonstration; not observed event operations.
baseline,2026-07-19T16:25:00Z,85,second_half,midtown_park_ride,800,260,0,0,2.0,synthetic,scenario,Synthetic scenario assumption for FinalFlow demonstration; not observed event operations.
baseline,2026-07-19T16:30:00Z,90,second_half,stadium_parking,2000,655,0,0,2.0,synthetic,scenario,Synthetic scenario assumption for FinalFlow demonstration; not observed event operations.
baseline,2026-07-19T16:30:00Z,90,second_half,meadowlands_remote,1200,393,0,0,2.0,synthetic,scenario,Synthetic scenario assumption for FinalFlow demonstration; not observed event operations.
baseline,2026-07-19T16:30:00Z,90,second_half,secaucus_park_ride,1000,324,0,0,2.0,synthetic,scenario,Synthetic scenario assumption for FinalFlow demonstration; not observed event operations.
baseline,2026-07-19T16:30:00Z,90,second_half,midtown_park_ride,800,260,0,0,2.0,synthetic,scenario,Synthetic scenario assumption for FinalFlow demonstration; not observed event operations.
baseline,2026-07-19T16:35:00Z,95,second_half,stadium_parking,2000,655,0,0,2.0,synthetic,scenario,Synthetic scenario assumption for FinalFlow demonstration; not observed event operations.
baseline,2026-07-19T16:35:00Z,95,second_half,meadowlands_remote,1200,393,0,0,2.0,synthetic,scenario,Synthetic scenario assumption for FinalFlow demonstration; not observed event operations.
baseline,2026-07-19T16:35:00Z,95,second_half,secaucus_park_ride,1000,324,0,0,2.0,synthetic,scenario,Synthetic scenario assumption for FinalFlow demonstration; not observed event operations.
baseline,2026-07-19T16:35:00Z,95,second_half,midtown_park_ride,800,260,0,0,2.0,synthetic,scenario,Synthetic scenario assumption for FinalFlow demonstration; not observed event operations.
baseline,2026-07-19T16:40:00Z,100,second_half,stadium_parking,2000,655,0,0,2.0,synthetic,scenario,Synthetic scenario assumption for FinalFlow demonstration; not observed event operations.
baseline,2026-07-19T16:40:00Z,100,second_half,meadowlands_remote,1200,393,0,0,2.0,synthetic,scenario,Synthetic scenario assumption for FinalFlow demonstration; not observed event operations.
baseline,2026-07-19T16:40:00Z,100,second_half,secaucus_park_ride,1000,324,0,0,2.0,synthetic,scenario,Synthetic scenario assumption for FinalFlow demonstration; not observed event operations.
baseline,2026-07-19T16:40:00Z,100,second_half,midtown_park_ride,800,260,0,0,2.0,synthetic,scenario,Synthetic scenario assumption for FinalFlow demonstration; not observed event operations.
baseline,2026-07-19T16:45:00Z,105,regulation_end,stadium_parking,2000,655,0,0,2.0,synthetic,scenario,Synthetic scenario assumption for FinalFlow demonstration; not observed event operations.
baseline,2026-07-19T16:45:00Z,105,regulation_end,meadowlands_remote,1200,393,0,0,2.0,synthetic,scenario,Synthetic scenario assumption for FinalFlow demonstration; not observed event operations.
baseline,2026-07-19T16:45:00Z,105,regulation_end,secaucus_park_ride,1000,324,0,0,2.0,synthetic,scenario,Synthetic scenario assumption for FinalFlow demonstration; not observed event operations.
baseline,2026-07-19T16:45:00Z,105,regulation_end,midtown_park_ride,800,260,0,0,2.0,synthetic,scenario,Synthetic scenario assumption for FinalFlow demonstration; not observed event operations.
baseline,2026-07-19T16:50:00Z,110,extra_time,stadium_parking,2000,655,0,0,2.0,synthetic,scenario,Synthetic scenario assumption for FinalFlow demonstration; not observed event operations.
baseline,2026-07-19T16:50:00Z,110,extra_time,meadowlands_remote,1200,393,0,0,2.0,synthetic,scenario,Synthetic scenario assumption for FinalFlow demonstration; not observed event operations.
baseline,2026-07-19T16:50:00Z,110,extra_time,secaucus_park_ride,1000,324,0,0,2.0,synthetic,scenario,Synthetic scenario assumption for FinalFlow demonstration; not observed event operations.
baseline,2026-07-19T16:50:00Z,110,extra_time,midtown_park_ride,800,260,0,0,2.0,synthetic,scenario,Synthetic scenario assumption for FinalFlow demonstration; not observed event operations.
baseline,2026-07-19T16:55:00Z,115,extra_time,stadium_parking,2000,655,0,0,2.0,synthetic,scenario,Synthetic scenario assumption for FinalFlow demonstration; not observed event operations.
baseline,2026-07-19T16:55:00Z,115,extra_time,meadowlands_remote,1200,393,0,0,2.0,synthetic,scenario,Synthetic scenario assumption for FinalFlow demonstration; not observed event operations.
baseline,2026-07-19T16:55:00Z,115,extra_time,secaucus_park_ride,1000,324,0,0,2.0,synthetic,scenario,Synthetic scenario assumption for FinalFlow demonstration; not observed event operations.
baseline,2026-07-19T16:55:00Z,115,extra_time,midtown_park_ride,800,260,0,0,2.0,synthetic,scenario,Synthetic scenario assumption for FinalFlow demonstration; not observed event operations.
baseline,2026-07-19T17:00:00Z,120,extra_time,stadium_parking,2000,655,0,0,2.0,synthetic,scenario,Synthetic scenario assumption for FinalFlow demonstration; not observed event operations.
baseline,2026-07-19T17:00:00Z,120,extra_time,meadowlands_remote,1200,393,0,0,2.0,synthetic,scenario,Synthetic scenario assumption for FinalFlow demonstration; not observed event operations.
baseline,2026-07-19T17:00:00Z,120,extra_time,secaucus_park_ride,1000,324,0,0,2.0,synthetic,scenario,Synthetic scenario assumption for FinalFlow demonstration; not observed event operations.
baseline,2026-07-19T17:00:00Z,120,extra_time,midtown_park_ride,800,260,0,0,2.0,synthetic,scenario,Synthetic scenario assumption for FinalFlow demonstration; not observed event operations.
baseline,2026-07-19T17:05:00Z,125,extra_time,stadium_parking,2000,655,0,0,2.0,synthetic,scenario,Synthetic scenario assumption for FinalFlow demonstration; not observed event operations.
baseline,2026-07-19T17:05:00Z,125,extra_time,meadowlands_remote,1200,393,0,0,2.0,synthetic,scenario,Synthetic scenario assumption for FinalFlow demonstration; not observed event operations.
baseline,2026-07-19T17:05:00Z,125,extra_time,secaucus_park_ride,1000,324,0,0,2.0,synthetic,scenario,Synthetic scenario assumption for FinalFlow demonstration; not observed event operations.
baseline,2026-07-19T17:05:00Z,125,extra_time,midtown_park_ride,800,260,0,0,2.0,synthetic,scenario,Synthetic scenario assumption for FinalFlow demonstration; not observed event operations.
baseline,2026-07-19T17:10:00Z,130,extra_time,stadium_parking,2000,655,0,0,2.0,synthetic,scenario,Synthetic scenario assumption for FinalFlow demonstration; not observed event operations.
baseline,2026-07-19T17:10:00Z,130,extra_time,meadowlands_remote,1200,393,0,0,2.0,synthetic,scenario,Synthetic scenario assumption for FinalFlow demonstration; not observed event operations.
baseline,2026-07-19T17:10:00Z,130,extra_time,secaucus_park_ride,1000,324,0,0,2.0,synthetic,scenario,Synthetic scenario assumption for FinalFlow demonstration; not observed event operations.
baseline,2026-07-19T17:10:00Z,130,extra_time,midtown_park_ride,800,260,0,0,2.0,synthetic,scenario,Synthetic scenario assumption for FinalFlow demonstration; not observed event operations.
baseline,2026-07-19T17:15:00Z,135,final_whistle,stadium_parking,2000,648,0,7,2.0,synthetic,scenario,Synthetic scenario assumption for FinalFlow demonstration; not observed event operations.
baseline,2026-07-19T17:15:00Z,135,final_whistle,meadowlands_remote,1200,389,0,4,2.0,synthetic,scenario,Synthetic scenario assumption for FinalFlow demonstration; not observed event operations.
baseline,2026-07-19T17:15:00Z,135,final_whistle,secaucus_park_ride,1000,320,0,4,2.0,synthetic,scenario,Synthetic scenario assumption for FinalFlow demonstration; not observed event operations.
baseline,2026-07-19T17:15:00Z,135,final_whistle,midtown_park_ride,800,257,0,3,2.0,synthetic,scenario,Synthetic scenario assumption for FinalFlow demonstration; not observed event operations.
baseline,2026-07-19T17:20:00Z,140,post_match,stadium_parking,2000,641,0,7,2.0,synthetic,scenario,Synthetic scenario assumption for FinalFlow demonstration; not observed event operations.
baseline,2026-07-19T17:20:00Z,140,post_match,meadowlands_remote,1200,385,0,4,2.0,synthetic,scenario,Synthetic scenario assumption for FinalFlow demonstration; not observed event operations.
baseline,2026-07-19T17:20:00Z,140,post_match,secaucus_park_ride,1000,317,0,3,2.0,synthetic,scenario,Synthetic scenario assumption for FinalFlow demonstration; not observed event operations.
baseline,2026-07-19T17:20:00Z,140,post_match,midtown_park_ride,800,254,0,3,2.0,synthetic,scenario,Synthetic scenario assumption for FinalFlow demonstration; not observed event operations.
baseline,2026-07-19T17:25:00Z,145,post_match,stadium_parking,2000,614,0,27,2.0,synthetic,scenario,Synthetic scenario assumption for FinalFlow demonstration; not observed event operations.
baseline,2026-07-19T17:25:00Z,145,post_match,meadowlands_remote,1200,369,0,16,2.0,synthetic,scenario,Synthetic scenario assumption for FinalFlow demonstration; not observed event operations.
baseline,2026-07-19T17:25:00Z,145,post_match,secaucus_park_ride,1000,303,0,14,2.0,synthetic,scenario,Synthetic scenario assumption for FinalFlow demonstration; not observed event operations.
baseline,2026-07-19T17:25:00Z,145,post_match,midtown_park_ride,800,243,0,11,2.0,synthetic,scenario,Synthetic scenario assumption for FinalFlow demonstration; not observed event operations.
baseline,2026-07-19T17:30:00Z,150,post_match,stadium_parking,2000,588,0,26,2.0,synthetic,scenario,Synthetic scenario assumption for FinalFlow demonstration; not observed event operations.
baseline,2026-07-19T17:30:00Z,150,post_match,meadowlands_remote,1200,353,0,16,2.0,synthetic,scenario,Synthetic scenario assumption for FinalFlow demonstration; not observed event operations.
baseline,2026-07-19T17:30:00Z,150,post_match,secaucus_park_ride,1000,290,0,13,2.0,synthetic,scenario,Synthetic scenario assumption for FinalFlow demonstration; not observed event operations.
baseline,2026-07-19T17:30:00Z,150,post_match,midtown_park_ride,800,232,0,11,2.0,synthetic,scenario,Synthetic scenario assumption for FinalFlow demonstration; not observed event operations.
baseline,2026-07-19T17:35:00Z,155,post_match,stadium_parking,2000,564,0,24,2.0,synthetic,scenario,Synthetic scenario assumption for FinalFlow demonstration; not observed event operations.
baseline,2026-07-19T17:35:00Z,155,post_match,meadowlands_remote,1200,339,0,14,2.0,synthetic,scenario,Synthetic scenario assumption for FinalFlow demonstration; not observed event operations.
baseline,2026-07-19T17:35:00Z,155,post_match,secaucus_park_ride,1000,278,0,12,2.0,synthetic,scenario,Synthetic scenario assumption for FinalFlow demonstration; not observed event operations.
baseline,2026-07-19T17:35:00Z,155,post_match,midtown_park_ride,800,222,0,10,2.0,synthetic,scenario,Synthetic scenario assumption for FinalFlow demonstration; not observed event operations.
baseline,2026-07-19T17:40:00Z,160,post_match,stadium_parking,2000,542,0,22,2.0,synthetic,scenario,Synthetic scenario assumption for FinalFlow demonstration; not observed event operations.
baseline,2026-07-19T17:40:00Z,160,post_match,meadowlands_remote,1200,326,0,13,2.0,synthetic,scenario,Synthetic scenario assumption for FinalFlow demonstration; not observed event operations.
baseline,2026-07-19T17:40:00Z,160,post_match,secaucus_park_ride,1000,267,0,11,2.0,synthetic,scenario,Synthetic scenario assumption for FinalFlow demonstration; not observed event operations.
baseline,2026-07-19T17:40:00Z,160,post_match,midtown_park_ride,800,213,0,9,2.0,synthetic,scenario,Synthetic scenario assumption for FinalFlow demonstration; not observed event operations.
baseline,2026-07-19T17:45:00Z,165,post_match,stadium_parking,2000,521,0,21,2.0,synthetic,scenario,Synthetic scenario assumption for FinalFlow demonstration; not observed event operations.
baseline,2026-07-19T17:45:00Z,165,post_match,meadowlands_remote,1200,314,0,12,2.0,synthetic,scenario,Synthetic scenario assumption for FinalFlow demonstration; not observed event operations.
baseline,2026-07-19T17:45:00Z,165,post_match,secaucus_park_ride,1000,257,0,10,2.0,synthetic,scenario,Synthetic scenario assumption for FinalFlow demonstration; not observed event operations.
baseline,2026-07-19T17:45:00Z,165,post_match,midtown_park_ride,800,205,0,8,2.0,synthetic,scenario,Synthetic scenario assumption for FinalFlow demonstration; not observed event operations.
baseline,2026-07-19T17:50:00Z,170,post_match,stadium_parking,2000,503,0,18,2.0,synthetic,scenario,Synthetic scenario assumption for FinalFlow demonstration; not observed event operations.
baseline,2026-07-19T17:50:00Z,170,post_match,meadowlands_remote,1200,303,0,11,2.0,synthetic,scenario,Synthetic scenario assumption for FinalFlow demonstration; not observed event operations.
baseline,2026-07-19T17:50:00Z,170,post_match,secaucus_park_ride,1000,248,0,9,2.0,synthetic,scenario,Synthetic scenario assumption for FinalFlow demonstration; not observed event operations.
baseline,2026-07-19T17:50:00Z,170,post_match,midtown_park_ride,800,198,0,7,2.0,synthetic,scenario,Synthetic scenario assumption for FinalFlow demonstration; not observed event operations.
baseline,2026-07-19T17:55:00Z,175,post_match,stadium_parking,2000,487,0,16,2.0,synthetic,scenario,Synthetic scenario assumption for FinalFlow demonstration; not observed event operations.
baseline,2026-07-19T17:55:00Z,175,post_match,meadowlands_remote,1200,293,0,10,2.0,synthetic,scenario,Synthetic scenario assumption for FinalFlow demonstration; not observed event operations.
baseline,2026-07-19T17:55:00Z,175,post_match,secaucus_park_ride,1000,240,0,8,2.0,synthetic,scenario,Synthetic scenario assumption for FinalFlow demonstration; not observed event operations.
baseline,2026-07-19T17:55:00Z,175,post_match,midtown_park_ride,800,192,0,6,2.0,synthetic,scenario,Synthetic scenario assumption for FinalFlow demonstration; not observed event operations.
baseline,2026-07-19T18:00:00Z,180,post_match,stadium_parking,2000,473,0,14,2.0,synthetic,scenario,Synthetic scenario assumption for FinalFlow demonstration; not observed event operations.
baseline,2026-07-19T18:00:00Z,180,post_match,meadowlands_remote,1200,285,0,8,2.0,synthetic,scenario,Synthetic scenario assumption for FinalFlow demonstration; not observed event operations.
baseline,2026-07-19T18:00:00Z,180,post_match,secaucus_park_ride,1000,233,0,7,2.0,synthetic,scenario,Synthetic scenario assumption for FinalFlow demonstration; not observed event operations.
baseline,2026-07-19T18:00:00Z,180,post_match,midtown_park_ride,800,186,0,6,2.0,synthetic,scenario,Synthetic scenario assumption for FinalFlow demonstration; not observed event operations.
baseline,2026-07-19T18:05:00Z,185,post_match,stadium_parking,2000,462,0,11,2.0,synthetic,scenario,Synthetic scenario assumption for FinalFlow demonstration; not observed event operations.
baseline,2026-07-19T18:05:00Z,185,post_match,meadowlands_remote,1200,278,0,7,2.0,synthetic,scenario,Synthetic scenario assumption for FinalFlow demonstration; not observed event operations.
baseline,2026-07-19T18:05:00Z,185,post_match,secaucus_park_ride,1000,227,0,6,2.0,synthetic,scenario,Synthetic scenario assumption for FinalFlow demonstration; not observed event operations.
baseline,2026-07-19T18:05:00Z,185,post_match,midtown_park_ride,800,182,0,4,2.0,synthetic,scenario,Synthetic scenario assumption for FinalFlow demonstration; not observed event operations.
baseline,2026-07-19T18:10:00Z,190,post_match,stadium_parking,2000,451,0,11,2.0,synthetic,scenario,Synthetic scenario assumption for FinalFlow demonstration; not observed event operations.
baseline,2026-07-19T18:10:00Z,190,post_match,meadowlands_remote,1200,272,0,6,2.0,synthetic,scenario,Synthetic scenario assumption for FinalFlow demonstration; not observed event operations.
baseline,2026-07-19T18:10:00Z,190,post_match,secaucus_park_ride,1000,222,0,5,2.0,synthetic,scenario,Synthetic scenario assumption for FinalFlow demonstration; not observed event operations.
baseline,2026-07-19T18:10:00Z,190,post_match,midtown_park_ride,800,178,0,4,2.0,synthetic,scenario,Synthetic scenario assumption for FinalFlow demonstration; not observed event operations.
baseline,2026-07-19T18:15:00Z,195,post_match,stadium_parking,2000,451,0,0,2.0,synthetic,scenario,Synthetic scenario assumption for FinalFlow demonstration; not observed event operations.
baseline,2026-07-19T18:15:00Z,195,post_match,meadowlands_remote,1200,272,0,0,2.0,synthetic,scenario,Synthetic scenario assumption for FinalFlow demonstration; not observed event operations.
baseline,2026-07-19T18:15:00Z,195,post_match,secaucus_park_ride,1000,222,0,0,2.0,synthetic,scenario,Synthetic scenario assumption for FinalFlow demonstration; not observed event operations.
baseline,2026-07-19T18:15:00Z,195,post_match,midtown_park_ride,800,178,0,0,2.0,synthetic,scenario,Synthetic scenario assumption for FinalFlow demonstration; not observed event operations.
baseline,2026-07-19T18:20:00Z,200,post_match,stadium_parking,2000,451,0,0,2.0,synthetic,scenario,Synthetic scenario assumption for FinalFlow demonstration; not observed event operations.
baseline,2026-07-19T18:20:00Z,200,post_match,meadowlands_remote,1200,272,0,0,2.0,synthetic,scenario,Synthetic scenario assumption for FinalFlow demonstration; not observed event operations.
baseline,2026-07-19T18:20:00Z,200,post_match,secaucus_park_ride,1000,222,0,0,2.0,synthetic,scenario,Synthetic scenario assumption for FinalFlow demonstration; not observed event operations.
baseline,2026-07-19T18:20:00Z,200,post_match,midtown_park_ride,800,178,0,0,2.0,synthetic,scenario,Synthetic scenario assumption for FinalFlow demonstration; not observed event operations.
baseline,2026-07-19T18:25:00Z,205,post_match,stadium_parking,2000,451,0,0,2.0,synthetic,scenario,Synthetic scenario assumption for FinalFlow demonstration; not observed event operations.
baseline,2026-07-19T18:25:00Z,205,post_match,meadowlands_remote,1200,272,0,0,2.0,synthetic,scenario,Synthetic scenario assumption for FinalFlow demonstration; not observed event operations.
baseline,2026-07-19T18:25:00Z,205,post_match,secaucus_park_ride,1000,222,0,0,2.0,synthetic,scenario,Synthetic scenario assumption for FinalFlow demonstration; not observed event operations.
baseline,2026-07-19T18:25:00Z,205,post_match,midtown_park_ride,800,178,0,0,2.0,synthetic,scenario,Synthetic scenario assumption for FinalFlow demonstration; not observed event operations.
baseline,2026-07-19T18:30:00Z,210,post_match,stadium_parking,2000,451,0,0,2.0,synthetic,scenario,Synthetic scenario assumption for FinalFlow demonstration; not observed event operations.
baseline,2026-07-19T18:30:00Z,210,post_match,meadowlands_remote,1200,272,0,0,2.0,synthetic,scenario,Synthetic scenario assumption for FinalFlow demonstration; not observed event operations.
baseline,2026-07-19T18:30:00Z,210,post_match,secaucus_park_ride,1000,222,0,0,2.0,synthetic,scenario,Synthetic scenario assumption for FinalFlow demonstration; not observed event operations.
baseline,2026-07-19T18:30:00Z,210,post_match,midtown_park_ride,800,178,0,0,2.0,synthetic,scenario,Synthetic scenario assumption for FinalFlow demonstration; not observed event operations.
baseline,2026-07-19T18:35:00Z,215,post_match,stadium_parking,2000,451,0,0,2.0,synthetic,scenario,Synthetic scenario assumption for FinalFlow demonstration; not observed event operations.
baseline,2026-07-19T18:35:00Z,215,post_match,meadowlands_remote,1200,272,0,0,2.0,synthetic,scenario,Synthetic scenario assumption for FinalFlow demonstration; not observed event operations.
baseline,2026-07-19T18:35:00Z,215,post_match,secaucus_park_ride,1000,222,0,0,2.0,synthetic,scenario,Synthetic scenario assumption for FinalFlow demonstration; not observed event operations.
baseline,2026-07-19T18:35:00Z,215,post_match,midtown_park_ride,800,178,0,0,2.0,synthetic,scenario,Synthetic scenario assumption for FinalFlow demonstration; not observed event operations.
baseline,2026-07-19T18:40:00Z,220,post_match,stadium_parking,2000,451,0,0,2.0,synthetic,scenario,Synthetic scenario assumption for FinalFlow demonstration; not observed event operations.
baseline,2026-07-19T18:40:00Z,220,post_match,meadowlands_remote,1200,272,0,0,2.0,synthetic,scenario,Synthetic scenario assumption for FinalFlow demonstration; not observed event operations.
baseline,2026-07-19T18:40:00Z,220,post_match,secaucus_park_ride,1000,222,0,0,2.0,synthetic,scenario,Synthetic scenario assumption for FinalFlow demonstration; not observed event operations.
baseline,2026-07-19T18:40:00Z,220,post_match,midtown_park_ride,800,178,0,0,2.0,synthetic,scenario,Synthetic scenario assumption for FinalFlow demonstration; not observed event operations.
baseline,2026-07-19T18:45:00Z,225,post_match,stadium_parking,2000,451,0,0,2.0,synthetic,scenario,Synthetic scenario assumption for FinalFlow demonstration; not observed event operations.
baseline,2026-07-19T18:45:00Z,225,post_match,meadowlands_remote,1200,272,0,0,2.0,synthetic,scenario,Synthetic scenario assumption for FinalFlow demonstration; not observed event operations.
baseline,2026-07-19T18:45:00Z,225,post_match,secaucus_park_ride,1000,222,0,0,2.0,synthetic,scenario,Synthetic scenario assumption for FinalFlow demonstration; not observed event operations.
baseline,2026-07-19T18:45:00Z,225,post_match,midtown_park_ride,800,178,0,0,2.0,synthetic,scenario,Synthetic scenario assumption for FinalFlow demonstration; not observed event operations.
baseline,2026-07-19T18:50:00Z,230,post_match,stadium_parking,2000,451,0,0,2.0,synthetic,scenario,Synthetic scenario assumption for FinalFlow demonstration; not observed event operations.
baseline,2026-07-19T18:50:00Z,230,post_match,meadowlands_remote,1200,272,0,0,2.0,synthetic,scenario,Synthetic scenario assumption for FinalFlow demonstration; not observed event operations.
baseline,2026-07-19T18:50:00Z,230,post_match,secaucus_park_ride,1000,222,0,0,2.0,synthetic,scenario,Synthetic scenario assumption for FinalFlow demonstration; not observed event operations.
baseline,2026-07-19T18:50:00Z,230,post_match,midtown_park_ride,800,178,0,0,2.0,synthetic,scenario,Synthetic scenario assumption for FinalFlow demonstration; not observed event operations.
baseline,2026-07-19T18:55:00Z,235,post_match,stadium_parking,2000,451,0,0,2.0,synthetic,scenario,Synthetic scenario assumption for FinalFlow demonstration; not observed event operations.
baseline,2026-07-19T18:55:00Z,235,post_match,meadowlands_remote,1200,272,0,0,2.0,synthetic,scenario,Synthetic scenario assumption for FinalFlow demonstration; not observed event operations.
baseline,2026-07-19T18:55:00Z,235,post_match,secaucus_park_ride,1000,222,0,0,2.0,synthetic,scenario,Synthetic scenario assumption for FinalFlow demonstration; not observed event operations.
baseline,2026-07-19T18:55:00Z,235,post_match,midtown_park_ride,800,178,0,0,2.0,synthetic,scenario,Synthetic scenario assumption for FinalFlow demonstration; not observed event operations.
baseline,2026-07-19T19:00:00Z,240,post_match,stadium_parking,2000,451,0,0,2.0,synthetic,scenario,Synthetic scenario assumption for FinalFlow demonstration; not observed event operations.
baseline,2026-07-19T19:00:00Z,240,post_match,meadowlands_remote,1200,272,0,0,2.0,synthetic,scenario,Synthetic scenario assumption for FinalFlow demonstration; not observed event operations.
baseline,2026-07-19T19:00:00Z,240,post_match,secaucus_park_ride,1000,222,0,0,2.0,synthetic,scenario,Synthetic scenario assumption for FinalFlow demonstration; not observed event operations.
baseline,2026-07-19T19:00:00Z,240,post_match,midtown_park_ride,800,178,0,0,2.0,synthetic,scenario,Synthetic scenario assumption for FinalFlow demonstration; not observed event operations.
baseline,2026-07-19T19:05:00Z,245,post_match,stadium_parking,2000,451,0,0,2.0,synthetic,scenario,Synthetic scenario assumption for FinalFlow demonstration; not observed event operations.
baseline,2026-07-19T19:05:00Z,245,post_match,meadowlands_remote,1200,272,0,0,2.0,synthetic,scenario,Synthetic scenario assumption for FinalFlow demonstration; not observed event operations.
baseline,2026-07-19T19:05:00Z,245,post_match,secaucus_park_ride,1000,222,0,0,2.0,synthetic,scenario,Synthetic scenario assumption for FinalFlow demonstration; not observed event operations.
baseline,2026-07-19T19:05:00Z,245,post_match,midtown_park_ride,800,178,0,0,2.0,synthetic,scenario,Synthetic scenario assumption for FinalFlow demonstration; not observed event operations.
baseline,2026-07-19T19:10:00Z,250,post_match,stadium_parking,2000,451,0,0,2.0,synthetic,scenario,Synthetic scenario assumption for FinalFlow demonstration; not observed event operations.
baseline,2026-07-19T19:10:00Z,250,post_match,meadowlands_remote,1200,272,0,0,2.0,synthetic,scenario,Synthetic scenario assumption for FinalFlow demonstration; not observed event operations.
baseline,2026-07-19T19:10:00Z,250,post_match,secaucus_park_ride,1000,222,0,0,2.0,synthetic,scenario,Synthetic scenario assumption for FinalFlow demonstration; not observed event operations.
baseline,2026-07-19T19:10:00Z,250,post_match,midtown_park_ride,800,178,0,0,2.0,synthetic,scenario,Synthetic scenario assumption for FinalFlow demonstration; not observed event operations.
baseline,2026-07-19T19:15:00Z,255,post_match,stadium_parking,2000,451,0,0,2.0,synthetic,scenario,Synthetic scenario assumption for FinalFlow demonstration; not observed event operations.
baseline,2026-07-19T19:15:00Z,255,post_match,meadowlands_remote,1200,272,0,0,2.0,synthetic,scenario,Synthetic scenario assumption for FinalFlow demonstration; not observed event operations.
baseline,2026-07-19T19:15:00Z,255,post_match,secaucus_park_ride,1000,222,0,0,2.0,synthetic,scenario,Synthetic scenario assumption for FinalFlow demonstration; not observed event operations.
baseline,2026-07-19T19:15:00Z,255,post_match,midtown_park_ride,800,178,0,0,2.0,synthetic,scenario,Synthetic scenario assumption for FinalFlow demonstration; not observed event operations.
baseline,2026-07-19T19:20:00Z,260,post_match,stadium_parking,2000,451,0,0,2.0,synthetic,scenario,Synthetic scenario assumption for FinalFlow demonstration; not observed event operations.
baseline,2026-07-19T19:20:00Z,260,post_match,meadowlands_remote,1200,272,0,0,2.0,synthetic,scenario,Synthetic scenario assumption for FinalFlow demonstration; not observed event operations.
baseline,2026-07-19T19:20:00Z,260,post_match,secaucus_park_ride,1000,222,0,0,2.0,synthetic,scenario,Synthetic scenario assumption for FinalFlow demonstration; not observed event operations.
baseline,2026-07-19T19:20:00Z,260,post_match,midtown_park_ride,800,178,0,0,2.0,synthetic,scenario,Synthetic scenario assumption for FinalFlow demonstration; not observed event operations.
baseline,2026-07-19T19:25:00Z,265,post_match,stadium_parking,2000,451,0,0,2.0,synthetic,scenario,Synthetic scenario assumption for FinalFlow demonstration; not observed event operations.
baseline,2026-07-19T19:25:00Z,265,post_match,meadowlands_remote,1200,272,0,0,2.0,synthetic,scenario,Synthetic scenario assumption for FinalFlow demonstration; not observed event operations.
baseline,2026-07-19T19:25:00Z,265,post_match,secaucus_park_ride,1000,222,0,0,2.0,synthetic,scenario,Synthetic scenario assumption for FinalFlow demonstration; not observed event operations.
baseline,2026-07-19T19:25:00Z,265,post_match,midtown_park_ride,800,178,0,0,2.0,synthetic,scenario,Synthetic scenario assumption for FinalFlow demonstration; not observed event operations.
baseline,2026-07-19T19:30:00Z,270,post_match,stadium_parking,2000,451,0,0,2.0,synthetic,scenario,Synthetic scenario assumption for FinalFlow demonstration; not observed event operations.
baseline,2026-07-19T19:30:00Z,270,post_match,meadowlands_remote,1200,272,0,0,2.0,synthetic,scenario,Synthetic scenario assumption for FinalFlow demonstration; not observed event operations.
baseline,2026-07-19T19:30:00Z,270,post_match,secaucus_park_ride,1000,222,0,0,2.0,synthetic,scenario,Synthetic scenario assumption for FinalFlow demonstration; not observed event operations.
baseline,2026-07-19T19:30:00Z,270,post_match,midtown_park_ride,800,178,0,0,2.0,synthetic,scenario,Synthetic scenario assumption for FinalFlow demonstration; not observed event operations.
baseline,2026-07-19T19:35:00Z,275,post_match,stadium_parking,2000,451,0,0,2.0,synthetic,scenario,Synthetic scenario assumption for FinalFlow demonstration; not observed event operations.
baseline,2026-07-19T19:35:00Z,275,post_match,meadowlands_remote,1200,272,0,0,2.0,synthetic,scenario,Synthetic scenario assumption for FinalFlow demonstration; not observed event operations.
baseline,2026-07-19T19:35:00Z,275,post_match,secaucus_park_ride,1000,222,0,0,2.0,synthetic,scenario,Synthetic scenario assumption for FinalFlow demonstration; not observed event operations.
baseline,2026-07-19T19:35:00Z,275,post_match,midtown_park_ride,800,178,0,0,2.0,synthetic,scenario,Synthetic scenario assumption for FinalFlow demonstration; not observed event operations.
baseline,2026-07-19T19:40:00Z,280,post_match,stadium_parking,2000,451,0,0,2.0,synthetic,scenario,Synthetic scenario assumption for FinalFlow demonstration; not observed event operations.
baseline,2026-07-19T19:40:00Z,280,post_match,meadowlands_remote,1200,272,0,0,2.0,synthetic,scenario,Synthetic scenario assumption for FinalFlow demonstration; not observed event operations.
baseline,2026-07-19T19:40:00Z,280,post_match,secaucus_park_ride,1000,222,0,0,2.0,synthetic,scenario,Synthetic scenario assumption for FinalFlow demonstration; not observed event operations.
baseline,2026-07-19T19:40:00Z,280,post_match,midtown_park_ride,800,178,0,0,2.0,synthetic,scenario,Synthetic scenario assumption for FinalFlow demonstration; not observed event operations.
baseline,2026-07-19T19:45:00Z,285,post_match,stadium_parking,2000,451,0,0,2.0,synthetic,scenario,Synthetic scenario assumption for FinalFlow demonstration; not observed event operations.
baseline,2026-07-19T19:45:00Z,285,post_match,meadowlands_remote,1200,272,0,0,2.0,synthetic,scenario,Synthetic scenario assumption for FinalFlow demonstration; not observed event operations.
baseline,2026-07-19T19:45:00Z,285,post_match,secaucus_park_ride,1000,222,0,0,2.0,synthetic,scenario,Synthetic scenario assumption for FinalFlow demonstration; not observed event operations.
baseline,2026-07-19T19:45:00Z,285,post_match,midtown_park_ride,800,178,0,0,2.0,synthetic,scenario,Synthetic scenario assumption for FinalFlow demonstration; not observed event operations.
baseline,2026-07-19T19:50:00Z,290,post_match,stadium_parking,2000,451,0,0,2.0,synthetic,scenario,Synthetic scenario assumption for FinalFlow demonstration; not observed event operations.
baseline,2026-07-19T19:50:00Z,290,post_match,meadowlands_remote,1200,272,0,0,2.0,synthetic,scenario,Synthetic scenario assumption for FinalFlow demonstration; not observed event operations.
baseline,2026-07-19T19:50:00Z,290,post_match,secaucus_park_ride,1000,222,0,0,2.0,synthetic,scenario,Synthetic scenario assumption for FinalFlow demonstration; not observed event operations.
baseline,2026-07-19T19:50:00Z,290,post_match,midtown_park_ride,800,178,0,0,2.0,synthetic,scenario,Synthetic scenario assumption for FinalFlow demonstration; not observed event operations.
baseline,2026-07-19T19:55:00Z,295,post_match,stadium_parking,2000,451,0,0,2.0,synthetic,scenario,Synthetic scenario assumption for FinalFlow demonstration; not observed event operations.
baseline,2026-07-19T19:55:00Z,295,post_match,meadowlands_remote,1200,272,0,0,2.0,synthetic,scenario,Synthetic scenario assumption for FinalFlow demonstration; not observed event operations.
baseline,2026-07-19T19:55:00Z,295,post_match,secaucus_park_ride,1000,222,0,0,2.0,synthetic,scenario,Synthetic scenario assumption for FinalFlow demonstration; not observed event operations.
baseline,2026-07-19T19:55:00Z,295,post_match,midtown_park_ride,800,178,0,0,2.0,synthetic,scenario,Synthetic scenario assumption for FinalFlow demonstration; not observed event operations.
baseline,2026-07-19T20:00:00Z,300,post_match,stadium_parking,2000,451,0,0,2.0,synthetic,scenario,Synthetic scenario assumption for FinalFlow demonstration; not observed event operations.
baseline,2026-07-19T20:00:00Z,300,post_match,meadowlands_remote,1200,272,0,0,2.0,synthetic,scenario,Synthetic scenario assumption for FinalFlow demonstration; not observed event operations.
baseline,2026-07-19T20:00:00Z,300,post_match,secaucus_park_ride,1000,222,0,0,2.0,synthetic,scenario,Synthetic scenario assumption for FinalFlow demonstration; not observed event operations.
baseline,2026-07-19T20:00:00Z,300,post_match,midtown_park_ride,800,178,0,0,2.0,synthetic,scenario,Synthetic scenario assumption for FinalFlow demonstration; not observed event operations.
baseline,2026-07-19T20:05:00Z,305,post_match,stadium_parking,2000,451,0,0,2.0,synthetic,scenario,Synthetic scenario assumption for FinalFlow demonstration; not observed event operations.
baseline,2026-07-19T20:05:00Z,305,post_match,meadowlands_remote,1200,272,0,0,2.0,synthetic,scenario,Synthetic scenario assumption for FinalFlow demonstration; not observed event operations.
baseline,2026-07-19T20:05:00Z,305,post_match,secaucus_park_ride,1000,222,0,0,2.0,synthetic,scenario,Synthetic scenario assumption for FinalFlow demonstration; not observed event operations.
baseline,2026-07-19T20:05:00Z,305,post_match,midtown_park_ride,800,178,0,0,2.0,synthetic,scenario,Synthetic scenario assumption for FinalFlow demonstration; not observed event operations.
baseline,2026-07-19T20:10:00Z,310,post_match,stadium_parking,2000,451,0,0,2.0,synthetic,scenario,Synthetic scenario assumption for FinalFlow demonstration; not observed event operations.
baseline,2026-07-19T20:10:00Z,310,post_match,meadowlands_remote,1200,272,0,0,2.0,synthetic,scenario,Synthetic scenario assumption for FinalFlow demonstration; not observed event operations.
baseline,2026-07-19T20:10:00Z,310,post_match,secaucus_park_ride,1000,222,0,0,2.0,synthetic,scenario,Synthetic scenario assumption for FinalFlow demonstration; not observed event operations.
baseline,2026-07-19T20:10:00Z,310,post_match,midtown_park_ride,800,178,0,0,2.0,synthetic,scenario,Synthetic scenario assumption for FinalFlow demonstration; not observed event operations.
baseline,2026-07-19T20:15:00Z,315,post_match,stadium_parking,2000,451,0,0,2.0,synthetic,scenario,Synthetic scenario assumption for FinalFlow demonstration; not observed event operations.
baseline,2026-07-19T20:15:00Z,315,post_match,meadowlands_remote,1200,272,0,0,2.0,synthetic,scenario,Synthetic scenario assumption for FinalFlow demonstration; not observed event operations.
baseline,2026-07-19T20:15:00Z,315,post_match,secaucus_park_ride,1000,222,0,0,2.0,synthetic,scenario,Synthetic scenario assumption for FinalFlow demonstration; not observed event operations.
baseline,2026-07-19T20:15:00Z,315,post_match,midtown_park_ride,800,178,0,0,2.0,synthetic,scenario,Synthetic scenario assumption for FinalFlow demonstration; not observed event operations.
rail_disruption,2026-07-19T12:00:00Z,-180,pre_match,stadium_parking,2000,400,0,0,2.0,synthetic,scenario,Synthetic scenario assumption for FinalFlow demonstration; not observed event operations.
rail_disruption,2026-07-19T12:00:00Z,-180,pre_match,meadowlands_remote,1200,240,0,0,2.0,synthetic,scenario,Synthetic scenario assumption for FinalFlow demonstration; not observed event operations.
rail_disruption,2026-07-19T12:00:00Z,-180,pre_match,secaucus_park_ride,1000,200,0,0,2.0,synthetic,scenario,Synthetic scenario assumption for FinalFlow demonstration; not observed event operations.
rail_disruption,2026-07-19T12:00:00Z,-180,pre_match,midtown_park_ride,800,160,0,0,2.0,synthetic,scenario,Synthetic scenario assumption for FinalFlow demonstration; not observed event operations.
rail_disruption,2026-07-19T12:05:00Z,-175,pre_match,stadium_parking,2000,400,0,0,2.0,synthetic,scenario,Synthetic scenario assumption for FinalFlow demonstration; not observed event operations.
rail_disruption,2026-07-19T12:05:00Z,-175,pre_match,meadowlands_remote,1200,240,0,0,2.0,synthetic,scenario,Synthetic scenario assumption for FinalFlow demonstration; not observed event operations.
rail_disruption,2026-07-19T12:05:00Z,-175,pre_match,secaucus_park_ride,1000,200,0,0,2.0,synthetic,scenario,Synthetic scenario assumption for FinalFlow demonstration; not observed event operations.
rail_disruption,2026-07-19T12:05:00Z,-175,pre_match,midtown_park_ride,800,160,0,0,2.0,synthetic,scenario,Synthetic scenario assumption for FinalFlow demonstration; not observed event operations.
rail_disruption,2026-07-19T12:10:00Z,-170,pre_match,stadium_parking,2000,400,0,0,2.0,synthetic,scenario,Synthetic scenario assumption for FinalFlow demonstration; not observed event operations.
rail_disruption,2026-07-19T12:10:00Z,-170,pre_match,meadowlands_remote,1200,240,0,0,2.0,synthetic,scenario,Synthetic scenario assumption for FinalFlow demonstration; not observed event operations.
rail_disruption,2026-07-19T12:10:00Z,-170,pre_match,secaucus_park_ride,1000,200,0,0,2.0,synthetic,scenario,Synthetic scenario assumption for FinalFlow demonstration; not observed event operations.
rail_disruption,2026-07-19T12:10:00Z,-170,pre_match,midtown_park_ride,800,160,0,0,2.0,synthetic,scenario,Synthetic scenario assumption for FinalFlow demonstration; not observed event operations.
rail_disruption,2026-07-19T12:15:00Z,-165,pre_match,stadium_parking,2000,400,0,0,2.0,synthetic,scenario,Synthetic scenario assumption for FinalFlow demonstration; not observed event operations.
rail_disruption,2026-07-19T12:15:00Z,-165,pre_match,meadowlands_remote,1200,240,0,0,2.0,synthetic,scenario,Synthetic scenario assumption for FinalFlow demonstration; not observed event operations.
rail_disruption,2026-07-19T12:15:00Z,-165,pre_match,secaucus_park_ride,1000,200,0,0,2.0,synthetic,scenario,Synthetic scenario assumption for FinalFlow demonstration; not observed event operations.
rail_disruption,2026-07-19T12:15:00Z,-165,pre_match,midtown_park_ride,800,160,0,0,2.0,synthetic,scenario,Synthetic scenario assumption for FinalFlow demonstration; not observed event operations.
rail_disruption,2026-07-19T12:20:00Z,-160,pre_match,stadium_parking,2000,400,0,0,2.0,synthetic,scenario,Synthetic scenario assumption for FinalFlow demonstration; not observed event operations.
rail_disruption,2026-07-19T12:20:00Z,-160,pre_match,meadowlands_remote,1200,240,0,0,2.0,synthetic,scenario,Synthetic scenario assumption for FinalFlow demonstration; not observed event operations.
rail_disruption,2026-07-19T12:20:00Z,-160,pre_match,secaucus_park_ride,1000,200,0,0,2.0,synthetic,scenario,Synthetic scenario assumption for FinalFlow demonstration; not observed event operations.
rail_disruption,2026-07-19T12:20:00Z,-160,pre_match,midtown_park_ride,800,160,0,0,2.0,synthetic,scenario,Synthetic scenario assumption for FinalFlow demonstration; not observed event operations.
rail_disruption,2026-07-19T12:25:00Z,-155,pre_match,stadium_parking,2000,400,0,0,2.0,synthetic,scenario,Synthetic scenario assumption for FinalFlow demonstration; not observed event operations.
rail_disruption,2026-07-19T12:25:00Z,-155,pre_match,meadowlands_remote,1200,240,0,0,2.0,synthetic,scenario,Synthetic scenario assumption for FinalFlow demonstration; not observed event operations.
rail_disruption,2026-07-19T12:25:00Z,-155,pre_match,secaucus_park_ride,1000,200,0,0,2.0,synthetic,scenario,Synthetic scenario assumption for FinalFlow demonstration; not observed event operations.
rail_disruption,2026-07-19T12:25:00Z,-155,pre_match,midtown_park_ride,800,160,0,0,2.0,synthetic,scenario,Synthetic scenario assumption for FinalFlow demonstration; not observed event operations.
rail_disruption,2026-07-19T12:30:00Z,-150,pre_match,stadium_parking,2000,401,1,0,2.0,synthetic,scenario,Synthetic scenario assumption for FinalFlow demonstration; not observed event operations.
rail_disruption,2026-07-19T12:30:00Z,-150,pre_match,meadowlands_remote,1200,240,0,0,2.0,synthetic,scenario,Synthetic scenario assumption for FinalFlow demonstration; not observed event operations.
rail_disruption,2026-07-19T12:30:00Z,-150,pre_match,secaucus_park_ride,1000,200,0,0,2.0,synthetic,scenario,Synthetic scenario assumption for FinalFlow demonstration; not observed event operations.
rail_disruption,2026-07-19T12:30:00Z,-150,pre_match,midtown_park_ride,800,160,0,0,2.0,synthetic,scenario,Synthetic scenario assumption for FinalFlow demonstration; not observed event operations.
rail_disruption,2026-07-19T12:35:00Z,-145,pre_match,stadium_parking,2000,402,1,0,2.0,synthetic,scenario,Synthetic scenario assumption for FinalFlow demonstration; not observed event operations.
rail_disruption,2026-07-19T12:35:00Z,-145,pre_match,meadowlands_remote,1200,240,0,0,2.0,synthetic,scenario,Synthetic scenario assumption for FinalFlow demonstration; not observed event operations.
rail_disruption,2026-07-19T12:35:00Z,-145,pre_match,secaucus_park_ride,1000,200,0,0,2.0,synthetic,scenario,Synthetic scenario assumption for FinalFlow demonstration; not observed event operations.
rail_disruption,2026-07-19T12:35:00Z,-145,pre_match,midtown_park_ride,800,160,0,0,2.0,synthetic,scenario,Synthetic scenario assumption for FinalFlow demonstration; not observed event operations.
rail_disruption,2026-07-19T12:40:00Z,-140,pre_match,stadium_parking,2000,403,1,0,2.0,synthetic,scenario,Synthetic scenario assumption for FinalFlow demonstration; not observed event operations.
rail_disruption,2026-07-19T12:40:00Z,-140,pre_match,meadowlands_remote,1200,240,0,0,2.0,synthetic,scenario,Synthetic scenario assumption for FinalFlow demonstration; not observed event operations.
rail_disruption,2026-07-19T12:40:00Z,-140,pre_match,secaucus_park_ride,1000,200,0,0,2.0,synthetic,scenario,Synthetic scenario assumption for FinalFlow demonstration; not observed event operations.
rail_disruption,2026-07-19T12:40:00Z,-140,pre_match,midtown_park_ride,800,160,0,0,2.0,synthetic,scenario,Synthetic scenario assumption for FinalFlow demonstration; not observed event operations.
rail_disruption,2026-07-19T12:45:00Z,-135,pre_match,stadium_parking,2000,406,3,0,2.0,synthetic,scenario,Synthetic scenario assumption for FinalFlow demonstration; not observed event operations.
rail_disruption,2026-07-19T12:45:00Z,-135,pre_match,meadowlands_remote,1200,242,2,0,2.0,synthetic,scenario,Synthetic scenario assumption for FinalFlow demonstration; not observed event operations.
rail_disruption,2026-07-19T12:45:00Z,-135,pre_match,secaucus_park_ride,1000,201,1,0,2.0,synthetic,scenario,Synthetic scenario assumption for FinalFlow demonstration; not observed event operations.
rail_disruption,2026-07-19T12:45:00Z,-135,pre_match,midtown_park_ride,800,161,1,0,2.0,synthetic,scenario,Synthetic scenario assumption for FinalFlow demonstration; not observed event operations.
rail_disruption,2026-07-19T12:50:00Z,-130,pre_match,stadium_parking,2000,409,3,0,2.0,synthetic,scenario,Synthetic scenario assumption for FinalFlow demonstration; not observed event operations.
rail_disruption,2026-07-19T12:50:00Z,-130,pre_match,meadowlands_remote,1200,244,2,0,2.0,synthetic,scenario,Synthetic scenario assumption for FinalFlow demonstration; not observed event operations.
rail_disruption,2026-07-19T12:50:00Z,-130,pre_match,secaucus_park_ride,1000,202,1,0,2.0,synthetic,scenario,Synthetic scenario assumption for FinalFlow demonstration; not observed event operations.
rail_disruption,2026-07-19T12:50:00Z,-130,pre_match,midtown_park_ride,800,162,1,0,2.0,synthetic,scenario,Synthetic scenario assumption for FinalFlow demonstration; not observed event operations.
rail_disruption,2026-07-19T12:55:00Z,-125,pre_match,stadium_parking,2000,413,4,0,2.0,synthetic,scenario,Synthetic scenario assumption for FinalFlow demonstration; not observed event operations.
rail_disruption,2026-07-19T12:55:00Z,-125,pre_match,meadowlands_remote,1200,247,3,0,2.0,synthetic,scenario,Synthetic scenario assumption for FinalFlow demonstration; not observed event operations.
rail_disruption,2026-07-19T12:55:00Z,-125,pre_match,secaucus_park_ride,1000,204,2,0,2.0,synthetic,scenario,Synthetic scenario assumption for FinalFlow demonstration; not observed event operations.
rail_disruption,2026-07-19T12:55:00Z,-125,pre_match,midtown_park_ride,800,164,2,0,2.0,synthetic,scenario,Synthetic scenario assumption for FinalFlow demonstration; not observed event operations.
rail_disruption,2026-07-19T13:00:00Z,-120,gates_open,stadium_parking,2000,417,4,0,2.0,synthetic,scenario,Synthetic scenario assumption for FinalFlow demonstration; not observed event operations.
rail_disruption,2026-07-19T13:00:00Z,-120,gates_open,meadowlands_remote,1200,250,3,0,2.0,synthetic,scenario,Synthetic scenario assumption for FinalFlow demonstration; not observed event operations.
rail_disruption,2026-07-19T13:00:00Z,-120,gates_open,secaucus_park_ride,1000,206,2,0,2.0,synthetic,scenario,Synthetic scenario assumption for FinalFlow demonstration; not observed event operations.
rail_disruption,2026-07-19T13:00:00Z,-120,gates_open,midtown_park_ride,800,166,2,0,2.0,synthetic,scenario,Synthetic scenario assumption for FinalFlow demonstration; not observed event operations.
rail_disruption,2026-07-19T13:05:00Z,-115,pre_match,stadium_parking,2000,422,5,0,2.0,synthetic,scenario,Synthetic scenario assumption for FinalFlow demonstration; not observed event operations.
rail_disruption,2026-07-19T13:05:00Z,-115,pre_match,meadowlands_remote,1200,253,3,0,2.0,synthetic,scenario,Synthetic scenario assumption for FinalFlow demonstration; not observed event operations.
rail_disruption,2026-07-19T13:05:00Z,-115,pre_match,secaucus_park_ride,1000,208,2,0,2.0,synthetic,scenario,Synthetic scenario assumption for FinalFlow demonstration; not observed event operations.
rail_disruption,2026-07-19T13:05:00Z,-115,pre_match,midtown_park_ride,800,168,2,0,2.0,synthetic,scenario,Synthetic scenario assumption for FinalFlow demonstration; not observed event operations.
rail_disruption,2026-07-19T13:10:00Z,-110,pre_match,stadium_parking,2000,428,6,0,2.0,synthetic,scenario,Synthetic scenario assumption for FinalFlow demonstration; not observed event operations.
rail_disruption,2026-07-19T13:10:00Z,-110,pre_match,meadowlands_remote,1200,257,4,0,2.0,synthetic,scenario,Synthetic scenario assumption for FinalFlow demonstration; not observed event operations.
rail_disruption,2026-07-19T13:10:00Z,-110,pre_match,secaucus_park_ride,1000,211,3,0,2.0,synthetic,scenario,Synthetic scenario assumption for FinalFlow demonstration; not observed event operations.
rail_disruption,2026-07-19T13:10:00Z,-110,pre_match,midtown_park_ride,800,170,2,0,2.0,synthetic,scenario,Synthetic scenario assumption for FinalFlow demonstration; not observed event operations.
rail_disruption,2026-07-19T13:15:00Z,-105,pre_match,stadium_parking,2000,436,8,0,2.0,synthetic,scenario,Synthetic scenario assumption for FinalFlow demonstration; not observed event operations.
rail_disruption,2026-07-19T13:15:00Z,-105,pre_match,meadowlands_remote,1200,261,4,0,2.0,synthetic,scenario,Synthetic scenario assumption for FinalFlow demonstration; not observed event operations.
rail_disruption,2026-07-19T13:15:00Z,-105,pre_match,secaucus_park_ride,1000,215,4,0,2.0,synthetic,scenario,Synthetic scenario assumption for FinalFlow demonstration; not observed event operations.
rail_disruption,2026-07-19T13:15:00Z,-105,pre_match,midtown_park_ride,800,173,3,0,2.0,synthetic,scenario,Synthetic scenario assumption for FinalFlow demonstration; not observed event operations.
rail_disruption,2026-07-19T13:20:00Z,-100,pre_match,stadium_parking,2000,445,9,0,2.0,synthetic,scenario,Synthetic scenario assumption for FinalFlow demonstration; not observed event operations.
rail_disruption,2026-07-19T13:20:00Z,-100,pre_match,meadowlands_remote,1200,266,5,0,2.0,synthetic,scenario,Synthetic scenario assumption for FinalFlow demonstration; not observed event operations.
rail_disruption,2026-07-19T13:20:00Z,-100,pre_match,secaucus_park_ride,1000,220,5,0,2.0,synthetic,scenario,Synthetic scenario assumption for FinalFlow demonstration; not observed event operations.
rail_disruption,2026-07-19T13:20:00Z,-100,pre_match,midtown_park_ride,800,177,4,0,2.0,synthetic,scenario,Synthetic scenario assumption for FinalFlow demonstration; not observed event operations.
rail_disruption,2026-07-19T13:25:00Z,-95,pre_match,stadium_parking,2000,456,11,0,2.0,synthetic,scenario,Synthetic scenario assumption for FinalFlow demonstration; not observed event operations.
rail_disruption,2026-07-19T13:25:00Z,-95,pre_match,meadowlands_remote,1200,272,6,0,2.0,synthetic,scenario,Synthetic scenario assumption for FinalFlow demonstration; not observed event operations.
rail_disruption,2026-07-19T13:25:00Z,-95,pre_match,secaucus_park_ride,1000,225,5,0,2.0,synthetic,scenario,Synthetic scenario assumption for FinalFlow demonstration; not observed event operations.
rail_disruption,2026-07-19T13:25:00Z,-95,pre_match,midtown_park_ride,800,181,4,0,2.0,synthetic,scenario,Synthetic scenario assumption for FinalFlow demonstration; not observed event operations.
rail_disruption,2026-07-19T13:30:00Z,-90,pre_match,stadium_parking,2000,467,11,0,2.0,synthetic,scenario,Synthetic scenario assumption for FinalFlow demonstration; not observed event operations.
rail_disruption,2026-07-19T13:30:00Z,-90,pre_match,meadowlands_remote,1200,279,7,0,2.0,synthetic,scenario,Synthetic scenario assumption for FinalFlow demonstration; not observed event operations.
rail_disruption,2026-07-19T13:30:00Z,-90,pre_match,secaucus_park_ride,1000,231,6,0,2.0,synthetic,scenario,Synthetic scenario assumption for FinalFlow demonstration; not observed event operations.
rail_disruption,2026-07-19T13:30:00Z,-90,pre_match,midtown_park_ride,800,185,4,0,2.0,synthetic,scenario,Synthetic scenario assumption for FinalFlow demonstration; not observed event operations.
rail_disruption,2026-07-19T13:35:00Z,-85,pre_match,stadium_parking,2000,479,12,0,2.0,synthetic,scenario,Synthetic scenario assumption for FinalFlow demonstration; not observed event operations.
rail_disruption,2026-07-19T13:35:00Z,-85,pre_match,meadowlands_remote,1200,287,8,0,2.0,synthetic,scenario,Synthetic scenario assumption for FinalFlow demonstration; not observed event operations.
rail_disruption,2026-07-19T13:35:00Z,-85,pre_match,secaucus_park_ride,1000,237,6,0,2.0,synthetic,scenario,Synthetic scenario assumption for FinalFlow demonstration; not observed event operations.
rail_disruption,2026-07-19T13:35:00Z,-85,pre_match,midtown_park_ride,800,190,5,0,2.0,synthetic,scenario,Synthetic scenario assumption for FinalFlow demonstration; not observed event operations.
rail_disruption,2026-07-19T13:40:00Z,-80,pre_match,stadium_parking,2000,493,14,0,2.0,synthetic,scenario,Synthetic scenario assumption for FinalFlow demonstration; not observed event operations.
rail_disruption,2026-07-19T13:40:00Z,-80,pre_match,meadowlands_remote,1200,295,8,0,2.0,synthetic,scenario,Synthetic scenario assumption for FinalFlow demonstration; not observed event operations.
rail_disruption,2026-07-19T13:40:00Z,-80,pre_match,secaucus_park_ride,1000,244,7,0,2.0,synthetic,scenario,Synthetic scenario assumption for FinalFlow demonstration; not observed event operations.
rail_disruption,2026-07-19T13:40:00Z,-80,pre_match,midtown_park_ride,800,196,6,0,2.0,synthetic,scenario,Synthetic scenario assumption for FinalFlow demonstration; not observed event operations.
rail_disruption,2026-07-19T13:45:00Z,-75,pre_match,stadium_parking,2000,509,16,0,2.0,synthetic,scenario,Synthetic scenario assumption for FinalFlow demonstration; not observed event operations.
rail_disruption,2026-07-19T13:45:00Z,-75,pre_match,meadowlands_remote,1200,305,10,0,2.0,synthetic,scenario,Synthetic scenario assumption for FinalFlow demonstration; not observed event operations.
rail_disruption,2026-07-19T13:45:00Z,-75,pre_match,secaucus_park_ride,1000,252,8,0,2.0,synthetic,scenario,Synthetic scenario assumption for FinalFlow demonstration; not observed event operations.
rail_disruption,2026-07-19T13:45:00Z,-75,pre_match,midtown_park_ride,800,202,6,0,2.0,synthetic,scenario,Synthetic scenario assumption for FinalFlow demonstration; not observed event operations.
rail_disruption,2026-07-19T13:50:00Z,-70,pre_match,stadium_parking,2000,525,16,0,2.0,synthetic,scenario,Synthetic scenario assumption for FinalFlow demonstration; not observed event operations.
rail_disruption,2026-07-19T13:50:00Z,-70,pre_match,meadowlands_remote,1200,315,10,0,2.0,synthetic,scenario,Synthetic scenario assumption for FinalFlow demonstration; not observed event operations.
rail_disruption,2026-07-19T13:50:00Z,-70,pre_match,secaucus_park_ride,1000,260,8,0,2.0,synthetic,scenario,Synthetic scenario assumption for FinalFlow demonstration; not observed event operations.
rail_disruption,2026-07-19T13:50:00Z,-70,pre_match,midtown_park_ride,800,208,6,0,2.0,synthetic,scenario,Synthetic scenario assumption for FinalFlow demonstration; not observed event operations.
rail_disruption,2026-07-19T13:55:00Z,-65,pre_match,stadium_parking,2000,542,17,0,2.0,synthetic,scenario,Synthetic scenario assumption for FinalFlow demonstration; not observed event operations.
rail_disruption,2026-07-19T13:55:00Z,-65,pre_match,meadowlands_remote,1200,325,10,0,2.0,synthetic,scenario,Synthetic scenario assumption for FinalFlow demonstration; not observed event operations.
rail_disruption,2026-07-19T13:55:00Z,-65,pre_match,secaucus_park_ride,1000,269,9,0,2.0,synthetic,scenario,Synthetic scenario assumption for FinalFlow demonstration; not observed event operations.
rail_disruption,2026-07-19T13:55:00Z,-65,pre_match,midtown_park_ride,800,215,7,0,2.0,synthetic,scenario,Synthetic scenario assumption for FinalFlow demonstration; not observed event operations.
rail_disruption,2026-07-19T14:00:00Z,-60,pre_match,stadium_parking,2000,561,19,0,2.0,synthetic,scenario,Synthetic scenario assumption for FinalFlow demonstration; not observed event operations.
rail_disruption,2026-07-19T14:00:00Z,-60,pre_match,meadowlands_remote,1200,336,11,0,2.0,synthetic,scenario,Synthetic scenario assumption for FinalFlow demonstration; not observed event operations.
rail_disruption,2026-07-19T14:00:00Z,-60,pre_match,secaucus_park_ride,1000,278,9,0,2.0,synthetic,scenario,Synthetic scenario assumption for FinalFlow demonstration; not observed event operations.
rail_disruption,2026-07-19T14:00:00Z,-60,pre_match,midtown_park_ride,800,223,8,0,2.0,synthetic,scenario,Synthetic scenario assumption for FinalFlow demonstration; not observed event operations.
rail_disruption,2026-07-19T14:05:00Z,-55,pre_match,stadium_parking,2000,582,21,0,2.0,synthetic,scenario,Synthetic scenario assumption for FinalFlow demonstration; not observed event operations.
rail_disruption,2026-07-19T14:05:00Z,-55,pre_match,meadowlands_remote,1200,349,13,0,2.0,synthetic,scenario,Synthetic scenario assumption for FinalFlow demonstration; not observed event operations.
rail_disruption,2026-07-19T14:05:00Z,-55,pre_match,secaucus_park_ride,1000,288,10,0,2.0,synthetic,scenario,Synthetic scenario assumption for FinalFlow demonstration; not observed event operations.
rail_disruption,2026-07-19T14:05:00Z,-55,pre_match,midtown_park_ride,800,231,8,0,2.0,synthetic,scenario,Synthetic scenario assumption for FinalFlow demonstration; not observed event operations.
rail_disruption,2026-07-19T14:10:00Z,-50,pre_match,stadium_parking,2000,603,21,0,2.0,synthetic,scenario,Synthetic scenario assumption for FinalFlow demonstration; not observed event operations.
rail_disruption,2026-07-19T14:10:00Z,-50,pre_match,meadowlands_remote,1200,362,13,0,2.0,synthetic,scenario,Synthetic scenario assumption for FinalFlow demonstration; not observed event operations.
rail_disruption,2026-07-19T14:10:00Z,-50,pre_match,secaucus_park_ride,1000,298,10,0,2.0,synthetic,scenario,Synthetic scenario assumption for FinalFlow demonstration; not observed event operations.
rail_disruption,2026-07-19T14:10:00Z,-50,pre_match,midtown_park_ride,800,239,8,0,2.0,synthetic,scenario,Synthetic scenario assumption for FinalFlow demonstration; not observed event operations.
rail_disruption,2026-07-19T14:15:00Z,-45,pre_match,stadium_parking,2000,622,19,0,2.0,synthetic,scenario,Synthetic scenario assumption for FinalFlow demonstration; not observed event operations.
rail_disruption,2026-07-19T14:15:00Z,-45,pre_match,meadowlands_remote,1200,373,11,0,2.0,synthetic,scenario,Synthetic scenario assumption for FinalFlow demonstration; not observed event operations.
rail_disruption,2026-07-19T14:15:00Z,-45,pre_match,secaucus_park_ride,1000,307,9,0,2.0,synthetic,scenario,Synthetic scenario assumption for FinalFlow demonstration; not observed event operations.
rail_disruption,2026-07-19T14:15:00Z,-45,pre_match,midtown_park_ride,800,247,8,0,2.0,synthetic,scenario,Synthetic scenario assumption for FinalFlow demonstration; not observed event operations.
rail_disruption,2026-07-19T14:20:00Z,-40,pre_match,stadium_parking,2000,639,17,0,2.0,synthetic,scenario,Synthetic scenario assumption for FinalFlow demonstration; not observed event operations.
rail_disruption,2026-07-19T14:20:00Z,-40,pre_match,meadowlands_remote,1200,383,10,0,2.0,synthetic,scenario,Synthetic scenario assumption for FinalFlow demonstration; not observed event operations.
rail_disruption,2026-07-19T14:20:00Z,-40,pre_match,secaucus_park_ride,1000,316,9,0,2.0,synthetic,scenario,Synthetic scenario assumption for FinalFlow demonstration; not observed event operations.
rail_disruption,2026-07-19T14:20:00Z,-40,pre_match,midtown_park_ride,800,254,7,0,2.0,synthetic,scenario,Synthetic scenario assumption for FinalFlow demonstration; not observed event operations.
rail_disruption,2026-07-19T14:25:00Z,-35,pre_match,stadium_parking,2000,655,16,0,2.0,synthetic,scenario,Synthetic scenario assumption for FinalFlow demonstration; not observed event operations.
rail_disruption,2026-07-19T14:25:00Z,-35,pre_match,meadowlands_remote,1200,393,10,0,2.0,synthetic,scenario,Synthetic scenario assumption for FinalFlow demonstration; not observed event operations.
rail_disruption,2026-07-19T14:25:00Z,-35,pre_match,secaucus_park_ride,1000,324,8,0,2.0,synthetic,scenario,Synthetic scenario assumption for FinalFlow demonstration; not observed event operations.
rail_disruption,2026-07-19T14:25:00Z,-35,pre_match,midtown_park_ride,800,260,6,0,2.0,synthetic,scenario,Synthetic scenario assumption for FinalFlow demonstration; not observed event operations.
rail_disruption,2026-07-19T14:30:00Z,-30,ceremony,stadium_parking,2000,655,0,0,2.0,synthetic,scenario,Synthetic scenario assumption for FinalFlow demonstration; not observed event operations.
rail_disruption,2026-07-19T14:30:00Z,-30,ceremony,meadowlands_remote,1200,393,0,0,2.0,synthetic,scenario,Synthetic scenario assumption for FinalFlow demonstration; not observed event operations.
rail_disruption,2026-07-19T14:30:00Z,-30,ceremony,secaucus_park_ride,1000,324,0,0,2.0,synthetic,scenario,Synthetic scenario assumption for FinalFlow demonstration; not observed event operations.
rail_disruption,2026-07-19T14:30:00Z,-30,ceremony,midtown_park_ride,800,260,0,0,2.0,synthetic,scenario,Synthetic scenario assumption for FinalFlow demonstration; not observed event operations.
rail_disruption,2026-07-19T14:35:00Z,-25,ceremony,stadium_parking,2000,655,0,0,2.0,synthetic,scenario,Synthetic scenario assumption for FinalFlow demonstration; not observed event operations.
rail_disruption,2026-07-19T14:35:00Z,-25,ceremony,meadowlands_remote,1200,393,0,0,2.0,synthetic,scenario,Synthetic scenario assumption for FinalFlow demonstration; not observed event operations.
rail_disruption,2026-07-19T14:35:00Z,-25,ceremony,secaucus_park_ride,1000,324,0,0,2.0,synthetic,scenario,Synthetic scenario assumption for FinalFlow demonstration; not observed event operations.
rail_disruption,2026-07-19T14:35:00Z,-25,ceremony,midtown_park_ride,800,260,0,0,2.0,synthetic,scenario,Synthetic scenario assumption for FinalFlow demonstration; not observed event operations.
rail_disruption,2026-07-19T14:40:00Z,-20,ceremony,stadium_parking,2000,655,0,0,2.0,synthetic,scenario,Synthetic scenario assumption for FinalFlow demonstration; not observed event operations.
rail_disruption,2026-07-19T14:40:00Z,-20,ceremony,meadowlands_remote,1200,393,0,0,2.0,synthetic,scenario,Synthetic scenario assumption for FinalFlow demonstration; not observed event operations.
rail_disruption,2026-07-19T14:40:00Z,-20,ceremony,secaucus_park_ride,1000,324,0,0,2.0,synthetic,scenario,Synthetic scenario assumption for FinalFlow demonstration; not observed event operations.
rail_disruption,2026-07-19T14:40:00Z,-20,ceremony,midtown_park_ride,800,260,0,0,2.0,synthetic,scenario,Synthetic scenario assumption for FinalFlow demonstration; not observed event operations.
rail_disruption,2026-07-19T14:45:00Z,-15,ceremony,stadium_parking,2000,655,0,0,2.0,synthetic,scenario,Synthetic scenario assumption for FinalFlow demonstration; not observed event operations.
rail_disruption,2026-07-19T14:45:00Z,-15,ceremony,meadowlands_remote,1200,393,0,0,2.0,synthetic,scenario,Synthetic scenario assumption for FinalFlow demonstration; not observed event operations.
rail_disruption,2026-07-19T14:45:00Z,-15,ceremony,secaucus_park_ride,1000,324,0,0,2.0,synthetic,scenario,Synthetic scenario assumption for FinalFlow demonstration; not observed event operations.
rail_disruption,2026-07-19T14:45:00Z,-15,ceremony,midtown_park_ride,800,260,0,0,2.0,synthetic,scenario,Synthetic scenario assumption for FinalFlow demonstration; not observed event operations.
rail_disruption,2026-07-19T14:50:00Z,-10,ceremony,stadium_parking,2000,655,0,0,2.0,synthetic,scenario,Synthetic scenario assumption for FinalFlow demonstration; not observed event operations.
rail_disruption,2026-07-19T14:50:00Z,-10,ceremony,meadowlands_remote,1200,393,0,0,2.0,synthetic,scenario,Synthetic scenario assumption for FinalFlow demonstration; not observed event operations.
rail_disruption,2026-07-19T14:50:00Z,-10,ceremony,secaucus_park_ride,1000,324,0,0,2.0,synthetic,scenario,Synthetic scenario assumption for FinalFlow demonstration; not observed event operations.
rail_disruption,2026-07-19T14:50:00Z,-10,ceremony,midtown_park_ride,800,260,0,0,2.0,synthetic,scenario,Synthetic scenario assumption for FinalFlow demonstration; not observed event operations.
rail_disruption,2026-07-19T14:55:00Z,-5,ceremony,stadium_parking,2000,655,0,0,2.0,synthetic,scenario,Synthetic scenario assumption for FinalFlow demonstration; not observed event operations.
rail_disruption,2026-07-19T14:55:00Z,-5,ceremony,meadowlands_remote,1200,393,0,0,2.0,synthetic,scenario,Synthetic scenario assumption for FinalFlow demonstration; not observed event operations.
rail_disruption,2026-07-19T14:55:00Z,-5,ceremony,secaucus_park_ride,1000,324,0,0,2.0,synthetic,scenario,Synthetic scenario assumption for FinalFlow demonstration; not observed event operations.
rail_disruption,2026-07-19T14:55:00Z,-5,ceremony,midtown_park_ride,800,260,0,0,2.0,synthetic,scenario,Synthetic scenario assumption for FinalFlow demonstration; not observed event operations.
rail_disruption,2026-07-19T15:00:00Z,0,kickoff,stadium_parking,2000,655,0,0,2.0,synthetic,scenario,Synthetic scenario assumption for FinalFlow demonstration; not observed event operations.
rail_disruption,2026-07-19T15:00:00Z,0,kickoff,meadowlands_remote,1200,393,0,0,2.0,synthetic,scenario,Synthetic scenario assumption for FinalFlow demonstration; not observed event operations.
rail_disruption,2026-07-19T15:00:00Z,0,kickoff,secaucus_park_ride,1000,324,0,0,2.0,synthetic,scenario,Synthetic scenario assumption for FinalFlow demonstration; not observed event operations.
rail_disruption,2026-07-19T15:00:00Z,0,kickoff,midtown_park_ride,800,260,0,0,2.0,synthetic,scenario,Synthetic scenario assumption for FinalFlow demonstration; not observed event operations.
rail_disruption,2026-07-19T15:05:00Z,5,first_half,stadium_parking,2000,655,0,0,2.0,synthetic,scenario,Synthetic scenario assumption for FinalFlow demonstration; not observed event operations.
rail_disruption,2026-07-19T15:05:00Z,5,first_half,meadowlands_remote,1200,393,0,0,2.0,synthetic,scenario,Synthetic scenario assumption for FinalFlow demonstration; not observed event operations.
rail_disruption,2026-07-19T15:05:00Z,5,first_half,secaucus_park_ride,1000,324,0,0,2.0,synthetic,scenario,Synthetic scenario assumption for FinalFlow demonstration; not observed event operations.
rail_disruption,2026-07-19T15:05:00Z,5,first_half,midtown_park_ride,800,260,0,0,2.0,synthetic,scenario,Synthetic scenario assumption for FinalFlow demonstration; not observed event operations.
rail_disruption,2026-07-19T15:10:00Z,10,first_half,stadium_parking,2000,655,0,0,2.0,synthetic,scenario,Synthetic scenario assumption for FinalFlow demonstration; not observed event operations.
rail_disruption,2026-07-19T15:10:00Z,10,first_half,meadowlands_remote,1200,393,0,0,2.0,synthetic,scenario,Synthetic scenario assumption for FinalFlow demonstration; not observed event operations.
rail_disruption,2026-07-19T15:10:00Z,10,first_half,secaucus_park_ride,1000,324,0,0,2.0,synthetic,scenario,Synthetic scenario assumption for FinalFlow demonstration; not observed event operations.
rail_disruption,2026-07-19T15:10:00Z,10,first_half,midtown_park_ride,800,260,0,0,2.0,synthetic,scenario,Synthetic scenario assumption for FinalFlow demonstration; not observed event operations.
rail_disruption,2026-07-19T15:15:00Z,15,first_half,stadium_parking,2000,655,0,0,2.0,synthetic,scenario,Synthetic scenario assumption for FinalFlow demonstration; not observed event operations.
rail_disruption,2026-07-19T15:15:00Z,15,first_half,meadowlands_remote,1200,393,0,0,2.0,synthetic,scenario,Synthetic scenario assumption for FinalFlow demonstration; not observed event operations.
rail_disruption,2026-07-19T15:15:00Z,15,first_half,secaucus_park_ride,1000,324,0,0,2.0,synthetic,scenario,Synthetic scenario assumption for FinalFlow demonstration; not observed event operations.
rail_disruption,2026-07-19T15:15:00Z,15,first_half,midtown_park_ride,800,260,0,0,2.0,synthetic,scenario,Synthetic scenario assumption for FinalFlow demonstration; not observed event operations.
rail_disruption,2026-07-19T15:20:00Z,20,first_half,stadium_parking,2000,655,0,0,2.0,synthetic,scenario,Synthetic scenario assumption for FinalFlow demonstration; not observed event operations.
rail_disruption,2026-07-19T15:20:00Z,20,first_half,meadowlands_remote,1200,393,0,0,2.0,synthetic,scenario,Synthetic scenario assumption for FinalFlow demonstration; not observed event operations.
rail_disruption,2026-07-19T15:20:00Z,20,first_half,secaucus_park_ride,1000,324,0,0,2.0,synthetic,scenario,Synthetic scenario assumption for FinalFlow demonstration; not observed event operations.
rail_disruption,2026-07-19T15:20:00Z,20,first_half,midtown_park_ride,800,260,0,0,2.0,synthetic,scenario,Synthetic scenario assumption for FinalFlow demonstration; not observed event operations.
rail_disruption,2026-07-19T15:25:00Z,25,first_half,stadium_parking,2000,655,0,0,2.0,synthetic,scenario,Synthetic scenario assumption for FinalFlow demonstration; not observed event operations.
rail_disruption,2026-07-19T15:25:00Z,25,first_half,meadowlands_remote,1200,393,0,0,2.0,synthetic,scenario,Synthetic scenario assumption for FinalFlow demonstration; not observed event operations.
rail_disruption,2026-07-19T15:25:00Z,25,first_half,secaucus_park_ride,1000,324,0,0,2.0,synthetic,scenario,Synthetic scenario assumption for FinalFlow demonstration; not observed event operations.
rail_disruption,2026-07-19T15:25:00Z,25,first_half,midtown_park_ride,800,260,0,0,2.0,synthetic,scenario,Synthetic scenario assumption for FinalFlow demonstration; not observed event operations.
rail_disruption,2026-07-19T15:30:00Z,30,first_half,stadium_parking,2000,655,0,0,2.0,synthetic,scenario,Synthetic scenario assumption for FinalFlow demonstration; not observed event operations.
rail_disruption,2026-07-19T15:30:00Z,30,first_half,meadowlands_remote,1200,393,0,0,2.0,synthetic,scenario,Synthetic scenario assumption for FinalFlow demonstration; not observed event operations.
rail_disruption,2026-07-19T15:30:00Z,30,first_half,secaucus_park_ride,1000,324,0,0,2.0,synthetic,scenario,Synthetic scenario assumption for FinalFlow demonstration; not observed event operations.
rail_disruption,2026-07-19T15:30:00Z,30,first_half,midtown_park_ride,800,260,0,0,2.0,synthetic,scenario,Synthetic scenario assumption for FinalFlow demonstration; not observed event operations.
rail_disruption,2026-07-19T15:35:00Z,35,first_half,stadium_parking,2000,655,0,0,2.0,synthetic,scenario,Synthetic scenario assumption for FinalFlow demonstration; not observed event operations.
rail_disruption,2026-07-19T15:35:00Z,35,first_half,meadowlands_remote,1200,393,0,0,2.0,synthetic,scenario,Synthetic scenario assumption for FinalFlow demonstration; not observed event operations.
rail_disruption,2026-07-19T15:35:00Z,35,first_half,secaucus_park_ride,1000,324,0,0,2.0,synthetic,scenario,Synthetic scenario assumption for FinalFlow demonstration; not observed event operations.
rail_disruption,2026-07-19T15:35:00Z,35,first_half,midtown_park_ride,800,260,0,0,2.0,synthetic,scenario,Synthetic scenario assumption for FinalFlow demonstration; not observed event operations.
rail_disruption,2026-07-19T15:40:00Z,40,first_half,stadium_parking,2000,655,0,0,2.0,synthetic,scenario,Synthetic scenario assumption for FinalFlow demonstration; not observed event operations.
rail_disruption,2026-07-19T15:40:00Z,40,first_half,meadowlands_remote,1200,393,0,0,2.0,synthetic,scenario,Synthetic scenario assumption for FinalFlow demonstration; not observed event operations.
rail_disruption,2026-07-19T15:40:00Z,40,first_half,secaucus_park_ride,1000,324,0,0,2.0,synthetic,scenario,Synthetic scenario assumption for FinalFlow demonstration; not observed event operations.
rail_disruption,2026-07-19T15:40:00Z,40,first_half,midtown_park_ride,800,260,0,0,2.0,synthetic,scenario,Synthetic scenario assumption for FinalFlow demonstration; not observed event operations.
rail_disruption,2026-07-19T15:45:00Z,45,first_half_end,stadium_parking,2000,655,0,0,2.0,synthetic,scenario,Synthetic scenario assumption for FinalFlow demonstration; not observed event operations.
rail_disruption,2026-07-19T15:45:00Z,45,first_half_end,meadowlands_remote,1200,393,0,0,2.0,synthetic,scenario,Synthetic scenario assumption for FinalFlow demonstration; not observed event operations.
rail_disruption,2026-07-19T15:45:00Z,45,first_half_end,secaucus_park_ride,1000,324,0,0,2.0,synthetic,scenario,Synthetic scenario assumption for FinalFlow demonstration; not observed event operations.
rail_disruption,2026-07-19T15:45:00Z,45,first_half_end,midtown_park_ride,800,260,0,0,2.0,synthetic,scenario,Synthetic scenario assumption for FinalFlow demonstration; not observed event operations.
rail_disruption,2026-07-19T15:50:00Z,50,halftime,stadium_parking,2000,655,0,0,2.0,synthetic,scenario,Synthetic scenario assumption for FinalFlow demonstration; not observed event operations.
rail_disruption,2026-07-19T15:50:00Z,50,halftime,meadowlands_remote,1200,393,0,0,2.0,synthetic,scenario,Synthetic scenario assumption for FinalFlow demonstration; not observed event operations.
rail_disruption,2026-07-19T15:50:00Z,50,halftime,secaucus_park_ride,1000,324,0,0,2.0,synthetic,scenario,Synthetic scenario assumption for FinalFlow demonstration; not observed event operations.
rail_disruption,2026-07-19T15:50:00Z,50,halftime,midtown_park_ride,800,260,0,0,2.0,synthetic,scenario,Synthetic scenario assumption for FinalFlow demonstration; not observed event operations.
rail_disruption,2026-07-19T15:55:00Z,55,halftime,stadium_parking,2000,655,0,0,2.0,synthetic,scenario,Synthetic scenario assumption for FinalFlow demonstration; not observed event operations.
rail_disruption,2026-07-19T15:55:00Z,55,halftime,meadowlands_remote,1200,393,0,0,2.0,synthetic,scenario,Synthetic scenario assumption for FinalFlow demonstration; not observed event operations.
rail_disruption,2026-07-19T15:55:00Z,55,halftime,secaucus_park_ride,1000,324,0,0,2.0,synthetic,scenario,Synthetic scenario assumption for FinalFlow demonstration; not observed event operations.
rail_disruption,2026-07-19T15:55:00Z,55,halftime,midtown_park_ride,800,260,0,0,2.0,synthetic,scenario,Synthetic scenario assumption for FinalFlow demonstration; not observed event operations.
rail_disruption,2026-07-19T16:00:00Z,60,second_half,stadium_parking,2000,655,0,0,2.0,synthetic,scenario,Synthetic scenario assumption for FinalFlow demonstration; not observed event operations.
rail_disruption,2026-07-19T16:00:00Z,60,second_half,meadowlands_remote,1200,393,0,0,2.0,synthetic,scenario,Synthetic scenario assumption for FinalFlow demonstration; not observed event operations.
rail_disruption,2026-07-19T16:00:00Z,60,second_half,secaucus_park_ride,1000,324,0,0,2.0,synthetic,scenario,Synthetic scenario assumption for FinalFlow demonstration; not observed event operations.
rail_disruption,2026-07-19T16:00:00Z,60,second_half,midtown_park_ride,800,260,0,0,2.0,synthetic,scenario,Synthetic scenario assumption for FinalFlow demonstration; not observed event operations.
rail_disruption,2026-07-19T16:05:00Z,65,second_half,stadium_parking,2000,655,0,0,2.0,synthetic,scenario,Synthetic scenario assumption for FinalFlow demonstration; not observed event operations.
rail_disruption,2026-07-19T16:05:00Z,65,second_half,meadowlands_remote,1200,393,0,0,2.0,synthetic,scenario,Synthetic scenario assumption for FinalFlow demonstration; not observed event operations.
rail_disruption,2026-07-19T16:05:00Z,65,second_half,secaucus_park_ride,1000,324,0,0,2.0,synthetic,scenario,Synthetic scenario assumption for FinalFlow demonstration; not observed event operations.
rail_disruption,2026-07-19T16:05:00Z,65,second_half,midtown_park_ride,800,260,0,0,2.0,synthetic,scenario,Synthetic scenario assumption for FinalFlow demonstration; not observed event operations.
rail_disruption,2026-07-19T16:10:00Z,70,second_half,stadium_parking,2000,655,0,0,2.0,synthetic,scenario,Synthetic scenario assumption for FinalFlow demonstration; not observed event operations.
rail_disruption,2026-07-19T16:10:00Z,70,second_half,meadowlands_remote,1200,393,0,0,2.0,synthetic,scenario,Synthetic scenario assumption for FinalFlow demonstration; not observed event operations.
rail_disruption,2026-07-19T16:10:00Z,70,second_half,secaucus_park_ride,1000,324,0,0,2.0,synthetic,scenario,Synthetic scenario assumption for FinalFlow demonstration; not observed event operations.
rail_disruption,2026-07-19T16:10:00Z,70,second_half,midtown_park_ride,800,260,0,0,2.0,synthetic,scenario,Synthetic scenario assumption for FinalFlow demonstration; not observed event operations.
rail_disruption,2026-07-19T16:15:00Z,75,second_half,stadium_parking,2000,655,0,0,2.0,synthetic,scenario,Synthetic scenario assumption for FinalFlow demonstration; not observed event operations.
rail_disruption,2026-07-19T16:15:00Z,75,second_half,meadowlands_remote,1200,393,0,0,2.0,synthetic,scenario,Synthetic scenario assumption for FinalFlow demonstration; not observed event operations.
rail_disruption,2026-07-19T16:15:00Z,75,second_half,secaucus_park_ride,1000,324,0,0,2.0,synthetic,scenario,Synthetic scenario assumption for FinalFlow demonstration; not observed event operations.
rail_disruption,2026-07-19T16:15:00Z,75,second_half,midtown_park_ride,800,260,0,0,2.0,synthetic,scenario,Synthetic scenario assumption for FinalFlow demonstration; not observed event operations.
rail_disruption,2026-07-19T16:20:00Z,80,second_half,stadium_parking,2000,655,0,0,2.0,synthetic,scenario,Synthetic scenario assumption for FinalFlow demonstration; not observed event operations.
rail_disruption,2026-07-19T16:20:00Z,80,second_half,meadowlands_remote,1200,393,0,0,2.0,synthetic,scenario,Synthetic scenario assumption for FinalFlow demonstration; not observed event operations.
rail_disruption,2026-07-19T16:20:00Z,80,second_half,secaucus_park_ride,1000,324,0,0,2.0,synthetic,scenario,Synthetic scenario assumption for FinalFlow demonstration; not observed event operations.
rail_disruption,2026-07-19T16:20:00Z,80,second_half,midtown_park_ride,800,260,0,0,2.0,synthetic,scenario,Synthetic scenario assumption for FinalFlow demonstration; not observed event operations.
rail_disruption,2026-07-19T16:25:00Z,85,second_half,stadium_parking,2000,655,0,0,2.0,synthetic,scenario,Synthetic scenario assumption for FinalFlow demonstration; not observed event operations.
rail_disruption,2026-07-19T16:25:00Z,85,second_half,meadowlands_remote,1200,393,0,0,2.0,synthetic,scenario,Synthetic scenario assumption for FinalFlow demonstration; not observed event operations.
rail_disruption,2026-07-19T16:25:00Z,85,second_half,secaucus_park_ride,1000,324,0,0,2.0,synthetic,scenario,Synthetic scenario assumption for FinalFlow demonstration; not observed event operations.
rail_disruption,2026-07-19T16:25:00Z,85,second_half,midtown_park_ride,800,260,0,0,2.0,synthetic,scenario,Synthetic scenario assumption for FinalFlow demonstration; not observed event operations.
rail_disruption,2026-07-19T16:30:00Z,90,second_half,stadium_parking,2000,655,0,0,2.0,synthetic,scenario,Synthetic scenario assumption for FinalFlow demonstration; not observed event operations.
rail_disruption,2026-07-19T16:30:00Z,90,second_half,meadowlands_remote,1200,393,0,0,2.0,synthetic,scenario,Synthetic scenario assumption for FinalFlow demonstration; not observed event operations.
rail_disruption,2026-07-19T16:30:00Z,90,second_half,secaucus_park_ride,1000,324,0,0,2.0,synthetic,scenario,Synthetic scenario assumption for FinalFlow demonstration; not observed event operations.
rail_disruption,2026-07-19T16:30:00Z,90,second_half,midtown_park_ride,800,260,0,0,2.0,synthetic,scenario,Synthetic scenario assumption for FinalFlow demonstration; not observed event operations.
rail_disruption,2026-07-19T16:35:00Z,95,second_half,stadium_parking,2000,655,0,0,2.0,synthetic,scenario,Synthetic scenario assumption for FinalFlow demonstration; not observed event operations.
rail_disruption,2026-07-19T16:35:00Z,95,second_half,meadowlands_remote,1200,393,0,0,2.0,synthetic,scenario,Synthetic scenario assumption for FinalFlow demonstration; not observed event operations.
rail_disruption,2026-07-19T16:35:00Z,95,second_half,secaucus_park_ride,1000,324,0,0,2.0,synthetic,scenario,Synthetic scenario assumption for FinalFlow demonstration; not observed event operations.
rail_disruption,2026-07-19T16:35:00Z,95,second_half,midtown_park_ride,800,260,0,0,2.0,synthetic,scenario,Synthetic scenario assumption for FinalFlow demonstration; not observed event operations.
rail_disruption,2026-07-19T16:40:00Z,100,second_half,stadium_parking,2000,655,0,0,2.0,synthetic,scenario,Synthetic scenario assumption for FinalFlow demonstration; not observed event operations.
rail_disruption,2026-07-19T16:40:00Z,100,second_half,meadowlands_remote,1200,393,0,0,2.0,synthetic,scenario,Synthetic scenario assumption for FinalFlow demonstration; not observed event operations.
rail_disruption,2026-07-19T16:40:00Z,100,second_half,secaucus_park_ride,1000,324,0,0,2.0,synthetic,scenario,Synthetic scenario assumption for FinalFlow demonstration; not observed event operations.
rail_disruption,2026-07-19T16:40:00Z,100,second_half,midtown_park_ride,800,260,0,0,2.0,synthetic,scenario,Synthetic scenario assumption for FinalFlow demonstration; not observed event operations.
rail_disruption,2026-07-19T16:45:00Z,105,regulation_end,stadium_parking,2000,655,0,0,2.0,synthetic,scenario,Synthetic scenario assumption for FinalFlow demonstration; not observed event operations.
rail_disruption,2026-07-19T16:45:00Z,105,regulation_end,meadowlands_remote,1200,393,0,0,2.0,synthetic,scenario,Synthetic scenario assumption for FinalFlow demonstration; not observed event operations.
rail_disruption,2026-07-19T16:45:00Z,105,regulation_end,secaucus_park_ride,1000,324,0,0,2.0,synthetic,scenario,Synthetic scenario assumption for FinalFlow demonstration; not observed event operations.
rail_disruption,2026-07-19T16:45:00Z,105,regulation_end,midtown_park_ride,800,260,0,0,2.0,synthetic,scenario,Synthetic scenario assumption for FinalFlow demonstration; not observed event operations.
rail_disruption,2026-07-19T16:50:00Z,110,extra_time,stadium_parking,2000,655,0,0,2.0,synthetic,scenario,Synthetic scenario assumption for FinalFlow demonstration; not observed event operations.
rail_disruption,2026-07-19T16:50:00Z,110,extra_time,meadowlands_remote,1200,393,0,0,2.0,synthetic,scenario,Synthetic scenario assumption for FinalFlow demonstration; not observed event operations.
rail_disruption,2026-07-19T16:50:00Z,110,extra_time,secaucus_park_ride,1000,324,0,0,2.0,synthetic,scenario,Synthetic scenario assumption for FinalFlow demonstration; not observed event operations.
rail_disruption,2026-07-19T16:50:00Z,110,extra_time,midtown_park_ride,800,260,0,0,2.0,synthetic,scenario,Synthetic scenario assumption for FinalFlow demonstration; not observed event operations.
rail_disruption,2026-07-19T16:55:00Z,115,extra_time,stadium_parking,2000,655,0,0,2.0,synthetic,scenario,Synthetic scenario assumption for FinalFlow demonstration; not observed event operations.
rail_disruption,2026-07-19T16:55:00Z,115,extra_time,meadowlands_remote,1200,393,0,0,2.0,synthetic,scenario,Synthetic scenario assumption for FinalFlow demonstration; not observed event operations.
rail_disruption,2026-07-19T16:55:00Z,115,extra_time,secaucus_park_ride,1000,324,0,0,2.0,synthetic,scenario,Synthetic scenario assumption for FinalFlow demonstration; not observed event operations.
rail_disruption,2026-07-19T16:55:00Z,115,extra_time,midtown_park_ride,800,260,0,0,2.0,synthetic,scenario,Synthetic scenario assumption for FinalFlow demonstration; not observed event operations.
rail_disruption,2026-07-19T17:00:00Z,120,extra_time,stadium_parking,2000,655,0,0,2.0,synthetic,scenario,Synthetic scenario assumption for FinalFlow demonstration; not observed event operations.
rail_disruption,2026-07-19T17:00:00Z,120,extra_time,meadowlands_remote,1200,393,0,0,2.0,synthetic,scenario,Synthetic scenario assumption for FinalFlow demonstration; not observed event operations.
rail_disruption,2026-07-19T17:00:00Z,120,extra_time,secaucus_park_ride,1000,324,0,0,2.0,synthetic,scenario,Synthetic scenario assumption for FinalFlow demonstration; not observed event operations.
rail_disruption,2026-07-19T17:00:00Z,120,extra_time,midtown_park_ride,800,260,0,0,2.0,synthetic,scenario,Synthetic scenario assumption for FinalFlow demonstration; not observed event operations.
rail_disruption,2026-07-19T17:05:00Z,125,extra_time,stadium_parking,2000,655,0,0,2.0,synthetic,scenario,Synthetic scenario assumption for FinalFlow demonstration; not observed event operations.
rail_disruption,2026-07-19T17:05:00Z,125,extra_time,meadowlands_remote,1200,393,0,0,2.0,synthetic,scenario,Synthetic scenario assumption for FinalFlow demonstration; not observed event operations.
rail_disruption,2026-07-19T17:05:00Z,125,extra_time,secaucus_park_ride,1000,324,0,0,2.0,synthetic,scenario,Synthetic scenario assumption for FinalFlow demonstration; not observed event operations.
rail_disruption,2026-07-19T17:05:00Z,125,extra_time,midtown_park_ride,800,260,0,0,2.0,synthetic,scenario,Synthetic scenario assumption for FinalFlow demonstration; not observed event operations.
rail_disruption,2026-07-19T17:10:00Z,130,extra_time,stadium_parking,2000,655,0,0,2.0,synthetic,scenario,Synthetic scenario assumption for FinalFlow demonstration; not observed event operations.
rail_disruption,2026-07-19T17:10:00Z,130,extra_time,meadowlands_remote,1200,393,0,0,2.0,synthetic,scenario,Synthetic scenario assumption for FinalFlow demonstration; not observed event operations.
rail_disruption,2026-07-19T17:10:00Z,130,extra_time,secaucus_park_ride,1000,324,0,0,2.0,synthetic,scenario,Synthetic scenario assumption for FinalFlow demonstration; not observed event operations.
rail_disruption,2026-07-19T17:10:00Z,130,extra_time,midtown_park_ride,800,260,0,0,2.0,synthetic,scenario,Synthetic scenario assumption for FinalFlow demonstration; not observed event operations.
rail_disruption,2026-07-19T17:15:00Z,135,final_whistle,stadium_parking,2000,648,0,7,2.0,synthetic,scenario,Synthetic scenario assumption for FinalFlow demonstration; not observed event operations.
rail_disruption,2026-07-19T17:15:00Z,135,final_whistle,meadowlands_remote,1200,389,0,4,2.0,synthetic,scenario,Synthetic scenario assumption for FinalFlow demonstration; not observed event operations.
rail_disruption,2026-07-19T17:15:00Z,135,final_whistle,secaucus_park_ride,1000,320,0,4,2.0,synthetic,scenario,Synthetic scenario assumption for FinalFlow demonstration; not observed event operations.
rail_disruption,2026-07-19T17:15:00Z,135,final_whistle,midtown_park_ride,800,257,0,3,2.0,synthetic,scenario,Synthetic scenario assumption for FinalFlow demonstration; not observed event operations.
rail_disruption,2026-07-19T17:20:00Z,140,post_match,stadium_parking,2000,641,0,7,2.0,synthetic,scenario,Synthetic scenario assumption for FinalFlow demonstration; not observed event operations.
rail_disruption,2026-07-19T17:20:00Z,140,post_match,meadowlands_remote,1200,385,0,4,2.0,synthetic,scenario,Synthetic scenario assumption for FinalFlow demonstration; not observed event operations.
rail_disruption,2026-07-19T17:20:00Z,140,post_match,secaucus_park_ride,1000,317,0,3,2.0,synthetic,scenario,Synthetic scenario assumption for FinalFlow demonstration; not observed event operations.
rail_disruption,2026-07-19T17:20:00Z,140,post_match,midtown_park_ride,800,254,0,3,2.0,synthetic,scenario,Synthetic scenario assumption for FinalFlow demonstration; not observed event operations.
rail_disruption,2026-07-19T17:25:00Z,145,post_match,stadium_parking,2000,614,0,27,2.0,synthetic,scenario,Synthetic scenario assumption for FinalFlow demonstration; not observed event operations.
rail_disruption,2026-07-19T17:25:00Z,145,post_match,meadowlands_remote,1200,369,0,16,2.0,synthetic,scenario,Synthetic scenario assumption for FinalFlow demonstration; not observed event operations.
rail_disruption,2026-07-19T17:25:00Z,145,post_match,secaucus_park_ride,1000,303,0,14,2.0,synthetic,scenario,Synthetic scenario assumption for FinalFlow demonstration; not observed event operations.
rail_disruption,2026-07-19T17:25:00Z,145,post_match,midtown_park_ride,800,243,0,11,2.0,synthetic,scenario,Synthetic scenario assumption for FinalFlow demonstration; not observed event operations.
rail_disruption,2026-07-19T17:30:00Z,150,post_match,stadium_parking,2000,588,0,26,2.0,synthetic,scenario,Synthetic scenario assumption for FinalFlow demonstration; not observed event operations.
rail_disruption,2026-07-19T17:30:00Z,150,post_match,meadowlands_remote,1200,353,0,16,2.0,synthetic,scenario,Synthetic scenario assumption for FinalFlow demonstration; not observed event operations.
rail_disruption,2026-07-19T17:30:00Z,150,post_match,secaucus_park_ride,1000,290,0,13,2.0,synthetic,scenario,Synthetic scenario assumption for FinalFlow demonstration; not observed event operations.
rail_disruption,2026-07-19T17:30:00Z,150,post_match,midtown_park_ride,800,232,0,11,2.0,synthetic,scenario,Synthetic scenario assumption for FinalFlow demonstration; not observed event operations.
rail_disruption,2026-07-19T17:35:00Z,155,post_match,stadium_parking,2000,564,0,24,2.0,synthetic,scenario,Synthetic scenario assumption for FinalFlow demonstration; not observed event operations.
rail_disruption,2026-07-19T17:35:00Z,155,post_match,meadowlands_remote,1200,339,0,14,2.0,synthetic,scenario,Synthetic scenario assumption for FinalFlow demonstration; not observed event operations.
rail_disruption,2026-07-19T17:35:00Z,155,post_match,secaucus_park_ride,1000,278,0,12,2.0,synthetic,scenario,Synthetic scenario assumption for FinalFlow demonstration; not observed event operations.
rail_disruption,2026-07-19T17:35:00Z,155,post_match,midtown_park_ride,800,222,0,10,2.0,synthetic,scenario,Synthetic scenario assumption for FinalFlow demonstration; not observed event operations.
rail_disruption,2026-07-19T17:40:00Z,160,post_match,stadium_parking,2000,542,0,22,2.0,synthetic,scenario,Synthetic scenario assumption for FinalFlow demonstration; not observed event operations.
rail_disruption,2026-07-19T17:40:00Z,160,post_match,meadowlands_remote,1200,326,0,13,2.0,synthetic,scenario,Synthetic scenario assumption for FinalFlow demonstration; not observed event operations.
rail_disruption,2026-07-19T17:40:00Z,160,post_match,secaucus_park_ride,1000,267,0,11,2.0,synthetic,scenario,Synthetic scenario assumption for FinalFlow demonstration; not observed event operations.
rail_disruption,2026-07-19T17:40:00Z,160,post_match,midtown_park_ride,800,213,0,9,2.0,synthetic,scenario,Synthetic scenario assumption for FinalFlow demonstration; not observed event operations.
rail_disruption,2026-07-19T17:45:00Z,165,post_match,stadium_parking,2000,521,0,21,2.0,synthetic,scenario,Synthetic scenario assumption for FinalFlow demonstration; not observed event operations.
rail_disruption,2026-07-19T17:45:00Z,165,post_match,meadowlands_remote,1200,314,0,12,2.0,synthetic,scenario,Synthetic scenario assumption for FinalFlow demonstration; not observed event operations.
rail_disruption,2026-07-19T17:45:00Z,165,post_match,secaucus_park_ride,1000,257,0,10,2.0,synthetic,scenario,Synthetic scenario assumption for FinalFlow demonstration; not observed event operations.
rail_disruption,2026-07-19T17:45:00Z,165,post_match,midtown_park_ride,800,205,0,8,2.0,synthetic,scenario,Synthetic scenario assumption for FinalFlow demonstration; not observed event operations.
rail_disruption,2026-07-19T17:50:00Z,170,post_match,stadium_parking,2000,503,0,18,2.0,synthetic,scenario,Synthetic scenario assumption for FinalFlow demonstration; not observed event operations.
rail_disruption,2026-07-19T17:50:00Z,170,post_match,meadowlands_remote,1200,303,0,11,2.0,synthetic,scenario,Synthetic scenario assumption for FinalFlow demonstration; not observed event operations.
rail_disruption,2026-07-19T17:50:00Z,170,post_match,secaucus_park_ride,1000,248,0,9,2.0,synthetic,scenario,Synthetic scenario assumption for FinalFlow demonstration; not observed event operations.
rail_disruption,2026-07-19T17:50:00Z,170,post_match,midtown_park_ride,800,198,0,7,2.0,synthetic,scenario,Synthetic scenario assumption for FinalFlow demonstration; not observed event operations.
rail_disruption,2026-07-19T17:55:00Z,175,post_match,stadium_parking,2000,487,0,16,2.0,synthetic,scenario,Synthetic scenario assumption for FinalFlow demonstration; not observed event operations.
rail_disruption,2026-07-19T17:55:00Z,175,post_match,meadowlands_remote,1200,293,0,10,2.0,synthetic,scenario,Synthetic scenario assumption for FinalFlow demonstration; not observed event operations.
rail_disruption,2026-07-19T17:55:00Z,175,post_match,secaucus_park_ride,1000,240,0,8,2.0,synthetic,scenario,Synthetic scenario assumption for FinalFlow demonstration; not observed event operations.
rail_disruption,2026-07-19T17:55:00Z,175,post_match,midtown_park_ride,800,192,0,6,2.0,synthetic,scenario,Synthetic scenario assumption for FinalFlow demonstration; not observed event operations.
rail_disruption,2026-07-19T18:00:00Z,180,post_match,stadium_parking,2000,473,0,14,2.0,synthetic,scenario,Synthetic scenario assumption for FinalFlow demonstration; not observed event operations.
rail_disruption,2026-07-19T18:00:00Z,180,post_match,meadowlands_remote,1200,285,0,8,2.0,synthetic,scenario,Synthetic scenario assumption for FinalFlow demonstration; not observed event operations.
rail_disruption,2026-07-19T18:00:00Z,180,post_match,secaucus_park_ride,1000,233,0,7,2.0,synthetic,scenario,Synthetic scenario assumption for FinalFlow demonstration; not observed event operations.
rail_disruption,2026-07-19T18:00:00Z,180,post_match,midtown_park_ride,800,186,0,6,2.0,synthetic,scenario,Synthetic scenario assumption for FinalFlow demonstration; not observed event operations.
rail_disruption,2026-07-19T18:05:00Z,185,post_match,stadium_parking,2000,462,0,11,2.0,synthetic,scenario,Synthetic scenario assumption for FinalFlow demonstration; not observed event operations.
rail_disruption,2026-07-19T18:05:00Z,185,post_match,meadowlands_remote,1200,278,0,7,2.0,synthetic,scenario,Synthetic scenario assumption for FinalFlow demonstration; not observed event operations.
rail_disruption,2026-07-19T18:05:00Z,185,post_match,secaucus_park_ride,1000,227,0,6,2.0,synthetic,scenario,Synthetic scenario assumption for FinalFlow demonstration; not observed event operations.
rail_disruption,2026-07-19T18:05:00Z,185,post_match,midtown_park_ride,800,182,0,4,2.0,synthetic,scenario,Synthetic scenario assumption for FinalFlow demonstration; not observed event operations.
rail_disruption,2026-07-19T18:10:00Z,190,post_match,stadium_parking,2000,451,0,11,2.0,synthetic,scenario,Synthetic scenario assumption for FinalFlow demonstration; not observed event operations.
rail_disruption,2026-07-19T18:10:00Z,190,post_match,meadowlands_remote,1200,272,0,6,2.0,synthetic,scenario,Synthetic scenario assumption for FinalFlow demonstration; not observed event operations.
rail_disruption,2026-07-19T18:10:00Z,190,post_match,secaucus_park_ride,1000,222,0,5,2.0,synthetic,scenario,Synthetic scenario assumption for FinalFlow demonstration; not observed event operations.
rail_disruption,2026-07-19T18:10:00Z,190,post_match,midtown_park_ride,800,178,0,4,2.0,synthetic,scenario,Synthetic scenario assumption for FinalFlow demonstration; not observed event operations.
rail_disruption,2026-07-19T18:15:00Z,195,post_match,stadium_parking,2000,451,0,0,2.0,synthetic,scenario,Synthetic scenario assumption for FinalFlow demonstration; not observed event operations.
rail_disruption,2026-07-19T18:15:00Z,195,post_match,meadowlands_remote,1200,272,0,0,2.0,synthetic,scenario,Synthetic scenario assumption for FinalFlow demonstration; not observed event operations.
rail_disruption,2026-07-19T18:15:00Z,195,post_match,secaucus_park_ride,1000,222,0,0,2.0,synthetic,scenario,Synthetic scenario assumption for FinalFlow demonstration; not observed event operations.
rail_disruption,2026-07-19T18:15:00Z,195,post_match,midtown_park_ride,800,178,0,0,2.0,synthetic,scenario,Synthetic scenario assumption for FinalFlow demonstration; not observed event operations.
rail_disruption,2026-07-19T18:20:00Z,200,post_match,stadium_parking,2000,451,0,0,2.0,synthetic,scenario,Synthetic scenario assumption for FinalFlow demonstration; not observed event operations.
rail_disruption,2026-07-19T18:20:00Z,200,post_match,meadowlands_remote,1200,272,0,0,2.0,synthetic,scenario,Synthetic scenario assumption for FinalFlow demonstration; not observed event operations.
rail_disruption,2026-07-19T18:20:00Z,200,post_match,secaucus_park_ride,1000,222,0,0,2.0,synthetic,scenario,Synthetic scenario assumption for FinalFlow demonstration; not observed event operations.
rail_disruption,2026-07-19T18:20:00Z,200,post_match,midtown_park_ride,800,178,0,0,2.0,synthetic,scenario,Synthetic scenario assumption for FinalFlow demonstration; not observed event operations.
rail_disruption,2026-07-19T18:25:00Z,205,post_match,stadium_parking,2000,451,0,0,2.0,synthetic,scenario,Synthetic scenario assumption for FinalFlow demonstration; not observed event operations.
rail_disruption,2026-07-19T18:25:00Z,205,post_match,meadowlands_remote,1200,272,0,0,2.0,synthetic,scenario,Synthetic scenario assumption for FinalFlow demonstration; not observed event operations.
rail_disruption,2026-07-19T18:25:00Z,205,post_match,secaucus_park_ride,1000,222,0,0,2.0,synthetic,scenario,Synthetic scenario assumption for FinalFlow demonstration; not observed event operations.
rail_disruption,2026-07-19T18:25:00Z,205,post_match,midtown_park_ride,800,178,0,0,2.0,synthetic,scenario,Synthetic scenario assumption for FinalFlow demonstration; not observed event operations.
rail_disruption,2026-07-19T18:30:00Z,210,post_match,stadium_parking,2000,451,0,0,2.0,synthetic,scenario,Synthetic scenario assumption for FinalFlow demonstration; not observed event operations.
rail_disruption,2026-07-19T18:30:00Z,210,post_match,meadowlands_remote,1200,272,0,0,2.0,synthetic,scenario,Synthetic scenario assumption for FinalFlow demonstration; not observed event operations.
rail_disruption,2026-07-19T18:30:00Z,210,post_match,secaucus_park_ride,1000,222,0,0,2.0,synthetic,scenario,Synthetic scenario assumption for FinalFlow demonstration; not observed event operations.
rail_disruption,2026-07-19T18:30:00Z,210,post_match,midtown_park_ride,800,178,0,0,2.0,synthetic,scenario,Synthetic scenario assumption for FinalFlow demonstration; not observed event operations.
rail_disruption,2026-07-19T18:35:00Z,215,post_match,stadium_parking,2000,451,0,0,2.0,synthetic,scenario,Synthetic scenario assumption for FinalFlow demonstration; not observed event operations.
rail_disruption,2026-07-19T18:35:00Z,215,post_match,meadowlands_remote,1200,272,0,0,2.0,synthetic,scenario,Synthetic scenario assumption for FinalFlow demonstration; not observed event operations.
rail_disruption,2026-07-19T18:35:00Z,215,post_match,secaucus_park_ride,1000,222,0,0,2.0,synthetic,scenario,Synthetic scenario assumption for FinalFlow demonstration; not observed event operations.
rail_disruption,2026-07-19T18:35:00Z,215,post_match,midtown_park_ride,800,178,0,0,2.0,synthetic,scenario,Synthetic scenario assumption for FinalFlow demonstration; not observed event operations.
rail_disruption,2026-07-19T18:40:00Z,220,post_match,stadium_parking,2000,451,0,0,2.0,synthetic,scenario,Synthetic scenario assumption for FinalFlow demonstration; not observed event operations.
rail_disruption,2026-07-19T18:40:00Z,220,post_match,meadowlands_remote,1200,272,0,0,2.0,synthetic,scenario,Synthetic scenario assumption for FinalFlow demonstration; not observed event operations.
rail_disruption,2026-07-19T18:40:00Z,220,post_match,secaucus_park_ride,1000,222,0,0,2.0,synthetic,scenario,Synthetic scenario assumption for FinalFlow demonstration; not observed event operations.
rail_disruption,2026-07-19T18:40:00Z,220,post_match,midtown_park_ride,800,178,0,0,2.0,synthetic,scenario,Synthetic scenario assumption for FinalFlow demonstration; not observed event operations.
rail_disruption,2026-07-19T18:45:00Z,225,post_match,stadium_parking,2000,451,0,0,2.0,synthetic,scenario,Synthetic scenario assumption for FinalFlow demonstration; not observed event operations.
rail_disruption,2026-07-19T18:45:00Z,225,post_match,meadowlands_remote,1200,272,0,0,2.0,synthetic,scenario,Synthetic scenario assumption for FinalFlow demonstration; not observed event operations.
rail_disruption,2026-07-19T18:45:00Z,225,post_match,secaucus_park_ride,1000,222,0,0,2.0,synthetic,scenario,Synthetic scenario assumption for FinalFlow demonstration; not observed event operations.
rail_disruption,2026-07-19T18:45:00Z,225,post_match,midtown_park_ride,800,178,0,0,2.0,synthetic,scenario,Synthetic scenario assumption for FinalFlow demonstration; not observed event operations.
rail_disruption,2026-07-19T18:50:00Z,230,post_match,stadium_parking,2000,451,0,0,2.0,synthetic,scenario,Synthetic scenario assumption for FinalFlow demonstration; not observed event operations.
rail_disruption,2026-07-19T18:50:00Z,230,post_match,meadowlands_remote,1200,272,0,0,2.0,synthetic,scenario,Synthetic scenario assumption for FinalFlow demonstration; not observed event operations.
rail_disruption,2026-07-19T18:50:00Z,230,post_match,secaucus_park_ride,1000,222,0,0,2.0,synthetic,scenario,Synthetic scenario assumption for FinalFlow demonstration; not observed event operations.
rail_disruption,2026-07-19T18:50:00Z,230,post_match,midtown_park_ride,800,178,0,0,2.0,synthetic,scenario,Synthetic scenario assumption for FinalFlow demonstration; not observed event operations.
rail_disruption,2026-07-19T18:55:00Z,235,post_match,stadium_parking,2000,451,0,0,2.0,synthetic,scenario,Synthetic scenario assumption for FinalFlow demonstration; not observed event operations.
rail_disruption,2026-07-19T18:55:00Z,235,post_match,meadowlands_remote,1200,272,0,0,2.0,synthetic,scenario,Synthetic scenario assumption for FinalFlow demonstration; not observed event operations.
rail_disruption,2026-07-19T18:55:00Z,235,post_match,secaucus_park_ride,1000,222,0,0,2.0,synthetic,scenario,Synthetic scenario assumption for FinalFlow demonstration; not observed event operations.
rail_disruption,2026-07-19T18:55:00Z,235,post_match,midtown_park_ride,800,178,0,0,2.0,synthetic,scenario,Synthetic scenario assumption for FinalFlow demonstration; not observed event operations.
rail_disruption,2026-07-19T19:00:00Z,240,post_match,stadium_parking,2000,451,0,0,2.0,synthetic,scenario,Synthetic scenario assumption for FinalFlow demonstration; not observed event operations.
rail_disruption,2026-07-19T19:00:00Z,240,post_match,meadowlands_remote,1200,272,0,0,2.0,synthetic,scenario,Synthetic scenario assumption for FinalFlow demonstration; not observed event operations.
rail_disruption,2026-07-19T19:00:00Z,240,post_match,secaucus_park_ride,1000,222,0,0,2.0,synthetic,scenario,Synthetic scenario assumption for FinalFlow demonstration; not observed event operations.
rail_disruption,2026-07-19T19:00:00Z,240,post_match,midtown_park_ride,800,178,0,0,2.0,synthetic,scenario,Synthetic scenario assumption for FinalFlow demonstration; not observed event operations.
rail_disruption,2026-07-19T19:05:00Z,245,post_match,stadium_parking,2000,451,0,0,2.0,synthetic,scenario,Synthetic scenario assumption for FinalFlow demonstration; not observed event operations.
rail_disruption,2026-07-19T19:05:00Z,245,post_match,meadowlands_remote,1200,272,0,0,2.0,synthetic,scenario,Synthetic scenario assumption for FinalFlow demonstration; not observed event operations.
rail_disruption,2026-07-19T19:05:00Z,245,post_match,secaucus_park_ride,1000,222,0,0,2.0,synthetic,scenario,Synthetic scenario assumption for FinalFlow demonstration; not observed event operations.
rail_disruption,2026-07-19T19:05:00Z,245,post_match,midtown_park_ride,800,178,0,0,2.0,synthetic,scenario,Synthetic scenario assumption for FinalFlow demonstration; not observed event operations.
rail_disruption,2026-07-19T19:10:00Z,250,post_match,stadium_parking,2000,451,0,0,2.0,synthetic,scenario,Synthetic scenario assumption for FinalFlow demonstration; not observed event operations.
rail_disruption,2026-07-19T19:10:00Z,250,post_match,meadowlands_remote,1200,272,0,0,2.0,synthetic,scenario,Synthetic scenario assumption for FinalFlow demonstration; not observed event operations.
rail_disruption,2026-07-19T19:10:00Z,250,post_match,secaucus_park_ride,1000,222,0,0,2.0,synthetic,scenario,Synthetic scenario assumption for FinalFlow demonstration; not observed event operations.
rail_disruption,2026-07-19T19:10:00Z,250,post_match,midtown_park_ride,800,178,0,0,2.0,synthetic,scenario,Synthetic scenario assumption for FinalFlow demonstration; not observed event operations.
rail_disruption,2026-07-19T19:15:00Z,255,post_match,stadium_parking,2000,451,0,0,2.0,synthetic,scenario,Synthetic scenario assumption for FinalFlow demonstration; not observed event operations.
rail_disruption,2026-07-19T19:15:00Z,255,post_match,meadowlands_remote,1200,272,0,0,2.0,synthetic,scenario,Synthetic scenario assumption for FinalFlow demonstration; not observed event operations.
rail_disruption,2026-07-19T19:15:00Z,255,post_match,secaucus_park_ride,1000,222,0,0,2.0,synthetic,scenario,Synthetic scenario assumption for FinalFlow demonstration; not observed event operations.
rail_disruption,2026-07-19T19:15:00Z,255,post_match,midtown_park_ride,800,178,0,0,2.0,synthetic,scenario,Synthetic scenario assumption for FinalFlow demonstration; not observed event operations.
rail_disruption,2026-07-19T19:20:00Z,260,post_match,stadium_parking,2000,451,0,0,2.0,synthetic,scenario,Synthetic scenario assumption for FinalFlow demonstration; not observed event operations.
rail_disruption,2026-07-19T19:20:00Z,260,post_match,meadowlands_remote,1200,272,0,0,2.0,synthetic,scenario,Synthetic scenario assumption for FinalFlow demonstration; not observed event operations.
rail_disruption,2026-07-19T19:20:00Z,260,post_match,secaucus_park_ride,1000,222,0,0,2.0,synthetic,scenario,Synthetic scenario assumption for FinalFlow demonstration; not observed event operations.
rail_disruption,2026-07-19T19:20:00Z,260,post_match,midtown_park_ride,800,178,0,0,2.0,synthetic,scenario,Synthetic scenario assumption for FinalFlow demonstration; not observed event operations.
rail_disruption,2026-07-19T19:25:00Z,265,post_match,stadium_parking,2000,451,0,0,2.0,synthetic,scenario,Synthetic scenario assumption for FinalFlow demonstration; not observed event operations.
rail_disruption,2026-07-19T19:25:00Z,265,post_match,meadowlands_remote,1200,272,0,0,2.0,synthetic,scenario,Synthetic scenario assumption for FinalFlow demonstration; not observed event operations.
rail_disruption,2026-07-19T19:25:00Z,265,post_match,secaucus_park_ride,1000,222,0,0,2.0,synthetic,scenario,Synthetic scenario assumption for FinalFlow demonstration; not observed event operations.
rail_disruption,2026-07-19T19:25:00Z,265,post_match,midtown_park_ride,800,178,0,0,2.0,synthetic,scenario,Synthetic scenario assumption for FinalFlow demonstration; not observed event operations.
rail_disruption,2026-07-19T19:30:00Z,270,post_match,stadium_parking,2000,451,0,0,2.0,synthetic,scenario,Synthetic scenario assumption for FinalFlow demonstration; not observed event operations.
rail_disruption,2026-07-19T19:30:00Z,270,post_match,meadowlands_remote,1200,272,0,0,2.0,synthetic,scenario,Synthetic scenario assumption for FinalFlow demonstration; not observed event operations.
rail_disruption,2026-07-19T19:30:00Z,270,post_match,secaucus_park_ride,1000,222,0,0,2.0,synthetic,scenario,Synthetic scenario assumption for FinalFlow demonstration; not observed event operations.
rail_disruption,2026-07-19T19:30:00Z,270,post_match,midtown_park_ride,800,178,0,0,2.0,synthetic,scenario,Synthetic scenario assumption for FinalFlow demonstration; not observed event operations.
rail_disruption,2026-07-19T19:35:00Z,275,post_match,stadium_parking,2000,451,0,0,2.0,synthetic,scenario,Synthetic scenario assumption for FinalFlow demonstration; not observed event operations.
rail_disruption,2026-07-19T19:35:00Z,275,post_match,meadowlands_remote,1200,272,0,0,2.0,synthetic,scenario,Synthetic scenario assumption for FinalFlow demonstration; not observed event operations.
rail_disruption,2026-07-19T19:35:00Z,275,post_match,secaucus_park_ride,1000,222,0,0,2.0,synthetic,scenario,Synthetic scenario assumption for FinalFlow demonstration; not observed event operations.
rail_disruption,2026-07-19T19:35:00Z,275,post_match,midtown_park_ride,800,178,0,0,2.0,synthetic,scenario,Synthetic scenario assumption for FinalFlow demonstration; not observed event operations.
rail_disruption,2026-07-19T19:40:00Z,280,post_match,stadium_parking,2000,451,0,0,2.0,synthetic,scenario,Synthetic scenario assumption for FinalFlow demonstration; not observed event operations.
rail_disruption,2026-07-19T19:40:00Z,280,post_match,meadowlands_remote,1200,272,0,0,2.0,synthetic,scenario,Synthetic scenario assumption for FinalFlow demonstration; not observed event operations.
rail_disruption,2026-07-19T19:40:00Z,280,post_match,secaucus_park_ride,1000,222,0,0,2.0,synthetic,scenario,Synthetic scenario assumption for FinalFlow demonstration; not observed event operations.
rail_disruption,2026-07-19T19:40:00Z,280,post_match,midtown_park_ride,800,178,0,0,2.0,synthetic,scenario,Synthetic scenario assumption for FinalFlow demonstration; not observed event operations.
rail_disruption,2026-07-19T19:45:00Z,285,post_match,stadium_parking,2000,451,0,0,2.0,synthetic,scenario,Synthetic scenario assumption for FinalFlow demonstration; not observed event operations.
rail_disruption,2026-07-19T19:45:00Z,285,post_match,meadowlands_remote,1200,272,0,0,2.0,synthetic,scenario,Synthetic scenario assumption for FinalFlow demonstration; not observed event operations.
rail_disruption,2026-07-19T19:45:00Z,285,post_match,secaucus_park_ride,1000,222,0,0,2.0,synthetic,scenario,Synthetic scenario assumption for FinalFlow demonstration; not observed event operations.
rail_disruption,2026-07-19T19:45:00Z,285,post_match,midtown_park_ride,800,178,0,0,2.0,synthetic,scenario,Synthetic scenario assumption for FinalFlow demonstration; not observed event operations.
rail_disruption,2026-07-19T19:50:00Z,290,post_match,stadium_parking,2000,451,0,0,2.0,synthetic,scenario,Synthetic scenario assumption for FinalFlow demonstration; not observed event operations.
rail_disruption,2026-07-19T19:50:00Z,290,post_match,meadowlands_remote,1200,272,0,0,2.0,synthetic,scenario,Synthetic scenario assumption for FinalFlow demonstration; not observed event operations.
rail_disruption,2026-07-19T19:50:00Z,290,post_match,secaucus_park_ride,1000,222,0,0,2.0,synthetic,scenario,Synthetic scenario assumption for FinalFlow demonstration; not observed event operations.
rail_disruption,2026-07-19T19:50:00Z,290,post_match,midtown_park_ride,800,178,0,0,2.0,synthetic,scenario,Synthetic scenario assumption for FinalFlow demonstration; not observed event operations.
rail_disruption,2026-07-19T19:55:00Z,295,post_match,stadium_parking,2000,451,0,0,2.0,synthetic,scenario,Synthetic scenario assumption for FinalFlow demonstration; not observed event operations.
rail_disruption,2026-07-19T19:55:00Z,295,post_match,meadowlands_remote,1200,272,0,0,2.0,synthetic,scenario,Synthetic scenario assumption for FinalFlow demonstration; not observed event operations.
rail_disruption,2026-07-19T19:55:00Z,295,post_match,secaucus_park_ride,1000,222,0,0,2.0,synthetic,scenario,Synthetic scenario assumption for FinalFlow demonstration; not observed event operations.
rail_disruption,2026-07-19T19:55:00Z,295,post_match,midtown_park_ride,800,178,0,0,2.0,synthetic,scenario,Synthetic scenario assumption for FinalFlow demonstration; not observed event operations.
rail_disruption,2026-07-19T20:00:00Z,300,post_match,stadium_parking,2000,451,0,0,2.0,synthetic,scenario,Synthetic scenario assumption for FinalFlow demonstration; not observed event operations.
rail_disruption,2026-07-19T20:00:00Z,300,post_match,meadowlands_remote,1200,272,0,0,2.0,synthetic,scenario,Synthetic scenario assumption for FinalFlow demonstration; not observed event operations.
rail_disruption,2026-07-19T20:00:00Z,300,post_match,secaucus_park_ride,1000,222,0,0,2.0,synthetic,scenario,Synthetic scenario assumption for FinalFlow demonstration; not observed event operations.
rail_disruption,2026-07-19T20:00:00Z,300,post_match,midtown_park_ride,800,178,0,0,2.0,synthetic,scenario,Synthetic scenario assumption for FinalFlow demonstration; not observed event operations.
rail_disruption,2026-07-19T20:05:00Z,305,post_match,stadium_parking,2000,451,0,0,2.0,synthetic,scenario,Synthetic scenario assumption for FinalFlow demonstration; not observed event operations.
rail_disruption,2026-07-19T20:05:00Z,305,post_match,meadowlands_remote,1200,272,0,0,2.0,synthetic,scenario,Synthetic scenario assumption for FinalFlow demonstration; not observed event operations.
rail_disruption,2026-07-19T20:05:00Z,305,post_match,secaucus_park_ride,1000,222,0,0,2.0,synthetic,scenario,Synthetic scenario assumption for FinalFlow demonstration; not observed event operations.
rail_disruption,2026-07-19T20:05:00Z,305,post_match,midtown_park_ride,800,178,0,0,2.0,synthetic,scenario,Synthetic scenario assumption for FinalFlow demonstration; not observed event operations.
rail_disruption,2026-07-19T20:10:00Z,310,post_match,stadium_parking,2000,451,0,0,2.0,synthetic,scenario,Synthetic scenario assumption for FinalFlow demonstration; not observed event operations.
rail_disruption,2026-07-19T20:10:00Z,310,post_match,meadowlands_remote,1200,272,0,0,2.0,synthetic,scenario,Synthetic scenario assumption for FinalFlow demonstration; not observed event operations.
rail_disruption,2026-07-19T20:10:00Z,310,post_match,secaucus_park_ride,1000,222,0,0,2.0,synthetic,scenario,Synthetic scenario assumption for FinalFlow demonstration; not observed event operations.
rail_disruption,2026-07-19T20:10:00Z,310,post_match,midtown_park_ride,800,178,0,0,2.0,synthetic,scenario,Synthetic scenario assumption for FinalFlow demonstration; not observed event operations.
rail_disruption,2026-07-19T20:15:00Z,315,post_match,stadium_parking,2000,451,0,0,2.0,synthetic,scenario,Synthetic scenario assumption for FinalFlow demonstration; not observed event operations.
rail_disruption,2026-07-19T20:15:00Z,315,post_match,meadowlands_remote,1200,272,0,0,2.0,synthetic,scenario,Synthetic scenario assumption for FinalFlow demonstration; not observed event operations.
rail_disruption,2026-07-19T20:15:00Z,315,post_match,secaucus_park_ride,1000,222,0,0,2.0,synthetic,scenario,Synthetic scenario assumption for FinalFlow demonstration; not observed event operations.
rail_disruption,2026-07-19T20:15:00Z,315,post_match,midtown_park_ride,800,178,0,0,2.0,synthetic,scenario,Synthetic scenario assumption for FinalFlow demonstration; not observed event operations.
rail_capacity_boost,2026-07-19T12:00:00Z,-180,pre_match,stadium_parking,2000,400,0,0,2.0,synthetic,scenario,Synthetic scenario assumption for FinalFlow demonstration; not observed event operations.
rail_capacity_boost,2026-07-19T12:00:00Z,-180,pre_match,meadowlands_remote,1200,240,0,0,2.0,synthetic,scenario,Synthetic scenario assumption for FinalFlow demonstration; not observed event operations.
rail_capacity_boost,2026-07-19T12:00:00Z,-180,pre_match,secaucus_park_ride,1000,200,0,0,2.0,synthetic,scenario,Synthetic scenario assumption for FinalFlow demonstration; not observed event operations.
rail_capacity_boost,2026-07-19T12:00:00Z,-180,pre_match,midtown_park_ride,800,160,0,0,2.0,synthetic,scenario,Synthetic scenario assumption for FinalFlow demonstration; not observed event operations.
rail_capacity_boost,2026-07-19T12:05:00Z,-175,pre_match,stadium_parking,2000,400,0,0,2.0,synthetic,scenario,Synthetic scenario assumption for FinalFlow demonstration; not observed event operations.
rail_capacity_boost,2026-07-19T12:05:00Z,-175,pre_match,meadowlands_remote,1200,240,0,0,2.0,synthetic,scenario,Synthetic scenario assumption for FinalFlow demonstration; not observed event operations.
rail_capacity_boost,2026-07-19T12:05:00Z,-175,pre_match,secaucus_park_ride,1000,200,0,0,2.0,synthetic,scenario,Synthetic scenario assumption for FinalFlow demonstration; not observed event operations.
rail_capacity_boost,2026-07-19T12:05:00Z,-175,pre_match,midtown_park_ride,800,160,0,0,2.0,synthetic,scenario,Synthetic scenario assumption for FinalFlow demonstration; not observed event operations.
rail_capacity_boost,2026-07-19T12:10:00Z,-170,pre_match,stadium_parking,2000,400,0,0,2.0,synthetic,scenario,Synthetic scenario assumption for FinalFlow demonstration; not observed event operations.
rail_capacity_boost,2026-07-19T12:10:00Z,-170,pre_match,meadowlands_remote,1200,240,0,0,2.0,synthetic,scenario,Synthetic scenario assumption for FinalFlow demonstration; not observed event operations.
rail_capacity_boost,2026-07-19T12:10:00Z,-170,pre_match,secaucus_park_ride,1000,200,0,0,2.0,synthetic,scenario,Synthetic scenario assumption for FinalFlow demonstration; not observed event operations.
rail_capacity_boost,2026-07-19T12:10:00Z,-170,pre_match,midtown_park_ride,800,160,0,0,2.0,synthetic,scenario,Synthetic scenario assumption for FinalFlow demonstration; not observed event operations.
rail_capacity_boost,2026-07-19T12:15:00Z,-165,pre_match,stadium_parking,2000,400,0,0,2.0,synthetic,scenario,Synthetic scenario assumption for FinalFlow demonstration; not observed event operations.
rail_capacity_boost,2026-07-19T12:15:00Z,-165,pre_match,meadowlands_remote,1200,240,0,0,2.0,synthetic,scenario,Synthetic scenario assumption for FinalFlow demonstration; not observed event operations.
rail_capacity_boost,2026-07-19T12:15:00Z,-165,pre_match,secaucus_park_ride,1000,200,0,0,2.0,synthetic,scenario,Synthetic scenario assumption for FinalFlow demonstration; not observed event operations.
rail_capacity_boost,2026-07-19T12:15:00Z,-165,pre_match,midtown_park_ride,800,160,0,0,2.0,synthetic,scenario,Synthetic scenario assumption for FinalFlow demonstration; not observed event operations.
rail_capacity_boost,2026-07-19T12:20:00Z,-160,pre_match,stadium_parking,2000,400,0,0,2.0,synthetic,scenario,Synthetic scenario assumption for FinalFlow demonstration; not observed event operations.
rail_capacity_boost,2026-07-19T12:20:00Z,-160,pre_match,meadowlands_remote,1200,240,0,0,2.0,synthetic,scenario,Synthetic scenario assumption for FinalFlow demonstration; not observed event operations.
rail_capacity_boost,2026-07-19T12:20:00Z,-160,pre_match,secaucus_park_ride,1000,200,0,0,2.0,synthetic,scenario,Synthetic scenario assumption for FinalFlow demonstration; not observed event operations.
rail_capacity_boost,2026-07-19T12:20:00Z,-160,pre_match,midtown_park_ride,800,160,0,0,2.0,synthetic,scenario,Synthetic scenario assumption for FinalFlow demonstration; not observed event operations.
rail_capacity_boost,2026-07-19T12:25:00Z,-155,pre_match,stadium_parking,2000,400,0,0,2.0,synthetic,scenario,Synthetic scenario assumption for FinalFlow demonstration; not observed event operations.
rail_capacity_boost,2026-07-19T12:25:00Z,-155,pre_match,meadowlands_remote,1200,240,0,0,2.0,synthetic,scenario,Synthetic scenario assumption for FinalFlow demonstration; not observed event operations.
rail_capacity_boost,2026-07-19T12:25:00Z,-155,pre_match,secaucus_park_ride,1000,200,0,0,2.0,synthetic,scenario,Synthetic scenario assumption for FinalFlow demonstration; not observed event operations.
rail_capacity_boost,2026-07-19T12:25:00Z,-155,pre_match,midtown_park_ride,800,160,0,0,2.0,synthetic,scenario,Synthetic scenario assumption for FinalFlow demonstration; not observed event operations.
rail_capacity_boost,2026-07-19T12:30:00Z,-150,pre_match,stadium_parking,2000,401,1,0,2.0,synthetic,scenario,Synthetic scenario assumption for FinalFlow demonstration; not observed event operations.
rail_capacity_boost,2026-07-19T12:30:00Z,-150,pre_match,meadowlands_remote,1200,240,0,0,2.0,synthetic,scenario,Synthetic scenario assumption for FinalFlow demonstration; not observed event operations.
rail_capacity_boost,2026-07-19T12:30:00Z,-150,pre_match,secaucus_park_ride,1000,200,0,0,2.0,synthetic,scenario,Synthetic scenario assumption for FinalFlow demonstration; not observed event operations.
rail_capacity_boost,2026-07-19T12:30:00Z,-150,pre_match,midtown_park_ride,800,160,0,0,2.0,synthetic,scenario,Synthetic scenario assumption for FinalFlow demonstration; not observed event operations.
rail_capacity_boost,2026-07-19T12:35:00Z,-145,pre_match,stadium_parking,2000,402,1,0,2.0,synthetic,scenario,Synthetic scenario assumption for FinalFlow demonstration; not observed event operations.
rail_capacity_boost,2026-07-19T12:35:00Z,-145,pre_match,meadowlands_remote,1200,240,0,0,2.0,synthetic,scenario,Synthetic scenario assumption for FinalFlow demonstration; not observed event operations.
rail_capacity_boost,2026-07-19T12:35:00Z,-145,pre_match,secaucus_park_ride,1000,200,0,0,2.0,synthetic,scenario,Synthetic scenario assumption for FinalFlow demonstration; not observed event operations.
rail_capacity_boost,2026-07-19T12:35:00Z,-145,pre_match,midtown_park_ride,800,160,0,0,2.0,synthetic,scenario,Synthetic scenario assumption for FinalFlow demonstration; not observed event operations.
rail_capacity_boost,2026-07-19T12:40:00Z,-140,pre_match,stadium_parking,2000,403,1,0,2.0,synthetic,scenario,Synthetic scenario assumption for FinalFlow demonstration; not observed event operations.
rail_capacity_boost,2026-07-19T12:40:00Z,-140,pre_match,meadowlands_remote,1200,240,0,0,2.0,synthetic,scenario,Synthetic scenario assumption for FinalFlow demonstration; not observed event operations.
rail_capacity_boost,2026-07-19T12:40:00Z,-140,pre_match,secaucus_park_ride,1000,200,0,0,2.0,synthetic,scenario,Synthetic scenario assumption for FinalFlow demonstration; not observed event operations.
rail_capacity_boost,2026-07-19T12:40:00Z,-140,pre_match,midtown_park_ride,800,160,0,0,2.0,synthetic,scenario,Synthetic scenario assumption for FinalFlow demonstration; not observed event operations.
rail_capacity_boost,2026-07-19T12:45:00Z,-135,pre_match,stadium_parking,2000,406,3,0,2.0,synthetic,scenario,Synthetic scenario assumption for FinalFlow demonstration; not observed event operations.
rail_capacity_boost,2026-07-19T12:45:00Z,-135,pre_match,meadowlands_remote,1200,242,2,0,2.0,synthetic,scenario,Synthetic scenario assumption for FinalFlow demonstration; not observed event operations.
rail_capacity_boost,2026-07-19T12:45:00Z,-135,pre_match,secaucus_park_ride,1000,201,1,0,2.0,synthetic,scenario,Synthetic scenario assumption for FinalFlow demonstration; not observed event operations.
rail_capacity_boost,2026-07-19T12:45:00Z,-135,pre_match,midtown_park_ride,800,161,1,0,2.0,synthetic,scenario,Synthetic scenario assumption for FinalFlow demonstration; not observed event operations.
rail_capacity_boost,2026-07-19T12:50:00Z,-130,pre_match,stadium_parking,2000,409,3,0,2.0,synthetic,scenario,Synthetic scenario assumption for FinalFlow demonstration; not observed event operations.
rail_capacity_boost,2026-07-19T12:50:00Z,-130,pre_match,meadowlands_remote,1200,244,2,0,2.0,synthetic,scenario,Synthetic scenario assumption for FinalFlow demonstration; not observed event operations.
rail_capacity_boost,2026-07-19T12:50:00Z,-130,pre_match,secaucus_park_ride,1000,202,1,0,2.0,synthetic,scenario,Synthetic scenario assumption for FinalFlow demonstration; not observed event operations.
rail_capacity_boost,2026-07-19T12:50:00Z,-130,pre_match,midtown_park_ride,800,162,1,0,2.0,synthetic,scenario,Synthetic scenario assumption for FinalFlow demonstration; not observed event operations.
rail_capacity_boost,2026-07-19T12:55:00Z,-125,pre_match,stadium_parking,2000,413,4,0,2.0,synthetic,scenario,Synthetic scenario assumption for FinalFlow demonstration; not observed event operations.
rail_capacity_boost,2026-07-19T12:55:00Z,-125,pre_match,meadowlands_remote,1200,247,3,0,2.0,synthetic,scenario,Synthetic scenario assumption for FinalFlow demonstration; not observed event operations.
rail_capacity_boost,2026-07-19T12:55:00Z,-125,pre_match,secaucus_park_ride,1000,204,2,0,2.0,synthetic,scenario,Synthetic scenario assumption for FinalFlow demonstration; not observed event operations.
rail_capacity_boost,2026-07-19T12:55:00Z,-125,pre_match,midtown_park_ride,800,164,2,0,2.0,synthetic,scenario,Synthetic scenario assumption for FinalFlow demonstration; not observed event operations.
rail_capacity_boost,2026-07-19T13:00:00Z,-120,gates_open,stadium_parking,2000,417,4,0,2.0,synthetic,scenario,Synthetic scenario assumption for FinalFlow demonstration; not observed event operations.
rail_capacity_boost,2026-07-19T13:00:00Z,-120,gates_open,meadowlands_remote,1200,250,3,0,2.0,synthetic,scenario,Synthetic scenario assumption for FinalFlow demonstration; not observed event operations.
rail_capacity_boost,2026-07-19T13:00:00Z,-120,gates_open,secaucus_park_ride,1000,206,2,0,2.0,synthetic,scenario,Synthetic scenario assumption for FinalFlow demonstration; not observed event operations.
rail_capacity_boost,2026-07-19T13:00:00Z,-120,gates_open,midtown_park_ride,800,166,2,0,2.0,synthetic,scenario,Synthetic scenario assumption for FinalFlow demonstration; not observed event operations.
rail_capacity_boost,2026-07-19T13:05:00Z,-115,pre_match,stadium_parking,2000,422,5,0,2.0,synthetic,scenario,Synthetic scenario assumption for FinalFlow demonstration; not observed event operations.
rail_capacity_boost,2026-07-19T13:05:00Z,-115,pre_match,meadowlands_remote,1200,253,3,0,2.0,synthetic,scenario,Synthetic scenario assumption for FinalFlow demonstration; not observed event operations.
rail_capacity_boost,2026-07-19T13:05:00Z,-115,pre_match,secaucus_park_ride,1000,208,2,0,2.0,synthetic,scenario,Synthetic scenario assumption for FinalFlow demonstration; not observed event operations.
rail_capacity_boost,2026-07-19T13:05:00Z,-115,pre_match,midtown_park_ride,800,168,2,0,2.0,synthetic,scenario,Synthetic scenario assumption for FinalFlow demonstration; not observed event operations.
rail_capacity_boost,2026-07-19T13:10:00Z,-110,pre_match,stadium_parking,2000,428,6,0,2.0,synthetic,scenario,Synthetic scenario assumption for FinalFlow demonstration; not observed event operations.
rail_capacity_boost,2026-07-19T13:10:00Z,-110,pre_match,meadowlands_remote,1200,257,4,0,2.0,synthetic,scenario,Synthetic scenario assumption for FinalFlow demonstration; not observed event operations.
rail_capacity_boost,2026-07-19T13:10:00Z,-110,pre_match,secaucus_park_ride,1000,211,3,0,2.0,synthetic,scenario,Synthetic scenario assumption for FinalFlow demonstration; not observed event operations.
rail_capacity_boost,2026-07-19T13:10:00Z,-110,pre_match,midtown_park_ride,800,170,2,0,2.0,synthetic,scenario,Synthetic scenario assumption for FinalFlow demonstration; not observed event operations.
rail_capacity_boost,2026-07-19T13:15:00Z,-105,pre_match,stadium_parking,2000,436,8,0,2.0,synthetic,scenario,Synthetic scenario assumption for FinalFlow demonstration; not observed event operations.
rail_capacity_boost,2026-07-19T13:15:00Z,-105,pre_match,meadowlands_remote,1200,261,4,0,2.0,synthetic,scenario,Synthetic scenario assumption for FinalFlow demonstration; not observed event operations.
rail_capacity_boost,2026-07-19T13:15:00Z,-105,pre_match,secaucus_park_ride,1000,215,4,0,2.0,synthetic,scenario,Synthetic scenario assumption for FinalFlow demonstration; not observed event operations.
rail_capacity_boost,2026-07-19T13:15:00Z,-105,pre_match,midtown_park_ride,800,173,3,0,2.0,synthetic,scenario,Synthetic scenario assumption for FinalFlow demonstration; not observed event operations.
rail_capacity_boost,2026-07-19T13:20:00Z,-100,pre_match,stadium_parking,2000,445,9,0,2.0,synthetic,scenario,Synthetic scenario assumption for FinalFlow demonstration; not observed event operations.
rail_capacity_boost,2026-07-19T13:20:00Z,-100,pre_match,meadowlands_remote,1200,266,5,0,2.0,synthetic,scenario,Synthetic scenario assumption for FinalFlow demonstration; not observed event operations.
rail_capacity_boost,2026-07-19T13:20:00Z,-100,pre_match,secaucus_park_ride,1000,220,5,0,2.0,synthetic,scenario,Synthetic scenario assumption for FinalFlow demonstration; not observed event operations.
rail_capacity_boost,2026-07-19T13:20:00Z,-100,pre_match,midtown_park_ride,800,177,4,0,2.0,synthetic,scenario,Synthetic scenario assumption for FinalFlow demonstration; not observed event operations.
rail_capacity_boost,2026-07-19T13:25:00Z,-95,pre_match,stadium_parking,2000,456,11,0,2.0,synthetic,scenario,Synthetic scenario assumption for FinalFlow demonstration; not observed event operations.
rail_capacity_boost,2026-07-19T13:25:00Z,-95,pre_match,meadowlands_remote,1200,272,6,0,2.0,synthetic,scenario,Synthetic scenario assumption for FinalFlow demonstration; not observed event operations.
rail_capacity_boost,2026-07-19T13:25:00Z,-95,pre_match,secaucus_park_ride,1000,225,5,0,2.0,synthetic,scenario,Synthetic scenario assumption for FinalFlow demonstration; not observed event operations.
rail_capacity_boost,2026-07-19T13:25:00Z,-95,pre_match,midtown_park_ride,800,181,4,0,2.0,synthetic,scenario,Synthetic scenario assumption for FinalFlow demonstration; not observed event operations.
rail_capacity_boost,2026-07-19T13:30:00Z,-90,pre_match,stadium_parking,2000,467,11,0,2.0,synthetic,scenario,Synthetic scenario assumption for FinalFlow demonstration; not observed event operations.
rail_capacity_boost,2026-07-19T13:30:00Z,-90,pre_match,meadowlands_remote,1200,279,7,0,2.0,synthetic,scenario,Synthetic scenario assumption for FinalFlow demonstration; not observed event operations.
rail_capacity_boost,2026-07-19T13:30:00Z,-90,pre_match,secaucus_park_ride,1000,231,6,0,2.0,synthetic,scenario,Synthetic scenario assumption for FinalFlow demonstration; not observed event operations.
rail_capacity_boost,2026-07-19T13:30:00Z,-90,pre_match,midtown_park_ride,800,185,4,0,2.0,synthetic,scenario,Synthetic scenario assumption for FinalFlow demonstration; not observed event operations.
rail_capacity_boost,2026-07-19T13:35:00Z,-85,pre_match,stadium_parking,2000,479,12,0,2.0,synthetic,scenario,Synthetic scenario assumption for FinalFlow demonstration; not observed event operations.
rail_capacity_boost,2026-07-19T13:35:00Z,-85,pre_match,meadowlands_remote,1200,287,8,0,2.0,synthetic,scenario,Synthetic scenario assumption for FinalFlow demonstration; not observed event operations.
rail_capacity_boost,2026-07-19T13:35:00Z,-85,pre_match,secaucus_park_ride,1000,237,6,0,2.0,synthetic,scenario,Synthetic scenario assumption for FinalFlow demonstration; not observed event operations.
rail_capacity_boost,2026-07-19T13:35:00Z,-85,pre_match,midtown_park_ride,800,190,5,0,2.0,synthetic,scenario,Synthetic scenario assumption for FinalFlow demonstration; not observed event operations.
rail_capacity_boost,2026-07-19T13:40:00Z,-80,pre_match,stadium_parking,2000,493,14,0,2.0,synthetic,scenario,Synthetic scenario assumption for FinalFlow demonstration; not observed event operations.
rail_capacity_boost,2026-07-19T13:40:00Z,-80,pre_match,meadowlands_remote,1200,295,8,0,2.0,synthetic,scenario,Synthetic scenario assumption for FinalFlow demonstration; not observed event operations.
rail_capacity_boost,2026-07-19T13:40:00Z,-80,pre_match,secaucus_park_ride,1000,244,7,0,2.0,synthetic,scenario,Synthetic scenario assumption for FinalFlow demonstration; not observed event operations.
rail_capacity_boost,2026-07-19T13:40:00Z,-80,pre_match,midtown_park_ride,800,196,6,0,2.0,synthetic,scenario,Synthetic scenario assumption for FinalFlow demonstration; not observed event operations.
rail_capacity_boost,2026-07-19T13:45:00Z,-75,pre_match,stadium_parking,2000,509,16,0,2.0,synthetic,scenario,Synthetic scenario assumption for FinalFlow demonstration; not observed event operations.
rail_capacity_boost,2026-07-19T13:45:00Z,-75,pre_match,meadowlands_remote,1200,305,10,0,2.0,synthetic,scenario,Synthetic scenario assumption for FinalFlow demonstration; not observed event operations.
rail_capacity_boost,2026-07-19T13:45:00Z,-75,pre_match,secaucus_park_ride,1000,252,8,0,2.0,synthetic,scenario,Synthetic scenario assumption for FinalFlow demonstration; not observed event operations.
rail_capacity_boost,2026-07-19T13:45:00Z,-75,pre_match,midtown_park_ride,800,202,6,0,2.0,synthetic,scenario,Synthetic scenario assumption for FinalFlow demonstration; not observed event operations.
rail_capacity_boost,2026-07-19T13:50:00Z,-70,pre_match,stadium_parking,2000,525,16,0,2.0,synthetic,scenario,Synthetic scenario assumption for FinalFlow demonstration; not observed event operations.
rail_capacity_boost,2026-07-19T13:50:00Z,-70,pre_match,meadowlands_remote,1200,315,10,0,2.0,synthetic,scenario,Synthetic scenario assumption for FinalFlow demonstration; not observed event operations.
rail_capacity_boost,2026-07-19T13:50:00Z,-70,pre_match,secaucus_park_ride,1000,260,8,0,2.0,synthetic,scenario,Synthetic scenario assumption for FinalFlow demonstration; not observed event operations.
rail_capacity_boost,2026-07-19T13:50:00Z,-70,pre_match,midtown_park_ride,800,208,6,0,2.0,synthetic,scenario,Synthetic scenario assumption for FinalFlow demonstration; not observed event operations.
rail_capacity_boost,2026-07-19T13:55:00Z,-65,pre_match,stadium_parking,2000,542,17,0,2.0,synthetic,scenario,Synthetic scenario assumption for FinalFlow demonstration; not observed event operations.
rail_capacity_boost,2026-07-19T13:55:00Z,-65,pre_match,meadowlands_remote,1200,325,10,0,2.0,synthetic,scenario,Synthetic scenario assumption for FinalFlow demonstration; not observed event operations.
rail_capacity_boost,2026-07-19T13:55:00Z,-65,pre_match,secaucus_park_ride,1000,269,9,0,2.0,synthetic,scenario,Synthetic scenario assumption for FinalFlow demonstration; not observed event operations.
rail_capacity_boost,2026-07-19T13:55:00Z,-65,pre_match,midtown_park_ride,800,215,7,0,2.0,synthetic,scenario,Synthetic scenario assumption for FinalFlow demonstration; not observed event operations.
rail_capacity_boost,2026-07-19T14:00:00Z,-60,pre_match,stadium_parking,2000,561,19,0,2.0,synthetic,scenario,Synthetic scenario assumption for FinalFlow demonstration; not observed event operations.
rail_capacity_boost,2026-07-19T14:00:00Z,-60,pre_match,meadowlands_remote,1200,336,11,0,2.0,synthetic,scenario,Synthetic scenario assumption for FinalFlow demonstration; not observed event operations.
rail_capacity_boost,2026-07-19T14:00:00Z,-60,pre_match,secaucus_park_ride,1000,278,9,0,2.0,synthetic,scenario,Synthetic scenario assumption for FinalFlow demonstration; not observed event operations.
rail_capacity_boost,2026-07-19T14:00:00Z,-60,pre_match,midtown_park_ride,800,223,8,0,2.0,synthetic,scenario,Synthetic scenario assumption for FinalFlow demonstration; not observed event operations.
rail_capacity_boost,2026-07-19T14:05:00Z,-55,pre_match,stadium_parking,2000,582,21,0,2.0,synthetic,scenario,Synthetic scenario assumption for FinalFlow demonstration; not observed event operations.
rail_capacity_boost,2026-07-19T14:05:00Z,-55,pre_match,meadowlands_remote,1200,349,13,0,2.0,synthetic,scenario,Synthetic scenario assumption for FinalFlow demonstration; not observed event operations.
rail_capacity_boost,2026-07-19T14:05:00Z,-55,pre_match,secaucus_park_ride,1000,288,10,0,2.0,synthetic,scenario,Synthetic scenario assumption for FinalFlow demonstration; not observed event operations.
rail_capacity_boost,2026-07-19T14:05:00Z,-55,pre_match,midtown_park_ride,800,231,8,0,2.0,synthetic,scenario,Synthetic scenario assumption for FinalFlow demonstration; not observed event operations.
rail_capacity_boost,2026-07-19T14:10:00Z,-50,pre_match,stadium_parking,2000,603,21,0,2.0,synthetic,scenario,Synthetic scenario assumption for FinalFlow demonstration; not observed event operations.
rail_capacity_boost,2026-07-19T14:10:00Z,-50,pre_match,meadowlands_remote,1200,362,13,0,2.0,synthetic,scenario,Synthetic scenario assumption for FinalFlow demonstration; not observed event operations.
rail_capacity_boost,2026-07-19T14:10:00Z,-50,pre_match,secaucus_park_ride,1000,298,10,0,2.0,synthetic,scenario,Synthetic scenario assumption for FinalFlow demonstration; not observed event operations.
rail_capacity_boost,2026-07-19T14:10:00Z,-50,pre_match,midtown_park_ride,800,239,8,0,2.0,synthetic,scenario,Synthetic scenario assumption for FinalFlow demonstration; not observed event operations.
rail_capacity_boost,2026-07-19T14:15:00Z,-45,pre_match,stadium_parking,2000,622,19,0,2.0,synthetic,scenario,Synthetic scenario assumption for FinalFlow demonstration; not observed event operations.
rail_capacity_boost,2026-07-19T14:15:00Z,-45,pre_match,meadowlands_remote,1200,373,11,0,2.0,synthetic,scenario,Synthetic scenario assumption for FinalFlow demonstration; not observed event operations.
rail_capacity_boost,2026-07-19T14:15:00Z,-45,pre_match,secaucus_park_ride,1000,307,9,0,2.0,synthetic,scenario,Synthetic scenario assumption for FinalFlow demonstration; not observed event operations.
rail_capacity_boost,2026-07-19T14:15:00Z,-45,pre_match,midtown_park_ride,800,247,8,0,2.0,synthetic,scenario,Synthetic scenario assumption for FinalFlow demonstration; not observed event operations.
rail_capacity_boost,2026-07-19T14:20:00Z,-40,pre_match,stadium_parking,2000,639,17,0,2.0,synthetic,scenario,Synthetic scenario assumption for FinalFlow demonstration; not observed event operations.
rail_capacity_boost,2026-07-19T14:20:00Z,-40,pre_match,meadowlands_remote,1200,383,10,0,2.0,synthetic,scenario,Synthetic scenario assumption for FinalFlow demonstration; not observed event operations.
rail_capacity_boost,2026-07-19T14:20:00Z,-40,pre_match,secaucus_park_ride,1000,316,9,0,2.0,synthetic,scenario,Synthetic scenario assumption for FinalFlow demonstration; not observed event operations.
rail_capacity_boost,2026-07-19T14:20:00Z,-40,pre_match,midtown_park_ride,800,254,7,0,2.0,synthetic,scenario,Synthetic scenario assumption for FinalFlow demonstration; not observed event operations.
rail_capacity_boost,2026-07-19T14:25:00Z,-35,pre_match,stadium_parking,2000,655,16,0,2.0,synthetic,scenario,Synthetic scenario assumption for FinalFlow demonstration; not observed event operations.
rail_capacity_boost,2026-07-19T14:25:00Z,-35,pre_match,meadowlands_remote,1200,393,10,0,2.0,synthetic,scenario,Synthetic scenario assumption for FinalFlow demonstration; not observed event operations.
rail_capacity_boost,2026-07-19T14:25:00Z,-35,pre_match,secaucus_park_ride,1000,324,8,0,2.0,synthetic,scenario,Synthetic scenario assumption for FinalFlow demonstration; not observed event operations.
rail_capacity_boost,2026-07-19T14:25:00Z,-35,pre_match,midtown_park_ride,800,260,6,0,2.0,synthetic,scenario,Synthetic scenario assumption for FinalFlow demonstration; not observed event operations.
rail_capacity_boost,2026-07-19T14:30:00Z,-30,ceremony,stadium_parking,2000,655,0,0,2.0,synthetic,scenario,Synthetic scenario assumption for FinalFlow demonstration; not observed event operations.
rail_capacity_boost,2026-07-19T14:30:00Z,-30,ceremony,meadowlands_remote,1200,393,0,0,2.0,synthetic,scenario,Synthetic scenario assumption for FinalFlow demonstration; not observed event operations.
rail_capacity_boost,2026-07-19T14:30:00Z,-30,ceremony,secaucus_park_ride,1000,324,0,0,2.0,synthetic,scenario,Synthetic scenario assumption for FinalFlow demonstration; not observed event operations.
rail_capacity_boost,2026-07-19T14:30:00Z,-30,ceremony,midtown_park_ride,800,260,0,0,2.0,synthetic,scenario,Synthetic scenario assumption for FinalFlow demonstration; not observed event operations.
rail_capacity_boost,2026-07-19T14:35:00Z,-25,ceremony,stadium_parking,2000,655,0,0,2.0,synthetic,scenario,Synthetic scenario assumption for FinalFlow demonstration; not observed event operations.
rail_capacity_boost,2026-07-19T14:35:00Z,-25,ceremony,meadowlands_remote,1200,393,0,0,2.0,synthetic,scenario,Synthetic scenario assumption for FinalFlow demonstration; not observed event operations.
rail_capacity_boost,2026-07-19T14:35:00Z,-25,ceremony,secaucus_park_ride,1000,324,0,0,2.0,synthetic,scenario,Synthetic scenario assumption for FinalFlow demonstration; not observed event operations.
rail_capacity_boost,2026-07-19T14:35:00Z,-25,ceremony,midtown_park_ride,800,260,0,0,2.0,synthetic,scenario,Synthetic scenario assumption for FinalFlow demonstration; not observed event operations.
rail_capacity_boost,2026-07-19T14:40:00Z,-20,ceremony,stadium_parking,2000,655,0,0,2.0,synthetic,scenario,Synthetic scenario assumption for FinalFlow demonstration; not observed event operations.
rail_capacity_boost,2026-07-19T14:40:00Z,-20,ceremony,meadowlands_remote,1200,393,0,0,2.0,synthetic,scenario,Synthetic scenario assumption for FinalFlow demonstration; not observed event operations.
rail_capacity_boost,2026-07-19T14:40:00Z,-20,ceremony,secaucus_park_ride,1000,324,0,0,2.0,synthetic,scenario,Synthetic scenario assumption for FinalFlow demonstration; not observed event operations.
rail_capacity_boost,2026-07-19T14:40:00Z,-20,ceremony,midtown_park_ride,800,260,0,0,2.0,synthetic,scenario,Synthetic scenario assumption for FinalFlow demonstration; not observed event operations.
rail_capacity_boost,2026-07-19T14:45:00Z,-15,ceremony,stadium_parking,2000,655,0,0,2.0,synthetic,scenario,Synthetic scenario assumption for FinalFlow demonstration; not observed event operations.
rail_capacity_boost,2026-07-19T14:45:00Z,-15,ceremony,meadowlands_remote,1200,393,0,0,2.0,synthetic,scenario,Synthetic scenario assumption for FinalFlow demonstration; not observed event operations.
rail_capacity_boost,2026-07-19T14:45:00Z,-15,ceremony,secaucus_park_ride,1000,324,0,0,2.0,synthetic,scenario,Synthetic scenario assumption for FinalFlow demonstration; not observed event operations.
rail_capacity_boost,2026-07-19T14:45:00Z,-15,ceremony,midtown_park_ride,800,260,0,0,2.0,synthetic,scenario,Synthetic scenario assumption for FinalFlow demonstration; not observed event operations.
rail_capacity_boost,2026-07-19T14:50:00Z,-10,ceremony,stadium_parking,2000,655,0,0,2.0,synthetic,scenario,Synthetic scenario assumption for FinalFlow demonstration; not observed event operations.
rail_capacity_boost,2026-07-19T14:50:00Z,-10,ceremony,meadowlands_remote,1200,393,0,0,2.0,synthetic,scenario,Synthetic scenario assumption for FinalFlow demonstration; not observed event operations.
rail_capacity_boost,2026-07-19T14:50:00Z,-10,ceremony,secaucus_park_ride,1000,324,0,0,2.0,synthetic,scenario,Synthetic scenario assumption for FinalFlow demonstration; not observed event operations.
rail_capacity_boost,2026-07-19T14:50:00Z,-10,ceremony,midtown_park_ride,800,260,0,0,2.0,synthetic,scenario,Synthetic scenario assumption for FinalFlow demonstration; not observed event operations.
rail_capacity_boost,2026-07-19T14:55:00Z,-5,ceremony,stadium_parking,2000,655,0,0,2.0,synthetic,scenario,Synthetic scenario assumption for FinalFlow demonstration; not observed event operations.
rail_capacity_boost,2026-07-19T14:55:00Z,-5,ceremony,meadowlands_remote,1200,393,0,0,2.0,synthetic,scenario,Synthetic scenario assumption for FinalFlow demonstration; not observed event operations.
rail_capacity_boost,2026-07-19T14:55:00Z,-5,ceremony,secaucus_park_ride,1000,324,0,0,2.0,synthetic,scenario,Synthetic scenario assumption for FinalFlow demonstration; not observed event operations.
rail_capacity_boost,2026-07-19T14:55:00Z,-5,ceremony,midtown_park_ride,800,260,0,0,2.0,synthetic,scenario,Synthetic scenario assumption for FinalFlow demonstration; not observed event operations.
rail_capacity_boost,2026-07-19T15:00:00Z,0,kickoff,stadium_parking,2000,655,0,0,2.0,synthetic,scenario,Synthetic scenario assumption for FinalFlow demonstration; not observed event operations.
rail_capacity_boost,2026-07-19T15:00:00Z,0,kickoff,meadowlands_remote,1200,393,0,0,2.0,synthetic,scenario,Synthetic scenario assumption for FinalFlow demonstration; not observed event operations.
rail_capacity_boost,2026-07-19T15:00:00Z,0,kickoff,secaucus_park_ride,1000,324,0,0,2.0,synthetic,scenario,Synthetic scenario assumption for FinalFlow demonstration; not observed event operations.
rail_capacity_boost,2026-07-19T15:00:00Z,0,kickoff,midtown_park_ride,800,260,0,0,2.0,synthetic,scenario,Synthetic scenario assumption for FinalFlow demonstration; not observed event operations.
rail_capacity_boost,2026-07-19T15:05:00Z,5,first_half,stadium_parking,2000,655,0,0,2.0,synthetic,scenario,Synthetic scenario assumption for FinalFlow demonstration; not observed event operations.
rail_capacity_boost,2026-07-19T15:05:00Z,5,first_half,meadowlands_remote,1200,393,0,0,2.0,synthetic,scenario,Synthetic scenario assumption for FinalFlow demonstration; not observed event operations.
rail_capacity_boost,2026-07-19T15:05:00Z,5,first_half,secaucus_park_ride,1000,324,0,0,2.0,synthetic,scenario,Synthetic scenario assumption for FinalFlow demonstration; not observed event operations.
rail_capacity_boost,2026-07-19T15:05:00Z,5,first_half,midtown_park_ride,800,260,0,0,2.0,synthetic,scenario,Synthetic scenario assumption for FinalFlow demonstration; not observed event operations.
rail_capacity_boost,2026-07-19T15:10:00Z,10,first_half,stadium_parking,2000,655,0,0,2.0,synthetic,scenario,Synthetic scenario assumption for FinalFlow demonstration; not observed event operations.
rail_capacity_boost,2026-07-19T15:10:00Z,10,first_half,meadowlands_remote,1200,393,0,0,2.0,synthetic,scenario,Synthetic scenario assumption for FinalFlow demonstration; not observed event operations.
rail_capacity_boost,2026-07-19T15:10:00Z,10,first_half,secaucus_park_ride,1000,324,0,0,2.0,synthetic,scenario,Synthetic scenario assumption for FinalFlow demonstration; not observed event operations.
rail_capacity_boost,2026-07-19T15:10:00Z,10,first_half,midtown_park_ride,800,260,0,0,2.0,synthetic,scenario,Synthetic scenario assumption for FinalFlow demonstration; not observed event operations.
rail_capacity_boost,2026-07-19T15:15:00Z,15,first_half,stadium_parking,2000,655,0,0,2.0,synthetic,scenario,Synthetic scenario assumption for FinalFlow demonstration; not observed event operations.
rail_capacity_boost,2026-07-19T15:15:00Z,15,first_half,meadowlands_remote,1200,393,0,0,2.0,synthetic,scenario,Synthetic scenario assumption for FinalFlow demonstration; not observed event operations.
rail_capacity_boost,2026-07-19T15:15:00Z,15,first_half,secaucus_park_ride,1000,324,0,0,2.0,synthetic,scenario,Synthetic scenario assumption for FinalFlow demonstration; not observed event operations.
rail_capacity_boost,2026-07-19T15:15:00Z,15,first_half,midtown_park_ride,800,260,0,0,2.0,synthetic,scenario,Synthetic scenario assumption for FinalFlow demonstration; not observed event operations.
rail_capacity_boost,2026-07-19T15:20:00Z,20,first_half,stadium_parking,2000,655,0,0,2.0,synthetic,scenario,Synthetic scenario assumption for FinalFlow demonstration; not observed event operations.
rail_capacity_boost,2026-07-19T15:20:00Z,20,first_half,meadowlands_remote,1200,393,0,0,2.0,synthetic,scenario,Synthetic scenario assumption for FinalFlow demonstration; not observed event operations.
rail_capacity_boost,2026-07-19T15:20:00Z,20,first_half,secaucus_park_ride,1000,324,0,0,2.0,synthetic,scenario,Synthetic scenario assumption for FinalFlow demonstration; not observed event operations.
rail_capacity_boost,2026-07-19T15:20:00Z,20,first_half,midtown_park_ride,800,260,0,0,2.0,synthetic,scenario,Synthetic scenario assumption for FinalFlow demonstration; not observed event operations.
rail_capacity_boost,2026-07-19T15:25:00Z,25,first_half,stadium_parking,2000,655,0,0,2.0,synthetic,scenario,Synthetic scenario assumption for FinalFlow demonstration; not observed event operations.
rail_capacity_boost,2026-07-19T15:25:00Z,25,first_half,meadowlands_remote,1200,393,0,0,2.0,synthetic,scenario,Synthetic scenario assumption for FinalFlow demonstration; not observed event operations.
rail_capacity_boost,2026-07-19T15:25:00Z,25,first_half,secaucus_park_ride,1000,324,0,0,2.0,synthetic,scenario,Synthetic scenario assumption for FinalFlow demonstration; not observed event operations.
rail_capacity_boost,2026-07-19T15:25:00Z,25,first_half,midtown_park_ride,800,260,0,0,2.0,synthetic,scenario,Synthetic scenario assumption for FinalFlow demonstration; not observed event operations.
rail_capacity_boost,2026-07-19T15:30:00Z,30,first_half,stadium_parking,2000,655,0,0,2.0,synthetic,scenario,Synthetic scenario assumption for FinalFlow demonstration; not observed event operations.
rail_capacity_boost,2026-07-19T15:30:00Z,30,first_half,meadowlands_remote,1200,393,0,0,2.0,synthetic,scenario,Synthetic scenario assumption for FinalFlow demonstration; not observed event operations.
rail_capacity_boost,2026-07-19T15:30:00Z,30,first_half,secaucus_park_ride,1000,324,0,0,2.0,synthetic,scenario,Synthetic scenario assumption for FinalFlow demonstration; not observed event operations.
rail_capacity_boost,2026-07-19T15:30:00Z,30,first_half,midtown_park_ride,800,260,0,0,2.0,synthetic,scenario,Synthetic scenario assumption for FinalFlow demonstration; not observed event operations.
rail_capacity_boost,2026-07-19T15:35:00Z,35,first_half,stadium_parking,2000,655,0,0,2.0,synthetic,scenario,Synthetic scenario assumption for FinalFlow demonstration; not observed event operations.
rail_capacity_boost,2026-07-19T15:35:00Z,35,first_half,meadowlands_remote,1200,393,0,0,2.0,synthetic,scenario,Synthetic scenario assumption for FinalFlow demonstration; not observed event operations.
rail_capacity_boost,2026-07-19T15:35:00Z,35,first_half,secaucus_park_ride,1000,324,0,0,2.0,synthetic,scenario,Synthetic scenario assumption for FinalFlow demonstration; not observed event operations.
rail_capacity_boost,2026-07-19T15:35:00Z,35,first_half,midtown_park_ride,800,260,0,0,2.0,synthetic,scenario,Synthetic scenario assumption for FinalFlow demonstration; not observed event operations.
rail_capacity_boost,2026-07-19T15:40:00Z,40,first_half,stadium_parking,2000,655,0,0,2.0,synthetic,scenario,Synthetic scenario assumption for FinalFlow demonstration; not observed event operations.
rail_capacity_boost,2026-07-19T15:40:00Z,40,first_half,meadowlands_remote,1200,393,0,0,2.0,synthetic,scenario,Synthetic scenario assumption for FinalFlow demonstration; not observed event operations.
rail_capacity_boost,2026-07-19T15:40:00Z,40,first_half,secaucus_park_ride,1000,324,0,0,2.0,synthetic,scenario,Synthetic scenario assumption for FinalFlow demonstration; not observed event operations.
rail_capacity_boost,2026-07-19T15:40:00Z,40,first_half,midtown_park_ride,800,260,0,0,2.0,synthetic,scenario,Synthetic scenario assumption for FinalFlow demonstration; not observed event operations.
rail_capacity_boost,2026-07-19T15:45:00Z,45,first_half_end,stadium_parking,2000,655,0,0,2.0,synthetic,scenario,Synthetic scenario assumption for FinalFlow demonstration; not observed event operations.
rail_capacity_boost,2026-07-19T15:45:00Z,45,first_half_end,meadowlands_remote,1200,393,0,0,2.0,synthetic,scenario,Synthetic scenario assumption for FinalFlow demonstration; not observed event operations.
rail_capacity_boost,2026-07-19T15:45:00Z,45,first_half_end,secaucus_park_ride,1000,324,0,0,2.0,synthetic,scenario,Synthetic scenario assumption for FinalFlow demonstration; not observed event operations.
rail_capacity_boost,2026-07-19T15:45:00Z,45,first_half_end,midtown_park_ride,800,260,0,0,2.0,synthetic,scenario,Synthetic scenario assumption for FinalFlow demonstration; not observed event operations.
rail_capacity_boost,2026-07-19T15:50:00Z,50,halftime,stadium_parking,2000,655,0,0,2.0,synthetic,scenario,Synthetic scenario assumption for FinalFlow demonstration; not observed event operations.
rail_capacity_boost,2026-07-19T15:50:00Z,50,halftime,meadowlands_remote,1200,393,0,0,2.0,synthetic,scenario,Synthetic scenario assumption for FinalFlow demonstration; not observed event operations.
rail_capacity_boost,2026-07-19T15:50:00Z,50,halftime,secaucus_park_ride,1000,324,0,0,2.0,synthetic,scenario,Synthetic scenario assumption for FinalFlow demonstration; not observed event operations.
rail_capacity_boost,2026-07-19T15:50:00Z,50,halftime,midtown_park_ride,800,260,0,0,2.0,synthetic,scenario,Synthetic scenario assumption for FinalFlow demonstration; not observed event operations.
rail_capacity_boost,2026-07-19T15:55:00Z,55,halftime,stadium_parking,2000,655,0,0,2.0,synthetic,scenario,Synthetic scenario assumption for FinalFlow demonstration; not observed event operations.
rail_capacity_boost,2026-07-19T15:55:00Z,55,halftime,meadowlands_remote,1200,393,0,0,2.0,synthetic,scenario,Synthetic scenario assumption for FinalFlow demonstration; not observed event operations.
rail_capacity_boost,2026-07-19T15:55:00Z,55,halftime,secaucus_park_ride,1000,324,0,0,2.0,synthetic,scenario,Synthetic scenario assumption for FinalFlow demonstration; not observed event operations.
rail_capacity_boost,2026-07-19T15:55:00Z,55,halftime,midtown_park_ride,800,260,0,0,2.0,synthetic,scenario,Synthetic scenario assumption for FinalFlow demonstration; not observed event operations.
rail_capacity_boost,2026-07-19T16:00:00Z,60,second_half,stadium_parking,2000,655,0,0,2.0,synthetic,scenario,Synthetic scenario assumption for FinalFlow demonstration; not observed event operations.
rail_capacity_boost,2026-07-19T16:00:00Z,60,second_half,meadowlands_remote,1200,393,0,0,2.0,synthetic,scenario,Synthetic scenario assumption for FinalFlow demonstration; not observed event operations.
rail_capacity_boost,2026-07-19T16:00:00Z,60,second_half,secaucus_park_ride,1000,324,0,0,2.0,synthetic,scenario,Synthetic scenario assumption for FinalFlow demonstration; not observed event operations.
rail_capacity_boost,2026-07-19T16:00:00Z,60,second_half,midtown_park_ride,800,260,0,0,2.0,synthetic,scenario,Synthetic scenario assumption for FinalFlow demonstration; not observed event operations.
rail_capacity_boost,2026-07-19T16:05:00Z,65,second_half,stadium_parking,2000,655,0,0,2.0,synthetic,scenario,Synthetic scenario assumption for FinalFlow demonstration; not observed event operations.
rail_capacity_boost,2026-07-19T16:05:00Z,65,second_half,meadowlands_remote,1200,393,0,0,2.0,synthetic,scenario,Synthetic scenario assumption for FinalFlow demonstration; not observed event operations.
rail_capacity_boost,2026-07-19T16:05:00Z,65,second_half,secaucus_park_ride,1000,324,0,0,2.0,synthetic,scenario,Synthetic scenario assumption for FinalFlow demonstration; not observed event operations.
rail_capacity_boost,2026-07-19T16:05:00Z,65,second_half,midtown_park_ride,800,260,0,0,2.0,synthetic,scenario,Synthetic scenario assumption for FinalFlow demonstration; not observed event operations.
rail_capacity_boost,2026-07-19T16:10:00Z,70,second_half,stadium_parking,2000,655,0,0,2.0,synthetic,scenario,Synthetic scenario assumption for FinalFlow demonstration; not observed event operations.
rail_capacity_boost,2026-07-19T16:10:00Z,70,second_half,meadowlands_remote,1200,393,0,0,2.0,synthetic,scenario,Synthetic scenario assumption for FinalFlow demonstration; not observed event operations.
rail_capacity_boost,2026-07-19T16:10:00Z,70,second_half,secaucus_park_ride,1000,324,0,0,2.0,synthetic,scenario,Synthetic scenario assumption for FinalFlow demonstration; not observed event operations.
rail_capacity_boost,2026-07-19T16:10:00Z,70,second_half,midtown_park_ride,800,260,0,0,2.0,synthetic,scenario,Synthetic scenario assumption for FinalFlow demonstration; not observed event operations.
rail_capacity_boost,2026-07-19T16:15:00Z,75,second_half,stadium_parking,2000,655,0,0,2.0,synthetic,scenario,Synthetic scenario assumption for FinalFlow demonstration; not observed event operations.
rail_capacity_boost,2026-07-19T16:15:00Z,75,second_half,meadowlands_remote,1200,393,0,0,2.0,synthetic,scenario,Synthetic scenario assumption for FinalFlow demonstration; not observed event operations.
rail_capacity_boost,2026-07-19T16:15:00Z,75,second_half,secaucus_park_ride,1000,324,0,0,2.0,synthetic,scenario,Synthetic scenario assumption for FinalFlow demonstration; not observed event operations.
rail_capacity_boost,2026-07-19T16:15:00Z,75,second_half,midtown_park_ride,800,260,0,0,2.0,synthetic,scenario,Synthetic scenario assumption for FinalFlow demonstration; not observed event operations.
rail_capacity_boost,2026-07-19T16:20:00Z,80,second_half,stadium_parking,2000,655,0,0,2.0,synthetic,scenario,Synthetic scenario assumption for FinalFlow demonstration; not observed event operations.
rail_capacity_boost,2026-07-19T16:20:00Z,80,second_half,meadowlands_remote,1200,393,0,0,2.0,synthetic,scenario,Synthetic scenario assumption for FinalFlow demonstration; not observed event operations.
rail_capacity_boost,2026-07-19T16:20:00Z,80,second_half,secaucus_park_ride,1000,324,0,0,2.0,synthetic,scenario,Synthetic scenario assumption for FinalFlow demonstration; not observed event operations.
rail_capacity_boost,2026-07-19T16:20:00Z,80,second_half,midtown_park_ride,800,260,0,0,2.0,synthetic,scenario,Synthetic scenario assumption for FinalFlow demonstration; not observed event operations.
rail_capacity_boost,2026-07-19T16:25:00Z,85,second_half,stadium_parking,2000,655,0,0,2.0,synthetic,scenario,Synthetic scenario assumption for FinalFlow demonstration; not observed event operations.
rail_capacity_boost,2026-07-19T16:25:00Z,85,second_half,meadowlands_remote,1200,393,0,0,2.0,synthetic,scenario,Synthetic scenario assumption for FinalFlow demonstration; not observed event operations.
rail_capacity_boost,2026-07-19T16:25:00Z,85,second_half,secaucus_park_ride,1000,324,0,0,2.0,synthetic,scenario,Synthetic scenario assumption for FinalFlow demonstration; not observed event operations.
rail_capacity_boost,2026-07-19T16:25:00Z,85,second_half,midtown_park_ride,800,260,0,0,2.0,synthetic,scenario,Synthetic scenario assumption for FinalFlow demonstration; not observed event operations.
rail_capacity_boost,2026-07-19T16:30:00Z,90,second_half,stadium_parking,2000,655,0,0,2.0,synthetic,scenario,Synthetic scenario assumption for FinalFlow demonstration; not observed event operations.
rail_capacity_boost,2026-07-19T16:30:00Z,90,second_half,meadowlands_remote,1200,393,0,0,2.0,synthetic,scenario,Synthetic scenario assumption for FinalFlow demonstration; not observed event operations.
rail_capacity_boost,2026-07-19T16:30:00Z,90,second_half,secaucus_park_ride,1000,324,0,0,2.0,synthetic,scenario,Synthetic scenario assumption for FinalFlow demonstration; not observed event operations.
rail_capacity_boost,2026-07-19T16:30:00Z,90,second_half,midtown_park_ride,800,260,0,0,2.0,synthetic,scenario,Synthetic scenario assumption for FinalFlow demonstration; not observed event operations.
rail_capacity_boost,2026-07-19T16:35:00Z,95,second_half,stadium_parking,2000,655,0,0,2.0,synthetic,scenario,Synthetic scenario assumption for FinalFlow demonstration; not observed event operations.
rail_capacity_boost,2026-07-19T16:35:00Z,95,second_half,meadowlands_remote,1200,393,0,0,2.0,synthetic,scenario,Synthetic scenario assumption for FinalFlow demonstration; not observed event operations.
rail_capacity_boost,2026-07-19T16:35:00Z,95,second_half,secaucus_park_ride,1000,324,0,0,2.0,synthetic,scenario,Synthetic scenario assumption for FinalFlow demonstration; not observed event operations.
rail_capacity_boost,2026-07-19T16:35:00Z,95,second_half,midtown_park_ride,800,260,0,0,2.0,synthetic,scenario,Synthetic scenario assumption for FinalFlow demonstration; not observed event operations.
rail_capacity_boost,2026-07-19T16:40:00Z,100,second_half,stadium_parking,2000,655,0,0,2.0,synthetic,scenario,Synthetic scenario assumption for FinalFlow demonstration; not observed event operations.
rail_capacity_boost,2026-07-19T16:40:00Z,100,second_half,meadowlands_remote,1200,393,0,0,2.0,synthetic,scenario,Synthetic scenario assumption for FinalFlow demonstration; not observed event operations.
rail_capacity_boost,2026-07-19T16:40:00Z,100,second_half,secaucus_park_ride,1000,324,0,0,2.0,synthetic,scenario,Synthetic scenario assumption for FinalFlow demonstration; not observed event operations.
rail_capacity_boost,2026-07-19T16:40:00Z,100,second_half,midtown_park_ride,800,260,0,0,2.0,synthetic,scenario,Synthetic scenario assumption for FinalFlow demonstration; not observed event operations.
rail_capacity_boost,2026-07-19T16:45:00Z,105,regulation_end,stadium_parking,2000,655,0,0,2.0,synthetic,scenario,Synthetic scenario assumption for FinalFlow demonstration; not observed event operations.
rail_capacity_boost,2026-07-19T16:45:00Z,105,regulation_end,meadowlands_remote,1200,393,0,0,2.0,synthetic,scenario,Synthetic scenario assumption for FinalFlow demonstration; not observed event operations.
rail_capacity_boost,2026-07-19T16:45:00Z,105,regulation_end,secaucus_park_ride,1000,324,0,0,2.0,synthetic,scenario,Synthetic scenario assumption for FinalFlow demonstration; not observed event operations.
rail_capacity_boost,2026-07-19T16:45:00Z,105,regulation_end,midtown_park_ride,800,260,0,0,2.0,synthetic,scenario,Synthetic scenario assumption for FinalFlow demonstration; not observed event operations.
rail_capacity_boost,2026-07-19T16:50:00Z,110,extra_time,stadium_parking,2000,655,0,0,2.0,synthetic,scenario,Synthetic scenario assumption for FinalFlow demonstration; not observed event operations.
rail_capacity_boost,2026-07-19T16:50:00Z,110,extra_time,meadowlands_remote,1200,393,0,0,2.0,synthetic,scenario,Synthetic scenario assumption for FinalFlow demonstration; not observed event operations.
rail_capacity_boost,2026-07-19T16:50:00Z,110,extra_time,secaucus_park_ride,1000,324,0,0,2.0,synthetic,scenario,Synthetic scenario assumption for FinalFlow demonstration; not observed event operations.
rail_capacity_boost,2026-07-19T16:50:00Z,110,extra_time,midtown_park_ride,800,260,0,0,2.0,synthetic,scenario,Synthetic scenario assumption for FinalFlow demonstration; not observed event operations.
rail_capacity_boost,2026-07-19T16:55:00Z,115,extra_time,stadium_parking,2000,655,0,0,2.0,synthetic,scenario,Synthetic scenario assumption for FinalFlow demonstration; not observed event operations.
rail_capacity_boost,2026-07-19T16:55:00Z,115,extra_time,meadowlands_remote,1200,393,0,0,2.0,synthetic,scenario,Synthetic scenario assumption for FinalFlow demonstration; not observed event operations.
rail_capacity_boost,2026-07-19T16:55:00Z,115,extra_time,secaucus_park_ride,1000,324,0,0,2.0,synthetic,scenario,Synthetic scenario assumption for FinalFlow demonstration; not observed event operations.
rail_capacity_boost,2026-07-19T16:55:00Z,115,extra_time,midtown_park_ride,800,260,0,0,2.0,synthetic,scenario,Synthetic scenario assumption for FinalFlow demonstration; not observed event operations.
rail_capacity_boost,2026-07-19T17:00:00Z,120,extra_time,stadium_parking,2000,655,0,0,2.0,synthetic,scenario,Synthetic scenario assumption for FinalFlow demonstration; not observed event operations.
rail_capacity_boost,2026-07-19T17:00:00Z,120,extra_time,meadowlands_remote,1200,393,0,0,2.0,synthetic,scenario,Synthetic scenario assumption for FinalFlow demonstration; not observed event operations.
rail_capacity_boost,2026-07-19T17:00:00Z,120,extra_time,secaucus_park_ride,1000,324,0,0,2.0,synthetic,scenario,Synthetic scenario assumption for FinalFlow demonstration; not observed event operations.
rail_capacity_boost,2026-07-19T17:00:00Z,120,extra_time,midtown_park_ride,800,260,0,0,2.0,synthetic,scenario,Synthetic scenario assumption for FinalFlow demonstration; not observed event operations.
rail_capacity_boost,2026-07-19T17:05:00Z,125,extra_time,stadium_parking,2000,655,0,0,2.0,synthetic,scenario,Synthetic scenario assumption for FinalFlow demonstration; not observed event operations.
rail_capacity_boost,2026-07-19T17:05:00Z,125,extra_time,meadowlands_remote,1200,393,0,0,2.0,synthetic,scenario,Synthetic scenario assumption for FinalFlow demonstration; not observed event operations.
rail_capacity_boost,2026-07-19T17:05:00Z,125,extra_time,secaucus_park_ride,1000,324,0,0,2.0,synthetic,scenario,Synthetic scenario assumption for FinalFlow demonstration; not observed event operations.
rail_capacity_boost,2026-07-19T17:05:00Z,125,extra_time,midtown_park_ride,800,260,0,0,2.0,synthetic,scenario,Synthetic scenario assumption for FinalFlow demonstration; not observed event operations.
rail_capacity_boost,2026-07-19T17:10:00Z,130,extra_time,stadium_parking,2000,655,0,0,2.0,synthetic,scenario,Synthetic scenario assumption for FinalFlow demonstration; not observed event operations.
rail_capacity_boost,2026-07-19T17:10:00Z,130,extra_time,meadowlands_remote,1200,393,0,0,2.0,synthetic,scenario,Synthetic scenario assumption for FinalFlow demonstration; not observed event operations.
rail_capacity_boost,2026-07-19T17:10:00Z,130,extra_time,secaucus_park_ride,1000,324,0,0,2.0,synthetic,scenario,Synthetic scenario assumption for FinalFlow demonstration; not observed event operations.
rail_capacity_boost,2026-07-19T17:10:00Z,130,extra_time,midtown_park_ride,800,260,0,0,2.0,synthetic,scenario,Synthetic scenario assumption for FinalFlow demonstration; not observed event operations.
rail_capacity_boost,2026-07-19T17:15:00Z,135,final_whistle,stadium_parking,2000,648,0,7,2.0,synthetic,scenario,Synthetic scenario assumption for FinalFlow demonstration; not observed event operations.
rail_capacity_boost,2026-07-19T17:15:00Z,135,final_whistle,meadowlands_remote,1200,389,0,4,2.0,synthetic,scenario,Synthetic scenario assumption for FinalFlow demonstration; not observed event operations.
rail_capacity_boost,2026-07-19T17:15:00Z,135,final_whistle,secaucus_park_ride,1000,320,0,4,2.0,synthetic,scenario,Synthetic scenario assumption for FinalFlow demonstration; not observed event operations.
rail_capacity_boost,2026-07-19T17:15:00Z,135,final_whistle,midtown_park_ride,800,257,0,3,2.0,synthetic,scenario,Synthetic scenario assumption for FinalFlow demonstration; not observed event operations.
rail_capacity_boost,2026-07-19T17:20:00Z,140,post_match,stadium_parking,2000,641,0,7,2.0,synthetic,scenario,Synthetic scenario assumption for FinalFlow demonstration; not observed event operations.
rail_capacity_boost,2026-07-19T17:20:00Z,140,post_match,meadowlands_remote,1200,385,0,4,2.0,synthetic,scenario,Synthetic scenario assumption for FinalFlow demonstration; not observed event operations.
rail_capacity_boost,2026-07-19T17:20:00Z,140,post_match,secaucus_park_ride,1000,317,0,3,2.0,synthetic,scenario,Synthetic scenario assumption for FinalFlow demonstration; not observed event operations.
rail_capacity_boost,2026-07-19T17:20:00Z,140,post_match,midtown_park_ride,800,254,0,3,2.0,synthetic,scenario,Synthetic scenario assumption for FinalFlow demonstration; not observed event operations.
rail_capacity_boost,2026-07-19T17:25:00Z,145,post_match,stadium_parking,2000,614,0,27,2.0,synthetic,scenario,Synthetic scenario assumption for FinalFlow demonstration; not observed event operations.
rail_capacity_boost,2026-07-19T17:25:00Z,145,post_match,meadowlands_remote,1200,369,0,16,2.0,synthetic,scenario,Synthetic scenario assumption for FinalFlow demonstration; not observed event operations.
rail_capacity_boost,2026-07-19T17:25:00Z,145,post_match,secaucus_park_ride,1000,303,0,14,2.0,synthetic,scenario,Synthetic scenario assumption for FinalFlow demonstration; not observed event operations.
rail_capacity_boost,2026-07-19T17:25:00Z,145,post_match,midtown_park_ride,800,243,0,11,2.0,synthetic,scenario,Synthetic scenario assumption for FinalFlow demonstration; not observed event operations.
rail_capacity_boost,2026-07-19T17:30:00Z,150,post_match,stadium_parking,2000,588,0,26,2.0,synthetic,scenario,Synthetic scenario assumption for FinalFlow demonstration; not observed event operations.
rail_capacity_boost,2026-07-19T17:30:00Z,150,post_match,meadowlands_remote,1200,353,0,16,2.0,synthetic,scenario,Synthetic scenario assumption for FinalFlow demonstration; not observed event operations.
rail_capacity_boost,2026-07-19T17:30:00Z,150,post_match,secaucus_park_ride,1000,290,0,13,2.0,synthetic,scenario,Synthetic scenario assumption for FinalFlow demonstration; not observed event operations.
rail_capacity_boost,2026-07-19T17:30:00Z,150,post_match,midtown_park_ride,800,232,0,11,2.0,synthetic,scenario,Synthetic scenario assumption for FinalFlow demonstration; not observed event operations.
rail_capacity_boost,2026-07-19T17:35:00Z,155,post_match,stadium_parking,2000,564,0,24,2.0,synthetic,scenario,Synthetic scenario assumption for FinalFlow demonstration; not observed event operations.
rail_capacity_boost,2026-07-19T17:35:00Z,155,post_match,meadowlands_remote,1200,339,0,14,2.0,synthetic,scenario,Synthetic scenario assumption for FinalFlow demonstration; not observed event operations.
rail_capacity_boost,2026-07-19T17:35:00Z,155,post_match,secaucus_park_ride,1000,278,0,12,2.0,synthetic,scenario,Synthetic scenario assumption for FinalFlow demonstration; not observed event operations.
rail_capacity_boost,2026-07-19T17:35:00Z,155,post_match,midtown_park_ride,800,222,0,10,2.0,synthetic,scenario,Synthetic scenario assumption for FinalFlow demonstration; not observed event operations.
rail_capacity_boost,2026-07-19T17:40:00Z,160,post_match,stadium_parking,2000,542,0,22,2.0,synthetic,scenario,Synthetic scenario assumption for FinalFlow demonstration; not observed event operations.
rail_capacity_boost,2026-07-19T17:40:00Z,160,post_match,meadowlands_remote,1200,326,0,13,2.0,synthetic,scenario,Synthetic scenario assumption for FinalFlow demonstration; not observed event operations.
rail_capacity_boost,2026-07-19T17:40:00Z,160,post_match,secaucus_park_ride,1000,267,0,11,2.0,synthetic,scenario,Synthetic scenario assumption for FinalFlow demonstration; not observed event operations.
rail_capacity_boost,2026-07-19T17:40:00Z,160,post_match,midtown_park_ride,800,213,0,9,2.0,synthetic,scenario,Synthetic scenario assumption for FinalFlow demonstration; not observed event operations.
rail_capacity_boost,2026-07-19T17:45:00Z,165,post_match,stadium_parking,2000,521,0,21,2.0,synthetic,scenario,Synthetic scenario assumption for FinalFlow demonstration; not observed event operations.
rail_capacity_boost,2026-07-19T17:45:00Z,165,post_match,meadowlands_remote,1200,314,0,12,2.0,synthetic,scenario,Synthetic scenario assumption for FinalFlow demonstration; not observed event operations.
rail_capacity_boost,2026-07-19T17:45:00Z,165,post_match,secaucus_park_ride,1000,257,0,10,2.0,synthetic,scenario,Synthetic scenario assumption for FinalFlow demonstration; not observed event operations.
rail_capacity_boost,2026-07-19T17:45:00Z,165,post_match,midtown_park_ride,800,205,0,8,2.0,synthetic,scenario,Synthetic scenario assumption for FinalFlow demonstration; not observed event operations.
rail_capacity_boost,2026-07-19T17:50:00Z,170,post_match,stadium_parking,2000,503,0,18,2.0,synthetic,scenario,Synthetic scenario assumption for FinalFlow demonstration; not observed event operations.
rail_capacity_boost,2026-07-19T17:50:00Z,170,post_match,meadowlands_remote,1200,303,0,11,2.0,synthetic,scenario,Synthetic scenario assumption for FinalFlow demonstration; not observed event operations.
rail_capacity_boost,2026-07-19T17:50:00Z,170,post_match,secaucus_park_ride,1000,248,0,9,2.0,synthetic,scenario,Synthetic scenario assumption for FinalFlow demonstration; not observed event operations.
rail_capacity_boost,2026-07-19T17:50:00Z,170,post_match,midtown_park_ride,800,198,0,7,2.0,synthetic,scenario,Synthetic scenario assumption for FinalFlow demonstration; not observed event operations.
rail_capacity_boost,2026-07-19T17:55:00Z,175,post_match,stadium_parking,2000,487,0,16,2.0,synthetic,scenario,Synthetic scenario assumption for FinalFlow demonstration; not observed event operations.
rail_capacity_boost,2026-07-19T17:55:00Z,175,post_match,meadowlands_remote,1200,293,0,10,2.0,synthetic,scenario,Synthetic scenario assumption for FinalFlow demonstration; not observed event operations.
rail_capacity_boost,2026-07-19T17:55:00Z,175,post_match,secaucus_park_ride,1000,240,0,8,2.0,synthetic,scenario,Synthetic scenario assumption for FinalFlow demonstration; not observed event operations.
rail_capacity_boost,2026-07-19T17:55:00Z,175,post_match,midtown_park_ride,800,192,0,6,2.0,synthetic,scenario,Synthetic scenario assumption for FinalFlow demonstration; not observed event operations.
rail_capacity_boost,2026-07-19T18:00:00Z,180,post_match,stadium_parking,2000,473,0,14,2.0,synthetic,scenario,Synthetic scenario assumption for FinalFlow demonstration; not observed event operations.
rail_capacity_boost,2026-07-19T18:00:00Z,180,post_match,meadowlands_remote,1200,285,0,8,2.0,synthetic,scenario,Synthetic scenario assumption for FinalFlow demonstration; not observed event operations.
rail_capacity_boost,2026-07-19T18:00:00Z,180,post_match,secaucus_park_ride,1000,233,0,7,2.0,synthetic,scenario,Synthetic scenario assumption for FinalFlow demonstration; not observed event operations.
rail_capacity_boost,2026-07-19T18:00:00Z,180,post_match,midtown_park_ride,800,186,0,6,2.0,synthetic,scenario,Synthetic scenario assumption for FinalFlow demonstration; not observed event operations.
rail_capacity_boost,2026-07-19T18:05:00Z,185,post_match,stadium_parking,2000,462,0,11,2.0,synthetic,scenario,Synthetic scenario assumption for FinalFlow demonstration; not observed event operations.
rail_capacity_boost,2026-07-19T18:05:00Z,185,post_match,meadowlands_remote,1200,278,0,7,2.0,synthetic,scenario,Synthetic scenario assumption for FinalFlow demonstration; not observed event operations.
rail_capacity_boost,2026-07-19T18:05:00Z,185,post_match,secaucus_park_ride,1000,227,0,6,2.0,synthetic,scenario,Synthetic scenario assumption for FinalFlow demonstration; not observed event operations.
rail_capacity_boost,2026-07-19T18:05:00Z,185,post_match,midtown_park_ride,800,182,0,4,2.0,synthetic,scenario,Synthetic scenario assumption for FinalFlow demonstration; not observed event operations.
rail_capacity_boost,2026-07-19T18:10:00Z,190,post_match,stadium_parking,2000,451,0,11,2.0,synthetic,scenario,Synthetic scenario assumption for FinalFlow demonstration; not observed event operations.
rail_capacity_boost,2026-07-19T18:10:00Z,190,post_match,meadowlands_remote,1200,272,0,6,2.0,synthetic,scenario,Synthetic scenario assumption for FinalFlow demonstration; not observed event operations.
rail_capacity_boost,2026-07-19T18:10:00Z,190,post_match,secaucus_park_ride,1000,222,0,5,2.0,synthetic,scenario,Synthetic scenario assumption for FinalFlow demonstration; not observed event operations.
rail_capacity_boost,2026-07-19T18:10:00Z,190,post_match,midtown_park_ride,800,178,0,4,2.0,synthetic,scenario,Synthetic scenario assumption for FinalFlow demonstration; not observed event operations.
rail_capacity_boost,2026-07-19T18:15:00Z,195,post_match,stadium_parking,2000,451,0,0,2.0,synthetic,scenario,Synthetic scenario assumption for FinalFlow demonstration; not observed event operations.
rail_capacity_boost,2026-07-19T18:15:00Z,195,post_match,meadowlands_remote,1200,272,0,0,2.0,synthetic,scenario,Synthetic scenario assumption for FinalFlow demonstration; not observed event operations.
rail_capacity_boost,2026-07-19T18:15:00Z,195,post_match,secaucus_park_ride,1000,222,0,0,2.0,synthetic,scenario,Synthetic scenario assumption for FinalFlow demonstration; not observed event operations.
rail_capacity_boost,2026-07-19T18:15:00Z,195,post_match,midtown_park_ride,800,178,0,0,2.0,synthetic,scenario,Synthetic scenario assumption for FinalFlow demonstration; not observed event operations.
rail_capacity_boost,2026-07-19T18:20:00Z,200,post_match,stadium_parking,2000,451,0,0,2.0,synthetic,scenario,Synthetic scenario assumption for FinalFlow demonstration; not observed event operations.
rail_capacity_boost,2026-07-19T18:20:00Z,200,post_match,meadowlands_remote,1200,272,0,0,2.0,synthetic,scenario,Synthetic scenario assumption for FinalFlow demonstration; not observed event operations.
rail_capacity_boost,2026-07-19T18:20:00Z,200,post_match,secaucus_park_ride,1000,222,0,0,2.0,synthetic,scenario,Synthetic scenario assumption for FinalFlow demonstration; not observed event operations.
rail_capacity_boost,2026-07-19T18:20:00Z,200,post_match,midtown_park_ride,800,178,0,0,2.0,synthetic,scenario,Synthetic scenario assumption for FinalFlow demonstration; not observed event operations.
rail_capacity_boost,2026-07-19T18:25:00Z,205,post_match,stadium_parking,2000,451,0,0,2.0,synthetic,scenario,Synthetic scenario assumption for FinalFlow demonstration; not observed event operations.
rail_capacity_boost,2026-07-19T18:25:00Z,205,post_match,meadowlands_remote,1200,272,0,0,2.0,synthetic,scenario,Synthetic scenario assumption for FinalFlow demonstration; not observed event operations.
rail_capacity_boost,2026-07-19T18:25:00Z,205,post_match,secaucus_park_ride,1000,222,0,0,2.0,synthetic,scenario,Synthetic scenario assumption for FinalFlow demonstration; not observed event operations.
rail_capacity_boost,2026-07-19T18:25:00Z,205,post_match,midtown_park_ride,800,178,0,0,2.0,synthetic,scenario,Synthetic scenario assumption for FinalFlow demonstration; not observed event operations.
rail_capacity_boost,2026-07-19T18:30:00Z,210,post_match,stadium_parking,2000,451,0,0,2.0,synthetic,scenario,Synthetic scenario assumption for FinalFlow demonstration; not observed event operations.
rail_capacity_boost,2026-07-19T18:30:00Z,210,post_match,meadowlands_remote,1200,272,0,0,2.0,synthetic,scenario,Synthetic scenario assumption for FinalFlow demonstration; not observed event operations.
rail_capacity_boost,2026-07-19T18:30:00Z,210,post_match,secaucus_park_ride,1000,222,0,0,2.0,synthetic,scenario,Synthetic scenario assumption for FinalFlow demonstration; not observed event operations.
rail_capacity_boost,2026-07-19T18:30:00Z,210,post_match,midtown_park_ride,800,178,0,0,2.0,synthetic,scenario,Synthetic scenario assumption for FinalFlow demonstration; not observed event operations.
rail_capacity_boost,2026-07-19T18:35:00Z,215,post_match,stadium_parking,2000,451,0,0,2.0,synthetic,scenario,Synthetic scenario assumption for FinalFlow demonstration; not observed event operations.
rail_capacity_boost,2026-07-19T18:35:00Z,215,post_match,meadowlands_remote,1200,272,0,0,2.0,synthetic,scenario,Synthetic scenario assumption for FinalFlow demonstration; not observed event operations.
rail_capacity_boost,2026-07-19T18:35:00Z,215,post_match,secaucus_park_ride,1000,222,0,0,2.0,synthetic,scenario,Synthetic scenario assumption for FinalFlow demonstration; not observed event operations.
rail_capacity_boost,2026-07-19T18:35:00Z,215,post_match,midtown_park_ride,800,178,0,0,2.0,synthetic,scenario,Synthetic scenario assumption for FinalFlow demonstration; not observed event operations.
rail_capacity_boost,2026-07-19T18:40:00Z,220,post_match,stadium_parking,2000,451,0,0,2.0,synthetic,scenario,Synthetic scenario assumption for FinalFlow demonstration; not observed event operations.
rail_capacity_boost,2026-07-19T18:40:00Z,220,post_match,meadowlands_remote,1200,272,0,0,2.0,synthetic,scenario,Synthetic scenario assumption for FinalFlow demonstration; not observed event operations.
rail_capacity_boost,2026-07-19T18:40:00Z,220,post_match,secaucus_park_ride,1000,222,0,0,2.0,synthetic,scenario,Synthetic scenario assumption for FinalFlow demonstration; not observed event operations.
rail_capacity_boost,2026-07-19T18:40:00Z,220,post_match,midtown_park_ride,800,178,0,0,2.0,synthetic,scenario,Synthetic scenario assumption for FinalFlow demonstration; not observed event operations.
rail_capacity_boost,2026-07-19T18:45:00Z,225,post_match,stadium_parking,2000,451,0,0,2.0,synthetic,scenario,Synthetic scenario assumption for FinalFlow demonstration; not observed event operations.
rail_capacity_boost,2026-07-19T18:45:00Z,225,post_match,meadowlands_remote,1200,272,0,0,2.0,synthetic,scenario,Synthetic scenario assumption for FinalFlow demonstration; not observed event operations.
rail_capacity_boost,2026-07-19T18:45:00Z,225,post_match,secaucus_park_ride,1000,222,0,0,2.0,synthetic,scenario,Synthetic scenario assumption for FinalFlow demonstration; not observed event operations.
rail_capacity_boost,2026-07-19T18:45:00Z,225,post_match,midtown_park_ride,800,178,0,0,2.0,synthetic,scenario,Synthetic scenario assumption for FinalFlow demonstration; not observed event operations.
rail_capacity_boost,2026-07-19T18:50:00Z,230,post_match,stadium_parking,2000,451,0,0,2.0,synthetic,scenario,Synthetic scenario assumption for FinalFlow demonstration; not observed event operations.
rail_capacity_boost,2026-07-19T18:50:00Z,230,post_match,meadowlands_remote,1200,272,0,0,2.0,synthetic,scenario,Synthetic scenario assumption for FinalFlow demonstration; not observed event operations.
rail_capacity_boost,2026-07-19T18:50:00Z,230,post_match,secaucus_park_ride,1000,222,0,0,2.0,synthetic,scenario,Synthetic scenario assumption for FinalFlow demonstration; not observed event operations.
rail_capacity_boost,2026-07-19T18:50:00Z,230,post_match,midtown_park_ride,800,178,0,0,2.0,synthetic,scenario,Synthetic scenario assumption for FinalFlow demonstration; not observed event operations.
rail_capacity_boost,2026-07-19T18:55:00Z,235,post_match,stadium_parking,2000,451,0,0,2.0,synthetic,scenario,Synthetic scenario assumption for FinalFlow demonstration; not observed event operations.
rail_capacity_boost,2026-07-19T18:55:00Z,235,post_match,meadowlands_remote,1200,272,0,0,2.0,synthetic,scenario,Synthetic scenario assumption for FinalFlow demonstration; not observed event operations.
rail_capacity_boost,2026-07-19T18:55:00Z,235,post_match,secaucus_park_ride,1000,222,0,0,2.0,synthetic,scenario,Synthetic scenario assumption for FinalFlow demonstration; not observed event operations.
rail_capacity_boost,2026-07-19T18:55:00Z,235,post_match,midtown_park_ride,800,178,0,0,2.0,synthetic,scenario,Synthetic scenario assumption for FinalFlow demonstration; not observed event operations.
rail_capacity_boost,2026-07-19T19:00:00Z,240,post_match,stadium_parking,2000,451,0,0,2.0,synthetic,scenario,Synthetic scenario assumption for FinalFlow demonstration; not observed event operations.
rail_capacity_boost,2026-07-19T19:00:00Z,240,post_match,meadowlands_remote,1200,272,0,0,2.0,synthetic,scenario,Synthetic scenario assumption for FinalFlow demonstration; not observed event operations.
rail_capacity_boost,2026-07-19T19:00:00Z,240,post_match,secaucus_park_ride,1000,222,0,0,2.0,synthetic,scenario,Synthetic scenario assumption for FinalFlow demonstration; not observed event operations.
rail_capacity_boost,2026-07-19T19:00:00Z,240,post_match,midtown_park_ride,800,178,0,0,2.0,synthetic,scenario,Synthetic scenario assumption for FinalFlow demonstration; not observed event operations.
rail_capacity_boost,2026-07-19T19:05:00Z,245,post_match,stadium_parking,2000,451,0,0,2.0,synthetic,scenario,Synthetic scenario assumption for FinalFlow demonstration; not observed event operations.
rail_capacity_boost,2026-07-19T19:05:00Z,245,post_match,meadowlands_remote,1200,272,0,0,2.0,synthetic,scenario,Synthetic scenario assumption for FinalFlow demonstration; not observed event operations.
rail_capacity_boost,2026-07-19T19:05:00Z,245,post_match,secaucus_park_ride,1000,222,0,0,2.0,synthetic,scenario,Synthetic scenario assumption for FinalFlow demonstration; not observed event operations.
rail_capacity_boost,2026-07-19T19:05:00Z,245,post_match,midtown_park_ride,800,178,0,0,2.0,synthetic,scenario,Synthetic scenario assumption for FinalFlow demonstration; not observed event operations.
rail_capacity_boost,2026-07-19T19:10:00Z,250,post_match,stadium_parking,2000,451,0,0,2.0,synthetic,scenario,Synthetic scenario assumption for FinalFlow demonstration; not observed event operations.
rail_capacity_boost,2026-07-19T19:10:00Z,250,post_match,meadowlands_remote,1200,272,0,0,2.0,synthetic,scenario,Synthetic scenario assumption for FinalFlow demonstration; not observed event operations.
rail_capacity_boost,2026-07-19T19:10:00Z,250,post_match,secaucus_park_ride,1000,222,0,0,2.0,synthetic,scenario,Synthetic scenario assumption for FinalFlow demonstration; not observed event operations.
rail_capacity_boost,2026-07-19T19:10:00Z,250,post_match,midtown_park_ride,800,178,0,0,2.0,synthetic,scenario,Synthetic scenario assumption for FinalFlow demonstration; not observed event operations.
rail_capacity_boost,2026-07-19T19:15:00Z,255,post_match,stadium_parking,2000,451,0,0,2.0,synthetic,scenario,Synthetic scenario assumption for FinalFlow demonstration; not observed event operations.
rail_capacity_boost,2026-07-19T19:15:00Z,255,post_match,meadowlands_remote,1200,272,0,0,2.0,synthetic,scenario,Synthetic scenario assumption for FinalFlow demonstration; not observed event operations.
rail_capacity_boost,2026-07-19T19:15:00Z,255,post_match,secaucus_park_ride,1000,222,0,0,2.0,synthetic,scenario,Synthetic scenario assumption for FinalFlow demonstration; not observed event operations.
rail_capacity_boost,2026-07-19T19:15:00Z,255,post_match,midtown_park_ride,800,178,0,0,2.0,synthetic,scenario,Synthetic scenario assumption for FinalFlow demonstration; not observed event operations.
rail_capacity_boost,2026-07-19T19:20:00Z,260,post_match,stadium_parking,2000,451,0,0,2.0,synthetic,scenario,Synthetic scenario assumption for FinalFlow demonstration; not observed event operations.
rail_capacity_boost,2026-07-19T19:20:00Z,260,post_match,meadowlands_remote,1200,272,0,0,2.0,synthetic,scenario,Synthetic scenario assumption for FinalFlow demonstration; not observed event operations.
rail_capacity_boost,2026-07-19T19:20:00Z,260,post_match,secaucus_park_ride,1000,222,0,0,2.0,synthetic,scenario,Synthetic scenario assumption for FinalFlow demonstration; not observed event operations.
rail_capacity_boost,2026-07-19T19:20:00Z,260,post_match,midtown_park_ride,800,178,0,0,2.0,synthetic,scenario,Synthetic scenario assumption for FinalFlow demonstration; not observed event operations.
rail_capacity_boost,2026-07-19T19:25:00Z,265,post_match,stadium_parking,2000,451,0,0,2.0,synthetic,scenario,Synthetic scenario assumption for FinalFlow demonstration; not observed event operations.
rail_capacity_boost,2026-07-19T19:25:00Z,265,post_match,meadowlands_remote,1200,272,0,0,2.0,synthetic,scenario,Synthetic scenario assumption for FinalFlow demonstration; not observed event operations.
rail_capacity_boost,2026-07-19T19:25:00Z,265,post_match,secaucus_park_ride,1000,222,0,0,2.0,synthetic,scenario,Synthetic scenario assumption for FinalFlow demonstration; not observed event operations.
rail_capacity_boost,2026-07-19T19:25:00Z,265,post_match,midtown_park_ride,800,178,0,0,2.0,synthetic,scenario,Synthetic scenario assumption for FinalFlow demonstration; not observed event operations.
rail_capacity_boost,2026-07-19T19:30:00Z,270,post_match,stadium_parking,2000,451,0,0,2.0,synthetic,scenario,Synthetic scenario assumption for FinalFlow demonstration; not observed event operations.
rail_capacity_boost,2026-07-19T19:30:00Z,270,post_match,meadowlands_remote,1200,272,0,0,2.0,synthetic,scenario,Synthetic scenario assumption for FinalFlow demonstration; not observed event operations.
rail_capacity_boost,2026-07-19T19:30:00Z,270,post_match,secaucus_park_ride,1000,222,0,0,2.0,synthetic,scenario,Synthetic scenario assumption for FinalFlow demonstration; not observed event operations.
rail_capacity_boost,2026-07-19T19:30:00Z,270,post_match,midtown_park_ride,800,178,0,0,2.0,synthetic,scenario,Synthetic scenario assumption for FinalFlow demonstration; not observed event operations.
rail_capacity_boost,2026-07-19T19:35:00Z,275,post_match,stadium_parking,2000,451,0,0,2.0,synthetic,scenario,Synthetic scenario assumption for FinalFlow demonstration; not observed event operations.
rail_capacity_boost,2026-07-19T19:35:00Z,275,post_match,meadowlands_remote,1200,272,0,0,2.0,synthetic,scenario,Synthetic scenario assumption for FinalFlow demonstration; not observed event operations.
rail_capacity_boost,2026-07-19T19:35:00Z,275,post_match,secaucus_park_ride,1000,222,0,0,2.0,synthetic,scenario,Synthetic scenario assumption for FinalFlow demonstration; not observed event operations.
rail_capacity_boost,2026-07-19T19:35:00Z,275,post_match,midtown_park_ride,800,178,0,0,2.0,synthetic,scenario,Synthetic scenario assumption for FinalFlow demonstration; not observed event operations.
rail_capacity_boost,2026-07-19T19:40:00Z,280,post_match,stadium_parking,2000,451,0,0,2.0,synthetic,scenario,Synthetic scenario assumption for FinalFlow demonstration; not observed event operations.
rail_capacity_boost,2026-07-19T19:40:00Z,280,post_match,meadowlands_remote,1200,272,0,0,2.0,synthetic,scenario,Synthetic scenario assumption for FinalFlow demonstration; not observed event operations.
rail_capacity_boost,2026-07-19T19:40:00Z,280,post_match,secaucus_park_ride,1000,222,0,0,2.0,synthetic,scenario,Synthetic scenario assumption for FinalFlow demonstration; not observed event operations.
rail_capacity_boost,2026-07-19T19:40:00Z,280,post_match,midtown_park_ride,800,178,0,0,2.0,synthetic,scenario,Synthetic scenario assumption for FinalFlow demonstration; not observed event operations.
rail_capacity_boost,2026-07-19T19:45:00Z,285,post_match,stadium_parking,2000,451,0,0,2.0,synthetic,scenario,Synthetic scenario assumption for FinalFlow demonstration; not observed event operations.
rail_capacity_boost,2026-07-19T19:45:00Z,285,post_match,meadowlands_remote,1200,272,0,0,2.0,synthetic,scenario,Synthetic scenario assumption for FinalFlow demonstration; not observed event operations.
rail_capacity_boost,2026-07-19T19:45:00Z,285,post_match,secaucus_park_ride,1000,222,0,0,2.0,synthetic,scenario,Synthetic scenario assumption for FinalFlow demonstration; not observed event operations.
rail_capacity_boost,2026-07-19T19:45:00Z,285,post_match,midtown_park_ride,800,178,0,0,2.0,synthetic,scenario,Synthetic scenario assumption for FinalFlow demonstration; not observed event operations.
rail_capacity_boost,2026-07-19T19:50:00Z,290,post_match,stadium_parking,2000,451,0,0,2.0,synthetic,scenario,Synthetic scenario assumption for FinalFlow demonstration; not observed event operations.
rail_capacity_boost,2026-07-19T19:50:00Z,290,post_match,meadowlands_remote,1200,272,0,0,2.0,synthetic,scenario,Synthetic scenario assumption for FinalFlow demonstration; not observed event operations.
rail_capacity_boost,2026-07-19T19:50:00Z,290,post_match,secaucus_park_ride,1000,222,0,0,2.0,synthetic,scenario,Synthetic scenario assumption for FinalFlow demonstration; not observed event operations.
rail_capacity_boost,2026-07-19T19:50:00Z,290,post_match,midtown_park_ride,800,178,0,0,2.0,synthetic,scenario,Synthetic scenario assumption for FinalFlow demonstration; not observed event operations.
rail_capacity_boost,2026-07-19T19:55:00Z,295,post_match,stadium_parking,2000,451,0,0,2.0,synthetic,scenario,Synthetic scenario assumption for FinalFlow demonstration; not observed event operations.
rail_capacity_boost,2026-07-19T19:55:00Z,295,post_match,meadowlands_remote,1200,272,0,0,2.0,synthetic,scenario,Synthetic scenario assumption for FinalFlow demonstration; not observed event operations.
rail_capacity_boost,2026-07-19T19:55:00Z,295,post_match,secaucus_park_ride,1000,222,0,0,2.0,synthetic,scenario,Synthetic scenario assumption for FinalFlow demonstration; not observed event operations.
rail_capacity_boost,2026-07-19T19:55:00Z,295,post_match,midtown_park_ride,800,178,0,0,2.0,synthetic,scenario,Synthetic scenario assumption for FinalFlow demonstration; not observed event operations.
rail_capacity_boost,2026-07-19T20:00:00Z,300,post_match,stadium_parking,2000,451,0,0,2.0,synthetic,scenario,Synthetic scenario assumption for FinalFlow demonstration; not observed event operations.
rail_capacity_boost,2026-07-19T20:00:00Z,300,post_match,meadowlands_remote,1200,272,0,0,2.0,synthetic,scenario,Synthetic scenario assumption for FinalFlow demonstration; not observed event operations.
rail_capacity_boost,2026-07-19T20:00:00Z,300,post_match,secaucus_park_ride,1000,222,0,0,2.0,synthetic,scenario,Synthetic scenario assumption for FinalFlow demonstration; not observed event operations.
rail_capacity_boost,2026-07-19T20:00:00Z,300,post_match,midtown_park_ride,800,178,0,0,2.0,synthetic,scenario,Synthetic scenario assumption for FinalFlow demonstration; not observed event operations.
rail_capacity_boost,2026-07-19T20:05:00Z,305,post_match,stadium_parking,2000,451,0,0,2.0,synthetic,scenario,Synthetic scenario assumption for FinalFlow demonstration; not observed event operations.
rail_capacity_boost,2026-07-19T20:05:00Z,305,post_match,meadowlands_remote,1200,272,0,0,2.0,synthetic,scenario,Synthetic scenario assumption for FinalFlow demonstration; not observed event operations.
rail_capacity_boost,2026-07-19T20:05:00Z,305,post_match,secaucus_park_ride,1000,222,0,0,2.0,synthetic,scenario,Synthetic scenario assumption for FinalFlow demonstration; not observed event operations.
rail_capacity_boost,2026-07-19T20:05:00Z,305,post_match,midtown_park_ride,800,178,0,0,2.0,synthetic,scenario,Synthetic scenario assumption for FinalFlow demonstration; not observed event operations.
rail_capacity_boost,2026-07-19T20:10:00Z,310,post_match,stadium_parking,2000,451,0,0,2.0,synthetic,scenario,Synthetic scenario assumption for FinalFlow demonstration; not observed event operations.
rail_capacity_boost,2026-07-19T20:10:00Z,310,post_match,meadowlands_remote,1200,272,0,0,2.0,synthetic,scenario,Synthetic scenario assumption for FinalFlow demonstration; not observed event operations.
rail_capacity_boost,2026-07-19T20:10:00Z,310,post_match,secaucus_park_ride,1000,222,0,0,2.0,synthetic,scenario,Synthetic scenario assumption for FinalFlow demonstration; not observed event operations.
rail_capacity_boost,2026-07-19T20:10:00Z,310,post_match,midtown_park_ride,800,178,0,0,2.0,synthetic,scenario,Synthetic scenario assumption for FinalFlow demonstration; not observed event operations.
rail_capacity_boost,2026-07-19T20:15:00Z,315,post_match,stadium_parking,2000,451,0,0,2.0,synthetic,scenario,Synthetic scenario assumption for FinalFlow demonstration; not observed event operations.
rail_capacity_boost,2026-07-19T20:15:00Z,315,post_match,meadowlands_remote,1200,272,0,0,2.0,synthetic,scenario,Synthetic scenario assumption for FinalFlow demonstration; not observed event operations.
rail_capacity_boost,2026-07-19T20:15:00Z,315,post_match,secaucus_park_ride,1000,222,0,0,2.0,synthetic,scenario,Synthetic scenario assumption for FinalFlow demonstration; not observed event operations.
rail_capacity_boost,2026-07-19T20:15:00Z,315,post_match,midtown_park_ride,800,178,0,0,2.0,synthetic,scenario,Synthetic scenario assumption for FinalFlow demonstration; not observed event operations.
rain,2026-07-19T12:00:00Z,-180,pre_match,stadium_parking,2000,400,0,0,2.0,synthetic,scenario,Synthetic scenario assumption for FinalFlow demonstration; not observed event operations.
rain,2026-07-19T12:00:00Z,-180,pre_match,meadowlands_remote,1200,240,0,0,2.0,synthetic,scenario,Synthetic scenario assumption for FinalFlow demonstration; not observed event operations.
rain,2026-07-19T12:00:00Z,-180,pre_match,secaucus_park_ride,1000,200,0,0,2.0,synthetic,scenario,Synthetic scenario assumption for FinalFlow demonstration; not observed event operations.
rain,2026-07-19T12:00:00Z,-180,pre_match,midtown_park_ride,800,160,0,0,2.0,synthetic,scenario,Synthetic scenario assumption for FinalFlow demonstration; not observed event operations.
rain,2026-07-19T12:05:00Z,-175,pre_match,stadium_parking,2000,400,0,0,2.0,synthetic,scenario,Synthetic scenario assumption for FinalFlow demonstration; not observed event operations.
rain,2026-07-19T12:05:00Z,-175,pre_match,meadowlands_remote,1200,240,0,0,2.0,synthetic,scenario,Synthetic scenario assumption for FinalFlow demonstration; not observed event operations.
rain,2026-07-19T12:05:00Z,-175,pre_match,secaucus_park_ride,1000,200,0,0,2.0,synthetic,scenario,Synthetic scenario assumption for FinalFlow demonstration; not observed event operations.
rain,2026-07-19T12:05:00Z,-175,pre_match,midtown_park_ride,800,160,0,0,2.0,synthetic,scenario,Synthetic scenario assumption for FinalFlow demonstration; not observed event operations.
rain,2026-07-19T12:10:00Z,-170,pre_match,stadium_parking,2000,400,0,0,2.0,synthetic,scenario,Synthetic scenario assumption for FinalFlow demonstration; not observed event operations.
rain,2026-07-19T12:10:00Z,-170,pre_match,meadowlands_remote,1200,240,0,0,2.0,synthetic,scenario,Synthetic scenario assumption for FinalFlow demonstration; not observed event operations.
rain,2026-07-19T12:10:00Z,-170,pre_match,secaucus_park_ride,1000,200,0,0,2.0,synthetic,scenario,Synthetic scenario assumption for FinalFlow demonstration; not observed event operations.
rain,2026-07-19T12:10:00Z,-170,pre_match,midtown_park_ride,800,160,0,0,2.0,synthetic,scenario,Synthetic scenario assumption for FinalFlow demonstration; not observed event operations.
rain,2026-07-19T12:15:00Z,-165,pre_match,stadium_parking,2000,400,0,0,2.0,synthetic,scenario,Synthetic scenario assumption for FinalFlow demonstration; not observed event operations.
rain,2026-07-19T12:15:00Z,-165,pre_match,meadowlands_remote,1200,240,0,0,2.0,synthetic,scenario,Synthetic scenario assumption for FinalFlow demonstration; not observed event operations.
rain,2026-07-19T12:15:00Z,-165,pre_match,secaucus_park_ride,1000,200,0,0,2.0,synthetic,scenario,Synthetic scenario assumption for FinalFlow demonstration; not observed event operations.
rain,2026-07-19T12:15:00Z,-165,pre_match,midtown_park_ride,800,160,0,0,2.0,synthetic,scenario,Synthetic scenario assumption for FinalFlow demonstration; not observed event operations.
rain,2026-07-19T12:20:00Z,-160,pre_match,stadium_parking,2000,400,0,0,2.0,synthetic,scenario,Synthetic scenario assumption for FinalFlow demonstration; not observed event operations.
rain,2026-07-19T12:20:00Z,-160,pre_match,meadowlands_remote,1200,240,0,0,2.0,synthetic,scenario,Synthetic scenario assumption for FinalFlow demonstration; not observed event operations.
rain,2026-07-19T12:20:00Z,-160,pre_match,secaucus_park_ride,1000,200,0,0,2.0,synthetic,scenario,Synthetic scenario assumption for FinalFlow demonstration; not observed event operations.
rain,2026-07-19T12:20:00Z,-160,pre_match,midtown_park_ride,800,160,0,0,2.0,synthetic,scenario,Synthetic scenario assumption for FinalFlow demonstration; not observed event operations.
rain,2026-07-19T12:25:00Z,-155,pre_match,stadium_parking,2000,400,0,0,2.0,synthetic,scenario,Synthetic scenario assumption for FinalFlow demonstration; not observed event operations.
rain,2026-07-19T12:25:00Z,-155,pre_match,meadowlands_remote,1200,240,0,0,2.0,synthetic,scenario,Synthetic scenario assumption for FinalFlow demonstration; not observed event operations.
rain,2026-07-19T12:25:00Z,-155,pre_match,secaucus_park_ride,1000,200,0,0,2.0,synthetic,scenario,Synthetic scenario assumption for FinalFlow demonstration; not observed event operations.
rain,2026-07-19T12:25:00Z,-155,pre_match,midtown_park_ride,800,160,0,0,2.0,synthetic,scenario,Synthetic scenario assumption for FinalFlow demonstration; not observed event operations.
rain,2026-07-19T12:30:00Z,-150,pre_match,stadium_parking,2000,401,1,0,2.0,synthetic,scenario,Synthetic scenario assumption for FinalFlow demonstration; not observed event operations.
rain,2026-07-19T12:30:00Z,-150,pre_match,meadowlands_remote,1200,240,0,0,2.0,synthetic,scenario,Synthetic scenario assumption for FinalFlow demonstration; not observed event operations.
rain,2026-07-19T12:30:00Z,-150,pre_match,secaucus_park_ride,1000,200,0,0,2.0,synthetic,scenario,Synthetic scenario assumption for FinalFlow demonstration; not observed event operations.
rain,2026-07-19T12:30:00Z,-150,pre_match,midtown_park_ride,800,160,0,0,2.0,synthetic,scenario,Synthetic scenario assumption for FinalFlow demonstration; not observed event operations.
rain,2026-07-19T12:35:00Z,-145,pre_match,stadium_parking,2000,402,1,0,2.0,synthetic,scenario,Synthetic scenario assumption for FinalFlow demonstration; not observed event operations.
rain,2026-07-19T12:35:00Z,-145,pre_match,meadowlands_remote,1200,240,0,0,2.0,synthetic,scenario,Synthetic scenario assumption for FinalFlow demonstration; not observed event operations.
rain,2026-07-19T12:35:00Z,-145,pre_match,secaucus_park_ride,1000,200,0,0,2.0,synthetic,scenario,Synthetic scenario assumption for FinalFlow demonstration; not observed event operations.
rain,2026-07-19T12:35:00Z,-145,pre_match,midtown_park_ride,800,160,0,0,2.0,synthetic,scenario,Synthetic scenario assumption for FinalFlow demonstration; not observed event operations.
rain,2026-07-19T12:40:00Z,-140,pre_match,stadium_parking,2000,403,1,0,2.0,synthetic,scenario,Synthetic scenario assumption for FinalFlow demonstration; not observed event operations.
rain,2026-07-19T12:40:00Z,-140,pre_match,meadowlands_remote,1200,240,0,0,2.0,synthetic,scenario,Synthetic scenario assumption for FinalFlow demonstration; not observed event operations.
rain,2026-07-19T12:40:00Z,-140,pre_match,secaucus_park_ride,1000,200,0,0,2.0,synthetic,scenario,Synthetic scenario assumption for FinalFlow demonstration; not observed event operations.
rain,2026-07-19T12:40:00Z,-140,pre_match,midtown_park_ride,800,160,0,0,2.0,synthetic,scenario,Synthetic scenario assumption for FinalFlow demonstration; not observed event operations.
rain,2026-07-19T12:45:00Z,-135,pre_match,stadium_parking,2000,406,3,0,2.0,synthetic,scenario,Synthetic scenario assumption for FinalFlow demonstration; not observed event operations.
rain,2026-07-19T12:45:00Z,-135,pre_match,meadowlands_remote,1200,242,2,0,2.0,synthetic,scenario,Synthetic scenario assumption for FinalFlow demonstration; not observed event operations.
rain,2026-07-19T12:45:00Z,-135,pre_match,secaucus_park_ride,1000,201,1,0,2.0,synthetic,scenario,Synthetic scenario assumption for FinalFlow demonstration; not observed event operations.
rain,2026-07-19T12:45:00Z,-135,pre_match,midtown_park_ride,800,161,1,0,2.0,synthetic,scenario,Synthetic scenario assumption for FinalFlow demonstration; not observed event operations.
rain,2026-07-19T12:50:00Z,-130,pre_match,stadium_parking,2000,409,3,0,2.0,synthetic,scenario,Synthetic scenario assumption for FinalFlow demonstration; not observed event operations.
rain,2026-07-19T12:50:00Z,-130,pre_match,meadowlands_remote,1200,244,2,0,2.0,synthetic,scenario,Synthetic scenario assumption for FinalFlow demonstration; not observed event operations.
rain,2026-07-19T12:50:00Z,-130,pre_match,secaucus_park_ride,1000,202,1,0,2.0,synthetic,scenario,Synthetic scenario assumption for FinalFlow demonstration; not observed event operations.
rain,2026-07-19T12:50:00Z,-130,pre_match,midtown_park_ride,800,162,1,0,2.0,synthetic,scenario,Synthetic scenario assumption for FinalFlow demonstration; not observed event operations.
rain,2026-07-19T12:55:00Z,-125,pre_match,stadium_parking,2000,413,4,0,2.0,synthetic,scenario,Synthetic scenario assumption for FinalFlow demonstration; not observed event operations.
rain,2026-07-19T12:55:00Z,-125,pre_match,meadowlands_remote,1200,247,3,0,2.0,synthetic,scenario,Synthetic scenario assumption for FinalFlow demonstration; not observed event operations.
rain,2026-07-19T12:55:00Z,-125,pre_match,secaucus_park_ride,1000,204,2,0,2.0,synthetic,scenario,Synthetic scenario assumption for FinalFlow demonstration; not observed event operations.
rain,2026-07-19T12:55:00Z,-125,pre_match,midtown_park_ride,800,164,2,0,2.0,synthetic,scenario,Synthetic scenario assumption for FinalFlow demonstration; not observed event operations.
rain,2026-07-19T13:00:00Z,-120,gates_open,stadium_parking,2000,417,4,0,2.0,synthetic,scenario,Synthetic scenario assumption for FinalFlow demonstration; not observed event operations.
rain,2026-07-19T13:00:00Z,-120,gates_open,meadowlands_remote,1200,250,3,0,2.0,synthetic,scenario,Synthetic scenario assumption for FinalFlow demonstration; not observed event operations.
rain,2026-07-19T13:00:00Z,-120,gates_open,secaucus_park_ride,1000,206,2,0,2.0,synthetic,scenario,Synthetic scenario assumption for FinalFlow demonstration; not observed event operations.
rain,2026-07-19T13:00:00Z,-120,gates_open,midtown_park_ride,800,166,2,0,2.0,synthetic,scenario,Synthetic scenario assumption for FinalFlow demonstration; not observed event operations.
rain,2026-07-19T13:05:00Z,-115,pre_match,stadium_parking,2000,422,5,0,2.0,synthetic,scenario,Synthetic scenario assumption for FinalFlow demonstration; not observed event operations.
rain,2026-07-19T13:05:00Z,-115,pre_match,meadowlands_remote,1200,253,3,0,2.0,synthetic,scenario,Synthetic scenario assumption for FinalFlow demonstration; not observed event operations.
rain,2026-07-19T13:05:00Z,-115,pre_match,secaucus_park_ride,1000,208,2,0,2.0,synthetic,scenario,Synthetic scenario assumption for FinalFlow demonstration; not observed event operations.
rain,2026-07-19T13:05:00Z,-115,pre_match,midtown_park_ride,800,168,2,0,2.0,synthetic,scenario,Synthetic scenario assumption for FinalFlow demonstration; not observed event operations.
rain,2026-07-19T13:10:00Z,-110,pre_match,stadium_parking,2000,428,6,0,2.0,synthetic,scenario,Synthetic scenario assumption for FinalFlow demonstration; not observed event operations.
rain,2026-07-19T13:10:00Z,-110,pre_match,meadowlands_remote,1200,257,4,0,2.0,synthetic,scenario,Synthetic scenario assumption for FinalFlow demonstration; not observed event operations.
rain,2026-07-19T13:10:00Z,-110,pre_match,secaucus_park_ride,1000,211,3,0,2.0,synthetic,scenario,Synthetic scenario assumption for FinalFlow demonstration; not observed event operations.
rain,2026-07-19T13:10:00Z,-110,pre_match,midtown_park_ride,800,170,2,0,2.0,synthetic,scenario,Synthetic scenario assumption for FinalFlow demonstration; not observed event operations.
rain,2026-07-19T13:15:00Z,-105,pre_match,stadium_parking,2000,435,7,0,2.0,synthetic,scenario,Synthetic scenario assumption for FinalFlow demonstration; not observed event operations.
rain,2026-07-19T13:15:00Z,-105,pre_match,meadowlands_remote,1200,261,4,0,2.0,synthetic,scenario,Synthetic scenario assumption for FinalFlow demonstration; not observed event operations.
rain,2026-07-19T13:15:00Z,-105,pre_match,secaucus_park_ride,1000,215,4,0,2.0,synthetic,scenario,Synthetic scenario assumption for FinalFlow demonstration; not observed event operations.
rain,2026-07-19T13:15:00Z,-105,pre_match,midtown_park_ride,800,173,3,0,2.0,synthetic,scenario,Synthetic scenario assumption for FinalFlow demonstration; not observed event operations.
rain,2026-07-19T13:20:00Z,-100,pre_match,stadium_parking,2000,444,9,0,2.0,synthetic,scenario,Synthetic scenario assumption for FinalFlow demonstration; not observed event operations.
rain,2026-07-19T13:20:00Z,-100,pre_match,meadowlands_remote,1200,266,5,0,2.0,synthetic,scenario,Synthetic scenario assumption for FinalFlow demonstration; not observed event operations.
rain,2026-07-19T13:20:00Z,-100,pre_match,secaucus_park_ride,1000,220,5,0,2.0,synthetic,scenario,Synthetic scenario assumption for FinalFlow demonstration; not observed event operations.
rain,2026-07-19T13:20:00Z,-100,pre_match,midtown_park_ride,800,177,4,0,2.0,synthetic,scenario,Synthetic scenario assumption for FinalFlow demonstration; not observed event operations.
rain,2026-07-19T13:25:00Z,-95,pre_match,stadium_parking,2000,455,11,0,2.0,synthetic,scenario,Synthetic scenario assumption for FinalFlow demonstration; not observed event operations.
rain,2026-07-19T13:25:00Z,-95,pre_match,meadowlands_remote,1200,272,6,0,2.0,synthetic,scenario,Synthetic scenario assumption for FinalFlow demonstration; not observed event operations.
rain,2026-07-19T13:25:00Z,-95,pre_match,secaucus_park_ride,1000,225,5,0,2.0,synthetic,scenario,Synthetic scenario assumption for FinalFlow demonstration; not observed event operations.
rain,2026-07-19T13:25:00Z,-95,pre_match,midtown_park_ride,800,181,4,0,2.0,synthetic,scenario,Synthetic scenario assumption for FinalFlow demonstration; not observed event operations.
rain,2026-07-19T13:30:00Z,-90,pre_match,stadium_parking,2000,466,11,0,2.0,synthetic,scenario,Synthetic scenario assumption for FinalFlow demonstration; not observed event operations.
rain,2026-07-19T13:30:00Z,-90,pre_match,meadowlands_remote,1200,279,7,0,2.0,synthetic,scenario,Synthetic scenario assumption for FinalFlow demonstration; not observed event operations.
rain,2026-07-19T13:30:00Z,-90,pre_match,secaucus_park_ride,1000,231,6,0,2.0,synthetic,scenario,Synthetic scenario assumption for FinalFlow demonstration; not observed event operations.
rain,2026-07-19T13:30:00Z,-90,pre_match,midtown_park_ride,800,185,4,0,2.0,synthetic,scenario,Synthetic scenario assumption for FinalFlow demonstration; not observed event operations.
rain,2026-07-19T13:35:00Z,-85,pre_match,stadium_parking,2000,477,11,0,2.0,synthetic,scenario,Synthetic scenario assumption for FinalFlow demonstration; not observed event operations.
rain,2026-07-19T13:35:00Z,-85,pre_match,meadowlands_remote,1200,286,7,0,2.0,synthetic,scenario,Synthetic scenario assumption for FinalFlow demonstration; not observed event operations.
rain,2026-07-19T13:35:00Z,-85,pre_match,secaucus_park_ride,1000,237,6,0,2.0,synthetic,scenario,Synthetic scenario assumption for FinalFlow demonstration; not observed event operations.
rain,2026-07-19T13:35:00Z,-85,pre_match,midtown_park_ride,800,190,5,0,2.0,synthetic,scenario,Synthetic scenario assumption for FinalFlow demonstration; not observed event operations.
rain,2026-07-19T13:40:00Z,-80,pre_match,stadium_parking,2000,491,14,0,2.0,synthetic,scenario,Synthetic scenario assumption for FinalFlow demonstration; not observed event operations.
rain,2026-07-19T13:40:00Z,-80,pre_match,meadowlands_remote,1200,294,8,0,2.0,synthetic,scenario,Synthetic scenario assumption for FinalFlow demonstration; not observed event operations.
rain,2026-07-19T13:40:00Z,-80,pre_match,secaucus_park_ride,1000,244,7,0,2.0,synthetic,scenario,Synthetic scenario assumption for FinalFlow demonstration; not observed event operations.
rain,2026-07-19T13:40:00Z,-80,pre_match,midtown_park_ride,800,196,6,0,2.0,synthetic,scenario,Synthetic scenario assumption for FinalFlow demonstration; not observed event operations.
rain,2026-07-19T13:45:00Z,-75,pre_match,stadium_parking,2000,507,16,0,2.0,synthetic,scenario,Synthetic scenario assumption for FinalFlow demonstration; not observed event operations.
rain,2026-07-19T13:45:00Z,-75,pre_match,meadowlands_remote,1200,304,10,0,2.0,synthetic,scenario,Synthetic scenario assumption for FinalFlow demonstration; not observed event operations.
rain,2026-07-19T13:45:00Z,-75,pre_match,secaucus_park_ride,1000,252,8,0,2.0,synthetic,scenario,Synthetic scenario assumption for FinalFlow demonstration; not observed event operations.
rain,2026-07-19T13:45:00Z,-75,pre_match,midtown_park_ride,800,202,6,0,2.0,synthetic,scenario,Synthetic scenario assumption for FinalFlow demonstration; not observed event operations.
rain,2026-07-19T13:50:00Z,-70,pre_match,stadium_parking,2000,523,16,0,2.0,synthetic,scenario,Synthetic scenario assumption for FinalFlow demonstration; not observed event operations.
rain,2026-07-19T13:50:00Z,-70,pre_match,meadowlands_remote,1200,314,10,0,2.0,synthetic,scenario,Synthetic scenario assumption for FinalFlow demonstration; not observed event operations.
rain,2026-07-19T13:50:00Z,-70,pre_match,secaucus_park_ride,1000,260,8,0,2.0,synthetic,scenario,Synthetic scenario assumption for FinalFlow demonstration; not observed event operations.
rain,2026-07-19T13:50:00Z,-70,pre_match,midtown_park_ride,800,208,6,0,2.0,synthetic,scenario,Synthetic scenario assumption for FinalFlow demonstration; not observed event operations.
rain,2026-07-19T13:55:00Z,-65,pre_match,stadium_parking,2000,540,17,0,2.0,synthetic,scenario,Synthetic scenario assumption for FinalFlow demonstration; not observed event operations.
rain,2026-07-19T13:55:00Z,-65,pre_match,meadowlands_remote,1200,324,10,0,2.0,synthetic,scenario,Synthetic scenario assumption for FinalFlow demonstration; not observed event operations.
rain,2026-07-19T13:55:00Z,-65,pre_match,secaucus_park_ride,1000,269,9,0,2.0,synthetic,scenario,Synthetic scenario assumption for FinalFlow demonstration; not observed event operations.
rain,2026-07-19T13:55:00Z,-65,pre_match,midtown_park_ride,800,215,7,0,2.0,synthetic,scenario,Synthetic scenario assumption for FinalFlow demonstration; not observed event operations.
rain,2026-07-19T14:00:00Z,-60,pre_match,stadium_parking,2000,559,19,0,2.0,synthetic,scenario,Synthetic scenario assumption for FinalFlow demonstration; not observed event operations.
rain,2026-07-19T14:00:00Z,-60,pre_match,meadowlands_remote,1200,335,11,0,2.0,synthetic,scenario,Synthetic scenario assumption for FinalFlow demonstration; not observed event operations.
rain,2026-07-19T14:00:00Z,-60,pre_match,secaucus_park_ride,1000,278,9,0,2.0,synthetic,scenario,Synthetic scenario assumption for FinalFlow demonstration; not observed event operations.
rain,2026-07-19T14:00:00Z,-60,pre_match,midtown_park_ride,800,223,8,0,2.0,synthetic,scenario,Synthetic scenario assumption for FinalFlow demonstration; not observed event operations.
rain,2026-07-19T14:05:00Z,-55,pre_match,stadium_parking,2000,580,21,0,2.0,synthetic,scenario,Synthetic scenario assumption for FinalFlow demonstration; not observed event operations.
rain,2026-07-19T14:05:00Z,-55,pre_match,meadowlands_remote,1200,348,13,0,2.0,synthetic,scenario,Synthetic scenario assumption for FinalFlow demonstration; not observed event operations.
rain,2026-07-19T14:05:00Z,-55,pre_match,secaucus_park_ride,1000,288,10,0,2.0,synthetic,scenario,Synthetic scenario assumption for FinalFlow demonstration; not observed event operations.
rain,2026-07-19T14:05:00Z,-55,pre_match,midtown_park_ride,800,231,8,0,2.0,synthetic,scenario,Synthetic scenario assumption for FinalFlow demonstration; not observed event operations.
rain,2026-07-19T14:10:00Z,-50,pre_match,stadium_parking,2000,601,21,0,2.0,synthetic,scenario,Synthetic scenario assumption for FinalFlow demonstration; not observed event operations.
rain,2026-07-19T14:10:00Z,-50,pre_match,meadowlands_remote,1200,361,13,0,2.0,synthetic,scenario,Synthetic scenario assumption for FinalFlow demonstration; not observed event operations.
rain,2026-07-19T14:10:00Z,-50,pre_match,secaucus_park_ride,1000,298,10,0,2.0,synthetic,scenario,Synthetic scenario assumption for FinalFlow demonstration; not observed event operations.
rain,2026-07-19T14:10:00Z,-50,pre_match,midtown_park_ride,800,239,8,0,2.0,synthetic,scenario,Synthetic scenario assumption for FinalFlow demonstration; not observed event operations.
rain,2026-07-19T14:15:00Z,-45,pre_match,stadium_parking,2000,620,19,0,2.0,synthetic,scenario,Synthetic scenario assumption for FinalFlow demonstration; not observed event operations.
rain,2026-07-19T14:15:00Z,-45,pre_match,meadowlands_remote,1200,372,11,0,2.0,synthetic,scenario,Synthetic scenario assumption for FinalFlow demonstration; not observed event operations.
rain,2026-07-19T14:15:00Z,-45,pre_match,secaucus_park_ride,1000,307,9,0,2.0,synthetic,scenario,Synthetic scenario assumption for FinalFlow demonstration; not observed event operations.
rain,2026-07-19T14:15:00Z,-45,pre_match,midtown_park_ride,800,247,8,0,2.0,synthetic,scenario,Synthetic scenario assumption for FinalFlow demonstration; not observed event operations.
rain,2026-07-19T14:20:00Z,-40,pre_match,stadium_parking,2000,637,17,0,2.0,synthetic,scenario,Synthetic scenario assumption for FinalFlow demonstration; not observed event operations.
rain,2026-07-19T14:20:00Z,-40,pre_match,meadowlands_remote,1200,382,10,0,2.0,synthetic,scenario,Synthetic scenario assumption for FinalFlow demonstration; not observed event operations.
rain,2026-07-19T14:20:00Z,-40,pre_match,secaucus_park_ride,1000,316,9,0,2.0,synthetic,scenario,Synthetic scenario assumption for FinalFlow demonstration; not observed event operations.
rain,2026-07-19T14:20:00Z,-40,pre_match,midtown_park_ride,800,254,7,0,2.0,synthetic,scenario,Synthetic scenario assumption for FinalFlow demonstration; not observed event operations.
rain,2026-07-19T14:25:00Z,-35,pre_match,stadium_parking,2000,653,16,0,2.0,synthetic,scenario,Synthetic scenario assumption for FinalFlow demonstration; not observed event operations.
rain,2026-07-19T14:25:00Z,-35,pre_match,meadowlands_remote,1200,392,10,0,2.0,synthetic,scenario,Synthetic scenario assumption for FinalFlow demonstration; not observed event operations.
rain,2026-07-19T14:25:00Z,-35,pre_match,secaucus_park_ride,1000,324,8,0,2.0,synthetic,scenario,Synthetic scenario assumption for FinalFlow demonstration; not observed event operations.
rain,2026-07-19T14:25:00Z,-35,pre_match,midtown_park_ride,800,260,6,0,2.0,synthetic,scenario,Synthetic scenario assumption for FinalFlow demonstration; not observed event operations.
rain,2026-07-19T14:30:00Z,-30,ceremony,stadium_parking,2000,653,0,0,2.0,synthetic,scenario,Synthetic scenario assumption for FinalFlow demonstration; not observed event operations.
rain,2026-07-19T14:30:00Z,-30,ceremony,meadowlands_remote,1200,392,0,0,2.0,synthetic,scenario,Synthetic scenario assumption for FinalFlow demonstration; not observed event operations.
rain,2026-07-19T14:30:00Z,-30,ceremony,secaucus_park_ride,1000,324,0,0,2.0,synthetic,scenario,Synthetic scenario assumption for FinalFlow demonstration; not observed event operations.
rain,2026-07-19T14:30:00Z,-30,ceremony,midtown_park_ride,800,260,0,0,2.0,synthetic,scenario,Synthetic scenario assumption for FinalFlow demonstration; not observed event operations.
rain,2026-07-19T14:35:00Z,-25,ceremony,stadium_parking,2000,653,0,0,2.0,synthetic,scenario,Synthetic scenario assumption for FinalFlow demonstration; not observed event operations.
rain,2026-07-19T14:35:00Z,-25,ceremony,meadowlands_remote,1200,392,0,0,2.0,synthetic,scenario,Synthetic scenario assumption for FinalFlow demonstration; not observed event operations.
rain,2026-07-19T14:35:00Z,-25,ceremony,secaucus_park_ride,1000,324,0,0,2.0,synthetic,scenario,Synthetic scenario assumption for FinalFlow demonstration; not observed event operations.
rain,2026-07-19T14:35:00Z,-25,ceremony,midtown_park_ride,800,260,0,0,2.0,synthetic,scenario,Synthetic scenario assumption for FinalFlow demonstration; not observed event operations.
rain,2026-07-19T14:40:00Z,-20,ceremony,stadium_parking,2000,653,0,0,2.0,synthetic,scenario,Synthetic scenario assumption for FinalFlow demonstration; not observed event operations.
rain,2026-07-19T14:40:00Z,-20,ceremony,meadowlands_remote,1200,392,0,0,2.0,synthetic,scenario,Synthetic scenario assumption for FinalFlow demonstration; not observed event operations.
rain,2026-07-19T14:40:00Z,-20,ceremony,secaucus_park_ride,1000,324,0,0,2.0,synthetic,scenario,Synthetic scenario assumption for FinalFlow demonstration; not observed event operations.
rain,2026-07-19T14:40:00Z,-20,ceremony,midtown_park_ride,800,260,0,0,2.0,synthetic,scenario,Synthetic scenario assumption for FinalFlow demonstration; not observed event operations.
rain,2026-07-19T14:45:00Z,-15,ceremony,stadium_parking,2000,653,0,0,2.0,synthetic,scenario,Synthetic scenario assumption for FinalFlow demonstration; not observed event operations.
rain,2026-07-19T14:45:00Z,-15,ceremony,meadowlands_remote,1200,392,0,0,2.0,synthetic,scenario,Synthetic scenario assumption for FinalFlow demonstration; not observed event operations.
rain,2026-07-19T14:45:00Z,-15,ceremony,secaucus_park_ride,1000,324,0,0,2.0,synthetic,scenario,Synthetic scenario assumption for FinalFlow demonstration; not observed event operations.
rain,2026-07-19T14:45:00Z,-15,ceremony,midtown_park_ride,800,260,0,0,2.0,synthetic,scenario,Synthetic scenario assumption for FinalFlow demonstration; not observed event operations.
rain,2026-07-19T14:50:00Z,-10,ceremony,stadium_parking,2000,653,0,0,2.0,synthetic,scenario,Synthetic scenario assumption for FinalFlow demonstration; not observed event operations.
rain,2026-07-19T14:50:00Z,-10,ceremony,meadowlands_remote,1200,392,0,0,2.0,synthetic,scenario,Synthetic scenario assumption for FinalFlow demonstration; not observed event operations.
rain,2026-07-19T14:50:00Z,-10,ceremony,secaucus_park_ride,1000,324,0,0,2.0,synthetic,scenario,Synthetic scenario assumption for FinalFlow demonstration; not observed event operations.
rain,2026-07-19T14:50:00Z,-10,ceremony,midtown_park_ride,800,260,0,0,2.0,synthetic,scenario,Synthetic scenario assumption for FinalFlow demonstration; not observed event operations.
rain,2026-07-19T14:55:00Z,-5,ceremony,stadium_parking,2000,653,0,0,2.0,synthetic,scenario,Synthetic scenario assumption for FinalFlow demonstration; not observed event operations.
rain,2026-07-19T14:55:00Z,-5,ceremony,meadowlands_remote,1200,392,0,0,2.0,synthetic,scenario,Synthetic scenario assumption for FinalFlow demonstration; not observed event operations.
rain,2026-07-19T14:55:00Z,-5,ceremony,secaucus_park_ride,1000,324,0,0,2.0,synthetic,scenario,Synthetic scenario assumption for FinalFlow demonstration; not observed event operations.
rain,2026-07-19T14:55:00Z,-5,ceremony,midtown_park_ride,800,260,0,0,2.0,synthetic,scenario,Synthetic scenario assumption for FinalFlow demonstration; not observed event operations.
rain,2026-07-19T15:00:00Z,0,kickoff,stadium_parking,2000,653,0,0,2.0,synthetic,scenario,Synthetic scenario assumption for FinalFlow demonstration; not observed event operations.
rain,2026-07-19T15:00:00Z,0,kickoff,meadowlands_remote,1200,392,0,0,2.0,synthetic,scenario,Synthetic scenario assumption for FinalFlow demonstration; not observed event operations.
rain,2026-07-19T15:00:00Z,0,kickoff,secaucus_park_ride,1000,324,0,0,2.0,synthetic,scenario,Synthetic scenario assumption for FinalFlow demonstration; not observed event operations.
rain,2026-07-19T15:00:00Z,0,kickoff,midtown_park_ride,800,260,0,0,2.0,synthetic,scenario,Synthetic scenario assumption for FinalFlow demonstration; not observed event operations.
rain,2026-07-19T15:05:00Z,5,first_half,stadium_parking,2000,653,0,0,2.0,synthetic,scenario,Synthetic scenario assumption for FinalFlow demonstration; not observed event operations.
rain,2026-07-19T15:05:00Z,5,first_half,meadowlands_remote,1200,392,0,0,2.0,synthetic,scenario,Synthetic scenario assumption for FinalFlow demonstration; not observed event operations.
rain,2026-07-19T15:05:00Z,5,first_half,secaucus_park_ride,1000,324,0,0,2.0,synthetic,scenario,Synthetic scenario assumption for FinalFlow demonstration; not observed event operations.
rain,2026-07-19T15:05:00Z,5,first_half,midtown_park_ride,800,260,0,0,2.0,synthetic,scenario,Synthetic scenario assumption for FinalFlow demonstration; not observed event operations.
rain,2026-07-19T15:10:00Z,10,first_half,stadium_parking,2000,653,0,0,2.0,synthetic,scenario,Synthetic scenario assumption for FinalFlow demonstration; not observed event operations.
rain,2026-07-19T15:10:00Z,10,first_half,meadowlands_remote,1200,392,0,0,2.0,synthetic,scenario,Synthetic scenario assumption for FinalFlow demonstration; not observed event operations.
rain,2026-07-19T15:10:00Z,10,first_half,secaucus_park_ride,1000,324,0,0,2.0,synthetic,scenario,Synthetic scenario assumption for FinalFlow demonstration; not observed event operations.
rain,2026-07-19T15:10:00Z,10,first_half,midtown_park_ride,800,260,0,0,2.0,synthetic,scenario,Synthetic scenario assumption for FinalFlow demonstration; not observed event operations.
rain,2026-07-19T15:15:00Z,15,first_half,stadium_parking,2000,653,0,0,2.0,synthetic,scenario,Synthetic scenario assumption for FinalFlow demonstration; not observed event operations.
rain,2026-07-19T15:15:00Z,15,first_half,meadowlands_remote,1200,392,0,0,2.0,synthetic,scenario,Synthetic scenario assumption for FinalFlow demonstration; not observed event operations.
rain,2026-07-19T15:15:00Z,15,first_half,secaucus_park_ride,1000,324,0,0,2.0,synthetic,scenario,Synthetic scenario assumption for FinalFlow demonstration; not observed event operations.
rain,2026-07-19T15:15:00Z,15,first_half,midtown_park_ride,800,260,0,0,2.0,synthetic,scenario,Synthetic scenario assumption for FinalFlow demonstration; not observed event operations.
rain,2026-07-19T15:20:00Z,20,first_half,stadium_parking,2000,653,0,0,2.0,synthetic,scenario,Synthetic scenario assumption for FinalFlow demonstration; not observed event operations.
rain,2026-07-19T15:20:00Z,20,first_half,meadowlands_remote,1200,392,0,0,2.0,synthetic,scenario,Synthetic scenario assumption for FinalFlow demonstration; not observed event operations.
rain,2026-07-19T15:20:00Z,20,first_half,secaucus_park_ride,1000,324,0,0,2.0,synthetic,scenario,Synthetic scenario assumption for FinalFlow demonstration; not observed event operations.
rain,2026-07-19T15:20:00Z,20,first_half,midtown_park_ride,800,260,0,0,2.0,synthetic,scenario,Synthetic scenario assumption for FinalFlow demonstration; not observed event operations.
rain,2026-07-19T15:25:00Z,25,first_half,stadium_parking,2000,653,0,0,2.0,synthetic,scenario,Synthetic scenario assumption for FinalFlow demonstration; not observed event operations.
rain,2026-07-19T15:25:00Z,25,first_half,meadowlands_remote,1200,392,0,0,2.0,synthetic,scenario,Synthetic scenario assumption for FinalFlow demonstration; not observed event operations.
rain,2026-07-19T15:25:00Z,25,first_half,secaucus_park_ride,1000,324,0,0,2.0,synthetic,scenario,Synthetic scenario assumption for FinalFlow demonstration; not observed event operations.
rain,2026-07-19T15:25:00Z,25,first_half,midtown_park_ride,800,260,0,0,2.0,synthetic,scenario,Synthetic scenario assumption for FinalFlow demonstration; not observed event operations.
rain,2026-07-19T15:30:00Z,30,first_half,stadium_parking,2000,653,0,0,2.0,synthetic,scenario,Synthetic scenario assumption for FinalFlow demonstration; not observed event operations.
rain,2026-07-19T15:30:00Z,30,first_half,meadowlands_remote,1200,392,0,0,2.0,synthetic,scenario,Synthetic scenario assumption for FinalFlow demonstration; not observed event operations.
rain,2026-07-19T15:30:00Z,30,first_half,secaucus_park_ride,1000,324,0,0,2.0,synthetic,scenario,Synthetic scenario assumption for FinalFlow demonstration; not observed event operations.
rain,2026-07-19T15:30:00Z,30,first_half,midtown_park_ride,800,260,0,0,2.0,synthetic,scenario,Synthetic scenario assumption for FinalFlow demonstration; not observed event operations.
rain,2026-07-19T15:35:00Z,35,first_half,stadium_parking,2000,653,0,0,2.0,synthetic,scenario,Synthetic scenario assumption for FinalFlow demonstration; not observed event operations.
rain,2026-07-19T15:35:00Z,35,first_half,meadowlands_remote,1200,392,0,0,2.0,synthetic,scenario,Synthetic scenario assumption for FinalFlow demonstration; not observed event operations.
rain,2026-07-19T15:35:00Z,35,first_half,secaucus_park_ride,1000,324,0,0,2.0,synthetic,scenario,Synthetic scenario assumption for FinalFlow demonstration; not observed event operations.
rain,2026-07-19T15:35:00Z,35,first_half,midtown_park_ride,800,260,0,0,2.0,synthetic,scenario,Synthetic scenario assumption for FinalFlow demonstration; not observed event operations.
rain,2026-07-19T15:40:00Z,40,first_half,stadium_parking,2000,653,0,0,2.0,synthetic,scenario,Synthetic scenario assumption for FinalFlow demonstration; not observed event operations.
rain,2026-07-19T15:40:00Z,40,first_half,meadowlands_remote,1200,392,0,0,2.0,synthetic,scenario,Synthetic scenario assumption for FinalFlow demonstration; not observed event operations.
rain,2026-07-19T15:40:00Z,40,first_half,secaucus_park_ride,1000,324,0,0,2.0,synthetic,scenario,Synthetic scenario assumption for FinalFlow demonstration; not observed event operations.
rain,2026-07-19T15:40:00Z,40,first_half,midtown_park_ride,800,260,0,0,2.0,synthetic,scenario,Synthetic scenario assumption for FinalFlow demonstration; not observed event operations.
rain,2026-07-19T15:45:00Z,45,first_half_end,stadium_parking,2000,653,0,0,2.0,synthetic,scenario,Synthetic scenario assumption for FinalFlow demonstration; not observed event operations.
rain,2026-07-19T15:45:00Z,45,first_half_end,meadowlands_remote,1200,392,0,0,2.0,synthetic,scenario,Synthetic scenario assumption for FinalFlow demonstration; not observed event operations.
rain,2026-07-19T15:45:00Z,45,first_half_end,secaucus_park_ride,1000,324,0,0,2.0,synthetic,scenario,Synthetic scenario assumption for FinalFlow demonstration; not observed event operations.
rain,2026-07-19T15:45:00Z,45,first_half_end,midtown_park_ride,800,260,0,0,2.0,synthetic,scenario,Synthetic scenario assumption for FinalFlow demonstration; not observed event operations.
rain,2026-07-19T15:50:00Z,50,halftime,stadium_parking,2000,653,0,0,2.0,synthetic,scenario,Synthetic scenario assumption for FinalFlow demonstration; not observed event operations.
rain,2026-07-19T15:50:00Z,50,halftime,meadowlands_remote,1200,392,0,0,2.0,synthetic,scenario,Synthetic scenario assumption for FinalFlow demonstration; not observed event operations.
rain,2026-07-19T15:50:00Z,50,halftime,secaucus_park_ride,1000,324,0,0,2.0,synthetic,scenario,Synthetic scenario assumption for FinalFlow demonstration; not observed event operations.
rain,2026-07-19T15:50:00Z,50,halftime,midtown_park_ride,800,260,0,0,2.0,synthetic,scenario,Synthetic scenario assumption for FinalFlow demonstration; not observed event operations.
rain,2026-07-19T15:55:00Z,55,halftime,stadium_parking,2000,653,0,0,2.0,synthetic,scenario,Synthetic scenario assumption for FinalFlow demonstration; not observed event operations.
rain,2026-07-19T15:55:00Z,55,halftime,meadowlands_remote,1200,392,0,0,2.0,synthetic,scenario,Synthetic scenario assumption for FinalFlow demonstration; not observed event operations.
rain,2026-07-19T15:55:00Z,55,halftime,secaucus_park_ride,1000,324,0,0,2.0,synthetic,scenario,Synthetic scenario assumption for FinalFlow demonstration; not observed event operations.
rain,2026-07-19T15:55:00Z,55,halftime,midtown_park_ride,800,260,0,0,2.0,synthetic,scenario,Synthetic scenario assumption for FinalFlow demonstration; not observed event operations.
rain,2026-07-19T16:00:00Z,60,second_half,stadium_parking,2000,653,0,0,2.0,synthetic,scenario,Synthetic scenario assumption for FinalFlow demonstration; not observed event operations.
rain,2026-07-19T16:00:00Z,60,second_half,meadowlands_remote,1200,392,0,0,2.0,synthetic,scenario,Synthetic scenario assumption for FinalFlow demonstration; not observed event operations.
rain,2026-07-19T16:00:00Z,60,second_half,secaucus_park_ride,1000,324,0,0,2.0,synthetic,scenario,Synthetic scenario assumption for FinalFlow demonstration; not observed event operations.
rain,2026-07-19T16:00:00Z,60,second_half,midtown_park_ride,800,260,0,0,2.0,synthetic,scenario,Synthetic scenario assumption for FinalFlow demonstration; not observed event operations.
rain,2026-07-19T16:05:00Z,65,second_half,stadium_parking,2000,653,0,0,2.0,synthetic,scenario,Synthetic scenario assumption for FinalFlow demonstration; not observed event operations.
rain,2026-07-19T16:05:00Z,65,second_half,meadowlands_remote,1200,392,0,0,2.0,synthetic,scenario,Synthetic scenario assumption for FinalFlow demonstration; not observed event operations.
rain,2026-07-19T16:05:00Z,65,second_half,secaucus_park_ride,1000,324,0,0,2.0,synthetic,scenario,Synthetic scenario assumption for FinalFlow demonstration; not observed event operations.
rain,2026-07-19T16:05:00Z,65,second_half,midtown_park_ride,800,260,0,0,2.0,synthetic,scenario,Synthetic scenario assumption for FinalFlow demonstration; not observed event operations.
rain,2026-07-19T16:10:00Z,70,second_half,stadium_parking,2000,653,0,0,2.0,synthetic,scenario,Synthetic scenario assumption for FinalFlow demonstration; not observed event operations.
rain,2026-07-19T16:10:00Z,70,second_half,meadowlands_remote,1200,392,0,0,2.0,synthetic,scenario,Synthetic scenario assumption for FinalFlow demonstration; not observed event operations.
rain,2026-07-19T16:10:00Z,70,second_half,secaucus_park_ride,1000,324,0,0,2.0,synthetic,scenario,Synthetic scenario assumption for FinalFlow demonstration; not observed event operations.
rain,2026-07-19T16:10:00Z,70,second_half,midtown_park_ride,800,260,0,0,2.0,synthetic,scenario,Synthetic scenario assumption for FinalFlow demonstration; not observed event operations.
rain,2026-07-19T16:15:00Z,75,second_half,stadium_parking,2000,653,0,0,2.0,synthetic,scenario,Synthetic scenario assumption for FinalFlow demonstration; not observed event operations.
rain,2026-07-19T16:15:00Z,75,second_half,meadowlands_remote,1200,392,0,0,2.0,synthetic,scenario,Synthetic scenario assumption for FinalFlow demonstration; not observed event operations.
rain,2026-07-19T16:15:00Z,75,second_half,secaucus_park_ride,1000,324,0,0,2.0,synthetic,scenario,Synthetic scenario assumption for FinalFlow demonstration; not observed event operations.
rain,2026-07-19T16:15:00Z,75,second_half,midtown_park_ride,800,260,0,0,2.0,synthetic,scenario,Synthetic scenario assumption for FinalFlow demonstration; not observed event operations.
rain,2026-07-19T16:20:00Z,80,second_half,stadium_parking,2000,653,0,0,2.0,synthetic,scenario,Synthetic scenario assumption for FinalFlow demonstration; not observed event operations.
rain,2026-07-19T16:20:00Z,80,second_half,meadowlands_remote,1200,392,0,0,2.0,synthetic,scenario,Synthetic scenario assumption for FinalFlow demonstration; not observed event operations.
rain,2026-07-19T16:20:00Z,80,second_half,secaucus_park_ride,1000,324,0,0,2.0,synthetic,scenario,Synthetic scenario assumption for FinalFlow demonstration; not observed event operations.
rain,2026-07-19T16:20:00Z,80,second_half,midtown_park_ride,800,260,0,0,2.0,synthetic,scenario,Synthetic scenario assumption for FinalFlow demonstration; not observed event operations.
rain,2026-07-19T16:25:00Z,85,second_half,stadium_parking,2000,653,0,0,2.0,synthetic,scenario,Synthetic scenario assumption for FinalFlow demonstration; not observed event operations.
rain,2026-07-19T16:25:00Z,85,second_half,meadowlands_remote,1200,392,0,0,2.0,synthetic,scenario,Synthetic scenario assumption for FinalFlow demonstration; not observed event operations.
rain,2026-07-19T16:25:00Z,85,second_half,secaucus_park_ride,1000,324,0,0,2.0,synthetic,scenario,Synthetic scenario assumption for FinalFlow demonstration; not observed event operations.
rain,2026-07-19T16:25:00Z,85,second_half,midtown_park_ride,800,260,0,0,2.0,synthetic,scenario,Synthetic scenario assumption for FinalFlow demonstration; not observed event operations.
rain,2026-07-19T16:30:00Z,90,second_half,stadium_parking,2000,653,0,0,2.0,synthetic,scenario,Synthetic scenario assumption for FinalFlow demonstration; not observed event operations.
rain,2026-07-19T16:30:00Z,90,second_half,meadowlands_remote,1200,392,0,0,2.0,synthetic,scenario,Synthetic scenario assumption for FinalFlow demonstration; not observed event operations.
rain,2026-07-19T16:30:00Z,90,second_half,secaucus_park_ride,1000,324,0,0,2.0,synthetic,scenario,Synthetic scenario assumption for FinalFlow demonstration; not observed event operations.
rain,2026-07-19T16:30:00Z,90,second_half,midtown_park_ride,800,260,0,0,2.0,synthetic,scenario,Synthetic scenario assumption for FinalFlow demonstration; not observed event operations.
rain,2026-07-19T16:35:00Z,95,second_half,stadium_parking,2000,653,0,0,2.0,synthetic,scenario,Synthetic scenario assumption for FinalFlow demonstration; not observed event operations.
rain,2026-07-19T16:35:00Z,95,second_half,meadowlands_remote,1200,392,0,0,2.0,synthetic,scenario,Synthetic scenario assumption for FinalFlow demonstration; not observed event operations.
rain,2026-07-19T16:35:00Z,95,second_half,secaucus_park_ride,1000,324,0,0,2.0,synthetic,scenario,Synthetic scenario assumption for FinalFlow demonstration; not observed event operations.
rain,2026-07-19T16:35:00Z,95,second_half,midtown_park_ride,800,260,0,0,2.0,synthetic,scenario,Synthetic scenario assumption for FinalFlow demonstration; not observed event operations.
rain,2026-07-19T16:40:00Z,100,second_half,stadium_parking,2000,653,0,0,2.0,synthetic,scenario,Synthetic scenario assumption for FinalFlow demonstration; not observed event operations.
rain,2026-07-19T16:40:00Z,100,second_half,meadowlands_remote,1200,392,0,0,2.0,synthetic,scenario,Synthetic scenario assumption for FinalFlow demonstration; not observed event operations.
rain,2026-07-19T16:40:00Z,100,second_half,secaucus_park_ride,1000,324,0,0,2.0,synthetic,scenario,Synthetic scenario assumption for FinalFlow demonstration; not observed event operations.
rain,2026-07-19T16:40:00Z,100,second_half,midtown_park_ride,800,260,0,0,2.0,synthetic,scenario,Synthetic scenario assumption for FinalFlow demonstration; not observed event operations.
rain,2026-07-19T16:45:00Z,105,regulation_end,stadium_parking,2000,653,0,0,2.0,synthetic,scenario,Synthetic scenario assumption for FinalFlow demonstration; not observed event operations.
rain,2026-07-19T16:45:00Z,105,regulation_end,meadowlands_remote,1200,392,0,0,2.0,synthetic,scenario,Synthetic scenario assumption for FinalFlow demonstration; not observed event operations.
rain,2026-07-19T16:45:00Z,105,regulation_end,secaucus_park_ride,1000,324,0,0,2.0,synthetic,scenario,Synthetic scenario assumption for FinalFlow demonstration; not observed event operations.
rain,2026-07-19T16:45:00Z,105,regulation_end,midtown_park_ride,800,260,0,0,2.0,synthetic,scenario,Synthetic scenario assumption for FinalFlow demonstration; not observed event operations.
rain,2026-07-19T16:50:00Z,110,extra_time,stadium_parking,2000,653,0,0,2.0,synthetic,scenario,Synthetic scenario assumption for FinalFlow demonstration; not observed event operations.
rain,2026-07-19T16:50:00Z,110,extra_time,meadowlands_remote,1200,392,0,0,2.0,synthetic,scenario,Synthetic scenario assumption for FinalFlow demonstration; not observed event operations.
rain,2026-07-19T16:50:00Z,110,extra_time,secaucus_park_ride,1000,324,0,0,2.0,synthetic,scenario,Synthetic scenario assumption for FinalFlow demonstration; not observed event operations.
rain,2026-07-19T16:50:00Z,110,extra_time,midtown_park_ride,800,260,0,0,2.0,synthetic,scenario,Synthetic scenario assumption for FinalFlow demonstration; not observed event operations.
rain,2026-07-19T16:55:00Z,115,extra_time,stadium_parking,2000,653,0,0,2.0,synthetic,scenario,Synthetic scenario assumption for FinalFlow demonstration; not observed event operations.
rain,2026-07-19T16:55:00Z,115,extra_time,meadowlands_remote,1200,392,0,0,2.0,synthetic,scenario,Synthetic scenario assumption for FinalFlow demonstration; not observed event operations.
rain,2026-07-19T16:55:00Z,115,extra_time,secaucus_park_ride,1000,324,0,0,2.0,synthetic,scenario,Synthetic scenario assumption for FinalFlow demonstration; not observed event operations.
rain,2026-07-19T16:55:00Z,115,extra_time,midtown_park_ride,800,260,0,0,2.0,synthetic,scenario,Synthetic scenario assumption for FinalFlow demonstration; not observed event operations.
rain,2026-07-19T17:00:00Z,120,extra_time,stadium_parking,2000,653,0,0,2.0,synthetic,scenario,Synthetic scenario assumption for FinalFlow demonstration; not observed event operations.
rain,2026-07-19T17:00:00Z,120,extra_time,meadowlands_remote,1200,392,0,0,2.0,synthetic,scenario,Synthetic scenario assumption for FinalFlow demonstration; not observed event operations.
rain,2026-07-19T17:00:00Z,120,extra_time,secaucus_park_ride,1000,324,0,0,2.0,synthetic,scenario,Synthetic scenario assumption for FinalFlow demonstration; not observed event operations.
rain,2026-07-19T17:00:00Z,120,extra_time,midtown_park_ride,800,260,0,0,2.0,synthetic,scenario,Synthetic scenario assumption for FinalFlow demonstration; not observed event operations.
rain,2026-07-19T17:05:00Z,125,extra_time,stadium_parking,2000,653,0,0,2.0,synthetic,scenario,Synthetic scenario assumption for FinalFlow demonstration; not observed event operations.
rain,2026-07-19T17:05:00Z,125,extra_time,meadowlands_remote,1200,392,0,0,2.0,synthetic,scenario,Synthetic scenario assumption for FinalFlow demonstration; not observed event operations.
rain,2026-07-19T17:05:00Z,125,extra_time,secaucus_park_ride,1000,324,0,0,2.0,synthetic,scenario,Synthetic scenario assumption for FinalFlow demonstration; not observed event operations.
rain,2026-07-19T17:05:00Z,125,extra_time,midtown_park_ride,800,260,0,0,2.0,synthetic,scenario,Synthetic scenario assumption for FinalFlow demonstration; not observed event operations.
rain,2026-07-19T17:10:00Z,130,extra_time,stadium_parking,2000,653,0,0,2.0,synthetic,scenario,Synthetic scenario assumption for FinalFlow demonstration; not observed event operations.
rain,2026-07-19T17:10:00Z,130,extra_time,meadowlands_remote,1200,392,0,0,2.0,synthetic,scenario,Synthetic scenario assumption for FinalFlow demonstration; not observed event operations.
rain,2026-07-19T17:10:00Z,130,extra_time,secaucus_park_ride,1000,324,0,0,2.0,synthetic,scenario,Synthetic scenario assumption for FinalFlow demonstration; not observed event operations.
rain,2026-07-19T17:10:00Z,130,extra_time,midtown_park_ride,800,260,0,0,2.0,synthetic,scenario,Synthetic scenario assumption for FinalFlow demonstration; not observed event operations.
rain,2026-07-19T17:15:00Z,135,final_whistle,stadium_parking,2000,641,0,12,2.0,synthetic,scenario,Synthetic scenario assumption for FinalFlow demonstration; not observed event operations.
rain,2026-07-19T17:15:00Z,135,final_whistle,meadowlands_remote,1200,384,0,8,2.0,synthetic,scenario,Synthetic scenario assumption for FinalFlow demonstration; not observed event operations.
rain,2026-07-19T17:15:00Z,135,final_whistle,secaucus_park_ride,1000,318,0,6,2.0,synthetic,scenario,Synthetic scenario assumption for FinalFlow demonstration; not observed event operations.
rain,2026-07-19T17:15:00Z,135,final_whistle,midtown_park_ride,800,255,0,5,2.0,synthetic,scenario,Synthetic scenario assumption for FinalFlow demonstration; not observed event operations.
rain,2026-07-19T17:20:00Z,140,post_match,stadium_parking,2000,630,0,11,2.0,synthetic,scenario,Synthetic scenario assumption for FinalFlow demonstration; not observed event operations.
rain,2026-07-19T17:20:00Z,140,post_match,meadowlands_remote,1200,377,0,7,2.0,synthetic,scenario,Synthetic scenario assumption for FinalFlow demonstration; not observed event operations.
rain,2026-07-19T17:20:00Z,140,post_match,secaucus_park_ride,1000,312,0,6,2.0,synthetic,scenario,Synthetic scenario assumption for FinalFlow demonstration; not observed event operations.
rain,2026-07-19T17:20:00Z,140,post_match,midtown_park_ride,800,251,0,4,2.0,synthetic,scenario,Synthetic scenario assumption for FinalFlow demonstration; not observed event operations.
rain,2026-07-19T17:25:00Z,145,post_match,stadium_parking,2000,603,0,27,2.0,synthetic,scenario,Synthetic scenario assumption for FinalFlow demonstration; not observed event operations.
rain,2026-07-19T17:25:00Z,145,post_match,meadowlands_remote,1200,361,0,16,2.0,synthetic,scenario,Synthetic scenario assumption for FinalFlow demonstration; not observed event operations.
rain,2026-07-19T17:25:00Z,145,post_match,secaucus_park_ride,1000,298,0,14,2.0,synthetic,scenario,Synthetic scenario assumption for FinalFlow demonstration; not observed event operations.
rain,2026-07-19T17:25:00Z,145,post_match,midtown_park_ride,800,240,0,11,2.0,synthetic,scenario,Synthetic scenario assumption for FinalFlow demonstration; not observed event operations.
rain,2026-07-19T17:30:00Z,150,post_match,stadium_parking,2000,577,0,26,2.0,synthetic,scenario,Synthetic scenario assumption for FinalFlow demonstration; not observed event operations.
rain,2026-07-19T17:30:00Z,150,post_match,meadowlands_remote,1200,345,0,16,2.0,synthetic,scenario,Synthetic scenario assumption for FinalFlow demonstration; not observed event operations.
rain,2026-07-19T17:30:00Z,150,post_match,secaucus_park_ride,1000,285,0,13,2.0,synthetic,scenario,Synthetic scenario assumption for FinalFlow demonstration; not observed event operations.
rain,2026-07-19T17:30:00Z,150,post_match,midtown_park_ride,800,229,0,11,2.0,synthetic,scenario,Synthetic scenario assumption for FinalFlow demonstration; not observed event operations.
rain,2026-07-19T17:35:00Z,155,post_match,stadium_parking,2000,553,0,24,2.0,synthetic,scenario,Synthetic scenario assumption for FinalFlow demonstration; not observed event operations.
rain,2026-07-19T17:35:00Z,155,post_match,meadowlands_remote,1200,331,0,14,2.0,synthetic,scenario,Synthetic scenario assumption for FinalFlow demonstration; not observed event operations.
rain,2026-07-19T17:35:00Z,155,post_match,secaucus_park_ride,1000,273,0,12,2.0,synthetic,scenario,Synthetic scenario assumption for FinalFlow demonstration; not observed event operations.
rain,2026-07-19T17:35:00Z,155,post_match,midtown_park_ride,800,219,0,10,2.0,synthetic,scenario,Synthetic scenario assumption for FinalFlow demonstration; not observed event operations.
rain,2026-07-19T17:40:00Z,160,post_match,stadium_parking,2000,531,0,22,2.0,synthetic,scenario,Synthetic scenario assumption for FinalFlow demonstration; not observed event operations.
rain,2026-07-19T17:40:00Z,160,post_match,meadowlands_remote,1200,318,0,13,2.0,synthetic,scenario,Synthetic scenario assumption for FinalFlow demonstration; not observed event operations.
rain,2026-07-19T17:40:00Z,160,post_match,secaucus_park_ride,1000,262,0,11,2.0,synthetic,scenario,Synthetic scenario assumption for FinalFlow demonstration; not observed event operations.
rain,2026-07-19T17:40:00Z,160,post_match,midtown_park_ride,800,210,0,9,2.0,synthetic,scenario,Synthetic scenario assumption for FinalFlow demonstration; not observed event operations.
rain,2026-07-19T17:45:00Z,165,post_match,stadium_parking,2000,510,0,21,2.0,synthetic,scenario,Synthetic scenario assumption for FinalFlow demonstration; not observed event operations.
rain,2026-07-19T17:45:00Z,165,post_match,meadowlands_remote,1200,306,0,12,2.0,synthetic,scenario,Synthetic scenario assumption for FinalFlow demonstration; not observed event operations.
rain,2026-07-19T17:45:00Z,165,post_match,secaucus_park_ride,1000,252,0,10,2.0,synthetic,scenario,Synthetic scenario assumption for FinalFlow demonstration; not observed event operations.
rain,2026-07-19T17:45:00Z,165,post_match,midtown_park_ride,800,202,0,8,2.0,synthetic,scenario,Synthetic scenario assumption for FinalFlow demonstration; not observed event operations.
rain,2026-07-19T17:50:00Z,170,post_match,stadium_parking,2000,492,0,18,2.0,synthetic,scenario,Synthetic scenario assumption for FinalFlow demonstration; not observed event operations.
rain,2026-07-19T17:50:00Z,170,post_match,meadowlands_remote,1200,295,0,11,2.0,synthetic,scenario,Synthetic scenario assumption for FinalFlow demonstration; not observed event operations.
rain,2026-07-19T17:50:00Z,170,post_match,secaucus_park_ride,1000,243,0,9,2.0,synthetic,scenario,Synthetic scenario assumption for FinalFlow demonstration; not observed event operations.
rain,2026-07-19T17:50:00Z,170,post_match,midtown_park_ride,800,195,0,7,2.0,synthetic,scenario,Synthetic scenario assumption for FinalFlow demonstration; not observed event operations.
rain,2026-07-19T17:55:00Z,175,post_match,stadium_parking,2000,476,0,16,2.0,synthetic,scenario,Synthetic scenario assumption for FinalFlow demonstration; not observed event operations.
rain,2026-07-19T17:55:00Z,175,post_match,meadowlands_remote,1200,285,0,10,2.0,synthetic,scenario,Synthetic scenario assumption for FinalFlow demonstration; not observed event operations.
rain,2026-07-19T17:55:00Z,175,post_match,secaucus_park_ride,1000,235,0,8,2.0,synthetic,scenario,Synthetic scenario assumption for FinalFlow demonstration; not observed event operations.
rain,2026-07-19T17:55:00Z,175,post_match,midtown_park_ride,800,189,0,6,2.0,synthetic,scenario,Synthetic scenario assumption for FinalFlow demonstration; not observed event operations.
rain,2026-07-19T18:00:00Z,180,post_match,stadium_parking,2000,462,0,14,2.0,synthetic,scenario,Synthetic scenario assumption for FinalFlow demonstration; not observed event operations.
rain,2026-07-19T18:00:00Z,180,post_match,meadowlands_remote,1200,277,0,8,2.0,synthetic,scenario,Synthetic scenario assumption for FinalFlow demonstration; not observed event operations.
rain,2026-07-19T18:00:00Z,180,post_match,secaucus_park_ride,1000,228,0,7,2.0,synthetic,scenario,Synthetic scenario assumption for FinalFlow demonstration; not observed event operations.
rain,2026-07-19T18:00:00Z,180,post_match,midtown_park_ride,800,183,0,6,2.0,synthetic,scenario,Synthetic scenario assumption for FinalFlow demonstration; not observed event operations.
rain,2026-07-19T18:05:00Z,185,post_match,stadium_parking,2000,451,0,11,2.0,synthetic,scenario,Synthetic scenario assumption for FinalFlow demonstration; not observed event operations.
rain,2026-07-19T18:05:00Z,185,post_match,meadowlands_remote,1200,270,0,7,2.0,synthetic,scenario,Synthetic scenario assumption for FinalFlow demonstration; not observed event operations.
rain,2026-07-19T18:05:00Z,185,post_match,secaucus_park_ride,1000,222,0,6,2.0,synthetic,scenario,Synthetic scenario assumption for FinalFlow demonstration; not observed event operations.
rain,2026-07-19T18:05:00Z,185,post_match,midtown_park_ride,800,179,0,4,2.0,synthetic,scenario,Synthetic scenario assumption for FinalFlow demonstration; not observed event operations.
rain,2026-07-19T18:10:00Z,190,post_match,stadium_parking,2000,440,0,11,2.0,synthetic,scenario,Synthetic scenario assumption for FinalFlow demonstration; not observed event operations.
rain,2026-07-19T18:10:00Z,190,post_match,meadowlands_remote,1200,264,0,6,2.0,synthetic,scenario,Synthetic scenario assumption for FinalFlow demonstration; not observed event operations.
rain,2026-07-19T18:10:00Z,190,post_match,secaucus_park_ride,1000,217,0,5,2.0,synthetic,scenario,Synthetic scenario assumption for FinalFlow demonstration; not observed event operations.
rain,2026-07-19T18:10:00Z,190,post_match,midtown_park_ride,800,175,0,4,2.0,synthetic,scenario,Synthetic scenario assumption for FinalFlow demonstration; not observed event operations.
rain,2026-07-19T18:15:00Z,195,post_match,stadium_parking,2000,440,0,0,2.0,synthetic,scenario,Synthetic scenario assumption for FinalFlow demonstration; not observed event operations.
rain,2026-07-19T18:15:00Z,195,post_match,meadowlands_remote,1200,264,0,0,2.0,synthetic,scenario,Synthetic scenario assumption for FinalFlow demonstration; not observed event operations.
rain,2026-07-19T18:15:00Z,195,post_match,secaucus_park_ride,1000,217,0,0,2.0,synthetic,scenario,Synthetic scenario assumption for FinalFlow demonstration; not observed event operations.
rain,2026-07-19T18:15:00Z,195,post_match,midtown_park_ride,800,175,0,0,2.0,synthetic,scenario,Synthetic scenario assumption for FinalFlow demonstration; not observed event operations.
rain,2026-07-19T18:20:00Z,200,post_match,stadium_parking,2000,440,0,0,2.0,synthetic,scenario,Synthetic scenario assumption for FinalFlow demonstration; not observed event operations.
rain,2026-07-19T18:20:00Z,200,post_match,meadowlands_remote,1200,264,0,0,2.0,synthetic,scenario,Synthetic scenario assumption for FinalFlow demonstration; not observed event operations.
rain,2026-07-19T18:20:00Z,200,post_match,secaucus_park_ride,1000,217,0,0,2.0,synthetic,scenario,Synthetic scenario assumption for FinalFlow demonstration; not observed event operations.
rain,2026-07-19T18:20:00Z,200,post_match,midtown_park_ride,800,175,0,0,2.0,synthetic,scenario,Synthetic scenario assumption for FinalFlow demonstration; not observed event operations.
rain,2026-07-19T18:25:00Z,205,post_match,stadium_parking,2000,440,0,0,2.0,synthetic,scenario,Synthetic scenario assumption for FinalFlow demonstration; not observed event operations.
rain,2026-07-19T18:25:00Z,205,post_match,meadowlands_remote,1200,264,0,0,2.0,synthetic,scenario,Synthetic scenario assumption for FinalFlow demonstration; not observed event operations.
rain,2026-07-19T18:25:00Z,205,post_match,secaucus_park_ride,1000,217,0,0,2.0,synthetic,scenario,Synthetic scenario assumption for FinalFlow demonstration; not observed event operations.
rain,2026-07-19T18:25:00Z,205,post_match,midtown_park_ride,800,175,0,0,2.0,synthetic,scenario,Synthetic scenario assumption for FinalFlow demonstration; not observed event operations.
rain,2026-07-19T18:30:00Z,210,post_match,stadium_parking,2000,440,0,0,2.0,synthetic,scenario,Synthetic scenario assumption for FinalFlow demonstration; not observed event operations.
rain,2026-07-19T18:30:00Z,210,post_match,meadowlands_remote,1200,264,0,0,2.0,synthetic,scenario,Synthetic scenario assumption for FinalFlow demonstration; not observed event operations.
rain,2026-07-19T18:30:00Z,210,post_match,secaucus_park_ride,1000,217,0,0,2.0,synthetic,scenario,Synthetic scenario assumption for FinalFlow demonstration; not observed event operations.
rain,2026-07-19T18:30:00Z,210,post_match,midtown_park_ride,800,175,0,0,2.0,synthetic,scenario,Synthetic scenario assumption for FinalFlow demonstration; not observed event operations.
rain,2026-07-19T18:35:00Z,215,post_match,stadium_parking,2000,440,0,0,2.0,synthetic,scenario,Synthetic scenario assumption for FinalFlow demonstration; not observed event operations.
rain,2026-07-19T18:35:00Z,215,post_match,meadowlands_remote,1200,264,0,0,2.0,synthetic,scenario,Synthetic scenario assumption for FinalFlow demonstration; not observed event operations.
rain,2026-07-19T18:35:00Z,215,post_match,secaucus_park_ride,1000,217,0,0,2.0,synthetic,scenario,Synthetic scenario assumption for FinalFlow demonstration; not observed event operations.
rain,2026-07-19T18:35:00Z,215,post_match,midtown_park_ride,800,175,0,0,2.0,synthetic,scenario,Synthetic scenario assumption for FinalFlow demonstration; not observed event operations.
rain,2026-07-19T18:40:00Z,220,post_match,stadium_parking,2000,440,0,0,2.0,synthetic,scenario,Synthetic scenario assumption for FinalFlow demonstration; not observed event operations.
rain,2026-07-19T18:40:00Z,220,post_match,meadowlands_remote,1200,264,0,0,2.0,synthetic,scenario,Synthetic scenario assumption for FinalFlow demonstration; not observed event operations.
rain,2026-07-19T18:40:00Z,220,post_match,secaucus_park_ride,1000,217,0,0,2.0,synthetic,scenario,Synthetic scenario assumption for FinalFlow demonstration; not observed event operations.
rain,2026-07-19T18:40:00Z,220,post_match,midtown_park_ride,800,175,0,0,2.0,synthetic,scenario,Synthetic scenario assumption for FinalFlow demonstration; not observed event operations.
rain,2026-07-19T18:45:00Z,225,post_match,stadium_parking,2000,440,0,0,2.0,synthetic,scenario,Synthetic scenario assumption for FinalFlow demonstration; not observed event operations.
rain,2026-07-19T18:45:00Z,225,post_match,meadowlands_remote,1200,264,0,0,2.0,synthetic,scenario,Synthetic scenario assumption for FinalFlow demonstration; not observed event operations.
rain,2026-07-19T18:45:00Z,225,post_match,secaucus_park_ride,1000,217,0,0,2.0,synthetic,scenario,Synthetic scenario assumption for FinalFlow demonstration; not observed event operations.
rain,2026-07-19T18:45:00Z,225,post_match,midtown_park_ride,800,175,0,0,2.0,synthetic,scenario,Synthetic scenario assumption for FinalFlow demonstration; not observed event operations.
rain,2026-07-19T18:50:00Z,230,post_match,stadium_parking,2000,440,0,0,2.0,synthetic,scenario,Synthetic scenario assumption for FinalFlow demonstration; not observed event operations.
rain,2026-07-19T18:50:00Z,230,post_match,meadowlands_remote,1200,264,0,0,2.0,synthetic,scenario,Synthetic scenario assumption for FinalFlow demonstration; not observed event operations.
rain,2026-07-19T18:50:00Z,230,post_match,secaucus_park_ride,1000,217,0,0,2.0,synthetic,scenario,Synthetic scenario assumption for FinalFlow demonstration; not observed event operations.
rain,2026-07-19T18:50:00Z,230,post_match,midtown_park_ride,800,175,0,0,2.0,synthetic,scenario,Synthetic scenario assumption for FinalFlow demonstration; not observed event operations.
rain,2026-07-19T18:55:00Z,235,post_match,stadium_parking,2000,440,0,0,2.0,synthetic,scenario,Synthetic scenario assumption for FinalFlow demonstration; not observed event operations.
rain,2026-07-19T18:55:00Z,235,post_match,meadowlands_remote,1200,264,0,0,2.0,synthetic,scenario,Synthetic scenario assumption for FinalFlow demonstration; not observed event operations.
rain,2026-07-19T18:55:00Z,235,post_match,secaucus_park_ride,1000,217,0,0,2.0,synthetic,scenario,Synthetic scenario assumption for FinalFlow demonstration; not observed event operations.
rain,2026-07-19T18:55:00Z,235,post_match,midtown_park_ride,800,175,0,0,2.0,synthetic,scenario,Synthetic scenario assumption for FinalFlow demonstration; not observed event operations.
rain,2026-07-19T19:00:00Z,240,post_match,stadium_parking,2000,440,0,0,2.0,synthetic,scenario,Synthetic scenario assumption for FinalFlow demonstration; not observed event operations.
rain,2026-07-19T19:00:00Z,240,post_match,meadowlands_remote,1200,264,0,0,2.0,synthetic,scenario,Synthetic scenario assumption for FinalFlow demonstration; not observed event operations.
rain,2026-07-19T19:00:00Z,240,post_match,secaucus_park_ride,1000,217,0,0,2.0,synthetic,scenario,Synthetic scenario assumption for FinalFlow demonstration; not observed event operations.
rain,2026-07-19T19:00:00Z,240,post_match,midtown_park_ride,800,175,0,0,2.0,synthetic,scenario,Synthetic scenario assumption for FinalFlow demonstration; not observed event operations.
rain,2026-07-19T19:05:00Z,245,post_match,stadium_parking,2000,440,0,0,2.0,synthetic,scenario,Synthetic scenario assumption for FinalFlow demonstration; not observed event operations.
rain,2026-07-19T19:05:00Z,245,post_match,meadowlands_remote,1200,264,0,0,2.0,synthetic,scenario,Synthetic scenario assumption for FinalFlow demonstration; not observed event operations.
rain,2026-07-19T19:05:00Z,245,post_match,secaucus_park_ride,1000,217,0,0,2.0,synthetic,scenario,Synthetic scenario assumption for FinalFlow demonstration; not observed event operations.
rain,2026-07-19T19:05:00Z,245,post_match,midtown_park_ride,800,175,0,0,2.0,synthetic,scenario,Synthetic scenario assumption for FinalFlow demonstration; not observed event operations.
rain,2026-07-19T19:10:00Z,250,post_match,stadium_parking,2000,440,0,0,2.0,synthetic,scenario,Synthetic scenario assumption for FinalFlow demonstration; not observed event operations.
rain,2026-07-19T19:10:00Z,250,post_match,meadowlands_remote,1200,264,0,0,2.0,synthetic,scenario,Synthetic scenario assumption for FinalFlow demonstration; not observed event operations.
rain,2026-07-19T19:10:00Z,250,post_match,secaucus_park_ride,1000,217,0,0,2.0,synthetic,scenario,Synthetic scenario assumption for FinalFlow demonstration; not observed event operations.
rain,2026-07-19T19:10:00Z,250,post_match,midtown_park_ride,800,175,0,0,2.0,synthetic,scenario,Synthetic scenario assumption for FinalFlow demonstration; not observed event operations.
rain,2026-07-19T19:15:00Z,255,post_match,stadium_parking,2000,440,0,0,2.0,synthetic,scenario,Synthetic scenario assumption for FinalFlow demonstration; not observed event operations.
rain,2026-07-19T19:15:00Z,255,post_match,meadowlands_remote,1200,264,0,0,2.0,synthetic,scenario,Synthetic scenario assumption for FinalFlow demonstration; not observed event operations.
rain,2026-07-19T19:15:00Z,255,post_match,secaucus_park_ride,1000,217,0,0,2.0,synthetic,scenario,Synthetic scenario assumption for FinalFlow demonstration; not observed event operations.
rain,2026-07-19T19:15:00Z,255,post_match,midtown_park_ride,800,175,0,0,2.0,synthetic,scenario,Synthetic scenario assumption for FinalFlow demonstration; not observed event operations.
rain,2026-07-19T19:20:00Z,260,post_match,stadium_parking,2000,440,0,0,2.0,synthetic,scenario,Synthetic scenario assumption for FinalFlow demonstration; not observed event operations.
rain,2026-07-19T19:20:00Z,260,post_match,meadowlands_remote,1200,264,0,0,2.0,synthetic,scenario,Synthetic scenario assumption for FinalFlow demonstration; not observed event operations.
rain,2026-07-19T19:20:00Z,260,post_match,secaucus_park_ride,1000,217,0,0,2.0,synthetic,scenario,Synthetic scenario assumption for FinalFlow demonstration; not observed event operations.
rain,2026-07-19T19:20:00Z,260,post_match,midtown_park_ride,800,175,0,0,2.0,synthetic,scenario,Synthetic scenario assumption for FinalFlow demonstration; not observed event operations.
rain,2026-07-19T19:25:00Z,265,post_match,stadium_parking,2000,440,0,0,2.0,synthetic,scenario,Synthetic scenario assumption for FinalFlow demonstration; not observed event operations.
rain,2026-07-19T19:25:00Z,265,post_match,meadowlands_remote,1200,264,0,0,2.0,synthetic,scenario,Synthetic scenario assumption for FinalFlow demonstration; not observed event operations.
rain,2026-07-19T19:25:00Z,265,post_match,secaucus_park_ride,1000,217,0,0,2.0,synthetic,scenario,Synthetic scenario assumption for FinalFlow demonstration; not observed event operations.
rain,2026-07-19T19:25:00Z,265,post_match,midtown_park_ride,800,175,0,0,2.0,synthetic,scenario,Synthetic scenario assumption for FinalFlow demonstration; not observed event operations.
rain,2026-07-19T19:30:00Z,270,post_match,stadium_parking,2000,440,0,0,2.0,synthetic,scenario,Synthetic scenario assumption for FinalFlow demonstration; not observed event operations.
rain,2026-07-19T19:30:00Z,270,post_match,meadowlands_remote,1200,264,0,0,2.0,synthetic,scenario,Synthetic scenario assumption for FinalFlow demonstration; not observed event operations.
rain,2026-07-19T19:30:00Z,270,post_match,secaucus_park_ride,1000,217,0,0,2.0,synthetic,scenario,Synthetic scenario assumption for FinalFlow demonstration; not observed event operations.
rain,2026-07-19T19:30:00Z,270,post_match,midtown_park_ride,800,175,0,0,2.0,synthetic,scenario,Synthetic scenario assumption for FinalFlow demonstration; not observed event operations.
rain,2026-07-19T19:35:00Z,275,post_match,stadium_parking,2000,440,0,0,2.0,synthetic,scenario,Synthetic scenario assumption for FinalFlow demonstration; not observed event operations.
rain,2026-07-19T19:35:00Z,275,post_match,meadowlands_remote,1200,264,0,0,2.0,synthetic,scenario,Synthetic scenario assumption for FinalFlow demonstration; not observed event operations.
rain,2026-07-19T19:35:00Z,275,post_match,secaucus_park_ride,1000,217,0,0,2.0,synthetic,scenario,Synthetic scenario assumption for FinalFlow demonstration; not observed event operations.
rain,2026-07-19T19:35:00Z,275,post_match,midtown_park_ride,800,175,0,0,2.0,synthetic,scenario,Synthetic scenario assumption for FinalFlow demonstration; not observed event operations.
rain,2026-07-19T19:40:00Z,280,post_match,stadium_parking,2000,440,0,0,2.0,synthetic,scenario,Synthetic scenario assumption for FinalFlow demonstration; not observed event operations.
rain,2026-07-19T19:40:00Z,280,post_match,meadowlands_remote,1200,264,0,0,2.0,synthetic,scenario,Synthetic scenario assumption for FinalFlow demonstration; not observed event operations.
rain,2026-07-19T19:40:00Z,280,post_match,secaucus_park_ride,1000,217,0,0,2.0,synthetic,scenario,Synthetic scenario assumption for FinalFlow demonstration; not observed event operations.
rain,2026-07-19T19:40:00Z,280,post_match,midtown_park_ride,800,175,0,0,2.0,synthetic,scenario,Synthetic scenario assumption for FinalFlow demonstration; not observed event operations.
rain,2026-07-19T19:45:00Z,285,post_match,stadium_parking,2000,440,0,0,2.0,synthetic,scenario,Synthetic scenario assumption for FinalFlow demonstration; not observed event operations.
rain,2026-07-19T19:45:00Z,285,post_match,meadowlands_remote,1200,264,0,0,2.0,synthetic,scenario,Synthetic scenario assumption for FinalFlow demonstration; not observed event operations.
rain,2026-07-19T19:45:00Z,285,post_match,secaucus_park_ride,1000,217,0,0,2.0,synthetic,scenario,Synthetic scenario assumption for FinalFlow demonstration; not observed event operations.
rain,2026-07-19T19:45:00Z,285,post_match,midtown_park_ride,800,175,0,0,2.0,synthetic,scenario,Synthetic scenario assumption for FinalFlow demonstration; not observed event operations.
rain,2026-07-19T19:50:00Z,290,post_match,stadium_parking,2000,440,0,0,2.0,synthetic,scenario,Synthetic scenario assumption for FinalFlow demonstration; not observed event operations.
rain,2026-07-19T19:50:00Z,290,post_match,meadowlands_remote,1200,264,0,0,2.0,synthetic,scenario,Synthetic scenario assumption for FinalFlow demonstration; not observed event operations.
rain,2026-07-19T19:50:00Z,290,post_match,secaucus_park_ride,1000,217,0,0,2.0,synthetic,scenario,Synthetic scenario assumption for FinalFlow demonstration; not observed event operations.
rain,2026-07-19T19:50:00Z,290,post_match,midtown_park_ride,800,175,0,0,2.0,synthetic,scenario,Synthetic scenario assumption for FinalFlow demonstration; not observed event operations.
rain,2026-07-19T19:55:00Z,295,post_match,stadium_parking,2000,440,0,0,2.0,synthetic,scenario,Synthetic scenario assumption for FinalFlow demonstration; not observed event operations.
rain,2026-07-19T19:55:00Z,295,post_match,meadowlands_remote,1200,264,0,0,2.0,synthetic,scenario,Synthetic scenario assumption for FinalFlow demonstration; not observed event operations.
rain,2026-07-19T19:55:00Z,295,post_match,secaucus_park_ride,1000,217,0,0,2.0,synthetic,scenario,Synthetic scenario assumption for FinalFlow demonstration; not observed event operations.
rain,2026-07-19T19:55:00Z,295,post_match,midtown_park_ride,800,175,0,0,2.0,synthetic,scenario,Synthetic scenario assumption for FinalFlow demonstration; not observed event operations.
rain,2026-07-19T20:00:00Z,300,post_match,stadium_parking,2000,440,0,0,2.0,synthetic,scenario,Synthetic scenario assumption for FinalFlow demonstration; not observed event operations.
rain,2026-07-19T20:00:00Z,300,post_match,meadowlands_remote,1200,264,0,0,2.0,synthetic,scenario,Synthetic scenario assumption for FinalFlow demonstration; not observed event operations.
rain,2026-07-19T20:00:00Z,300,post_match,secaucus_park_ride,1000,217,0,0,2.0,synthetic,scenario,Synthetic scenario assumption for FinalFlow demonstration; not observed event operations.
rain,2026-07-19T20:00:00Z,300,post_match,midtown_park_ride,800,175,0,0,2.0,synthetic,scenario,Synthetic scenario assumption for FinalFlow demonstration; not observed event operations.
rain,2026-07-19T20:05:00Z,305,post_match,stadium_parking,2000,440,0,0,2.0,synthetic,scenario,Synthetic scenario assumption for FinalFlow demonstration; not observed event operations.
rain,2026-07-19T20:05:00Z,305,post_match,meadowlands_remote,1200,264,0,0,2.0,synthetic,scenario,Synthetic scenario assumption for FinalFlow demonstration; not observed event operations.
rain,2026-07-19T20:05:00Z,305,post_match,secaucus_park_ride,1000,217,0,0,2.0,synthetic,scenario,Synthetic scenario assumption for FinalFlow demonstration; not observed event operations.
rain,2026-07-19T20:05:00Z,305,post_match,midtown_park_ride,800,175,0,0,2.0,synthetic,scenario,Synthetic scenario assumption for FinalFlow demonstration; not observed event operations.
rain,2026-07-19T20:10:00Z,310,post_match,stadium_parking,2000,440,0,0,2.0,synthetic,scenario,Synthetic scenario assumption for FinalFlow demonstration; not observed event operations.
rain,2026-07-19T20:10:00Z,310,post_match,meadowlands_remote,1200,264,0,0,2.0,synthetic,scenario,Synthetic scenario assumption for FinalFlow demonstration; not observed event operations.
rain,2026-07-19T20:10:00Z,310,post_match,secaucus_park_ride,1000,217,0,0,2.0,synthetic,scenario,Synthetic scenario assumption for FinalFlow demonstration; not observed event operations.
rain,2026-07-19T20:10:00Z,310,post_match,midtown_park_ride,800,175,0,0,2.0,synthetic,scenario,Synthetic scenario assumption for FinalFlow demonstration; not observed event operations.
rain,2026-07-19T20:15:00Z,315,post_match,stadium_parking,2000,440,0,0,2.0,synthetic,scenario,Synthetic scenario assumption for FinalFlow demonstration; not observed event operations.
rain,2026-07-19T20:15:00Z,315,post_match,meadowlands_remote,1200,264,0,0,2.0,synthetic,scenario,Synthetic scenario assumption for FinalFlow demonstration; not observed event operations.
rain,2026-07-19T20:15:00Z,315,post_match,secaucus_park_ride,1000,217,0,0,2.0,synthetic,scenario,Synthetic scenario assumption for FinalFlow demonstration; not observed event operations.
rain,2026-07-19T20:15:00Z,315,post_match,midtown_park_ride,800,175,0,0,2.0,synthetic,scenario,Synthetic scenario assumption for FinalFlow demonstration; not observed event operations.
staggered_departure,2026-07-19T12:00:00Z,-180,pre_match,stadium_parking,2000,400,0,0,2.0,synthetic,scenario,Synthetic scenario assumption for FinalFlow demonstration; not observed event operations.
staggered_departure,2026-07-19T12:00:00Z,-180,pre_match,meadowlands_remote,1200,240,0,0,2.0,synthetic,scenario,Synthetic scenario assumption for FinalFlow demonstration; not observed event operations.
staggered_departure,2026-07-19T12:00:00Z,-180,pre_match,secaucus_park_ride,1000,200,0,0,2.0,synthetic,scenario,Synthetic scenario assumption for FinalFlow demonstration; not observed event operations.
staggered_departure,2026-07-19T12:00:00Z,-180,pre_match,midtown_park_ride,800,160,0,0,2.0,synthetic,scenario,Synthetic scenario assumption for FinalFlow demonstration; not observed event operations.
staggered_departure,2026-07-19T12:05:00Z,-175,pre_match,stadium_parking,2000,400,0,0,2.0,synthetic,scenario,Synthetic scenario assumption for FinalFlow demonstration; not observed event operations.
staggered_departure,2026-07-19T12:05:00Z,-175,pre_match,meadowlands_remote,1200,240,0,0,2.0,synthetic,scenario,Synthetic scenario assumption for FinalFlow demonstration; not observed event operations.
staggered_departure,2026-07-19T12:05:00Z,-175,pre_match,secaucus_park_ride,1000,200,0,0,2.0,synthetic,scenario,Synthetic scenario assumption for FinalFlow demonstration; not observed event operations.
staggered_departure,2026-07-19T12:05:00Z,-175,pre_match,midtown_park_ride,800,160,0,0,2.0,synthetic,scenario,Synthetic scenario assumption for FinalFlow demonstration; not observed event operations.
staggered_departure,2026-07-19T12:10:00Z,-170,pre_match,stadium_parking,2000,400,0,0,2.0,synthetic,scenario,Synthetic scenario assumption for FinalFlow demonstration; not observed event operations.
staggered_departure,2026-07-19T12:10:00Z,-170,pre_match,meadowlands_remote,1200,240,0,0,2.0,synthetic,scenario,Synthetic scenario assumption for FinalFlow demonstration; not observed event operations.
staggered_departure,2026-07-19T12:10:00Z,-170,pre_match,secaucus_park_ride,1000,200,0,0,2.0,synthetic,scenario,Synthetic scenario assumption for FinalFlow demonstration; not observed event operations.
staggered_departure,2026-07-19T12:10:00Z,-170,pre_match,midtown_park_ride,800,160,0,0,2.0,synthetic,scenario,Synthetic scenario assumption for FinalFlow demonstration; not observed event operations.
staggered_departure,2026-07-19T12:15:00Z,-165,pre_match,stadium_parking,2000,400,0,0,2.0,synthetic,scenario,Synthetic scenario assumption for FinalFlow demonstration; not observed event operations.
staggered_departure,2026-07-19T12:15:00Z,-165,pre_match,meadowlands_remote,1200,240,0,0,2.0,synthetic,scenario,Synthetic scenario assumption for FinalFlow demonstration; not observed event operations.
staggered_departure,2026-07-19T12:15:00Z,-165,pre_match,secaucus_park_ride,1000,200,0,0,2.0,synthetic,scenario,Synthetic scenario assumption for FinalFlow demonstration; not observed event operations.
staggered_departure,2026-07-19T12:15:00Z,-165,pre_match,midtown_park_ride,800,160,0,0,2.0,synthetic,scenario,Synthetic scenario assumption for FinalFlow demonstration; not observed event operations.
staggered_departure,2026-07-19T12:20:00Z,-160,pre_match,stadium_parking,2000,400,0,0,2.0,synthetic,scenario,Synthetic scenario assumption for FinalFlow demonstration; not observed event operations.
staggered_departure,2026-07-19T12:20:00Z,-160,pre_match,meadowlands_remote,1200,240,0,0,2.0,synthetic,scenario,Synthetic scenario assumption for FinalFlow demonstration; not observed event operations.
staggered_departure,2026-07-19T12:20:00Z,-160,pre_match,secaucus_park_ride,1000,200,0,0,2.0,synthetic,scenario,Synthetic scenario assumption for FinalFlow demonstration; not observed event operations.
staggered_departure,2026-07-19T12:20:00Z,-160,pre_match,midtown_park_ride,800,160,0,0,2.0,synthetic,scenario,Synthetic scenario assumption for FinalFlow demonstration; not observed event operations.
staggered_departure,2026-07-19T12:25:00Z,-155,pre_match,stadium_parking,2000,400,0,0,2.0,synthetic,scenario,Synthetic scenario assumption for FinalFlow demonstration; not observed event operations.
staggered_departure,2026-07-19T12:25:00Z,-155,pre_match,meadowlands_remote,1200,240,0,0,2.0,synthetic,scenario,Synthetic scenario assumption for FinalFlow demonstration; not observed event operations.
staggered_departure,2026-07-19T12:25:00Z,-155,pre_match,secaucus_park_ride,1000,200,0,0,2.0,synthetic,scenario,Synthetic scenario assumption for FinalFlow demonstration; not observed event operations.
staggered_departure,2026-07-19T12:25:00Z,-155,pre_match,midtown_park_ride,800,160,0,0,2.0,synthetic,scenario,Synthetic scenario assumption for FinalFlow demonstration; not observed event operations.
staggered_departure,2026-07-19T12:30:00Z,-150,pre_match,stadium_parking,2000,401,1,0,2.0,synthetic,scenario,Synthetic scenario assumption for FinalFlow demonstration; not observed event operations.
staggered_departure,2026-07-19T12:30:00Z,-150,pre_match,meadowlands_remote,1200,240,0,0,2.0,synthetic,scenario,Synthetic scenario assumption for FinalFlow demonstration; not observed event operations.
staggered_departure,2026-07-19T12:30:00Z,-150,pre_match,secaucus_park_ride,1000,200,0,0,2.0,synthetic,scenario,Synthetic scenario assumption for FinalFlow demonstration; not observed event operations.
staggered_departure,2026-07-19T12:30:00Z,-150,pre_match,midtown_park_ride,800,160,0,0,2.0,synthetic,scenario,Synthetic scenario assumption for FinalFlow demonstration; not observed event operations.
staggered_departure,2026-07-19T12:35:00Z,-145,pre_match,stadium_parking,2000,402,1,0,2.0,synthetic,scenario,Synthetic scenario assumption for FinalFlow demonstration; not observed event operations.
staggered_departure,2026-07-19T12:35:00Z,-145,pre_match,meadowlands_remote,1200,240,0,0,2.0,synthetic,scenario,Synthetic scenario assumption for FinalFlow demonstration; not observed event operations.
staggered_departure,2026-07-19T12:35:00Z,-145,pre_match,secaucus_park_ride,1000,200,0,0,2.0,synthetic,scenario,Synthetic scenario assumption for FinalFlow demonstration; not observed event operations.
staggered_departure,2026-07-19T12:35:00Z,-145,pre_match,midtown_park_ride,800,160,0,0,2.0,synthetic,scenario,Synthetic scenario assumption for FinalFlow demonstration; not observed event operations.
staggered_departure,2026-07-19T12:40:00Z,-140,pre_match,stadium_parking,2000,403,1,0,2.0,synthetic,scenario,Synthetic scenario assumption for FinalFlow demonstration; not observed event operations.
staggered_departure,2026-07-19T12:40:00Z,-140,pre_match,meadowlands_remote,1200,240,0,0,2.0,synthetic,scenario,Synthetic scenario assumption for FinalFlow demonstration; not observed event operations.
staggered_departure,2026-07-19T12:40:00Z,-140,pre_match,secaucus_park_ride,1000,200,0,0,2.0,synthetic,scenario,Synthetic scenario assumption for FinalFlow demonstration; not observed event operations.
staggered_departure,2026-07-19T12:40:00Z,-140,pre_match,midtown_park_ride,800,160,0,0,2.0,synthetic,scenario,Synthetic scenario assumption for FinalFlow demonstration; not observed event operations.
staggered_departure,2026-07-19T12:45:00Z,-135,pre_match,stadium_parking,2000,406,3,0,2.0,synthetic,scenario,Synthetic scenario assumption for FinalFlow demonstration; not observed event operations.
staggered_departure,2026-07-19T12:45:00Z,-135,pre_match,meadowlands_remote,1200,242,2,0,2.0,synthetic,scenario,Synthetic scenario assumption for FinalFlow demonstration; not observed event operations.
staggered_departure,2026-07-19T12:45:00Z,-135,pre_match,secaucus_park_ride,1000,201,1,0,2.0,synthetic,scenario,Synthetic scenario assumption for FinalFlow demonstration; not observed event operations.
staggered_departure,2026-07-19T12:45:00Z,-135,pre_match,midtown_park_ride,800,161,1,0,2.0,synthetic,scenario,Synthetic scenario assumption for FinalFlow demonstration; not observed event operations.
staggered_departure,2026-07-19T12:50:00Z,-130,pre_match,stadium_parking,2000,409,3,0,2.0,synthetic,scenario,Synthetic scenario assumption for FinalFlow demonstration; not observed event operations.
staggered_departure,2026-07-19T12:50:00Z,-130,pre_match,meadowlands_remote,1200,244,2,0,2.0,synthetic,scenario,Synthetic scenario assumption for FinalFlow demonstration; not observed event operations.
staggered_departure,2026-07-19T12:50:00Z,-130,pre_match,secaucus_park_ride,1000,202,1,0,2.0,synthetic,scenario,Synthetic scenario assumption for FinalFlow demonstration; not observed event operations.
staggered_departure,2026-07-19T12:50:00Z,-130,pre_match,midtown_park_ride,800,162,1,0,2.0,synthetic,scenario,Synthetic scenario assumption for FinalFlow demonstration; not observed event operations.
staggered_departure,2026-07-19T12:55:00Z,-125,pre_match,stadium_parking,2000,413,4,0,2.0,synthetic,scenario,Synthetic scenario assumption for FinalFlow demonstration; not observed event operations.
staggered_departure,2026-07-19T12:55:00Z,-125,pre_match,meadowlands_remote,1200,247,3,0,2.0,synthetic,scenario,Synthetic scenario assumption for FinalFlow demonstration; not observed event operations.
staggered_departure,2026-07-19T12:55:00Z,-125,pre_match,secaucus_park_ride,1000,204,2,0,2.0,synthetic,scenario,Synthetic scenario assumption for FinalFlow demonstration; not observed event operations.
staggered_departure,2026-07-19T12:55:00Z,-125,pre_match,midtown_park_ride,800,164,2,0,2.0,synthetic,scenario,Synthetic scenario assumption for FinalFlow demonstration; not observed event operations.
staggered_departure,2026-07-19T13:00:00Z,-120,gates_open,stadium_parking,2000,417,4,0,2.0,synthetic,scenario,Synthetic scenario assumption for FinalFlow demonstration; not observed event operations.
staggered_departure,2026-07-19T13:00:00Z,-120,gates_open,meadowlands_remote,1200,250,3,0,2.0,synthetic,scenario,Synthetic scenario assumption for FinalFlow demonstration; not observed event operations.
staggered_departure,2026-07-19T13:00:00Z,-120,gates_open,secaucus_park_ride,1000,206,2,0,2.0,synthetic,scenario,Synthetic scenario assumption for FinalFlow demonstration; not observed event operations.
staggered_departure,2026-07-19T13:00:00Z,-120,gates_open,midtown_park_ride,800,166,2,0,2.0,synthetic,scenario,Synthetic scenario assumption for FinalFlow demonstration; not observed event operations.
staggered_departure,2026-07-19T13:05:00Z,-115,pre_match,stadium_parking,2000,422,5,0,2.0,synthetic,scenario,Synthetic scenario assumption for FinalFlow demonstration; not observed event operations.
staggered_departure,2026-07-19T13:05:00Z,-115,pre_match,meadowlands_remote,1200,253,3,0,2.0,synthetic,scenario,Synthetic scenario assumption for FinalFlow demonstration; not observed event operations.
staggered_departure,2026-07-19T13:05:00Z,-115,pre_match,secaucus_park_ride,1000,208,2,0,2.0,synthetic,scenario,Synthetic scenario assumption for FinalFlow demonstration; not observed event operations.
staggered_departure,2026-07-19T13:05:00Z,-115,pre_match,midtown_park_ride,800,168,2,0,2.0,synthetic,scenario,Synthetic scenario assumption for FinalFlow demonstration; not observed event operations.
staggered_departure,2026-07-19T13:10:00Z,-110,pre_match,stadium_parking,2000,428,6,0,2.0,synthetic,scenario,Synthetic scenario assumption for FinalFlow demonstration; not observed event operations.
staggered_departure,2026-07-19T13:10:00Z,-110,pre_match,meadowlands_remote,1200,257,4,0,2.0,synthetic,scenario,Synthetic scenario assumption for FinalFlow demonstration; not observed event operations.
staggered_departure,2026-07-19T13:10:00Z,-110,pre_match,secaucus_park_ride,1000,211,3,0,2.0,synthetic,scenario,Synthetic scenario assumption for FinalFlow demonstration; not observed event operations.
staggered_departure,2026-07-19T13:10:00Z,-110,pre_match,midtown_park_ride,800,170,2,0,2.0,synthetic,scenario,Synthetic scenario assumption for FinalFlow demonstration; not observed event operations.
staggered_departure,2026-07-19T13:15:00Z,-105,pre_match,stadium_parking,2000,436,8,0,2.0,synthetic,scenario,Synthetic scenario assumption for FinalFlow demonstration; not observed event operations.
staggered_departure,2026-07-19T13:15:00Z,-105,pre_match,meadowlands_remote,1200,261,4,0,2.0,synthetic,scenario,Synthetic scenario assumption for FinalFlow demonstration; not observed event operations.
staggered_departure,2026-07-19T13:15:00Z,-105,pre_match,secaucus_park_ride,1000,215,4,0,2.0,synthetic,scenario,Synthetic scenario assumption for FinalFlow demonstration; not observed event operations.
staggered_departure,2026-07-19T13:15:00Z,-105,pre_match,midtown_park_ride,800,173,3,0,2.0,synthetic,scenario,Synthetic scenario assumption for FinalFlow demonstration; not observed event operations.
staggered_departure,2026-07-19T13:20:00Z,-100,pre_match,stadium_parking,2000,445,9,0,2.0,synthetic,scenario,Synthetic scenario assumption for FinalFlow demonstration; not observed event operations.
staggered_departure,2026-07-19T13:20:00Z,-100,pre_match,meadowlands_remote,1200,266,5,0,2.0,synthetic,scenario,Synthetic scenario assumption for FinalFlow demonstration; not observed event operations.
staggered_departure,2026-07-19T13:20:00Z,-100,pre_match,secaucus_park_ride,1000,220,5,0,2.0,synthetic,scenario,Synthetic scenario assumption for FinalFlow demonstration; not observed event operations.
staggered_departure,2026-07-19T13:20:00Z,-100,pre_match,midtown_park_ride,800,177,4,0,2.0,synthetic,scenario,Synthetic scenario assumption for FinalFlow demonstration; not observed event operations.
staggered_departure,2026-07-19T13:25:00Z,-95,pre_match,stadium_parking,2000,456,11,0,2.0,synthetic,scenario,Synthetic scenario assumption for FinalFlow demonstration; not observed event operations.
staggered_departure,2026-07-19T13:25:00Z,-95,pre_match,meadowlands_remote,1200,272,6,0,2.0,synthetic,scenario,Synthetic scenario assumption for FinalFlow demonstration; not observed event operations.
staggered_departure,2026-07-19T13:25:00Z,-95,pre_match,secaucus_park_ride,1000,225,5,0,2.0,synthetic,scenario,Synthetic scenario assumption for FinalFlow demonstration; not observed event operations.
staggered_departure,2026-07-19T13:25:00Z,-95,pre_match,midtown_park_ride,800,181,4,0,2.0,synthetic,scenario,Synthetic scenario assumption for FinalFlow demonstration; not observed event operations.
staggered_departure,2026-07-19T13:30:00Z,-90,pre_match,stadium_parking,2000,467,11,0,2.0,synthetic,scenario,Synthetic scenario assumption for FinalFlow demonstration; not observed event operations.
staggered_departure,2026-07-19T13:30:00Z,-90,pre_match,meadowlands_remote,1200,279,7,0,2.0,synthetic,scenario,Synthetic scenario assumption for FinalFlow demonstration; not observed event operations.
staggered_departure,2026-07-19T13:30:00Z,-90,pre_match,secaucus_park_ride,1000,231,6,0,2.0,synthetic,scenario,Synthetic scenario assumption for FinalFlow demonstration; not observed event operations.
staggered_departure,2026-07-19T13:30:00Z,-90,pre_match,midtown_park_ride,800,185,4,0,2.0,synthetic,scenario,Synthetic scenario assumption for FinalFlow demonstration; not observed event operations.
staggered_departure,2026-07-19T13:35:00Z,-85,pre_match,stadium_parking,2000,479,12,0,2.0,synthetic,scenario,Synthetic scenario assumption for FinalFlow demonstration; not observed event operations.
staggered_departure,2026-07-19T13:35:00Z,-85,pre_match,meadowlands_remote,1200,287,8,0,2.0,synthetic,scenario,Synthetic scenario assumption for FinalFlow demonstration; not observed event operations.
staggered_departure,2026-07-19T13:35:00Z,-85,pre_match,secaucus_park_ride,1000,237,6,0,2.0,synthetic,scenario,Synthetic scenario assumption for FinalFlow demonstration; not observed event operations.
staggered_departure,2026-07-19T13:35:00Z,-85,pre_match,midtown_park_ride,800,190,5,0,2.0,synthetic,scenario,Synthetic scenario assumption for FinalFlow demonstration; not observed event operations.
staggered_departure,2026-07-19T13:40:00Z,-80,pre_match,stadium_parking,2000,493,14,0,2.0,synthetic,scenario,Synthetic scenario assumption for FinalFlow demonstration; not observed event operations.
staggered_departure,2026-07-19T13:40:00Z,-80,pre_match,meadowlands_remote,1200,295,8,0,2.0,synthetic,scenario,Synthetic scenario assumption for FinalFlow demonstration; not observed event operations.
staggered_departure,2026-07-19T13:40:00Z,-80,pre_match,secaucus_park_ride,1000,244,7,0,2.0,synthetic,scenario,Synthetic scenario assumption for FinalFlow demonstration; not observed event operations.
staggered_departure,2026-07-19T13:40:00Z,-80,pre_match,midtown_park_ride,800,196,6,0,2.0,synthetic,scenario,Synthetic scenario assumption for FinalFlow demonstration; not observed event operations.
staggered_departure,2026-07-19T13:45:00Z,-75,pre_match,stadium_parking,2000,509,16,0,2.0,synthetic,scenario,Synthetic scenario assumption for FinalFlow demonstration; not observed event operations.
staggered_departure,2026-07-19T13:45:00Z,-75,pre_match,meadowlands_remote,1200,305,10,0,2.0,synthetic,scenario,Synthetic scenario assumption for FinalFlow demonstration; not observed event operations.
staggered_departure,2026-07-19T13:45:00Z,-75,pre_match,secaucus_park_ride,1000,252,8,0,2.0,synthetic,scenario,Synthetic scenario assumption for FinalFlow demonstration; not observed event operations.
staggered_departure,2026-07-19T13:45:00Z,-75,pre_match,midtown_park_ride,800,202,6,0,2.0,synthetic,scenario,Synthetic scenario assumption for FinalFlow demonstration; not observed event operations.
staggered_departure,2026-07-19T13:50:00Z,-70,pre_match,stadium_parking,2000,525,16,0,2.0,synthetic,scenario,Synthetic scenario assumption for FinalFlow demonstration; not observed event operations.
staggered_departure,2026-07-19T13:50:00Z,-70,pre_match,meadowlands_remote,1200,315,10,0,2.0,synthetic,scenario,Synthetic scenario assumption for FinalFlow demonstration; not observed event operations.
staggered_departure,2026-07-19T13:50:00Z,-70,pre_match,secaucus_park_ride,1000,260,8,0,2.0,synthetic,scenario,Synthetic scenario assumption for FinalFlow demonstration; not observed event operations.
staggered_departure,2026-07-19T13:50:00Z,-70,pre_match,midtown_park_ride,800,208,6,0,2.0,synthetic,scenario,Synthetic scenario assumption for FinalFlow demonstration; not observed event operations.
staggered_departure,2026-07-19T13:55:00Z,-65,pre_match,stadium_parking,2000,542,17,0,2.0,synthetic,scenario,Synthetic scenario assumption for FinalFlow demonstration; not observed event operations.
staggered_departure,2026-07-19T13:55:00Z,-65,pre_match,meadowlands_remote,1200,325,10,0,2.0,synthetic,scenario,Synthetic scenario assumption for FinalFlow demonstration; not observed event operations.
staggered_departure,2026-07-19T13:55:00Z,-65,pre_match,secaucus_park_ride,1000,269,9,0,2.0,synthetic,scenario,Synthetic scenario assumption for FinalFlow demonstration; not observed event operations.
staggered_departure,2026-07-19T13:55:00Z,-65,pre_match,midtown_park_ride,800,215,7,0,2.0,synthetic,scenario,Synthetic scenario assumption for FinalFlow demonstration; not observed event operations.
staggered_departure,2026-07-19T14:00:00Z,-60,pre_match,stadium_parking,2000,561,19,0,2.0,synthetic,scenario,Synthetic scenario assumption for FinalFlow demonstration; not observed event operations.
staggered_departure,2026-07-19T14:00:00Z,-60,pre_match,meadowlands_remote,1200,336,11,0,2.0,synthetic,scenario,Synthetic scenario assumption for FinalFlow demonstration; not observed event operations.
staggered_departure,2026-07-19T14:00:00Z,-60,pre_match,secaucus_park_ride,1000,278,9,0,2.0,synthetic,scenario,Synthetic scenario assumption for FinalFlow demonstration; not observed event operations.
staggered_departure,2026-07-19T14:00:00Z,-60,pre_match,midtown_park_ride,800,223,8,0,2.0,synthetic,scenario,Synthetic scenario assumption for FinalFlow demonstration; not observed event operations.
staggered_departure,2026-07-19T14:05:00Z,-55,pre_match,stadium_parking,2000,582,21,0,2.0,synthetic,scenario,Synthetic scenario assumption for FinalFlow demonstration; not observed event operations.
staggered_departure,2026-07-19T14:05:00Z,-55,pre_match,meadowlands_remote,1200,349,13,0,2.0,synthetic,scenario,Synthetic scenario assumption for FinalFlow demonstration; not observed event operations.
staggered_departure,2026-07-19T14:05:00Z,-55,pre_match,secaucus_park_ride,1000,288,10,0,2.0,synthetic,scenario,Synthetic scenario assumption for FinalFlow demonstration; not observed event operations.
staggered_departure,2026-07-19T14:05:00Z,-55,pre_match,midtown_park_ride,800,231,8,0,2.0,synthetic,scenario,Synthetic scenario assumption for FinalFlow demonstration; not observed event operations.
staggered_departure,2026-07-19T14:10:00Z,-50,pre_match,stadium_parking,2000,603,21,0,2.0,synthetic,scenario,Synthetic scenario assumption for FinalFlow demonstration; not observed event operations.
staggered_departure,2026-07-19T14:10:00Z,-50,pre_match,meadowlands_remote,1200,362,13,0,2.0,synthetic,scenario,Synthetic scenario assumption for FinalFlow demonstration; not observed event operations.
staggered_departure,2026-07-19T14:10:00Z,-50,pre_match,secaucus_park_ride,1000,298,10,0,2.0,synthetic,scenario,Synthetic scenario assumption for FinalFlow demonstration; not observed event operations.
staggered_departure,2026-07-19T14:10:00Z,-50,pre_match,midtown_park_ride,800,239,8,0,2.0,synthetic,scenario,Synthetic scenario assumption for FinalFlow demonstration; not observed event operations.
staggered_departure,2026-07-19T14:15:00Z,-45,pre_match,stadium_parking,2000,622,19,0,2.0,synthetic,scenario,Synthetic scenario assumption for FinalFlow demonstration; not observed event operations.
staggered_departure,2026-07-19T14:15:00Z,-45,pre_match,meadowlands_remote,1200,373,11,0,2.0,synthetic,scenario,Synthetic scenario assumption for FinalFlow demonstration; not observed event operations.
staggered_departure,2026-07-19T14:15:00Z,-45,pre_match,secaucus_park_ride,1000,307,9,0,2.0,synthetic,scenario,Synthetic scenario assumption for FinalFlow demonstration; not observed event operations.
staggered_departure,2026-07-19T14:15:00Z,-45,pre_match,midtown_park_ride,800,247,8,0,2.0,synthetic,scenario,Synthetic scenario assumption for FinalFlow demonstration; not observed event operations.
staggered_departure,2026-07-19T14:20:00Z,-40,pre_match,stadium_parking,2000,639,17,0,2.0,synthetic,scenario,Synthetic scenario assumption for FinalFlow demonstration; not observed event operations.
staggered_departure,2026-07-19T14:20:00Z,-40,pre_match,meadowlands_remote,1200,383,10,0,2.0,synthetic,scenario,Synthetic scenario assumption for FinalFlow demonstration; not observed event operations.
staggered_departure,2026-07-19T14:20:00Z,-40,pre_match,secaucus_park_ride,1000,316,9,0,2.0,synthetic,scenario,Synthetic scenario assumption for FinalFlow demonstration; not observed event operations.
staggered_departure,2026-07-19T14:20:00Z,-40,pre_match,midtown_park_ride,800,254,7,0,2.0,synthetic,scenario,Synthetic scenario assumption for FinalFlow demonstration; not observed event operations.
staggered_departure,2026-07-19T14:25:00Z,-35,pre_match,stadium_parking,2000,655,16,0,2.0,synthetic,scenario,Synthetic scenario assumption for FinalFlow demonstration; not observed event operations.
staggered_departure,2026-07-19T14:25:00Z,-35,pre_match,meadowlands_remote,1200,393,10,0,2.0,synthetic,scenario,Synthetic scenario assumption for FinalFlow demonstration; not observed event operations.
staggered_departure,2026-07-19T14:25:00Z,-35,pre_match,secaucus_park_ride,1000,324,8,0,2.0,synthetic,scenario,Synthetic scenario assumption for FinalFlow demonstration; not observed event operations.
staggered_departure,2026-07-19T14:25:00Z,-35,pre_match,midtown_park_ride,800,260,6,0,2.0,synthetic,scenario,Synthetic scenario assumption for FinalFlow demonstration; not observed event operations.
staggered_departure,2026-07-19T14:30:00Z,-30,ceremony,stadium_parking,2000,655,0,0,2.0,synthetic,scenario,Synthetic scenario assumption for FinalFlow demonstration; not observed event operations.
staggered_departure,2026-07-19T14:30:00Z,-30,ceremony,meadowlands_remote,1200,393,0,0,2.0,synthetic,scenario,Synthetic scenario assumption for FinalFlow demonstration; not observed event operations.
staggered_departure,2026-07-19T14:30:00Z,-30,ceremony,secaucus_park_ride,1000,324,0,0,2.0,synthetic,scenario,Synthetic scenario assumption for FinalFlow demonstration; not observed event operations.
staggered_departure,2026-07-19T14:30:00Z,-30,ceremony,midtown_park_ride,800,260,0,0,2.0,synthetic,scenario,Synthetic scenario assumption for FinalFlow demonstration; not observed event operations.
staggered_departure,2026-07-19T14:35:00Z,-25,ceremony,stadium_parking,2000,655,0,0,2.0,synthetic,scenario,Synthetic scenario assumption for FinalFlow demonstration; not observed event operations.
staggered_departure,2026-07-19T14:35:00Z,-25,ceremony,meadowlands_remote,1200,393,0,0,2.0,synthetic,scenario,Synthetic scenario assumption for FinalFlow demonstration; not observed event operations.
staggered_departure,2026-07-19T14:35:00Z,-25,ceremony,secaucus_park_ride,1000,324,0,0,2.0,synthetic,scenario,Synthetic scenario assumption for FinalFlow demonstration; not observed event operations.
staggered_departure,2026-07-19T14:35:00Z,-25,ceremony,midtown_park_ride,800,260,0,0,2.0,synthetic,scenario,Synthetic scenario assumption for FinalFlow demonstration; not observed event operations.
staggered_departure,2026-07-19T14:40:00Z,-20,ceremony,stadium_parking,2000,655,0,0,2.0,synthetic,scenario,Synthetic scenario assumption for FinalFlow demonstration; not observed event operations.
staggered_departure,2026-07-19T14:40:00Z,-20,ceremony,meadowlands_remote,1200,393,0,0,2.0,synthetic,scenario,Synthetic scenario assumption for FinalFlow demonstration; not observed event operations.
staggered_departure,2026-07-19T14:40:00Z,-20,ceremony,secaucus_park_ride,1000,324,0,0,2.0,synthetic,scenario,Synthetic scenario assumption for FinalFlow demonstration; not observed event operations.
staggered_departure,2026-07-19T14:40:00Z,-20,ceremony,midtown_park_ride,800,260,0,0,2.0,synthetic,scenario,Synthetic scenario assumption for FinalFlow demonstration; not observed event operations.
staggered_departure,2026-07-19T14:45:00Z,-15,ceremony,stadium_parking,2000,655,0,0,2.0,synthetic,scenario,Synthetic scenario assumption for FinalFlow demonstration; not observed event operations.
staggered_departure,2026-07-19T14:45:00Z,-15,ceremony,meadowlands_remote,1200,393,0,0,2.0,synthetic,scenario,Synthetic scenario assumption for FinalFlow demonstration; not observed event operations.
staggered_departure,2026-07-19T14:45:00Z,-15,ceremony,secaucus_park_ride,1000,324,0,0,2.0,synthetic,scenario,Synthetic scenario assumption for FinalFlow demonstration; not observed event operations.
staggered_departure,2026-07-19T14:45:00Z,-15,ceremony,midtown_park_ride,800,260,0,0,2.0,synthetic,scenario,Synthetic scenario assumption for FinalFlow demonstration; not observed event operations.
staggered_departure,2026-07-19T14:50:00Z,-10,ceremony,stadium_parking,2000,655,0,0,2.0,synthetic,scenario,Synthetic scenario assumption for FinalFlow demonstration; not observed event operations.
staggered_departure,2026-07-19T14:50:00Z,-10,ceremony,meadowlands_remote,1200,393,0,0,2.0,synthetic,scenario,Synthetic scenario assumption for FinalFlow demonstration; not observed event operations.
staggered_departure,2026-07-19T14:50:00Z,-10,ceremony,secaucus_park_ride,1000,324,0,0,2.0,synthetic,scenario,Synthetic scenario assumption for FinalFlow demonstration; not observed event operations.
staggered_departure,2026-07-19T14:50:00Z,-10,ceremony,midtown_park_ride,800,260,0,0,2.0,synthetic,scenario,Synthetic scenario assumption for FinalFlow demonstration; not observed event operations.
staggered_departure,2026-07-19T14:55:00Z,-5,ceremony,stadium_parking,2000,655,0,0,2.0,synthetic,scenario,Synthetic scenario assumption for FinalFlow demonstration; not observed event operations.
staggered_departure,2026-07-19T14:55:00Z,-5,ceremony,meadowlands_remote,1200,393,0,0,2.0,synthetic,scenario,Synthetic scenario assumption for FinalFlow demonstration; not observed event operations.
staggered_departure,2026-07-19T14:55:00Z,-5,ceremony,secaucus_park_ride,1000,324,0,0,2.0,synthetic,scenario,Synthetic scenario assumption for FinalFlow demonstration; not observed event operations.
staggered_departure,2026-07-19T14:55:00Z,-5,ceremony,midtown_park_ride,800,260,0,0,2.0,synthetic,scenario,Synthetic scenario assumption for FinalFlow demonstration; not observed event operations.
staggered_departure,2026-07-19T15:00:00Z,0,kickoff,stadium_parking,2000,655,0,0,2.0,synthetic,scenario,Synthetic scenario assumption for FinalFlow demonstration; not observed event operations.
staggered_departure,2026-07-19T15:00:00Z,0,kickoff,meadowlands_remote,1200,393,0,0,2.0,synthetic,scenario,Synthetic scenario assumption for FinalFlow demonstration; not observed event operations.
staggered_departure,2026-07-19T15:00:00Z,0,kickoff,secaucus_park_ride,1000,324,0,0,2.0,synthetic,scenario,Synthetic scenario assumption for FinalFlow demonstration; not observed event operations.
staggered_departure,2026-07-19T15:00:00Z,0,kickoff,midtown_park_ride,800,260,0,0,2.0,synthetic,scenario,Synthetic scenario assumption for FinalFlow demonstration; not observed event operations.
staggered_departure,2026-07-19T15:05:00Z,5,first_half,stadium_parking,2000,655,0,0,2.0,synthetic,scenario,Synthetic scenario assumption for FinalFlow demonstration; not observed event operations.
staggered_departure,2026-07-19T15:05:00Z,5,first_half,meadowlands_remote,1200,393,0,0,2.0,synthetic,scenario,Synthetic scenario assumption for FinalFlow demonstration; not observed event operations.
staggered_departure,2026-07-19T15:05:00Z,5,first_half,secaucus_park_ride,1000,324,0,0,2.0,synthetic,scenario,Synthetic scenario assumption for FinalFlow demonstration; not observed event operations.
staggered_departure,2026-07-19T15:05:00Z,5,first_half,midtown_park_ride,800,260,0,0,2.0,synthetic,scenario,Synthetic scenario assumption for FinalFlow demonstration; not observed event operations.
staggered_departure,2026-07-19T15:10:00Z,10,first_half,stadium_parking,2000,655,0,0,2.0,synthetic,scenario,Synthetic scenario assumption for FinalFlow demonstration; not observed event operations.
staggered_departure,2026-07-19T15:10:00Z,10,first_half,meadowlands_remote,1200,393,0,0,2.0,synthetic,scenario,Synthetic scenario assumption for FinalFlow demonstration; not observed event operations.
staggered_departure,2026-07-19T15:10:00Z,10,first_half,secaucus_park_ride,1000,324,0,0,2.0,synthetic,scenario,Synthetic scenario assumption for FinalFlow demonstration; not observed event operations.
staggered_departure,2026-07-19T15:10:00Z,10,first_half,midtown_park_ride,800,260,0,0,2.0,synthetic,scenario,Synthetic scenario assumption for FinalFlow demonstration; not observed event operations.
staggered_departure,2026-07-19T15:15:00Z,15,first_half,stadium_parking,2000,655,0,0,2.0,synthetic,scenario,Synthetic scenario assumption for FinalFlow demonstration; not observed event operations.
staggered_departure,2026-07-19T15:15:00Z,15,first_half,meadowlands_remote,1200,393,0,0,2.0,synthetic,scenario,Synthetic scenario assumption for FinalFlow demonstration; not observed event operations.
staggered_departure,2026-07-19T15:15:00Z,15,first_half,secaucus_park_ride,1000,324,0,0,2.0,synthetic,scenario,Synthetic scenario assumption for FinalFlow demonstration; not observed event operations.
staggered_departure,2026-07-19T15:15:00Z,15,first_half,midtown_park_ride,800,260,0,0,2.0,synthetic,scenario,Synthetic scenario assumption for FinalFlow demonstration; not observed event operations.
staggered_departure,2026-07-19T15:20:00Z,20,first_half,stadium_parking,2000,655,0,0,2.0,synthetic,scenario,Synthetic scenario assumption for FinalFlow demonstration; not observed event operations.
staggered_departure,2026-07-19T15:20:00Z,20,first_half,meadowlands_remote,1200,393,0,0,2.0,synthetic,scenario,Synthetic scenario assumption for FinalFlow demonstration; not observed event operations.
staggered_departure,2026-07-19T15:20:00Z,20,first_half,secaucus_park_ride,1000,324,0,0,2.0,synthetic,scenario,Synthetic scenario assumption for FinalFlow demonstration; not observed event operations.
staggered_departure,2026-07-19T15:20:00Z,20,first_half,midtown_park_ride,800,260,0,0,2.0,synthetic,scenario,Synthetic scenario assumption for FinalFlow demonstration; not observed event operations.
staggered_departure,2026-07-19T15:25:00Z,25,first_half,stadium_parking,2000,655,0,0,2.0,synthetic,scenario,Synthetic scenario assumption for FinalFlow demonstration; not observed event operations.
staggered_departure,2026-07-19T15:25:00Z,25,first_half,meadowlands_remote,1200,393,0,0,2.0,synthetic,scenario,Synthetic scenario assumption for FinalFlow demonstration; not observed event operations.
staggered_departure,2026-07-19T15:25:00Z,25,first_half,secaucus_park_ride,1000,324,0,0,2.0,synthetic,scenario,Synthetic scenario assumption for FinalFlow demonstration; not observed event operations.
staggered_departure,2026-07-19T15:25:00Z,25,first_half,midtown_park_ride,800,260,0,0,2.0,synthetic,scenario,Synthetic scenario assumption for FinalFlow demonstration; not observed event operations.
staggered_departure,2026-07-19T15:30:00Z,30,first_half,stadium_parking,2000,655,0,0,2.0,synthetic,scenario,Synthetic scenario assumption for FinalFlow demonstration; not observed event operations.
staggered_departure,2026-07-19T15:30:00Z,30,first_half,meadowlands_remote,1200,393,0,0,2.0,synthetic,scenario,Synthetic scenario assumption for FinalFlow demonstration; not observed event operations.
staggered_departure,2026-07-19T15:30:00Z,30,first_half,secaucus_park_ride,1000,324,0,0,2.0,synthetic,scenario,Synthetic scenario assumption for FinalFlow demonstration; not observed event operations.
staggered_departure,2026-07-19T15:30:00Z,30,first_half,midtown_park_ride,800,260,0,0,2.0,synthetic,scenario,Synthetic scenario assumption for FinalFlow demonstration; not observed event operations.
staggered_departure,2026-07-19T15:35:00Z,35,first_half,stadium_parking,2000,655,0,0,2.0,synthetic,scenario,Synthetic scenario assumption for FinalFlow demonstration; not observed event operations.
staggered_departure,2026-07-19T15:35:00Z,35,first_half,meadowlands_remote,1200,393,0,0,2.0,synthetic,scenario,Synthetic scenario assumption for FinalFlow demonstration; not observed event operations.
staggered_departure,2026-07-19T15:35:00Z,35,first_half,secaucus_park_ride,1000,324,0,0,2.0,synthetic,scenario,Synthetic scenario assumption for FinalFlow demonstration; not observed event operations.
staggered_departure,2026-07-19T15:35:00Z,35,first_half,midtown_park_ride,800,260,0,0,2.0,synthetic,scenario,Synthetic scenario assumption for FinalFlow demonstration; not observed event operations.
staggered_departure,2026-07-19T15:40:00Z,40,first_half,stadium_parking,2000,655,0,0,2.0,synthetic,scenario,Synthetic scenario assumption for FinalFlow demonstration; not observed event operations.
staggered_departure,2026-07-19T15:40:00Z,40,first_half,meadowlands_remote,1200,393,0,0,2.0,synthetic,scenario,Synthetic scenario assumption for FinalFlow demonstration; not observed event operations.
staggered_departure,2026-07-19T15:40:00Z,40,first_half,secaucus_park_ride,1000,324,0,0,2.0,synthetic,scenario,Synthetic scenario assumption for FinalFlow demonstration; not observed event operations.
staggered_departure,2026-07-19T15:40:00Z,40,first_half,midtown_park_ride,800,260,0,0,2.0,synthetic,scenario,Synthetic scenario assumption for FinalFlow demonstration; not observed event operations.
staggered_departure,2026-07-19T15:45:00Z,45,first_half_end,stadium_parking,2000,655,0,0,2.0,synthetic,scenario,Synthetic scenario assumption for FinalFlow demonstration; not observed event operations.
staggered_departure,2026-07-19T15:45:00Z,45,first_half_end,meadowlands_remote,1200,393,0,0,2.0,synthetic,scenario,Synthetic scenario assumption for FinalFlow demonstration; not observed event operations.
staggered_departure,2026-07-19T15:45:00Z,45,first_half_end,secaucus_park_ride,1000,324,0,0,2.0,synthetic,scenario,Synthetic scenario assumption for FinalFlow demonstration; not observed event operations.
staggered_departure,2026-07-19T15:45:00Z,45,first_half_end,midtown_park_ride,800,260,0,0,2.0,synthetic,scenario,Synthetic scenario assumption for FinalFlow demonstration; not observed event operations.
staggered_departure,2026-07-19T15:50:00Z,50,halftime,stadium_parking,2000,655,0,0,2.0,synthetic,scenario,Synthetic scenario assumption for FinalFlow demonstration; not observed event operations.
staggered_departure,2026-07-19T15:50:00Z,50,halftime,meadowlands_remote,1200,393,0,0,2.0,synthetic,scenario,Synthetic scenario assumption for FinalFlow demonstration; not observed event operations.
staggered_departure,2026-07-19T15:50:00Z,50,halftime,secaucus_park_ride,1000,324,0,0,2.0,synthetic,scenario,Synthetic scenario assumption for FinalFlow demonstration; not observed event operations.
staggered_departure,2026-07-19T15:50:00Z,50,halftime,midtown_park_ride,800,260,0,0,2.0,synthetic,scenario,Synthetic scenario assumption for FinalFlow demonstration; not observed event operations.
staggered_departure,2026-07-19T15:55:00Z,55,halftime,stadium_parking,2000,655,0,0,2.0,synthetic,scenario,Synthetic scenario assumption for FinalFlow demonstration; not observed event operations.
staggered_departure,2026-07-19T15:55:00Z,55,halftime,meadowlands_remote,1200,393,0,0,2.0,synthetic,scenario,Synthetic scenario assumption for FinalFlow demonstration; not observed event operations.
staggered_departure,2026-07-19T15:55:00Z,55,halftime,secaucus_park_ride,1000,324,0,0,2.0,synthetic,scenario,Synthetic scenario assumption for FinalFlow demonstration; not observed event operations.
staggered_departure,2026-07-19T15:55:00Z,55,halftime,midtown_park_ride,800,260,0,0,2.0,synthetic,scenario,Synthetic scenario assumption for FinalFlow demonstration; not observed event operations.
staggered_departure,2026-07-19T16:00:00Z,60,second_half,stadium_parking,2000,655,0,0,2.0,synthetic,scenario,Synthetic scenario assumption for FinalFlow demonstration; not observed event operations.
staggered_departure,2026-07-19T16:00:00Z,60,second_half,meadowlands_remote,1200,393,0,0,2.0,synthetic,scenario,Synthetic scenario assumption for FinalFlow demonstration; not observed event operations.
staggered_departure,2026-07-19T16:00:00Z,60,second_half,secaucus_park_ride,1000,324,0,0,2.0,synthetic,scenario,Synthetic scenario assumption for FinalFlow demonstration; not observed event operations.
staggered_departure,2026-07-19T16:00:00Z,60,second_half,midtown_park_ride,800,260,0,0,2.0,synthetic,scenario,Synthetic scenario assumption for FinalFlow demonstration; not observed event operations.
staggered_departure,2026-07-19T16:05:00Z,65,second_half,stadium_parking,2000,655,0,0,2.0,synthetic,scenario,Synthetic scenario assumption for FinalFlow demonstration; not observed event operations.
staggered_departure,2026-07-19T16:05:00Z,65,second_half,meadowlands_remote,1200,393,0,0,2.0,synthetic,scenario,Synthetic scenario assumption for FinalFlow demonstration; not observed event operations.
staggered_departure,2026-07-19T16:05:00Z,65,second_half,secaucus_park_ride,1000,324,0,0,2.0,synthetic,scenario,Synthetic scenario assumption for FinalFlow demonstration; not observed event operations.
staggered_departure,2026-07-19T16:05:00Z,65,second_half,midtown_park_ride,800,260,0,0,2.0,synthetic,scenario,Synthetic scenario assumption for FinalFlow demonstration; not observed event operations.
staggered_departure,2026-07-19T16:10:00Z,70,second_half,stadium_parking,2000,655,0,0,2.0,synthetic,scenario,Synthetic scenario assumption for FinalFlow demonstration; not observed event operations.
staggered_departure,2026-07-19T16:10:00Z,70,second_half,meadowlands_remote,1200,393,0,0,2.0,synthetic,scenario,Synthetic scenario assumption for FinalFlow demonstration; not observed event operations.
staggered_departure,2026-07-19T16:10:00Z,70,second_half,secaucus_park_ride,1000,324,0,0,2.0,synthetic,scenario,Synthetic scenario assumption for FinalFlow demonstration; not observed event operations.
staggered_departure,2026-07-19T16:10:00Z,70,second_half,midtown_park_ride,800,260,0,0,2.0,synthetic,scenario,Synthetic scenario assumption for FinalFlow demonstration; not observed event operations.
staggered_departure,2026-07-19T16:15:00Z,75,second_half,stadium_parking,2000,655,0,0,2.0,synthetic,scenario,Synthetic scenario assumption for FinalFlow demonstration; not observed event operations.
staggered_departure,2026-07-19T16:15:00Z,75,second_half,meadowlands_remote,1200,393,0,0,2.0,synthetic,scenario,Synthetic scenario assumption for FinalFlow demonstration; not observed event operations.
staggered_departure,2026-07-19T16:15:00Z,75,second_half,secaucus_park_ride,1000,324,0,0,2.0,synthetic,scenario,Synthetic scenario assumption for FinalFlow demonstration; not observed event operations.
staggered_departure,2026-07-19T16:15:00Z,75,second_half,midtown_park_ride,800,260,0,0,2.0,synthetic,scenario,Synthetic scenario assumption for FinalFlow demonstration; not observed event operations.
staggered_departure,2026-07-19T16:20:00Z,80,second_half,stadium_parking,2000,655,0,0,2.0,synthetic,scenario,Synthetic scenario assumption for FinalFlow demonstration; not observed event operations.
staggered_departure,2026-07-19T16:20:00Z,80,second_half,meadowlands_remote,1200,393,0,0,2.0,synthetic,scenario,Synthetic scenario assumption for FinalFlow demonstration; not observed event operations.
staggered_departure,2026-07-19T16:20:00Z,80,second_half,secaucus_park_ride,1000,324,0,0,2.0,synthetic,scenario,Synthetic scenario assumption for FinalFlow demonstration; not observed event operations.
staggered_departure,2026-07-19T16:20:00Z,80,second_half,midtown_park_ride,800,260,0,0,2.0,synthetic,scenario,Synthetic scenario assumption for FinalFlow demonstration; not observed event operations.
staggered_departure,2026-07-19T16:25:00Z,85,second_half,stadium_parking,2000,655,0,0,2.0,synthetic,scenario,Synthetic scenario assumption for FinalFlow demonstration; not observed event operations.
staggered_departure,2026-07-19T16:25:00Z,85,second_half,meadowlands_remote,1200,393,0,0,2.0,synthetic,scenario,Synthetic scenario assumption for FinalFlow demonstration; not observed event operations.
staggered_departure,2026-07-19T16:25:00Z,85,second_half,secaucus_park_ride,1000,324,0,0,2.0,synthetic,scenario,Synthetic scenario assumption for FinalFlow demonstration; not observed event operations.
staggered_departure,2026-07-19T16:25:00Z,85,second_half,midtown_park_ride,800,260,0,0,2.0,synthetic,scenario,Synthetic scenario assumption for FinalFlow demonstration; not observed event operations.
staggered_departure,2026-07-19T16:30:00Z,90,second_half,stadium_parking,2000,655,0,0,2.0,synthetic,scenario,Synthetic scenario assumption for FinalFlow demonstration; not observed event operations.
staggered_departure,2026-07-19T16:30:00Z,90,second_half,meadowlands_remote,1200,393,0,0,2.0,synthetic,scenario,Synthetic scenario assumption for FinalFlow demonstration; not observed event operations.
staggered_departure,2026-07-19T16:30:00Z,90,second_half,secaucus_park_ride,1000,324,0,0,2.0,synthetic,scenario,Synthetic scenario assumption for FinalFlow demonstration; not observed event operations.
staggered_departure,2026-07-19T16:30:00Z,90,second_half,midtown_park_ride,800,260,0,0,2.0,synthetic,scenario,Synthetic scenario assumption for FinalFlow demonstration; not observed event operations.
staggered_departure,2026-07-19T16:35:00Z,95,second_half,stadium_parking,2000,655,0,0,2.0,synthetic,scenario,Synthetic scenario assumption for FinalFlow demonstration; not observed event operations.
staggered_departure,2026-07-19T16:35:00Z,95,second_half,meadowlands_remote,1200,393,0,0,2.0,synthetic,scenario,Synthetic scenario assumption for FinalFlow demonstration; not observed event operations.
staggered_departure,2026-07-19T16:35:00Z,95,second_half,secaucus_park_ride,1000,324,0,0,2.0,synthetic,scenario,Synthetic scenario assumption for FinalFlow demonstration; not observed event operations.
staggered_departure,2026-07-19T16:35:00Z,95,second_half,midtown_park_ride,800,260,0,0,2.0,synthetic,scenario,Synthetic scenario assumption for FinalFlow demonstration; not observed event operations.
staggered_departure,2026-07-19T16:40:00Z,100,second_half,stadium_parking,2000,655,0,0,2.0,synthetic,scenario,Synthetic scenario assumption for FinalFlow demonstration; not observed event operations.
staggered_departure,2026-07-19T16:40:00Z,100,second_half,meadowlands_remote,1200,393,0,0,2.0,synthetic,scenario,Synthetic scenario assumption for FinalFlow demonstration; not observed event operations.
staggered_departure,2026-07-19T16:40:00Z,100,second_half,secaucus_park_ride,1000,324,0,0,2.0,synthetic,scenario,Synthetic scenario assumption for FinalFlow demonstration; not observed event operations.
staggered_departure,2026-07-19T16:40:00Z,100,second_half,midtown_park_ride,800,260,0,0,2.0,synthetic,scenario,Synthetic scenario assumption for FinalFlow demonstration; not observed event operations.
staggered_departure,2026-07-19T16:45:00Z,105,regulation_end,stadium_parking,2000,655,0,0,2.0,synthetic,scenario,Synthetic scenario assumption for FinalFlow demonstration; not observed event operations.
staggered_departure,2026-07-19T16:45:00Z,105,regulation_end,meadowlands_remote,1200,393,0,0,2.0,synthetic,scenario,Synthetic scenario assumption for FinalFlow demonstration; not observed event operations.
staggered_departure,2026-07-19T16:45:00Z,105,regulation_end,secaucus_park_ride,1000,324,0,0,2.0,synthetic,scenario,Synthetic scenario assumption for FinalFlow demonstration; not observed event operations.
staggered_departure,2026-07-19T16:45:00Z,105,regulation_end,midtown_park_ride,800,260,0,0,2.0,synthetic,scenario,Synthetic scenario assumption for FinalFlow demonstration; not observed event operations.
staggered_departure,2026-07-19T16:50:00Z,110,extra_time,stadium_parking,2000,655,0,0,2.0,synthetic,scenario,Synthetic scenario assumption for FinalFlow demonstration; not observed event operations.
staggered_departure,2026-07-19T16:50:00Z,110,extra_time,meadowlands_remote,1200,393,0,0,2.0,synthetic,scenario,Synthetic scenario assumption for FinalFlow demonstration; not observed event operations.
staggered_departure,2026-07-19T16:50:00Z,110,extra_time,secaucus_park_ride,1000,324,0,0,2.0,synthetic,scenario,Synthetic scenario assumption for FinalFlow demonstration; not observed event operations.
staggered_departure,2026-07-19T16:50:00Z,110,extra_time,midtown_park_ride,800,260,0,0,2.0,synthetic,scenario,Synthetic scenario assumption for FinalFlow demonstration; not observed event operations.
staggered_departure,2026-07-19T16:55:00Z,115,extra_time,stadium_parking,2000,655,0,0,2.0,synthetic,scenario,Synthetic scenario assumption for FinalFlow demonstration; not observed event operations.
staggered_departure,2026-07-19T16:55:00Z,115,extra_time,meadowlands_remote,1200,393,0,0,2.0,synthetic,scenario,Synthetic scenario assumption for FinalFlow demonstration; not observed event operations.
staggered_departure,2026-07-19T16:55:00Z,115,extra_time,secaucus_park_ride,1000,324,0,0,2.0,synthetic,scenario,Synthetic scenario assumption for FinalFlow demonstration; not observed event operations.
staggered_departure,2026-07-19T16:55:00Z,115,extra_time,midtown_park_ride,800,260,0,0,2.0,synthetic,scenario,Synthetic scenario assumption for FinalFlow demonstration; not observed event operations.
staggered_departure,2026-07-19T17:00:00Z,120,extra_time,stadium_parking,2000,655,0,0,2.0,synthetic,scenario,Synthetic scenario assumption for FinalFlow demonstration; not observed event operations.
staggered_departure,2026-07-19T17:00:00Z,120,extra_time,meadowlands_remote,1200,393,0,0,2.0,synthetic,scenario,Synthetic scenario assumption for FinalFlow demonstration; not observed event operations.
staggered_departure,2026-07-19T17:00:00Z,120,extra_time,secaucus_park_ride,1000,324,0,0,2.0,synthetic,scenario,Synthetic scenario assumption for FinalFlow demonstration; not observed event operations.
staggered_departure,2026-07-19T17:00:00Z,120,extra_time,midtown_park_ride,800,260,0,0,2.0,synthetic,scenario,Synthetic scenario assumption for FinalFlow demonstration; not observed event operations.
staggered_departure,2026-07-19T17:05:00Z,125,extra_time,stadium_parking,2000,655,0,0,2.0,synthetic,scenario,Synthetic scenario assumption for FinalFlow demonstration; not observed event operations.
staggered_departure,2026-07-19T17:05:00Z,125,extra_time,meadowlands_remote,1200,393,0,0,2.0,synthetic,scenario,Synthetic scenario assumption for FinalFlow demonstration; not observed event operations.
staggered_departure,2026-07-19T17:05:00Z,125,extra_time,secaucus_park_ride,1000,324,0,0,2.0,synthetic,scenario,Synthetic scenario assumption for FinalFlow demonstration; not observed event operations.
staggered_departure,2026-07-19T17:05:00Z,125,extra_time,midtown_park_ride,800,260,0,0,2.0,synthetic,scenario,Synthetic scenario assumption for FinalFlow demonstration; not observed event operations.
staggered_departure,2026-07-19T17:10:00Z,130,extra_time,stadium_parking,2000,655,0,0,2.0,synthetic,scenario,Synthetic scenario assumption for FinalFlow demonstration; not observed event operations.
staggered_departure,2026-07-19T17:10:00Z,130,extra_time,meadowlands_remote,1200,393,0,0,2.0,synthetic,scenario,Synthetic scenario assumption for FinalFlow demonstration; not observed event operations.
staggered_departure,2026-07-19T17:10:00Z,130,extra_time,secaucus_park_ride,1000,324,0,0,2.0,synthetic,scenario,Synthetic scenario assumption for FinalFlow demonstration; not observed event operations.
staggered_departure,2026-07-19T17:10:00Z,130,extra_time,midtown_park_ride,800,260,0,0,2.0,synthetic,scenario,Synthetic scenario assumption for FinalFlow demonstration; not observed event operations.
staggered_departure,2026-07-19T17:15:00Z,135,final_whistle,stadium_parking,2000,655,0,0,2.0,synthetic,scenario,Synthetic scenario assumption for FinalFlow demonstration; not observed event operations.
staggered_departure,2026-07-19T17:15:00Z,135,final_whistle,meadowlands_remote,1200,393,0,0,2.0,synthetic,scenario,Synthetic scenario assumption for FinalFlow demonstration; not observed event operations.
staggered_departure,2026-07-19T17:15:00Z,135,final_whistle,secaucus_park_ride,1000,324,0,0,2.0,synthetic,scenario,Synthetic scenario assumption for FinalFlow demonstration; not observed event operations.
staggered_departure,2026-07-19T17:15:00Z,135,final_whistle,midtown_park_ride,800,260,0,0,2.0,synthetic,scenario,Synthetic scenario assumption for FinalFlow demonstration; not observed event operations.
staggered_departure,2026-07-19T17:20:00Z,140,post_match,stadium_parking,2000,655,0,0,2.0,synthetic,scenario,Synthetic scenario assumption for FinalFlow demonstration; not observed event operations.
staggered_departure,2026-07-19T17:20:00Z,140,post_match,meadowlands_remote,1200,393,0,0,2.0,synthetic,scenario,Synthetic scenario assumption for FinalFlow demonstration; not observed event operations.
staggered_departure,2026-07-19T17:20:00Z,140,post_match,secaucus_park_ride,1000,324,0,0,2.0,synthetic,scenario,Synthetic scenario assumption for FinalFlow demonstration; not observed event operations.
staggered_departure,2026-07-19T17:20:00Z,140,post_match,midtown_park_ride,800,260,0,0,2.0,synthetic,scenario,Synthetic scenario assumption for FinalFlow demonstration; not observed event operations.
staggered_departure,2026-07-19T17:25:00Z,145,post_match,stadium_parking,2000,650,0,5,2.0,synthetic,scenario,Synthetic scenario assumption for FinalFlow demonstration; not observed event operations.
staggered_departure,2026-07-19T17:25:00Z,145,post_match,meadowlands_remote,1200,390,0,3,2.0,synthetic,scenario,Synthetic scenario assumption for FinalFlow demonstration; not observed event operations.
staggered_departure,2026-07-19T17:25:00Z,145,post_match,secaucus_park_ride,1000,322,0,2,2.0,synthetic,scenario,Synthetic scenario assumption for FinalFlow demonstration; not observed event operations.
staggered_departure,2026-07-19T17:25:00Z,145,post_match,midtown_park_ride,800,258,0,2,2.0,synthetic,scenario,Synthetic scenario assumption for FinalFlow demonstration; not observed event operations.
staggered_departure,2026-07-19T17:30:00Z,150,post_match,stadium_parking,2000,645,0,5,2.0,synthetic,scenario,Synthetic scenario assumption for FinalFlow demonstration; not observed event operations.
staggered_departure,2026-07-19T17:30:00Z,150,post_match,meadowlands_remote,1200,387,0,3,2.0,synthetic,scenario,Synthetic scenario assumption for FinalFlow demonstration; not observed event operations.
staggered_departure,2026-07-19T17:30:00Z,150,post_match,secaucus_park_ride,1000,320,0,2,2.0,synthetic,scenario,Synthetic scenario assumption for FinalFlow demonstration; not observed event operations.
staggered_departure,2026-07-19T17:30:00Z,150,post_match,midtown_park_ride,800,256,0,2,2.0,synthetic,scenario,Synthetic scenario assumption for FinalFlow demonstration; not observed event operations.
staggered_departure,2026-07-19T17:35:00Z,155,post_match,stadium_parking,2000,639,0,6,2.0,synthetic,scenario,Synthetic scenario assumption for FinalFlow demonstration; not observed event operations.
staggered_departure,2026-07-19T17:35:00Z,155,post_match,meadowlands_remote,1200,383,0,4,2.0,synthetic,scenario,Synthetic scenario assumption for FinalFlow demonstration; not observed event operations.
staggered_departure,2026-07-19T17:35:00Z,155,post_match,secaucus_park_ride,1000,317,0,3,2.0,synthetic,scenario,Synthetic scenario assumption for FinalFlow demonstration; not observed event operations.
staggered_departure,2026-07-19T17:35:00Z,155,post_match,midtown_park_ride,800,254,0,2,2.0,synthetic,scenario,Synthetic scenario assumption for FinalFlow demonstration; not observed event operations.
staggered_departure,2026-07-19T17:40:00Z,160,post_match,stadium_parking,2000,632,0,7,2.0,synthetic,scenario,Synthetic scenario assumption for FinalFlow demonstration; not observed event operations.
staggered_departure,2026-07-19T17:40:00Z,160,post_match,meadowlands_remote,1200,379,0,4,2.0,synthetic,scenario,Synthetic scenario assumption for FinalFlow demonstration; not observed event operations.
staggered_departure,2026-07-19T17:40:00Z,160,post_match,secaucus_park_ride,1000,314,0,3,2.0,synthetic,scenario,Synthetic scenario assumption for FinalFlow demonstration; not observed event operations.
staggered_departure,2026-07-19T17:40:00Z,160,post_match,midtown_park_ride,800,251,0,3,2.0,synthetic,scenario,Synthetic scenario assumption for FinalFlow demonstration; not observed event operations.
staggered_departure,2026-07-19T17:45:00Z,165,post_match,stadium_parking,2000,623,0,9,2.0,synthetic,scenario,Synthetic scenario assumption for FinalFlow demonstration; not observed event operations.
staggered_departure,2026-07-19T17:45:00Z,165,post_match,meadowlands_remote,1200,374,0,5,2.0,synthetic,scenario,Synthetic scenario assumption for FinalFlow demonstration; not observed event operations.
staggered_departure,2026-07-19T17:45:00Z,165,post_match,secaucus_park_ride,1000,310,0,4,2.0,synthetic,scenario,Synthetic scenario assumption for FinalFlow demonstration; not observed event operations.
staggered_departure,2026-07-19T17:45:00Z,165,post_match,midtown_park_ride,800,248,0,3,2.0,synthetic,scenario,Synthetic scenario assumption for FinalFlow demonstration; not observed event operations.
staggered_departure,2026-07-19T17:50:00Z,170,post_match,stadium_parking,2000,614,0,9,2.0,synthetic,scenario,Synthetic scenario assumption for FinalFlow demonstration; not observed event operations.
staggered_departure,2026-07-19T17:50:00Z,170,post_match,meadowlands_remote,1200,368,0,6,2.0,synthetic,scenario,Synthetic scenario assumption for FinalFlow demonstration; not observed event operations.
staggered_departure,2026-07-19T17:50:00Z,170,post_match,secaucus_park_ride,1000,305,0,5,2.0,synthetic,scenario,Synthetic scenario assumption for FinalFlow demonstration; not observed event operations.
staggered_departure,2026-07-19T17:50:00Z,170,post_match,midtown_park_ride,800,244,0,4,2.0,synthetic,scenario,Synthetic scenario assumption for FinalFlow demonstration; not observed event operations.
staggered_departure,2026-07-19T17:55:00Z,175,post_match,stadium_parking,2000,603,0,11,2.0,synthetic,scenario,Synthetic scenario assumption for FinalFlow demonstration; not observed event operations.
staggered_departure,2026-07-19T17:55:00Z,175,post_match,meadowlands_remote,1200,362,0,6,2.0,synthetic,scenario,Synthetic scenario assumption for FinalFlow demonstration; not observed event operations.
staggered_departure,2026-07-19T17:55:00Z,175,post_match,secaucus_park_ride,1000,300,0,5,2.0,synthetic,scenario,Synthetic scenario assumption for FinalFlow demonstration; not observed event operations.
staggered_departure,2026-07-19T17:55:00Z,175,post_match,midtown_park_ride,800,240,0,4,2.0,synthetic,scenario,Synthetic scenario assumption for FinalFlow demonstration; not observed event operations.
staggered_departure,2026-07-19T18:00:00Z,180,post_match,stadium_parking,2000,592,0,11,2.0,synthetic,scenario,Synthetic scenario assumption for FinalFlow demonstration; not observed event operations.
staggered_departure,2026-07-19T18:00:00Z,180,post_match,meadowlands_remote,1200,355,0,7,2.0,synthetic,scenario,Synthetic scenario assumption for FinalFlow demonstration; not observed event operations.
staggered_departure,2026-07-19T18:00:00Z,180,post_match,secaucus_park_ride,1000,294,0,6,2.0,synthetic,scenario,Synthetic scenario assumption for FinalFlow demonstration; not observed event operations.
staggered_departure,2026-07-19T18:00:00Z,180,post_match,midtown_park_ride,800,236,0,4,2.0,synthetic,scenario,Synthetic scenario assumption for FinalFlow demonstration; not observed event operations.
staggered_departure,2026-07-19T18:05:00Z,185,post_match,stadium_parking,2000,581,0,11,2.0,synthetic,scenario,Synthetic scenario assumption for FinalFlow demonstration; not observed event operations.
staggered_departure,2026-07-19T18:05:00Z,185,post_match,meadowlands_remote,1200,348,0,7,2.0,synthetic,scenario,Synthetic scenario assumption for FinalFlow demonstration; not observed event operations.
staggered_departure,2026-07-19T18:05:00Z,185,post_match,secaucus_park_ride,1000,288,0,6,2.0,synthetic,scenario,Synthetic scenario assumption for FinalFlow demonstration; not observed event operations.
staggered_departure,2026-07-19T18:05:00Z,185,post_match,midtown_park_ride,800,231,0,5,2.0,synthetic,scenario,Synthetic scenario assumption for FinalFlow demonstration; not observed event operations.
staggered_departure,2026-07-19T18:10:00Z,190,post_match,stadium_parking,2000,568,0,13,2.0,synthetic,scenario,Synthetic scenario assumption for FinalFlow demonstration; not observed event operations.
staggered_departure,2026-07-19T18:10:00Z,190,post_match,meadowlands_remote,1200,340,0,8,2.0,synthetic,scenario,Synthetic scenario assumption for FinalFlow demonstration; not observed event operations.
staggered_departure,2026-07-19T18:10:00Z,190,post_match,secaucus_park_ride,1000,281,0,7,2.0,synthetic,scenario,Synthetic scenario assumption for FinalFlow demonstration; not observed event operations.
staggered_departure,2026-07-19T18:10:00Z,190,post_match,midtown_park_ride,800,226,0,5,2.0,synthetic,scenario,Synthetic scenario assumption for FinalFlow demonstration; not observed event operations.
staggered_departure,2026-07-19T18:15:00Z,195,post_match,stadium_parking,2000,555,0,13,2.0,synthetic,scenario,Synthetic scenario assumption for FinalFlow demonstration; not observed event operations.
staggered_departure,2026-07-19T18:15:00Z,195,post_match,meadowlands_remote,1200,332,0,8,2.0,synthetic,scenario,Synthetic scenario assumption for FinalFlow demonstration; not observed event operations.
staggered_departure,2026-07-19T18:15:00Z,195,post_match,secaucus_park_ride,1000,274,0,7,2.0,synthetic,scenario,Synthetic scenario assumption for FinalFlow demonstration; not observed event operations.
staggered_departure,2026-07-19T18:15:00Z,195,post_match,midtown_park_ride,800,221,0,5,2.0,synthetic,scenario,Synthetic scenario assumption for FinalFlow demonstration; not observed event operations.
staggered_departure,2026-07-19T18:20:00Z,200,post_match,stadium_parking,2000,542,0,13,2.0,synthetic,scenario,Synthetic scenario assumption for FinalFlow demonstration; not observed event operations.
staggered_departure,2026-07-19T18:20:00Z,200,post_match,meadowlands_remote,1200,324,0,8,2.0,synthetic,scenario,Synthetic scenario assumption for FinalFlow demonstration; not observed event operations.
staggered_departure,2026-07-19T18:20:00Z,200,post_match,secaucus_park_ride,1000,267,0,7,2.0,synthetic,scenario,Synthetic scenario assumption for FinalFlow demonstration; not observed event operations.
staggered_departure,2026-07-19T18:20:00Z,200,post_match,midtown_park_ride,800,216,0,5,2.0,synthetic,scenario,Synthetic scenario assumption for FinalFlow demonstration; not observed event operations.
staggered_departure,2026-07-19T18:25:00Z,205,post_match,stadium_parking,2000,529,0,13,2.0,synthetic,scenario,Synthetic scenario assumption for FinalFlow demonstration; not observed event operations.
staggered_departure,2026-07-19T18:25:00Z,205,post_match,meadowlands_remote,1200,316,0,8,2.0,synthetic,scenario,Synthetic scenario assumption for FinalFlow demonstration; not observed event operations.
staggered_departure,2026-07-19T18:25:00Z,205,post_match,secaucus_park_ride,1000,260,0,7,2.0,synthetic,scenario,Synthetic scenario assumption for FinalFlow demonstration; not observed event operations.
staggered_departure,2026-07-19T18:25:00Z,205,post_match,midtown_park_ride,800,211,0,5,2.0,synthetic,scenario,Synthetic scenario assumption for FinalFlow demonstration; not observed event operations.
staggered_departure,2026-07-19T18:30:00Z,210,post_match,stadium_parking,2000,516,0,13,2.0,synthetic,scenario,Synthetic scenario assumption for FinalFlow demonstration; not observed event operations.
staggered_departure,2026-07-19T18:30:00Z,210,post_match,meadowlands_remote,1200,308,0,8,2.0,synthetic,scenario,Synthetic scenario assumption for FinalFlow demonstration; not observed event operations.
staggered_departure,2026-07-19T18:30:00Z,210,post_match,secaucus_park_ride,1000,253,0,7,2.0,synthetic,scenario,Synthetic scenario assumption for FinalFlow demonstration; not observed event operations.
staggered_departure,2026-07-19T18:30:00Z,210,post_match,midtown_park_ride,800,206,0,5,2.0,synthetic,scenario,Synthetic scenario assumption for FinalFlow demonstration; not observed event operations.
staggered_departure,2026-07-19T18:35:00Z,215,post_match,stadium_parking,2000,503,0,13,2.0,synthetic,scenario,Synthetic scenario assumption for FinalFlow demonstration; not observed event operations.
staggered_departure,2026-07-19T18:35:00Z,215,post_match,meadowlands_remote,1200,300,0,8,2.0,synthetic,scenario,Synthetic scenario assumption for FinalFlow demonstration; not observed event operations.
staggered_departure,2026-07-19T18:35:00Z,215,post_match,secaucus_park_ride,1000,246,0,7,2.0,synthetic,scenario,Synthetic scenario assumption for FinalFlow demonstration; not observed event operations.
staggered_departure,2026-07-19T18:35:00Z,215,post_match,midtown_park_ride,800,201,0,5,2.0,synthetic,scenario,Synthetic scenario assumption for FinalFlow demonstration; not observed event operations.
staggered_departure,2026-07-19T18:40:00Z,220,post_match,stadium_parking,2000,490,0,13,2.0,synthetic,scenario,Synthetic scenario assumption for FinalFlow demonstration; not observed event operations.
staggered_departure,2026-07-19T18:40:00Z,220,post_match,meadowlands_remote,1200,292,0,8,2.0,synthetic,scenario,Synthetic scenario assumption for FinalFlow demonstration; not observed event operations.
staggered_departure,2026-07-19T18:40:00Z,220,post_match,secaucus_park_ride,1000,239,0,7,2.0,synthetic,scenario,Synthetic scenario assumption for FinalFlow demonstration; not observed event operations.
staggered_departure,2026-07-19T18:40:00Z,220,post_match,midtown_park_ride,800,196,0,5,2.0,synthetic,scenario,Synthetic scenario assumption for FinalFlow demonstration; not observed event operations.
staggered_departure,2026-07-19T18:45:00Z,225,post_match,stadium_parking,2000,477,0,13,2.0,synthetic,scenario,Synthetic scenario assumption for FinalFlow demonstration; not observed event operations.
staggered_departure,2026-07-19T18:45:00Z,225,post_match,meadowlands_remote,1200,284,0,8,2.0,synthetic,scenario,Synthetic scenario assumption for FinalFlow demonstration; not observed event operations.
staggered_departure,2026-07-19T18:45:00Z,225,post_match,secaucus_park_ride,1000,232,0,7,2.0,synthetic,scenario,Synthetic scenario assumption for FinalFlow demonstration; not observed event operations.
staggered_departure,2026-07-19T18:45:00Z,225,post_match,midtown_park_ride,800,191,0,5,2.0,synthetic,scenario,Synthetic scenario assumption for FinalFlow demonstration; not observed event operations.
staggered_departure,2026-07-19T18:50:00Z,230,post_match,stadium_parking,2000,464,0,13,2.0,synthetic,scenario,Synthetic scenario assumption for FinalFlow demonstration; not observed event operations.
staggered_departure,2026-07-19T18:50:00Z,230,post_match,meadowlands_remote,1200,276,0,8,2.0,synthetic,scenario,Synthetic scenario assumption for FinalFlow demonstration; not observed event operations.
staggered_departure,2026-07-19T18:50:00Z,230,post_match,secaucus_park_ride,1000,225,0,7,2.0,synthetic,scenario,Synthetic scenario assumption for FinalFlow demonstration; not observed event operations.
staggered_departure,2026-07-19T18:50:00Z,230,post_match,midtown_park_ride,800,186,0,5,2.0,synthetic,scenario,Synthetic scenario assumption for FinalFlow demonstration; not observed event operations.
staggered_departure,2026-07-19T18:55:00Z,235,post_match,stadium_parking,2000,451,0,13,2.0,synthetic,scenario,Synthetic scenario assumption for FinalFlow demonstration; not observed event operations.
staggered_departure,2026-07-19T18:55:00Z,235,post_match,meadowlands_remote,1200,268,0,8,2.0,synthetic,scenario,Synthetic scenario assumption for FinalFlow demonstration; not observed event operations.
staggered_departure,2026-07-19T18:55:00Z,235,post_match,secaucus_park_ride,1000,218,0,7,2.0,synthetic,scenario,Synthetic scenario assumption for FinalFlow demonstration; not observed event operations.
staggered_departure,2026-07-19T18:55:00Z,235,post_match,midtown_park_ride,800,181,0,5,2.0,synthetic,scenario,Synthetic scenario assumption for FinalFlow demonstration; not observed event operations.
staggered_departure,2026-07-19T19:00:00Z,240,post_match,stadium_parking,2000,438,0,13,2.0,synthetic,scenario,Synthetic scenario assumption for FinalFlow demonstration; not observed event operations.
staggered_departure,2026-07-19T19:00:00Z,240,post_match,meadowlands_remote,1200,260,0,8,2.0,synthetic,scenario,Synthetic scenario assumption for FinalFlow demonstration; not observed event operations.
staggered_departure,2026-07-19T19:00:00Z,240,post_match,secaucus_park_ride,1000,211,0,7,2.0,synthetic,scenario,Synthetic scenario assumption for FinalFlow demonstration; not observed event operations.
staggered_departure,2026-07-19T19:00:00Z,240,post_match,midtown_park_ride,800,176,0,5,2.0,synthetic,scenario,Synthetic scenario assumption for FinalFlow demonstration; not observed event operations.
staggered_departure,2026-07-19T19:05:00Z,245,post_match,stadium_parking,2000,425,0,13,2.0,synthetic,scenario,Synthetic scenario assumption for FinalFlow demonstration; not observed event operations.
staggered_departure,2026-07-19T19:05:00Z,245,post_match,meadowlands_remote,1200,252,0,8,2.0,synthetic,scenario,Synthetic scenario assumption for FinalFlow demonstration; not observed event operations.
staggered_departure,2026-07-19T19:05:00Z,245,post_match,secaucus_park_ride,1000,204,0,7,2.0,synthetic,scenario,Synthetic scenario assumption for FinalFlow demonstration; not observed event operations.
staggered_departure,2026-07-19T19:05:00Z,245,post_match,midtown_park_ride,800,171,0,5,2.0,synthetic,scenario,Synthetic scenario assumption for FinalFlow demonstration; not observed event operations.
staggered_departure,2026-07-19T19:10:00Z,250,post_match,stadium_parking,2000,412,0,13,2.0,synthetic,scenario,Synthetic scenario assumption for FinalFlow demonstration; not observed event operations.
staggered_departure,2026-07-19T19:10:00Z,250,post_match,meadowlands_remote,1200,244,0,8,2.0,synthetic,scenario,Synthetic scenario assumption for FinalFlow demonstration; not observed event operations.
staggered_departure,2026-07-19T19:10:00Z,250,post_match,secaucus_park_ride,1000,197,0,7,2.0,synthetic,scenario,Synthetic scenario assumption for FinalFlow demonstration; not observed event operations.
staggered_departure,2026-07-19T19:10:00Z,250,post_match,midtown_park_ride,800,166,0,5,2.0,synthetic,scenario,Synthetic scenario assumption for FinalFlow demonstration; not observed event operations.
staggered_departure,2026-07-19T19:15:00Z,255,post_match,stadium_parking,2000,412,0,0,2.0,synthetic,scenario,Synthetic scenario assumption for FinalFlow demonstration; not observed event operations.
staggered_departure,2026-07-19T19:15:00Z,255,post_match,meadowlands_remote,1200,244,0,0,2.0,synthetic,scenario,Synthetic scenario assumption for FinalFlow demonstration; not observed event operations.
staggered_departure,2026-07-19T19:15:00Z,255,post_match,secaucus_park_ride,1000,197,0,0,2.0,synthetic,scenario,Synthetic scenario assumption for FinalFlow demonstration; not observed event operations.
staggered_departure,2026-07-19T19:15:00Z,255,post_match,midtown_park_ride,800,166,0,0,2.0,synthetic,scenario,Synthetic scenario assumption for FinalFlow demonstration; not observed event operations.
staggered_departure,2026-07-19T19:20:00Z,260,post_match,stadium_parking,2000,412,0,0,2.0,synthetic,scenario,Synthetic scenario assumption for FinalFlow demonstration; not observed event operations.
staggered_departure,2026-07-19T19:20:00Z,260,post_match,meadowlands_remote,1200,244,0,0,2.0,synthetic,scenario,Synthetic scenario assumption for FinalFlow demonstration; not observed event operations.
staggered_departure,2026-07-19T19:20:00Z,260,post_match,secaucus_park_ride,1000,197,0,0,2.0,synthetic,scenario,Synthetic scenario assumption for FinalFlow demonstration; not observed event operations.
staggered_departure,2026-07-19T19:20:00Z,260,post_match,midtown_park_ride,800,166,0,0,2.0,synthetic,scenario,Synthetic scenario assumption for FinalFlow demonstration; not observed event operations.
staggered_departure,2026-07-19T19:25:00Z,265,post_match,stadium_parking,2000,412,0,0,2.0,synthetic,scenario,Synthetic scenario assumption for FinalFlow demonstration; not observed event operations.
staggered_departure,2026-07-19T19:25:00Z,265,post_match,meadowlands_remote,1200,244,0,0,2.0,synthetic,scenario,Synthetic scenario assumption for FinalFlow demonstration; not observed event operations.
staggered_departure,2026-07-19T19:25:00Z,265,post_match,secaucus_park_ride,1000,197,0,0,2.0,synthetic,scenario,Synthetic scenario assumption for FinalFlow demonstration; not observed event operations.
staggered_departure,2026-07-19T19:25:00Z,265,post_match,midtown_park_ride,800,166,0,0,2.0,synthetic,scenario,Synthetic scenario assumption for FinalFlow demonstration; not observed event operations.
staggered_departure,2026-07-19T19:30:00Z,270,post_match,stadium_parking,2000,412,0,0,2.0,synthetic,scenario,Synthetic scenario assumption for FinalFlow demonstration; not observed event operations.
staggered_departure,2026-07-19T19:30:00Z,270,post_match,meadowlands_remote,1200,244,0,0,2.0,synthetic,scenario,Synthetic scenario assumption for FinalFlow demonstration; not observed event operations.
staggered_departure,2026-07-19T19:30:00Z,270,post_match,secaucus_park_ride,1000,197,0,0,2.0,synthetic,scenario,Synthetic scenario assumption for FinalFlow demonstration; not observed event operations.
staggered_departure,2026-07-19T19:30:00Z,270,post_match,midtown_park_ride,800,166,0,0,2.0,synthetic,scenario,Synthetic scenario assumption for FinalFlow demonstration; not observed event operations.
staggered_departure,2026-07-19T19:35:00Z,275,post_match,stadium_parking,2000,412,0,0,2.0,synthetic,scenario,Synthetic scenario assumption for FinalFlow demonstration; not observed event operations.
staggered_departure,2026-07-19T19:35:00Z,275,post_match,meadowlands_remote,1200,244,0,0,2.0,synthetic,scenario,Synthetic scenario assumption for FinalFlow demonstration; not observed event operations.
staggered_departure,2026-07-19T19:35:00Z,275,post_match,secaucus_park_ride,1000,197,0,0,2.0,synthetic,scenario,Synthetic scenario assumption for FinalFlow demonstration; not observed event operations.
staggered_departure,2026-07-19T19:35:00Z,275,post_match,midtown_park_ride,800,166,0,0,2.0,synthetic,scenario,Synthetic scenario assumption for FinalFlow demonstration; not observed event operations.
staggered_departure,2026-07-19T19:40:00Z,280,post_match,stadium_parking,2000,412,0,0,2.0,synthetic,scenario,Synthetic scenario assumption for FinalFlow demonstration; not observed event operations.
staggered_departure,2026-07-19T19:40:00Z,280,post_match,meadowlands_remote,1200,244,0,0,2.0,synthetic,scenario,Synthetic scenario assumption for FinalFlow demonstration; not observed event operations.
staggered_departure,2026-07-19T19:40:00Z,280,post_match,secaucus_park_ride,1000,197,0,0,2.0,synthetic,scenario,Synthetic scenario assumption for FinalFlow demonstration; not observed event operations.
staggered_departure,2026-07-19T19:40:00Z,280,post_match,midtown_park_ride,800,166,0,0,2.0,synthetic,scenario,Synthetic scenario assumption for FinalFlow demonstration; not observed event operations.
staggered_departure,2026-07-19T19:45:00Z,285,post_match,stadium_parking,2000,412,0,0,2.0,synthetic,scenario,Synthetic scenario assumption for FinalFlow demonstration; not observed event operations.
staggered_departure,2026-07-19T19:45:00Z,285,post_match,meadowlands_remote,1200,244,0,0,2.0,synthetic,scenario,Synthetic scenario assumption for FinalFlow demonstration; not observed event operations.
staggered_departure,2026-07-19T19:45:00Z,285,post_match,secaucus_park_ride,1000,197,0,0,2.0,synthetic,scenario,Synthetic scenario assumption for FinalFlow demonstration; not observed event operations.
staggered_departure,2026-07-19T19:45:00Z,285,post_match,midtown_park_ride,800,166,0,0,2.0,synthetic,scenario,Synthetic scenario assumption for FinalFlow demonstration; not observed event operations.
staggered_departure,2026-07-19T19:50:00Z,290,post_match,stadium_parking,2000,412,0,0,2.0,synthetic,scenario,Synthetic scenario assumption for FinalFlow demonstration; not observed event operations.
staggered_departure,2026-07-19T19:50:00Z,290,post_match,meadowlands_remote,1200,244,0,0,2.0,synthetic,scenario,Synthetic scenario assumption for FinalFlow demonstration; not observed event operations.
staggered_departure,2026-07-19T19:50:00Z,290,post_match,secaucus_park_ride,1000,197,0,0,2.0,synthetic,scenario,Synthetic scenario assumption for FinalFlow demonstration; not observed event operations.
staggered_departure,2026-07-19T19:50:00Z,290,post_match,midtown_park_ride,800,166,0,0,2.0,synthetic,scenario,Synthetic scenario assumption for FinalFlow demonstration; not observed event operations.
staggered_departure,2026-07-19T19:55:00Z,295,post_match,stadium_parking,2000,412,0,0,2.0,synthetic,scenario,Synthetic scenario assumption for FinalFlow demonstration; not observed event operations.
staggered_departure,2026-07-19T19:55:00Z,295,post_match,meadowlands_remote,1200,244,0,0,2.0,synthetic,scenario,Synthetic scenario assumption for FinalFlow demonstration; not observed event operations.
staggered_departure,2026-07-19T19:55:00Z,295,post_match,secaucus_park_ride,1000,197,0,0,2.0,synthetic,scenario,Synthetic scenario assumption for FinalFlow demonstration; not observed event operations.
staggered_departure,2026-07-19T19:55:00Z,295,post_match,midtown_park_ride,800,166,0,0,2.0,synthetic,scenario,Synthetic scenario assumption for FinalFlow demonstration; not observed event operations.
staggered_departure,2026-07-19T20:00:00Z,300,post_match,stadium_parking,2000,412,0,0,2.0,synthetic,scenario,Synthetic scenario assumption for FinalFlow demonstration; not observed event operations.
staggered_departure,2026-07-19T20:00:00Z,300,post_match,meadowlands_remote,1200,244,0,0,2.0,synthetic,scenario,Synthetic scenario assumption for FinalFlow demonstration; not observed event operations.
staggered_departure,2026-07-19T20:00:00Z,300,post_match,secaucus_park_ride,1000,197,0,0,2.0,synthetic,scenario,Synthetic scenario assumption for FinalFlow demonstration; not observed event operations.
staggered_departure,2026-07-19T20:00:00Z,300,post_match,midtown_park_ride,800,166,0,0,2.0,synthetic,scenario,Synthetic scenario assumption for FinalFlow demonstration; not observed event operations.
staggered_departure,2026-07-19T20:05:00Z,305,post_match,stadium_parking,2000,412,0,0,2.0,synthetic,scenario,Synthetic scenario assumption for FinalFlow demonstration; not observed event operations.
staggered_departure,2026-07-19T20:05:00Z,305,post_match,meadowlands_remote,1200,244,0,0,2.0,synthetic,scenario,Synthetic scenario assumption for FinalFlow demonstration; not observed event operations.
staggered_departure,2026-07-19T20:05:00Z,305,post_match,secaucus_park_ride,1000,197,0,0,2.0,synthetic,scenario,Synthetic scenario assumption for FinalFlow demonstration; not observed event operations.
staggered_departure,2026-07-19T20:05:00Z,305,post_match,midtown_park_ride,800,166,0,0,2.0,synthetic,scenario,Synthetic scenario assumption for FinalFlow demonstration; not observed event operations.
staggered_departure,2026-07-19T20:10:00Z,310,post_match,stadium_parking,2000,412,0,0,2.0,synthetic,scenario,Synthetic scenario assumption for FinalFlow demonstration; not observed event operations.
staggered_departure,2026-07-19T20:10:00Z,310,post_match,meadowlands_remote,1200,244,0,0,2.0,synthetic,scenario,Synthetic scenario assumption for FinalFlow demonstration; not observed event operations.
staggered_departure,2026-07-19T20:10:00Z,310,post_match,secaucus_park_ride,1000,197,0,0,2.0,synthetic,scenario,Synthetic scenario assumption for FinalFlow demonstration; not observed event operations.
staggered_departure,2026-07-19T20:10:00Z,310,post_match,midtown_park_ride,800,166,0,0,2.0,synthetic,scenario,Synthetic scenario assumption for FinalFlow demonstration; not observed event operations.
staggered_departure,2026-07-19T20:15:00Z,315,post_match,stadium_parking,2000,412,0,0,2.0,synthetic,scenario,Synthetic scenario assumption for FinalFlow demonstration; not observed event operations.
staggered_departure,2026-07-19T20:15:00Z,315,post_match,meadowlands_remote,1200,244,0,0,2.0,synthetic,scenario,Synthetic scenario assumption for FinalFlow demonstration; not observed event operations.
staggered_departure,2026-07-19T20:15:00Z,315,post_match,secaucus_park_ride,1000,197,0,0,2.0,synthetic,scenario,Synthetic scenario assumption for FinalFlow demonstration; not observed event operations.
staggered_departure,2026-07-19T20:15:00Z,315,post_match,midtown_park_ride,800,166,0,0,2.0,synthetic,scenario,Synthetic scenario assumption for FinalFlow demonstration; not observed event operations.
