scenario_id,timestamp,time_minutes,phase_id,segment_id,from_zone,to_zone,pedestrian_demand,effective_width_m,walking_speed_mps,effective_capacity_per_interval,weather_factor,data_type,confidence_type,assumption_note
baseline,2026-07-19T12:00:00Z,-180,pre_match,midtown_penn_walk,midtown_access,penn_station_access,0,7.0,1.3,955,1.0,synthetic,scenario,Synthetic scenario assumption for FinalFlow demonstration; not observed event operations.
baseline,2026-07-19T12:00:00Z,-180,pre_match,penn_concourse,penn_station_access,penn_station_access,0,9.0,1.3,1228,1.0,synthetic,scenario,Synthetic scenario assumption for FinalFlow demonstration; not observed event operations.
baseline,2026-07-19T12:00:00Z,-180,pre_match,secaucus_transfer,secaucus_transfer,secaucus_transfer,0,8.0,1.3,1092,1.0,synthetic,scenario,Synthetic scenario assumption for FinalFlow demonstration; not observed event operations.
baseline,2026-07-19T12:00:00Z,-180,pre_match,meadowlands_platform,meadowlands_access,meadowlands_access,0,6.0,1.3,819,1.0,synthetic,scenario,Synthetic scenario assumption for FinalFlow demonstration; not observed event operations.
baseline,2026-07-19T12:00:00Z,-180,pre_match,meadowlands_stadium_walk,meadowlands_access,stadium_egress,0,8.0,1.3,1092,1.0,synthetic,scenario,Synthetic scenario assumption for FinalFlow demonstration; not observed event operations.
baseline,2026-07-19T12:00:00Z,-180,pre_match,stadium_egress_walk,stadium_egress,meadowlands_access,0,10.0,1.3,1365,1.0,synthetic,scenario,Synthetic scenario assumption for FinalFlow demonstration; not observed event operations.
baseline,2026-07-19T12:05:00Z,-175,pre_match,midtown_penn_walk,midtown_access,penn_station_access,0,7.0,1.3,955,1.0,synthetic,scenario,Synthetic scenario assumption for FinalFlow demonstration; not observed event operations.
baseline,2026-07-19T12:05:00Z,-175,pre_match,penn_concourse,penn_station_access,penn_station_access,0,9.0,1.3,1228,1.0,synthetic,scenario,Synthetic scenario assumption for FinalFlow demonstration; not observed event operations.
baseline,2026-07-19T12:05:00Z,-175,pre_match,secaucus_transfer,secaucus_transfer,secaucus_transfer,0,8.0,1.3,1092,1.0,synthetic,scenario,Synthetic scenario assumption for FinalFlow demonstration; not observed event operations.
baseline,2026-07-19T12:05:00Z,-175,pre_match,meadowlands_platform,meadowlands_access,meadowlands_access,0,6.0,1.3,819,1.0,synthetic,scenario,Synthetic scenario assumption for FinalFlow demonstration; not observed event operations.
baseline,2026-07-19T12:05:00Z,-175,pre_match,meadowlands_stadium_walk,meadowlands_access,stadium_egress,0,8.0,1.3,1092,1.0,synthetic,scenario,Synthetic scenario assumption for FinalFlow demonstration; not observed event operations.
baseline,2026-07-19T12:05:00Z,-175,pre_match,stadium_egress_walk,stadium_egress,meadowlands_access,0,10.0,1.3,1365,1.0,synthetic,scenario,Synthetic scenario assumption for FinalFlow demonstration; not observed event operations.
baseline,2026-07-19T12:10:00Z,-170,pre_match,midtown_penn_walk,midtown_access,penn_station_access,0,7.0,1.3,955,1.0,synthetic,scenario,Synthetic scenario assumption for FinalFlow demonstration; not observed event operations.
baseline,2026-07-19T12:10:00Z,-170,pre_match,penn_concourse,penn_station_access,penn_station_access,0,9.0,1.3,1228,1.0,synthetic,scenario,Synthetic scenario assumption for FinalFlow demonstration; not observed event operations.
baseline,2026-07-19T12:10:00Z,-170,pre_match,secaucus_transfer,secaucus_transfer,secaucus_transfer,0,8.0,1.3,1092,1.0,synthetic,scenario,Synthetic scenario assumption for FinalFlow demonstration; not observed event operations.
baseline,2026-07-19T12:10:00Z,-170,pre_match,meadowlands_platform,meadowlands_access,meadowlands_access,0,6.0,1.3,819,1.0,synthetic,scenario,Synthetic scenario assumption for FinalFlow demonstration; not observed event operations.
baseline,2026-07-19T12:10:00Z,-170,pre_match,meadowlands_stadium_walk,meadowlands_access,stadium_egress,0,8.0,1.3,1092,1.0,synthetic,scenario,Synthetic scenario assumption for FinalFlow demonstration; not observed event operations.
baseline,2026-07-19T12:10:00Z,-170,pre_match,stadium_egress_walk,stadium_egress,meadowlands_access,0,10.0,1.3,1365,1.0,synthetic,scenario,Synthetic scenario assumption for FinalFlow demonstration; not observed event operations.
baseline,2026-07-19T12:15:00Z,-165,pre_match,midtown_penn_walk,midtown_access,penn_station_access,0,7.0,1.3,955,1.0,synthetic,scenario,Synthetic scenario assumption for FinalFlow demonstration; not observed event operations.
baseline,2026-07-19T12:15:00Z,-165,pre_match,penn_concourse,penn_station_access,penn_station_access,0,9.0,1.3,1228,1.0,synthetic,scenario,Synthetic scenario assumption for FinalFlow demonstration; not observed event operations.
baseline,2026-07-19T12:15:00Z,-165,pre_match,secaucus_transfer,secaucus_transfer,secaucus_transfer,0,8.0,1.3,1092,1.0,synthetic,scenario,Synthetic scenario assumption for FinalFlow demonstration; not observed event operations.
baseline,2026-07-19T12:15:00Z,-165,pre_match,meadowlands_platform,meadowlands_access,meadowlands_access,0,6.0,1.3,819,1.0,synthetic,scenario,Synthetic scenario assumption for FinalFlow demonstration; not observed event operations.
baseline,2026-07-19T12:15:00Z,-165,pre_match,meadowlands_stadium_walk,meadowlands_access,stadium_egress,0,8.0,1.3,1092,1.0,synthetic,scenario,Synthetic scenario assumption for FinalFlow demonstration; not observed event operations.
baseline,2026-07-19T12:15:00Z,-165,pre_match,stadium_egress_walk,stadium_egress,meadowlands_access,0,10.0,1.3,1365,1.0,synthetic,scenario,Synthetic scenario assumption for FinalFlow demonstration; not observed event operations.
baseline,2026-07-19T12:20:00Z,-160,pre_match,midtown_penn_walk,midtown_access,penn_station_access,0,7.0,1.3,955,1.0,synthetic,scenario,Synthetic scenario assumption for FinalFlow demonstration; not observed event operations.
baseline,2026-07-19T12:20:00Z,-160,pre_match,penn_concourse,penn_station_access,penn_station_access,0,9.0,1.3,1228,1.0,synthetic,scenario,Synthetic scenario assumption for FinalFlow demonstration; not observed event operations.
baseline,2026-07-19T12:20:00Z,-160,pre_match,secaucus_transfer,secaucus_transfer,secaucus_transfer,0,8.0,1.3,1092,1.0,synthetic,scenario,Synthetic scenario assumption for FinalFlow demonstration; not observed event operations.
baseline,2026-07-19T12:20:00Z,-160,pre_match,meadowlands_platform,meadowlands_access,meadowlands_access,0,6.0,1.3,819,1.0,synthetic,scenario,Synthetic scenario assumption for FinalFlow demonstration; not observed event operations.
baseline,2026-07-19T12:20:00Z,-160,pre_match,meadowlands_stadium_walk,meadowlands_access,stadium_egress,0,8.0,1.3,1092,1.0,synthetic,scenario,Synthetic scenario assumption for FinalFlow demonstration; not observed event operations.
baseline,2026-07-19T12:20:00Z,-160,pre_match,stadium_egress_walk,stadium_egress,meadowlands_access,0,10.0,1.3,1365,1.0,synthetic,scenario,Synthetic scenario assumption for FinalFlow demonstration; not observed event operations.
baseline,2026-07-19T12:25:00Z,-155,pre_match,midtown_penn_walk,midtown_access,penn_station_access,0,7.0,1.3,955,1.0,synthetic,scenario,Synthetic scenario assumption for FinalFlow demonstration; not observed event operations.
baseline,2026-07-19T12:25:00Z,-155,pre_match,penn_concourse,penn_station_access,penn_station_access,0,9.0,1.3,1228,1.0,synthetic,scenario,Synthetic scenario assumption for FinalFlow demonstration; not observed event operations.
baseline,2026-07-19T12:25:00Z,-155,pre_match,secaucus_transfer,secaucus_transfer,secaucus_transfer,0,8.0,1.3,1092,1.0,synthetic,scenario,Synthetic scenario assumption for FinalFlow demonstration; not observed event operations.
baseline,2026-07-19T12:25:00Z,-155,pre_match,meadowlands_platform,meadowlands_access,meadowlands_access,0,6.0,1.3,819,1.0,synthetic,scenario,Synthetic scenario assumption for FinalFlow demonstration; not observed event operations.
baseline,2026-07-19T12:25:00Z,-155,pre_match,meadowlands_stadium_walk,meadowlands_access,stadium_egress,0,8.0,1.3,1092,1.0,synthetic,scenario,Synthetic scenario assumption for FinalFlow demonstration; not observed event operations.
baseline,2026-07-19T12:25:00Z,-155,pre_match,stadium_egress_walk,stadium_egress,meadowlands_access,0,10.0,1.3,1365,1.0,synthetic,scenario,Synthetic scenario assumption for FinalFlow demonstration; not observed event operations.
baseline,2026-07-19T12:30:00Z,-150,pre_match,midtown_penn_walk,midtown_access,penn_station_access,5,7.0,1.3,955,1.0,synthetic,scenario,Synthetic scenario assumption for FinalFlow demonstration; not observed event operations.
baseline,2026-07-19T12:30:00Z,-150,pre_match,penn_concourse,penn_station_access,penn_station_access,5,9.0,1.3,1228,1.0,synthetic,scenario,Synthetic scenario assumption for FinalFlow demonstration; not observed event operations.
baseline,2026-07-19T12:30:00Z,-150,pre_match,secaucus_transfer,secaucus_transfer,secaucus_transfer,5,8.0,1.3,1092,1.0,synthetic,scenario,Synthetic scenario assumption for FinalFlow demonstration; not observed event operations.
baseline,2026-07-19T12:30:00Z,-150,pre_match,meadowlands_platform,meadowlands_access,meadowlands_access,5,6.0,1.3,819,1.0,synthetic,scenario,Synthetic scenario assumption for FinalFlow demonstration; not observed event operations.
baseline,2026-07-19T12:30:00Z,-150,pre_match,meadowlands_stadium_walk,meadowlands_access,stadium_egress,5,8.0,1.3,1092,1.0,synthetic,scenario,Synthetic scenario assumption for FinalFlow demonstration; not observed event operations.
baseline,2026-07-19T12:30:00Z,-150,pre_match,stadium_egress_walk,stadium_egress,meadowlands_access,5,10.0,1.3,1365,1.0,synthetic,scenario,Synthetic scenario assumption for FinalFlow demonstration; not observed event operations.
baseline,2026-07-19T12:35:00Z,-145,pre_match,midtown_penn_walk,midtown_access,penn_station_access,5,7.0,1.3,955,1.0,synthetic,scenario,Synthetic scenario assumption for FinalFlow demonstration; not observed event operations.
baseline,2026-07-19T12:35:00Z,-145,pre_match,penn_concourse,penn_station_access,penn_station_access,5,9.0,1.3,1228,1.0,synthetic,scenario,Synthetic scenario assumption for FinalFlow demonstration; not observed event operations.
baseline,2026-07-19T12:35:00Z,-145,pre_match,secaucus_transfer,secaucus_transfer,secaucus_transfer,5,8.0,1.3,1092,1.0,synthetic,scenario,Synthetic scenario assumption for FinalFlow demonstration; not observed event operations.
baseline,2026-07-19T12:35:00Z,-145,pre_match,meadowlands_platform,meadowlands_access,meadowlands_access,5,6.0,1.3,819,1.0,synthetic,scenario,Synthetic scenario assumption for FinalFlow demonstration; not observed event operations.
baseline,2026-07-19T12:35:00Z,-145,pre_match,meadowlands_stadium_walk,meadowlands_access,stadium_egress,5,8.0,1.3,1092,1.0,synthetic,scenario,Synthetic scenario assumption for FinalFlow demonstration; not observed event operations.
baseline,2026-07-19T12:35:00Z,-145,pre_match,stadium_egress_walk,stadium_egress,meadowlands_access,5,10.0,1.3,1365,1.0,synthetic,scenario,Synthetic scenario assumption for FinalFlow demonstration; not observed event operations.
baseline,2026-07-19T12:40:00Z,-140,pre_match,midtown_penn_walk,midtown_access,penn_station_access,5,7.0,1.3,955,1.0,synthetic,scenario,Synthetic scenario assumption for FinalFlow demonstration; not observed event operations.
baseline,2026-07-19T12:40:00Z,-140,pre_match,penn_concourse,penn_station_access,penn_station_access,5,9.0,1.3,1228,1.0,synthetic,scenario,Synthetic scenario assumption for FinalFlow demonstration; not observed event operations.
baseline,2026-07-19T12:40:00Z,-140,pre_match,secaucus_transfer,secaucus_transfer,secaucus_transfer,5,8.0,1.3,1092,1.0,synthetic,scenario,Synthetic scenario assumption for FinalFlow demonstration; not observed event operations.
baseline,2026-07-19T12:40:00Z,-140,pre_match,meadowlands_platform,meadowlands_access,meadowlands_access,5,6.0,1.3,819,1.0,synthetic,scenario,Synthetic scenario assumption for FinalFlow demonstration; not observed event operations.
baseline,2026-07-19T12:40:00Z,-140,pre_match,meadowlands_stadium_walk,meadowlands_access,stadium_egress,5,8.0,1.3,1092,1.0,synthetic,scenario,Synthetic scenario assumption for FinalFlow demonstration; not observed event operations.
baseline,2026-07-19T12:40:00Z,-140,pre_match,stadium_egress_walk,stadium_egress,meadowlands_access,5,10.0,1.3,1365,1.0,synthetic,scenario,Synthetic scenario assumption for FinalFlow demonstration; not observed event operations.
baseline,2026-07-19T12:45:00Z,-135,pre_match,midtown_penn_walk,midtown_access,penn_station_access,9,7.0,1.3,955,1.0,synthetic,scenario,Synthetic scenario assumption for FinalFlow demonstration; not observed event operations.
baseline,2026-07-19T12:45:00Z,-135,pre_match,penn_concourse,penn_station_access,penn_station_access,9,9.0,1.3,1228,1.0,synthetic,scenario,Synthetic scenario assumption for FinalFlow demonstration; not observed event operations.
baseline,2026-07-19T12:45:00Z,-135,pre_match,secaucus_transfer,secaucus_transfer,secaucus_transfer,9,8.0,1.3,1092,1.0,synthetic,scenario,Synthetic scenario assumption for FinalFlow demonstration; not observed event operations.
baseline,2026-07-19T12:45:00Z,-135,pre_match,meadowlands_platform,meadowlands_access,meadowlands_access,9,6.0,1.3,819,1.0,synthetic,scenario,Synthetic scenario assumption for FinalFlow demonstration; not observed event operations.
baseline,2026-07-19T12:45:00Z,-135,pre_match,meadowlands_stadium_walk,meadowlands_access,stadium_egress,9,8.0,1.3,1092,1.0,synthetic,scenario,Synthetic scenario assumption for FinalFlow demonstration; not observed event operations.
baseline,2026-07-19T12:45:00Z,-135,pre_match,stadium_egress_walk,stadium_egress,meadowlands_access,9,10.0,1.3,1365,1.0,synthetic,scenario,Synthetic scenario assumption for FinalFlow demonstration; not observed event operations.
baseline,2026-07-19T12:50:00Z,-130,pre_match,midtown_penn_walk,midtown_access,penn_station_access,9,7.0,1.3,955,1.0,synthetic,scenario,Synthetic scenario assumption for FinalFlow demonstration; not observed event operations.
baseline,2026-07-19T12:50:00Z,-130,pre_match,penn_concourse,penn_station_access,penn_station_access,9,9.0,1.3,1228,1.0,synthetic,scenario,Synthetic scenario assumption for FinalFlow demonstration; not observed event operations.
baseline,2026-07-19T12:50:00Z,-130,pre_match,secaucus_transfer,secaucus_transfer,secaucus_transfer,9,8.0,1.3,1092,1.0,synthetic,scenario,Synthetic scenario assumption for FinalFlow demonstration; not observed event operations.
baseline,2026-07-19T12:50:00Z,-130,pre_match,meadowlands_platform,meadowlands_access,meadowlands_access,9,6.0,1.3,819,1.0,synthetic,scenario,Synthetic scenario assumption for FinalFlow demonstration; not observed event operations.
baseline,2026-07-19T12:50:00Z,-130,pre_match,meadowlands_stadium_walk,meadowlands_access,stadium_egress,9,8.0,1.3,1092,1.0,synthetic,scenario,Synthetic scenario assumption for FinalFlow demonstration; not observed event operations.
baseline,2026-07-19T12:50:00Z,-130,pre_match,stadium_egress_walk,stadium_egress,meadowlands_access,9,10.0,1.3,1365,1.0,synthetic,scenario,Synthetic scenario assumption for FinalFlow demonstration; not observed event operations.
baseline,2026-07-19T12:55:00Z,-125,pre_match,midtown_penn_walk,midtown_access,penn_station_access,14,7.0,1.3,955,1.0,synthetic,scenario,Synthetic scenario assumption for FinalFlow demonstration; not observed event operations.
baseline,2026-07-19T12:55:00Z,-125,pre_match,penn_concourse,penn_station_access,penn_station_access,14,9.0,1.3,1228,1.0,synthetic,scenario,Synthetic scenario assumption for FinalFlow demonstration; not observed event operations.
baseline,2026-07-19T12:55:00Z,-125,pre_match,secaucus_transfer,secaucus_transfer,secaucus_transfer,14,8.0,1.3,1092,1.0,synthetic,scenario,Synthetic scenario assumption for FinalFlow demonstration; not observed event operations.
baseline,2026-07-19T12:55:00Z,-125,pre_match,meadowlands_platform,meadowlands_access,meadowlands_access,14,6.0,1.3,819,1.0,synthetic,scenario,Synthetic scenario assumption for FinalFlow demonstration; not observed event operations.
baseline,2026-07-19T12:55:00Z,-125,pre_match,meadowlands_stadium_walk,meadowlands_access,stadium_egress,14,8.0,1.3,1092,1.0,synthetic,scenario,Synthetic scenario assumption for FinalFlow demonstration; not observed event operations.
baseline,2026-07-19T12:55:00Z,-125,pre_match,stadium_egress_walk,stadium_egress,meadowlands_access,14,10.0,1.3,1365,1.0,synthetic,scenario,Synthetic scenario assumption for FinalFlow demonstration; not observed event operations.
baseline,2026-07-19T13:00:00Z,-120,gates_open,midtown_penn_walk,midtown_access,penn_station_access,14,7.0,1.3,955,1.0,synthetic,scenario,Synthetic scenario assumption for FinalFlow demonstration; not observed event operations.
baseline,2026-07-19T13:00:00Z,-120,gates_open,penn_concourse,penn_station_access,penn_station_access,14,9.0,1.3,1228,1.0,synthetic,scenario,Synthetic scenario assumption for FinalFlow demonstration; not observed event operations.
baseline,2026-07-19T13:00:00Z,-120,gates_open,secaucus_transfer,secaucus_transfer,secaucus_transfer,14,8.0,1.3,1092,1.0,synthetic,scenario,Synthetic scenario assumption for FinalFlow demonstration; not observed event operations.
baseline,2026-07-19T13:00:00Z,-120,gates_open,meadowlands_platform,meadowlands_access,meadowlands_access,14,6.0,1.3,819,1.0,synthetic,scenario,Synthetic scenario assumption for FinalFlow demonstration; not observed event operations.
baseline,2026-07-19T13:00:00Z,-120,gates_open,meadowlands_stadium_walk,meadowlands_access,stadium_egress,14,8.0,1.3,1092,1.0,synthetic,scenario,Synthetic scenario assumption for FinalFlow demonstration; not observed event operations.
baseline,2026-07-19T13:00:00Z,-120,gates_open,stadium_egress_walk,stadium_egress,meadowlands_access,14,10.0,1.3,1365,1.0,synthetic,scenario,Synthetic scenario assumption for FinalFlow demonstration; not observed event operations.
baseline,2026-07-19T13:05:00Z,-115,pre_match,midtown_penn_walk,midtown_access,penn_station_access,18,7.0,1.3,955,1.0,synthetic,scenario,Synthetic scenario assumption for FinalFlow demonstration; not observed event operations.
baseline,2026-07-19T13:05:00Z,-115,pre_match,penn_concourse,penn_station_access,penn_station_access,18,9.0,1.3,1228,1.0,synthetic,scenario,Synthetic scenario assumption for FinalFlow demonstration; not observed event operations.
baseline,2026-07-19T13:05:00Z,-115,pre_match,secaucus_transfer,secaucus_transfer,secaucus_transfer,18,8.0,1.3,1092,1.0,synthetic,scenario,Synthetic scenario assumption for FinalFlow demonstration; not observed event operations.
baseline,2026-07-19T13:05:00Z,-115,pre_match,meadowlands_platform,meadowlands_access,meadowlands_access,18,6.0,1.3,819,1.0,synthetic,scenario,Synthetic scenario assumption for FinalFlow demonstration; not observed event operations.
baseline,2026-07-19T13:05:00Z,-115,pre_match,meadowlands_stadium_walk,meadowlands_access,stadium_egress,18,8.0,1.3,1092,1.0,synthetic,scenario,Synthetic scenario assumption for FinalFlow demonstration; not observed event operations.
baseline,2026-07-19T13:05:00Z,-115,pre_match,stadium_egress_walk,stadium_egress,meadowlands_access,18,10.0,1.3,1365,1.0,synthetic,scenario,Synthetic scenario assumption for FinalFlow demonstration; not observed event operations.
baseline,2026-07-19T13:10:00Z,-110,pre_match,midtown_penn_walk,midtown_access,penn_station_access,23,7.0,1.3,955,1.0,synthetic,scenario,Synthetic scenario assumption for FinalFlow demonstration; not observed event operations.
baseline,2026-07-19T13:10:00Z,-110,pre_match,penn_concourse,penn_station_access,penn_station_access,23,9.0,1.3,1228,1.0,synthetic,scenario,Synthetic scenario assumption for FinalFlow demonstration; not observed event operations.
baseline,2026-07-19T13:10:00Z,-110,pre_match,secaucus_transfer,secaucus_transfer,secaucus_transfer,23,8.0,1.3,1092,1.0,synthetic,scenario,Synthetic scenario assumption for FinalFlow demonstration; not observed event operations.
baseline,2026-07-19T13:10:00Z,-110,pre_match,meadowlands_platform,meadowlands_access,meadowlands_access,23,6.0,1.3,819,1.0,synthetic,scenario,Synthetic scenario assumption for FinalFlow demonstration; not observed event operations.
baseline,2026-07-19T13:10:00Z,-110,pre_match,meadowlands_stadium_walk,meadowlands_access,stadium_egress,23,8.0,1.3,1092,1.0,synthetic,scenario,Synthetic scenario assumption for FinalFlow demonstration; not observed event operations.
baseline,2026-07-19T13:10:00Z,-110,pre_match,stadium_egress_walk,stadium_egress,meadowlands_access,23,10.0,1.3,1365,1.0,synthetic,scenario,Synthetic scenario assumption for FinalFlow demonstration; not observed event operations.
baseline,2026-07-19T13:15:00Z,-105,pre_match,midtown_penn_walk,midtown_access,penn_station_access,26,7.0,1.3,955,1.0,synthetic,scenario,Synthetic scenario assumption for FinalFlow demonstration; not observed event operations.
baseline,2026-07-19T13:15:00Z,-105,pre_match,penn_concourse,penn_station_access,penn_station_access,26,9.0,1.3,1228,1.0,synthetic,scenario,Synthetic scenario assumption for FinalFlow demonstration; not observed event operations.
baseline,2026-07-19T13:15:00Z,-105,pre_match,secaucus_transfer,secaucus_transfer,secaucus_transfer,26,8.0,1.3,1092,1.0,synthetic,scenario,Synthetic scenario assumption for FinalFlow demonstration; not observed event operations.
baseline,2026-07-19T13:15:00Z,-105,pre_match,meadowlands_platform,meadowlands_access,meadowlands_access,26,6.0,1.3,819,1.0,synthetic,scenario,Synthetic scenario assumption for FinalFlow demonstration; not observed event operations.
baseline,2026-07-19T13:15:00Z,-105,pre_match,meadowlands_stadium_walk,meadowlands_access,stadium_egress,26,8.0,1.3,1092,1.0,synthetic,scenario,Synthetic scenario assumption for FinalFlow demonstration; not observed event operations.
baseline,2026-07-19T13:15:00Z,-105,pre_match,stadium_egress_walk,stadium_egress,meadowlands_access,26,10.0,1.3,1365,1.0,synthetic,scenario,Synthetic scenario assumption for FinalFlow demonstration; not observed event operations.
baseline,2026-07-19T13:20:00Z,-100,pre_match,midtown_penn_walk,midtown_access,penn_station_access,31,7.0,1.3,955,1.0,synthetic,scenario,Synthetic scenario assumption for FinalFlow demonstration; not observed event operations.
baseline,2026-07-19T13:20:00Z,-100,pre_match,penn_concourse,penn_station_access,penn_station_access,31,9.0,1.3,1228,1.0,synthetic,scenario,Synthetic scenario assumption for FinalFlow demonstration; not observed event operations.
baseline,2026-07-19T13:20:00Z,-100,pre_match,secaucus_transfer,secaucus_transfer,secaucus_transfer,31,8.0,1.3,1092,1.0,synthetic,scenario,Synthetic scenario assumption for FinalFlow demonstration; not observed event operations.
baseline,2026-07-19T13:20:00Z,-100,pre_match,meadowlands_platform,meadowlands_access,meadowlands_access,31,6.0,1.3,819,1.0,synthetic,scenario,Synthetic scenario assumption for FinalFlow demonstration; not observed event operations.
baseline,2026-07-19T13:20:00Z,-100,pre_match,meadowlands_stadium_walk,meadowlands_access,stadium_egress,31,8.0,1.3,1092,1.0,synthetic,scenario,Synthetic scenario assumption for FinalFlow demonstration; not observed event operations.
baseline,2026-07-19T13:20:00Z,-100,pre_match,stadium_egress_walk,stadium_egress,meadowlands_access,31,10.0,1.3,1365,1.0,synthetic,scenario,Synthetic scenario assumption for FinalFlow demonstration; not observed event operations.
baseline,2026-07-19T13:25:00Z,-95,pre_match,midtown_penn_walk,midtown_access,penn_station_access,35,7.0,1.3,955,1.0,synthetic,scenario,Synthetic scenario assumption for FinalFlow demonstration; not observed event operations.
baseline,2026-07-19T13:25:00Z,-95,pre_match,penn_concourse,penn_station_access,penn_station_access,35,9.0,1.3,1228,1.0,synthetic,scenario,Synthetic scenario assumption for FinalFlow demonstration; not observed event operations.
baseline,2026-07-19T13:25:00Z,-95,pre_match,secaucus_transfer,secaucus_transfer,secaucus_transfer,35,8.0,1.3,1092,1.0,synthetic,scenario,Synthetic scenario assumption for FinalFlow demonstration; not observed event operations.
baseline,2026-07-19T13:25:00Z,-95,pre_match,meadowlands_platform,meadowlands_access,meadowlands_access,35,6.0,1.3,819,1.0,synthetic,scenario,Synthetic scenario assumption for FinalFlow demonstration; not observed event operations.
baseline,2026-07-19T13:25:00Z,-95,pre_match,meadowlands_stadium_walk,meadowlands_access,stadium_egress,35,8.0,1.3,1092,1.0,synthetic,scenario,Synthetic scenario assumption for FinalFlow demonstration; not observed event operations.
baseline,2026-07-19T13:25:00Z,-95,pre_match,stadium_egress_walk,stadium_egress,meadowlands_access,35,10.0,1.3,1365,1.0,synthetic,scenario,Synthetic scenario assumption for FinalFlow demonstration; not observed event operations.
baseline,2026-07-19T13:30:00Z,-90,pre_match,midtown_penn_walk,midtown_access,penn_station_access,40,7.0,1.3,955,1.0,synthetic,scenario,Synthetic scenario assumption for FinalFlow demonstration; not observed event operations.
baseline,2026-07-19T13:30:00Z,-90,pre_match,penn_concourse,penn_station_access,penn_station_access,40,9.0,1.3,1228,1.0,synthetic,scenario,Synthetic scenario assumption for FinalFlow demonstration; not observed event operations.
baseline,2026-07-19T13:30:00Z,-90,pre_match,secaucus_transfer,secaucus_transfer,secaucus_transfer,40,8.0,1.3,1092,1.0,synthetic,scenario,Synthetic scenario assumption for FinalFlow demonstration; not observed event operations.
baseline,2026-07-19T13:30:00Z,-90,pre_match,meadowlands_platform,meadowlands_access,meadowlands_access,40,6.0,1.3,819,1.0,synthetic,scenario,Synthetic scenario assumption for FinalFlow demonstration; not observed event operations.
baseline,2026-07-19T13:30:00Z,-90,pre_match,meadowlands_stadium_walk,meadowlands_access,stadium_egress,40,8.0,1.3,1092,1.0,synthetic,scenario,Synthetic scenario assumption for FinalFlow demonstration; not observed event operations.
baseline,2026-07-19T13:30:00Z,-90,pre_match,stadium_egress_walk,stadium_egress,meadowlands_access,40,10.0,1.3,1365,1.0,synthetic,scenario,Synthetic scenario assumption for FinalFlow demonstration; not observed event operations.
baseline,2026-07-19T13:35:00Z,-85,pre_match,midtown_penn_walk,midtown_access,penn_station_access,45,7.0,1.3,955,1.0,synthetic,scenario,Synthetic scenario assumption for FinalFlow demonstration; not observed event operations.
baseline,2026-07-19T13:35:00Z,-85,pre_match,penn_concourse,penn_station_access,penn_station_access,45,9.0,1.3,1228,1.0,synthetic,scenario,Synthetic scenario assumption for FinalFlow demonstration; not observed event operations.
baseline,2026-07-19T13:35:00Z,-85,pre_match,secaucus_transfer,secaucus_transfer,secaucus_transfer,45,8.0,1.3,1092,1.0,synthetic,scenario,Synthetic scenario assumption for FinalFlow demonstration; not observed event operations.
baseline,2026-07-19T13:35:00Z,-85,pre_match,meadowlands_platform,meadowlands_access,meadowlands_access,45,6.0,1.3,819,1.0,synthetic,scenario,Synthetic scenario assumption for FinalFlow demonstration; not observed event operations.
baseline,2026-07-19T13:35:00Z,-85,pre_match,meadowlands_stadium_walk,meadowlands_access,stadium_egress,45,8.0,1.3,1092,1.0,synthetic,scenario,Synthetic scenario assumption for FinalFlow demonstration; not observed event operations.
baseline,2026-07-19T13:35:00Z,-85,pre_match,stadium_egress_walk,stadium_egress,meadowlands_access,45,10.0,1.3,1365,1.0,synthetic,scenario,Synthetic scenario assumption for FinalFlow demonstration; not observed event operations.
baseline,2026-07-19T13:40:00Z,-80,pre_match,midtown_penn_walk,midtown_access,penn_station_access,49,7.0,1.3,955,1.0,synthetic,scenario,Synthetic scenario assumption for FinalFlow demonstration; not observed event operations.
baseline,2026-07-19T13:40:00Z,-80,pre_match,penn_concourse,penn_station_access,penn_station_access,49,9.0,1.3,1228,1.0,synthetic,scenario,Synthetic scenario assumption for FinalFlow demonstration; not observed event operations.
baseline,2026-07-19T13:40:00Z,-80,pre_match,secaucus_transfer,secaucus_transfer,secaucus_transfer,49,8.0,1.3,1092,1.0,synthetic,scenario,Synthetic scenario assumption for FinalFlow demonstration; not observed event operations.
baseline,2026-07-19T13:40:00Z,-80,pre_match,meadowlands_platform,meadowlands_access,meadowlands_access,49,6.0,1.3,819,1.0,synthetic,scenario,Synthetic scenario assumption for FinalFlow demonstration; not observed event operations.
baseline,2026-07-19T13:40:00Z,-80,pre_match,meadowlands_stadium_walk,meadowlands_access,stadium_egress,49,8.0,1.3,1092,1.0,synthetic,scenario,Synthetic scenario assumption for FinalFlow demonstration; not observed event operations.
baseline,2026-07-19T13:40:00Z,-80,pre_match,stadium_egress_walk,stadium_egress,meadowlands_access,49,10.0,1.3,1365,1.0,synthetic,scenario,Synthetic scenario assumption for FinalFlow demonstration; not observed event operations.
baseline,2026-07-19T13:45:00Z,-75,pre_match,midtown_penn_walk,midtown_access,penn_station_access,54,7.0,1.3,955,1.0,synthetic,scenario,Synthetic scenario assumption for FinalFlow demonstration; not observed event operations.
baseline,2026-07-19T13:45:00Z,-75,pre_match,penn_concourse,penn_station_access,penn_station_access,54,9.0,1.3,1228,1.0,synthetic,scenario,Synthetic scenario assumption for FinalFlow demonstration; not observed event operations.
baseline,2026-07-19T13:45:00Z,-75,pre_match,secaucus_transfer,secaucus_transfer,secaucus_transfer,54,8.0,1.3,1092,1.0,synthetic,scenario,Synthetic scenario assumption for FinalFlow demonstration; not observed event operations.
baseline,2026-07-19T13:45:00Z,-75,pre_match,meadowlands_platform,meadowlands_access,meadowlands_access,54,6.0,1.3,819,1.0,synthetic,scenario,Synthetic scenario assumption for FinalFlow demonstration; not observed event operations.
baseline,2026-07-19T13:45:00Z,-75,pre_match,meadowlands_stadium_walk,meadowlands_access,stadium_egress,54,8.0,1.3,1092,1.0,synthetic,scenario,Synthetic scenario assumption for FinalFlow demonstration; not observed event operations.
baseline,2026-07-19T13:45:00Z,-75,pre_match,stadium_egress_walk,stadium_egress,meadowlands_access,54,10.0,1.3,1365,1.0,synthetic,scenario,Synthetic scenario assumption for FinalFlow demonstration; not observed event operations.
baseline,2026-07-19T13:50:00Z,-70,pre_match,midtown_penn_walk,midtown_access,penn_station_access,59,7.0,1.3,955,1.0,synthetic,scenario,Synthetic scenario assumption for FinalFlow demonstration; not observed event operations.
baseline,2026-07-19T13:50:00Z,-70,pre_match,penn_concourse,penn_station_access,penn_station_access,59,9.0,1.3,1228,1.0,synthetic,scenario,Synthetic scenario assumption for FinalFlow demonstration; not observed event operations.
baseline,2026-07-19T13:50:00Z,-70,pre_match,secaucus_transfer,secaucus_transfer,secaucus_transfer,59,8.0,1.3,1092,1.0,synthetic,scenario,Synthetic scenario assumption for FinalFlow demonstration; not observed event operations.
baseline,2026-07-19T13:50:00Z,-70,pre_match,meadowlands_platform,meadowlands_access,meadowlands_access,59,6.0,1.3,819,1.0,synthetic,scenario,Synthetic scenario assumption for FinalFlow demonstration; not observed event operations.
baseline,2026-07-19T13:50:00Z,-70,pre_match,meadowlands_stadium_walk,meadowlands_access,stadium_egress,59,8.0,1.3,1092,1.0,synthetic,scenario,Synthetic scenario assumption for FinalFlow demonstration; not observed event operations.
baseline,2026-07-19T13:50:00Z,-70,pre_match,stadium_egress_walk,stadium_egress,meadowlands_access,59,10.0,1.3,1365,1.0,synthetic,scenario,Synthetic scenario assumption for FinalFlow demonstration; not observed event operations.
baseline,2026-07-19T13:55:00Z,-65,pre_match,midtown_penn_walk,midtown_access,penn_station_access,63,7.0,1.3,955,1.0,synthetic,scenario,Synthetic scenario assumption for FinalFlow demonstration; not observed event operations.
baseline,2026-07-19T13:55:00Z,-65,pre_match,penn_concourse,penn_station_access,penn_station_access,63,9.0,1.3,1228,1.0,synthetic,scenario,Synthetic scenario assumption for FinalFlow demonstration; not observed event operations.
baseline,2026-07-19T13:55:00Z,-65,pre_match,secaucus_transfer,secaucus_transfer,secaucus_transfer,63,8.0,1.3,1092,1.0,synthetic,scenario,Synthetic scenario assumption for FinalFlow demonstration; not observed event operations.
baseline,2026-07-19T13:55:00Z,-65,pre_match,meadowlands_platform,meadowlands_access,meadowlands_access,63,6.0,1.3,819,1.0,synthetic,scenario,Synthetic scenario assumption for FinalFlow demonstration; not observed event operations.
baseline,2026-07-19T13:55:00Z,-65,pre_match,meadowlands_stadium_walk,meadowlands_access,stadium_egress,63,8.0,1.3,1092,1.0,synthetic,scenario,Synthetic scenario assumption for FinalFlow demonstration; not observed event operations.
baseline,2026-07-19T13:55:00Z,-65,pre_match,stadium_egress_walk,stadium_egress,meadowlands_access,63,10.0,1.3,1365,1.0,synthetic,scenario,Synthetic scenario assumption for FinalFlow demonstration; not observed event operations.
baseline,2026-07-19T14:00:00Z,-60,pre_match,midtown_penn_walk,midtown_access,penn_station_access,67,7.0,1.3,955,1.0,synthetic,scenario,Synthetic scenario assumption for FinalFlow demonstration; not observed event operations.
baseline,2026-07-19T14:00:00Z,-60,pre_match,penn_concourse,penn_station_access,penn_station_access,67,9.0,1.3,1228,1.0,synthetic,scenario,Synthetic scenario assumption for FinalFlow demonstration; not observed event operations.
baseline,2026-07-19T14:00:00Z,-60,pre_match,secaucus_transfer,secaucus_transfer,secaucus_transfer,67,8.0,1.3,1092,1.0,synthetic,scenario,Synthetic scenario assumption for FinalFlow demonstration; not observed event operations.
baseline,2026-07-19T14:00:00Z,-60,pre_match,meadowlands_platform,meadowlands_access,meadowlands_access,67,6.0,1.3,819,1.0,synthetic,scenario,Synthetic scenario assumption for FinalFlow demonstration; not observed event operations.
baseline,2026-07-19T14:00:00Z,-60,pre_match,meadowlands_stadium_walk,meadowlands_access,stadium_egress,67,8.0,1.3,1092,1.0,synthetic,scenario,Synthetic scenario assumption for FinalFlow demonstration; not observed event operations.
baseline,2026-07-19T14:00:00Z,-60,pre_match,stadium_egress_walk,stadium_egress,meadowlands_access,67,10.0,1.3,1365,1.0,synthetic,scenario,Synthetic scenario assumption for FinalFlow demonstration; not observed event operations.
baseline,2026-07-19T14:05:00Z,-55,pre_match,midtown_penn_walk,midtown_access,penn_station_access,73,7.0,1.3,955,1.0,synthetic,scenario,Synthetic scenario assumption for FinalFlow demonstration; not observed event operations.
baseline,2026-07-19T14:05:00Z,-55,pre_match,penn_concourse,penn_station_access,penn_station_access,73,9.0,1.3,1228,1.0,synthetic,scenario,Synthetic scenario assumption for FinalFlow demonstration; not observed event operations.
baseline,2026-07-19T14:05:00Z,-55,pre_match,secaucus_transfer,secaucus_transfer,secaucus_transfer,73,8.0,1.3,1092,1.0,synthetic,scenario,Synthetic scenario assumption for FinalFlow demonstration; not observed event operations.
baseline,2026-07-19T14:05:00Z,-55,pre_match,meadowlands_platform,meadowlands_access,meadowlands_access,73,6.0,1.3,819,1.0,synthetic,scenario,Synthetic scenario assumption for FinalFlow demonstration; not observed event operations.
baseline,2026-07-19T14:05:00Z,-55,pre_match,meadowlands_stadium_walk,meadowlands_access,stadium_egress,73,8.0,1.3,1092,1.0,synthetic,scenario,Synthetic scenario assumption for FinalFlow demonstration; not observed event operations.
baseline,2026-07-19T14:05:00Z,-55,pre_match,stadium_egress_walk,stadium_egress,meadowlands_access,73,10.0,1.3,1365,1.0,synthetic,scenario,Synthetic scenario assumption for FinalFlow demonstration; not observed event operations.
baseline,2026-07-19T14:10:00Z,-50,pre_match,midtown_penn_walk,midtown_access,penn_station_access,73,7.0,1.3,955,1.0,synthetic,scenario,Synthetic scenario assumption for FinalFlow demonstration; not observed event operations.
baseline,2026-07-19T14:10:00Z,-50,pre_match,penn_concourse,penn_station_access,penn_station_access,73,9.0,1.3,1228,1.0,synthetic,scenario,Synthetic scenario assumption for FinalFlow demonstration; not observed event operations.
baseline,2026-07-19T14:10:00Z,-50,pre_match,secaucus_transfer,secaucus_transfer,secaucus_transfer,73,8.0,1.3,1092,1.0,synthetic,scenario,Synthetic scenario assumption for FinalFlow demonstration; not observed event operations.
baseline,2026-07-19T14:10:00Z,-50,pre_match,meadowlands_platform,meadowlands_access,meadowlands_access,73,6.0,1.3,819,1.0,synthetic,scenario,Synthetic scenario assumption for FinalFlow demonstration; not observed event operations.
baseline,2026-07-19T14:10:00Z,-50,pre_match,meadowlands_stadium_walk,meadowlands_access,stadium_egress,73,8.0,1.3,1092,1.0,synthetic,scenario,Synthetic scenario assumption for FinalFlow demonstration; not observed event operations.
baseline,2026-07-19T14:10:00Z,-50,pre_match,stadium_egress_walk,stadium_egress,meadowlands_access,73,10.0,1.3,1365,1.0,synthetic,scenario,Synthetic scenario assumption for FinalFlow demonstration; not observed event operations.
baseline,2026-07-19T14:15:00Z,-45,pre_match,midtown_penn_walk,midtown_access,penn_station_access,67,7.0,1.3,955,1.0,synthetic,scenario,Synthetic scenario assumption for FinalFlow demonstration; not observed event operations.
baseline,2026-07-19T14:15:00Z,-45,pre_match,penn_concourse,penn_station_access,penn_station_access,67,9.0,1.3,1228,1.0,synthetic,scenario,Synthetic scenario assumption for FinalFlow demonstration; not observed event operations.
baseline,2026-07-19T14:15:00Z,-45,pre_match,secaucus_transfer,secaucus_transfer,secaucus_transfer,67,8.0,1.3,1092,1.0,synthetic,scenario,Synthetic scenario assumption for FinalFlow demonstration; not observed event operations.
baseline,2026-07-19T14:15:00Z,-45,pre_match,meadowlands_platform,meadowlands_access,meadowlands_access,67,6.0,1.3,819,1.0,synthetic,scenario,Synthetic scenario assumption for FinalFlow demonstration; not observed event operations.
baseline,2026-07-19T14:15:00Z,-45,pre_match,meadowlands_stadium_walk,meadowlands_access,stadium_egress,67,8.0,1.3,1092,1.0,synthetic,scenario,Synthetic scenario assumption for FinalFlow demonstration; not observed event operations.
baseline,2026-07-19T14:15:00Z,-45,pre_match,stadium_egress_walk,stadium_egress,meadowlands_access,67,10.0,1.3,1365,1.0,synthetic,scenario,Synthetic scenario assumption for FinalFlow demonstration; not observed event operations.
baseline,2026-07-19T14:20:00Z,-40,pre_match,midtown_penn_walk,midtown_access,penn_station_access,63,7.0,1.3,955,1.0,synthetic,scenario,Synthetic scenario assumption for FinalFlow demonstration; not observed event operations.
baseline,2026-07-19T14:20:00Z,-40,pre_match,penn_concourse,penn_station_access,penn_station_access,63,9.0,1.3,1228,1.0,synthetic,scenario,Synthetic scenario assumption for FinalFlow demonstration; not observed event operations.
baseline,2026-07-19T14:20:00Z,-40,pre_match,secaucus_transfer,secaucus_transfer,secaucus_transfer,63,8.0,1.3,1092,1.0,synthetic,scenario,Synthetic scenario assumption for FinalFlow demonstration; not observed event operations.
baseline,2026-07-19T14:20:00Z,-40,pre_match,meadowlands_platform,meadowlands_access,meadowlands_access,63,6.0,1.3,819,1.0,synthetic,scenario,Synthetic scenario assumption for FinalFlow demonstration; not observed event operations.
baseline,2026-07-19T14:20:00Z,-40,pre_match,meadowlands_stadium_walk,meadowlands_access,stadium_egress,63,8.0,1.3,1092,1.0,synthetic,scenario,Synthetic scenario assumption for FinalFlow demonstration; not observed event operations.
baseline,2026-07-19T14:20:00Z,-40,pre_match,stadium_egress_walk,stadium_egress,meadowlands_access,63,10.0,1.3,1365,1.0,synthetic,scenario,Synthetic scenario assumption for FinalFlow demonstration; not observed event operations.
baseline,2026-07-19T14:25:00Z,-35,pre_match,midtown_penn_walk,midtown_access,penn_station_access,54,7.0,1.3,955,1.0,synthetic,scenario,Synthetic scenario assumption for FinalFlow demonstration; not observed event operations.
baseline,2026-07-19T14:25:00Z,-35,pre_match,penn_concourse,penn_station_access,penn_station_access,54,9.0,1.3,1228,1.0,synthetic,scenario,Synthetic scenario assumption for FinalFlow demonstration; not observed event operations.
baseline,2026-07-19T14:25:00Z,-35,pre_match,secaucus_transfer,secaucus_transfer,secaucus_transfer,54,8.0,1.3,1092,1.0,synthetic,scenario,Synthetic scenario assumption for FinalFlow demonstration; not observed event operations.
baseline,2026-07-19T14:25:00Z,-35,pre_match,meadowlands_platform,meadowlands_access,meadowlands_access,54,6.0,1.3,819,1.0,synthetic,scenario,Synthetic scenario assumption for FinalFlow demonstration; not observed event operations.
baseline,2026-07-19T14:25:00Z,-35,pre_match,meadowlands_stadium_walk,meadowlands_access,stadium_egress,54,8.0,1.3,1092,1.0,synthetic,scenario,Synthetic scenario assumption for FinalFlow demonstration; not observed event operations.
baseline,2026-07-19T14:25:00Z,-35,pre_match,stadium_egress_walk,stadium_egress,meadowlands_access,54,10.0,1.3,1365,1.0,synthetic,scenario,Synthetic scenario assumption for FinalFlow demonstration; not observed event operations.
baseline,2026-07-19T14:30:00Z,-30,ceremony,midtown_penn_walk,midtown_access,penn_station_access,0,7.0,1.3,955,1.0,synthetic,scenario,Synthetic scenario assumption for FinalFlow demonstration; not observed event operations.
baseline,2026-07-19T14:30:00Z,-30,ceremony,penn_concourse,penn_station_access,penn_station_access,0,9.0,1.3,1228,1.0,synthetic,scenario,Synthetic scenario assumption for FinalFlow demonstration; not observed event operations.
baseline,2026-07-19T14:30:00Z,-30,ceremony,secaucus_transfer,secaucus_transfer,secaucus_transfer,0,8.0,1.3,1092,1.0,synthetic,scenario,Synthetic scenario assumption for FinalFlow demonstration; not observed event operations.
baseline,2026-07-19T14:30:00Z,-30,ceremony,meadowlands_platform,meadowlands_access,meadowlands_access,0,6.0,1.3,819,1.0,synthetic,scenario,Synthetic scenario assumption for FinalFlow demonstration; not observed event operations.
baseline,2026-07-19T14:30:00Z,-30,ceremony,meadowlands_stadium_walk,meadowlands_access,stadium_egress,0,8.0,1.3,1092,1.0,synthetic,scenario,Synthetic scenario assumption for FinalFlow demonstration; not observed event operations.
baseline,2026-07-19T14:30:00Z,-30,ceremony,stadium_egress_walk,stadium_egress,meadowlands_access,0,10.0,1.3,1365,1.0,synthetic,scenario,Synthetic scenario assumption for FinalFlow demonstration; not observed event operations.
baseline,2026-07-19T14:35:00Z,-25,ceremony,midtown_penn_walk,midtown_access,penn_station_access,0,7.0,1.3,955,1.0,synthetic,scenario,Synthetic scenario assumption for FinalFlow demonstration; not observed event operations.
baseline,2026-07-19T14:35:00Z,-25,ceremony,penn_concourse,penn_station_access,penn_station_access,0,9.0,1.3,1228,1.0,synthetic,scenario,Synthetic scenario assumption for FinalFlow demonstration; not observed event operations.
baseline,2026-07-19T14:35:00Z,-25,ceremony,secaucus_transfer,secaucus_transfer,secaucus_transfer,0,8.0,1.3,1092,1.0,synthetic,scenario,Synthetic scenario assumption for FinalFlow demonstration; not observed event operations.
baseline,2026-07-19T14:35:00Z,-25,ceremony,meadowlands_platform,meadowlands_access,meadowlands_access,0,6.0,1.3,819,1.0,synthetic,scenario,Synthetic scenario assumption for FinalFlow demonstration; not observed event operations.
baseline,2026-07-19T14:35:00Z,-25,ceremony,meadowlands_stadium_walk,meadowlands_access,stadium_egress,0,8.0,1.3,1092,1.0,synthetic,scenario,Synthetic scenario assumption for FinalFlow demonstration; not observed event operations.
baseline,2026-07-19T14:35:00Z,-25,ceremony,stadium_egress_walk,stadium_egress,meadowlands_access,0,10.0,1.3,1365,1.0,synthetic,scenario,Synthetic scenario assumption for FinalFlow demonstration; not observed event operations.
baseline,2026-07-19T14:40:00Z,-20,ceremony,midtown_penn_walk,midtown_access,penn_station_access,0,7.0,1.3,955,1.0,synthetic,scenario,Synthetic scenario assumption for FinalFlow demonstration; not observed event operations.
baseline,2026-07-19T14:40:00Z,-20,ceremony,penn_concourse,penn_station_access,penn_station_access,0,9.0,1.3,1228,1.0,synthetic,scenario,Synthetic scenario assumption for FinalFlow demonstration; not observed event operations.
baseline,2026-07-19T14:40:00Z,-20,ceremony,secaucus_transfer,secaucus_transfer,secaucus_transfer,0,8.0,1.3,1092,1.0,synthetic,scenario,Synthetic scenario assumption for FinalFlow demonstration; not observed event operations.
baseline,2026-07-19T14:40:00Z,-20,ceremony,meadowlands_platform,meadowlands_access,meadowlands_access,0,6.0,1.3,819,1.0,synthetic,scenario,Synthetic scenario assumption for FinalFlow demonstration; not observed event operations.
baseline,2026-07-19T14:40:00Z,-20,ceremony,meadowlands_stadium_walk,meadowlands_access,stadium_egress,0,8.0,1.3,1092,1.0,synthetic,scenario,Synthetic scenario assumption for FinalFlow demonstration; not observed event operations.
baseline,2026-07-19T14:40:00Z,-20,ceremony,stadium_egress_walk,stadium_egress,meadowlands_access,0,10.0,1.3,1365,1.0,synthetic,scenario,Synthetic scenario assumption for FinalFlow demonstration; not observed event operations.
baseline,2026-07-19T14:45:00Z,-15,ceremony,midtown_penn_walk,midtown_access,penn_station_access,0,7.0,1.3,955,1.0,synthetic,scenario,Synthetic scenario assumption for FinalFlow demonstration; not observed event operations.
baseline,2026-07-19T14:45:00Z,-15,ceremony,penn_concourse,penn_station_access,penn_station_access,0,9.0,1.3,1228,1.0,synthetic,scenario,Synthetic scenario assumption for FinalFlow demonstration; not observed event operations.
baseline,2026-07-19T14:45:00Z,-15,ceremony,secaucus_transfer,secaucus_transfer,secaucus_transfer,0,8.0,1.3,1092,1.0,synthetic,scenario,Synthetic scenario assumption for FinalFlow demonstration; not observed event operations.
baseline,2026-07-19T14:45:00Z,-15,ceremony,meadowlands_platform,meadowlands_access,meadowlands_access,0,6.0,1.3,819,1.0,synthetic,scenario,Synthetic scenario assumption for FinalFlow demonstration; not observed event operations.
baseline,2026-07-19T14:45:00Z,-15,ceremony,meadowlands_stadium_walk,meadowlands_access,stadium_egress,0,8.0,1.3,1092,1.0,synthetic,scenario,Synthetic scenario assumption for FinalFlow demonstration; not observed event operations.
baseline,2026-07-19T14:45:00Z,-15,ceremony,stadium_egress_walk,stadium_egress,meadowlands_access,0,10.0,1.3,1365,1.0,synthetic,scenario,Synthetic scenario assumption for FinalFlow demonstration; not observed event operations.
baseline,2026-07-19T14:50:00Z,-10,ceremony,midtown_penn_walk,midtown_access,penn_station_access,0,7.0,1.3,955,1.0,synthetic,scenario,Synthetic scenario assumption for FinalFlow demonstration; not observed event operations.
baseline,2026-07-19T14:50:00Z,-10,ceremony,penn_concourse,penn_station_access,penn_station_access,0,9.0,1.3,1228,1.0,synthetic,scenario,Synthetic scenario assumption for FinalFlow demonstration; not observed event operations.
baseline,2026-07-19T14:50:00Z,-10,ceremony,secaucus_transfer,secaucus_transfer,secaucus_transfer,0,8.0,1.3,1092,1.0,synthetic,scenario,Synthetic scenario assumption for FinalFlow demonstration; not observed event operations.
baseline,2026-07-19T14:50:00Z,-10,ceremony,meadowlands_platform,meadowlands_access,meadowlands_access,0,6.0,1.3,819,1.0,synthetic,scenario,Synthetic scenario assumption for FinalFlow demonstration; not observed event operations.
baseline,2026-07-19T14:50:00Z,-10,ceremony,meadowlands_stadium_walk,meadowlands_access,stadium_egress,0,8.0,1.3,1092,1.0,synthetic,scenario,Synthetic scenario assumption for FinalFlow demonstration; not observed event operations.
baseline,2026-07-19T14:50:00Z,-10,ceremony,stadium_egress_walk,stadium_egress,meadowlands_access,0,10.0,1.3,1365,1.0,synthetic,scenario,Synthetic scenario assumption for FinalFlow demonstration; not observed event operations.
baseline,2026-07-19T14:55:00Z,-5,ceremony,midtown_penn_walk,midtown_access,penn_station_access,0,7.0,1.3,955,1.0,synthetic,scenario,Synthetic scenario assumption for FinalFlow demonstration; not observed event operations.
baseline,2026-07-19T14:55:00Z,-5,ceremony,penn_concourse,penn_station_access,penn_station_access,0,9.0,1.3,1228,1.0,synthetic,scenario,Synthetic scenario assumption for FinalFlow demonstration; not observed event operations.
baseline,2026-07-19T14:55:00Z,-5,ceremony,secaucus_transfer,secaucus_transfer,secaucus_transfer,0,8.0,1.3,1092,1.0,synthetic,scenario,Synthetic scenario assumption for FinalFlow demonstration; not observed event operations.
baseline,2026-07-19T14:55:00Z,-5,ceremony,meadowlands_platform,meadowlands_access,meadowlands_access,0,6.0,1.3,819,1.0,synthetic,scenario,Synthetic scenario assumption for FinalFlow demonstration; not observed event operations.
baseline,2026-07-19T14:55:00Z,-5,ceremony,meadowlands_stadium_walk,meadowlands_access,stadium_egress,0,8.0,1.3,1092,1.0,synthetic,scenario,Synthetic scenario assumption for FinalFlow demonstration; not observed event operations.
baseline,2026-07-19T14:55:00Z,-5,ceremony,stadium_egress_walk,stadium_egress,meadowlands_access,0,10.0,1.3,1365,1.0,synthetic,scenario,Synthetic scenario assumption for FinalFlow demonstration; not observed event operations.
baseline,2026-07-19T15:00:00Z,0,kickoff,midtown_penn_walk,midtown_access,penn_station_access,0,7.0,1.3,955,1.0,synthetic,scenario,Synthetic scenario assumption for FinalFlow demonstration; not observed event operations.
baseline,2026-07-19T15:00:00Z,0,kickoff,penn_concourse,penn_station_access,penn_station_access,0,9.0,1.3,1228,1.0,synthetic,scenario,Synthetic scenario assumption for FinalFlow demonstration; not observed event operations.
baseline,2026-07-19T15:00:00Z,0,kickoff,secaucus_transfer,secaucus_transfer,secaucus_transfer,0,8.0,1.3,1092,1.0,synthetic,scenario,Synthetic scenario assumption for FinalFlow demonstration; not observed event operations.
baseline,2026-07-19T15:00:00Z,0,kickoff,meadowlands_platform,meadowlands_access,meadowlands_access,0,6.0,1.3,819,1.0,synthetic,scenario,Synthetic scenario assumption for FinalFlow demonstration; not observed event operations.
baseline,2026-07-19T15:00:00Z,0,kickoff,meadowlands_stadium_walk,meadowlands_access,stadium_egress,0,8.0,1.3,1092,1.0,synthetic,scenario,Synthetic scenario assumption for FinalFlow demonstration; not observed event operations.
baseline,2026-07-19T15:00:00Z,0,kickoff,stadium_egress_walk,stadium_egress,meadowlands_access,0,10.0,1.3,1365,1.0,synthetic,scenario,Synthetic scenario assumption for FinalFlow demonstration; not observed event operations.
baseline,2026-07-19T15:05:00Z,5,first_half,midtown_penn_walk,midtown_access,penn_station_access,0,7.0,1.3,955,1.0,synthetic,scenario,Synthetic scenario assumption for FinalFlow demonstration; not observed event operations.
baseline,2026-07-19T15:05:00Z,5,first_half,penn_concourse,penn_station_access,penn_station_access,0,9.0,1.3,1228,1.0,synthetic,scenario,Synthetic scenario assumption for FinalFlow demonstration; not observed event operations.
baseline,2026-07-19T15:05:00Z,5,first_half,secaucus_transfer,secaucus_transfer,secaucus_transfer,0,8.0,1.3,1092,1.0,synthetic,scenario,Synthetic scenario assumption for FinalFlow demonstration; not observed event operations.
baseline,2026-07-19T15:05:00Z,5,first_half,meadowlands_platform,meadowlands_access,meadowlands_access,0,6.0,1.3,819,1.0,synthetic,scenario,Synthetic scenario assumption for FinalFlow demonstration; not observed event operations.
baseline,2026-07-19T15:05:00Z,5,first_half,meadowlands_stadium_walk,meadowlands_access,stadium_egress,0,8.0,1.3,1092,1.0,synthetic,scenario,Synthetic scenario assumption for FinalFlow demonstration; not observed event operations.
baseline,2026-07-19T15:05:00Z,5,first_half,stadium_egress_walk,stadium_egress,meadowlands_access,0,10.0,1.3,1365,1.0,synthetic,scenario,Synthetic scenario assumption for FinalFlow demonstration; not observed event operations.
baseline,2026-07-19T15:10:00Z,10,first_half,midtown_penn_walk,midtown_access,penn_station_access,0,7.0,1.3,955,1.0,synthetic,scenario,Synthetic scenario assumption for FinalFlow demonstration; not observed event operations.
baseline,2026-07-19T15:10:00Z,10,first_half,penn_concourse,penn_station_access,penn_station_access,0,9.0,1.3,1228,1.0,synthetic,scenario,Synthetic scenario assumption for FinalFlow demonstration; not observed event operations.
baseline,2026-07-19T15:10:00Z,10,first_half,secaucus_transfer,secaucus_transfer,secaucus_transfer,0,8.0,1.3,1092,1.0,synthetic,scenario,Synthetic scenario assumption for FinalFlow demonstration; not observed event operations.
baseline,2026-07-19T15:10:00Z,10,first_half,meadowlands_platform,meadowlands_access,meadowlands_access,0,6.0,1.3,819,1.0,synthetic,scenario,Synthetic scenario assumption for FinalFlow demonstration; not observed event operations.
baseline,2026-07-19T15:10:00Z,10,first_half,meadowlands_stadium_walk,meadowlands_access,stadium_egress,0,8.0,1.3,1092,1.0,synthetic,scenario,Synthetic scenario assumption for FinalFlow demonstration; not observed event operations.
baseline,2026-07-19T15:10:00Z,10,first_half,stadium_egress_walk,stadium_egress,meadowlands_access,0,10.0,1.3,1365,1.0,synthetic,scenario,Synthetic scenario assumption for FinalFlow demonstration; not observed event operations.
baseline,2026-07-19T15:15:00Z,15,first_half,midtown_penn_walk,midtown_access,penn_station_access,0,7.0,1.3,955,1.0,synthetic,scenario,Synthetic scenario assumption for FinalFlow demonstration; not observed event operations.
baseline,2026-07-19T15:15:00Z,15,first_half,penn_concourse,penn_station_access,penn_station_access,0,9.0,1.3,1228,1.0,synthetic,scenario,Synthetic scenario assumption for FinalFlow demonstration; not observed event operations.
baseline,2026-07-19T15:15:00Z,15,first_half,secaucus_transfer,secaucus_transfer,secaucus_transfer,0,8.0,1.3,1092,1.0,synthetic,scenario,Synthetic scenario assumption for FinalFlow demonstration; not observed event operations.
baseline,2026-07-19T15:15:00Z,15,first_half,meadowlands_platform,meadowlands_access,meadowlands_access,0,6.0,1.3,819,1.0,synthetic,scenario,Synthetic scenario assumption for FinalFlow demonstration; not observed event operations.
baseline,2026-07-19T15:15:00Z,15,first_half,meadowlands_stadium_walk,meadowlands_access,stadium_egress,0,8.0,1.3,1092,1.0,synthetic,scenario,Synthetic scenario assumption for FinalFlow demonstration; not observed event operations.
baseline,2026-07-19T15:15:00Z,15,first_half,stadium_egress_walk,stadium_egress,meadowlands_access,0,10.0,1.3,1365,1.0,synthetic,scenario,Synthetic scenario assumption for FinalFlow demonstration; not observed event operations.
baseline,2026-07-19T15:20:00Z,20,first_half,midtown_penn_walk,midtown_access,penn_station_access,0,7.0,1.3,955,1.0,synthetic,scenario,Synthetic scenario assumption for FinalFlow demonstration; not observed event operations.
baseline,2026-07-19T15:20:00Z,20,first_half,penn_concourse,penn_station_access,penn_station_access,0,9.0,1.3,1228,1.0,synthetic,scenario,Synthetic scenario assumption for FinalFlow demonstration; not observed event operations.
baseline,2026-07-19T15:20:00Z,20,first_half,secaucus_transfer,secaucus_transfer,secaucus_transfer,0,8.0,1.3,1092,1.0,synthetic,scenario,Synthetic scenario assumption for FinalFlow demonstration; not observed event operations.
baseline,2026-07-19T15:20:00Z,20,first_half,meadowlands_platform,meadowlands_access,meadowlands_access,0,6.0,1.3,819,1.0,synthetic,scenario,Synthetic scenario assumption for FinalFlow demonstration; not observed event operations.
baseline,2026-07-19T15:20:00Z,20,first_half,meadowlands_stadium_walk,meadowlands_access,stadium_egress,0,8.0,1.3,1092,1.0,synthetic,scenario,Synthetic scenario assumption for FinalFlow demonstration; not observed event operations.
baseline,2026-07-19T15:20:00Z,20,first_half,stadium_egress_walk,stadium_egress,meadowlands_access,0,10.0,1.3,1365,1.0,synthetic,scenario,Synthetic scenario assumption for FinalFlow demonstration; not observed event operations.
baseline,2026-07-19T15:25:00Z,25,first_half,midtown_penn_walk,midtown_access,penn_station_access,0,7.0,1.3,955,1.0,synthetic,scenario,Synthetic scenario assumption for FinalFlow demonstration; not observed event operations.
baseline,2026-07-19T15:25:00Z,25,first_half,penn_concourse,penn_station_access,penn_station_access,0,9.0,1.3,1228,1.0,synthetic,scenario,Synthetic scenario assumption for FinalFlow demonstration; not observed event operations.
baseline,2026-07-19T15:25:00Z,25,first_half,secaucus_transfer,secaucus_transfer,secaucus_transfer,0,8.0,1.3,1092,1.0,synthetic,scenario,Synthetic scenario assumption for FinalFlow demonstration; not observed event operations.
baseline,2026-07-19T15:25:00Z,25,first_half,meadowlands_platform,meadowlands_access,meadowlands_access,0,6.0,1.3,819,1.0,synthetic,scenario,Synthetic scenario assumption for FinalFlow demonstration; not observed event operations.
baseline,2026-07-19T15:25:00Z,25,first_half,meadowlands_stadium_walk,meadowlands_access,stadium_egress,0,8.0,1.3,1092,1.0,synthetic,scenario,Synthetic scenario assumption for FinalFlow demonstration; not observed event operations.
baseline,2026-07-19T15:25:00Z,25,first_half,stadium_egress_walk,stadium_egress,meadowlands_access,0,10.0,1.3,1365,1.0,synthetic,scenario,Synthetic scenario assumption for FinalFlow demonstration; not observed event operations.
baseline,2026-07-19T15:30:00Z,30,first_half,midtown_penn_walk,midtown_access,penn_station_access,0,7.0,1.3,955,1.0,synthetic,scenario,Synthetic scenario assumption for FinalFlow demonstration; not observed event operations.
baseline,2026-07-19T15:30:00Z,30,first_half,penn_concourse,penn_station_access,penn_station_access,0,9.0,1.3,1228,1.0,synthetic,scenario,Synthetic scenario assumption for FinalFlow demonstration; not observed event operations.
baseline,2026-07-19T15:30:00Z,30,first_half,secaucus_transfer,secaucus_transfer,secaucus_transfer,0,8.0,1.3,1092,1.0,synthetic,scenario,Synthetic scenario assumption for FinalFlow demonstration; not observed event operations.
baseline,2026-07-19T15:30:00Z,30,first_half,meadowlands_platform,meadowlands_access,meadowlands_access,0,6.0,1.3,819,1.0,synthetic,scenario,Synthetic scenario assumption for FinalFlow demonstration; not observed event operations.
baseline,2026-07-19T15:30:00Z,30,first_half,meadowlands_stadium_walk,meadowlands_access,stadium_egress,0,8.0,1.3,1092,1.0,synthetic,scenario,Synthetic scenario assumption for FinalFlow demonstration; not observed event operations.
baseline,2026-07-19T15:30:00Z,30,first_half,stadium_egress_walk,stadium_egress,meadowlands_access,0,10.0,1.3,1365,1.0,synthetic,scenario,Synthetic scenario assumption for FinalFlow demonstration; not observed event operations.
baseline,2026-07-19T15:35:00Z,35,first_half,midtown_penn_walk,midtown_access,penn_station_access,0,7.0,1.3,955,1.0,synthetic,scenario,Synthetic scenario assumption for FinalFlow demonstration; not observed event operations.
baseline,2026-07-19T15:35:00Z,35,first_half,penn_concourse,penn_station_access,penn_station_access,0,9.0,1.3,1228,1.0,synthetic,scenario,Synthetic scenario assumption for FinalFlow demonstration; not observed event operations.
baseline,2026-07-19T15:35:00Z,35,first_half,secaucus_transfer,secaucus_transfer,secaucus_transfer,0,8.0,1.3,1092,1.0,synthetic,scenario,Synthetic scenario assumption for FinalFlow demonstration; not observed event operations.
baseline,2026-07-19T15:35:00Z,35,first_half,meadowlands_platform,meadowlands_access,meadowlands_access,0,6.0,1.3,819,1.0,synthetic,scenario,Synthetic scenario assumption for FinalFlow demonstration; not observed event operations.
baseline,2026-07-19T15:35:00Z,35,first_half,meadowlands_stadium_walk,meadowlands_access,stadium_egress,0,8.0,1.3,1092,1.0,synthetic,scenario,Synthetic scenario assumption for FinalFlow demonstration; not observed event operations.
baseline,2026-07-19T15:35:00Z,35,first_half,stadium_egress_walk,stadium_egress,meadowlands_access,0,10.0,1.3,1365,1.0,synthetic,scenario,Synthetic scenario assumption for FinalFlow demonstration; not observed event operations.
baseline,2026-07-19T15:40:00Z,40,first_half,midtown_penn_walk,midtown_access,penn_station_access,0,7.0,1.3,955,1.0,synthetic,scenario,Synthetic scenario assumption for FinalFlow demonstration; not observed event operations.
baseline,2026-07-19T15:40:00Z,40,first_half,penn_concourse,penn_station_access,penn_station_access,0,9.0,1.3,1228,1.0,synthetic,scenario,Synthetic scenario assumption for FinalFlow demonstration; not observed event operations.
baseline,2026-07-19T15:40:00Z,40,first_half,secaucus_transfer,secaucus_transfer,secaucus_transfer,0,8.0,1.3,1092,1.0,synthetic,scenario,Synthetic scenario assumption for FinalFlow demonstration; not observed event operations.
baseline,2026-07-19T15:40:00Z,40,first_half,meadowlands_platform,meadowlands_access,meadowlands_access,0,6.0,1.3,819,1.0,synthetic,scenario,Synthetic scenario assumption for FinalFlow demonstration; not observed event operations.
baseline,2026-07-19T15:40:00Z,40,first_half,meadowlands_stadium_walk,meadowlands_access,stadium_egress,0,8.0,1.3,1092,1.0,synthetic,scenario,Synthetic scenario assumption for FinalFlow demonstration; not observed event operations.
baseline,2026-07-19T15:40:00Z,40,first_half,stadium_egress_walk,stadium_egress,meadowlands_access,0,10.0,1.3,1365,1.0,synthetic,scenario,Synthetic scenario assumption for FinalFlow demonstration; not observed event operations.
baseline,2026-07-19T15:45:00Z,45,first_half_end,midtown_penn_walk,midtown_access,penn_station_access,0,7.0,1.3,955,1.0,synthetic,scenario,Synthetic scenario assumption for FinalFlow demonstration; not observed event operations.
baseline,2026-07-19T15:45:00Z,45,first_half_end,penn_concourse,penn_station_access,penn_station_access,0,9.0,1.3,1228,1.0,synthetic,scenario,Synthetic scenario assumption for FinalFlow demonstration; not observed event operations.
baseline,2026-07-19T15:45:00Z,45,first_half_end,secaucus_transfer,secaucus_transfer,secaucus_transfer,0,8.0,1.3,1092,1.0,synthetic,scenario,Synthetic scenario assumption for FinalFlow demonstration; not observed event operations.
baseline,2026-07-19T15:45:00Z,45,first_half_end,meadowlands_platform,meadowlands_access,meadowlands_access,0,6.0,1.3,819,1.0,synthetic,scenario,Synthetic scenario assumption for FinalFlow demonstration; not observed event operations.
baseline,2026-07-19T15:45:00Z,45,first_half_end,meadowlands_stadium_walk,meadowlands_access,stadium_egress,0,8.0,1.3,1092,1.0,synthetic,scenario,Synthetic scenario assumption for FinalFlow demonstration; not observed event operations.
baseline,2026-07-19T15:45:00Z,45,first_half_end,stadium_egress_walk,stadium_egress,meadowlands_access,0,10.0,1.3,1365,1.0,synthetic,scenario,Synthetic scenario assumption for FinalFlow demonstration; not observed event operations.
baseline,2026-07-19T15:50:00Z,50,halftime,midtown_penn_walk,midtown_access,penn_station_access,0,7.0,1.3,955,1.0,synthetic,scenario,Synthetic scenario assumption for FinalFlow demonstration; not observed event operations.
baseline,2026-07-19T15:50:00Z,50,halftime,penn_concourse,penn_station_access,penn_station_access,0,9.0,1.3,1228,1.0,synthetic,scenario,Synthetic scenario assumption for FinalFlow demonstration; not observed event operations.
baseline,2026-07-19T15:50:00Z,50,halftime,secaucus_transfer,secaucus_transfer,secaucus_transfer,0,8.0,1.3,1092,1.0,synthetic,scenario,Synthetic scenario assumption for FinalFlow demonstration; not observed event operations.
baseline,2026-07-19T15:50:00Z,50,halftime,meadowlands_platform,meadowlands_access,meadowlands_access,0,6.0,1.3,819,1.0,synthetic,scenario,Synthetic scenario assumption for FinalFlow demonstration; not observed event operations.
baseline,2026-07-19T15:50:00Z,50,halftime,meadowlands_stadium_walk,meadowlands_access,stadium_egress,0,8.0,1.3,1092,1.0,synthetic,scenario,Synthetic scenario assumption for FinalFlow demonstration; not observed event operations.
baseline,2026-07-19T15:50:00Z,50,halftime,stadium_egress_walk,stadium_egress,meadowlands_access,0,10.0,1.3,1365,1.0,synthetic,scenario,Synthetic scenario assumption for FinalFlow demonstration; not observed event operations.
baseline,2026-07-19T15:55:00Z,55,halftime,midtown_penn_walk,midtown_access,penn_station_access,0,7.0,1.3,955,1.0,synthetic,scenario,Synthetic scenario assumption for FinalFlow demonstration; not observed event operations.
baseline,2026-07-19T15:55:00Z,55,halftime,penn_concourse,penn_station_access,penn_station_access,0,9.0,1.3,1228,1.0,synthetic,scenario,Synthetic scenario assumption for FinalFlow demonstration; not observed event operations.
baseline,2026-07-19T15:55:00Z,55,halftime,secaucus_transfer,secaucus_transfer,secaucus_transfer,0,8.0,1.3,1092,1.0,synthetic,scenario,Synthetic scenario assumption for FinalFlow demonstration; not observed event operations.
baseline,2026-07-19T15:55:00Z,55,halftime,meadowlands_platform,meadowlands_access,meadowlands_access,0,6.0,1.3,819,1.0,synthetic,scenario,Synthetic scenario assumption for FinalFlow demonstration; not observed event operations.
baseline,2026-07-19T15:55:00Z,55,halftime,meadowlands_stadium_walk,meadowlands_access,stadium_egress,0,8.0,1.3,1092,1.0,synthetic,scenario,Synthetic scenario assumption for FinalFlow demonstration; not observed event operations.
baseline,2026-07-19T15:55:00Z,55,halftime,stadium_egress_walk,stadium_egress,meadowlands_access,0,10.0,1.3,1365,1.0,synthetic,scenario,Synthetic scenario assumption for FinalFlow demonstration; not observed event operations.
baseline,2026-07-19T16:00:00Z,60,second_half,midtown_penn_walk,midtown_access,penn_station_access,0,7.0,1.3,955,1.0,synthetic,scenario,Synthetic scenario assumption for FinalFlow demonstration; not observed event operations.
baseline,2026-07-19T16:00:00Z,60,second_half,penn_concourse,penn_station_access,penn_station_access,0,9.0,1.3,1228,1.0,synthetic,scenario,Synthetic scenario assumption for FinalFlow demonstration; not observed event operations.
baseline,2026-07-19T16:00:00Z,60,second_half,secaucus_transfer,secaucus_transfer,secaucus_transfer,0,8.0,1.3,1092,1.0,synthetic,scenario,Synthetic scenario assumption for FinalFlow demonstration; not observed event operations.
baseline,2026-07-19T16:00:00Z,60,second_half,meadowlands_platform,meadowlands_access,meadowlands_access,0,6.0,1.3,819,1.0,synthetic,scenario,Synthetic scenario assumption for FinalFlow demonstration; not observed event operations.
baseline,2026-07-19T16:00:00Z,60,second_half,meadowlands_stadium_walk,meadowlands_access,stadium_egress,0,8.0,1.3,1092,1.0,synthetic,scenario,Synthetic scenario assumption for FinalFlow demonstration; not observed event operations.
baseline,2026-07-19T16:00:00Z,60,second_half,stadium_egress_walk,stadium_egress,meadowlands_access,0,10.0,1.3,1365,1.0,synthetic,scenario,Synthetic scenario assumption for FinalFlow demonstration; not observed event operations.
baseline,2026-07-19T16:05:00Z,65,second_half,midtown_penn_walk,midtown_access,penn_station_access,0,7.0,1.3,955,1.0,synthetic,scenario,Synthetic scenario assumption for FinalFlow demonstration; not observed event operations.
baseline,2026-07-19T16:05:00Z,65,second_half,penn_concourse,penn_station_access,penn_station_access,0,9.0,1.3,1228,1.0,synthetic,scenario,Synthetic scenario assumption for FinalFlow demonstration; not observed event operations.
baseline,2026-07-19T16:05:00Z,65,second_half,secaucus_transfer,secaucus_transfer,secaucus_transfer,0,8.0,1.3,1092,1.0,synthetic,scenario,Synthetic scenario assumption for FinalFlow demonstration; not observed event operations.
baseline,2026-07-19T16:05:00Z,65,second_half,meadowlands_platform,meadowlands_access,meadowlands_access,0,6.0,1.3,819,1.0,synthetic,scenario,Synthetic scenario assumption for FinalFlow demonstration; not observed event operations.
baseline,2026-07-19T16:05:00Z,65,second_half,meadowlands_stadium_walk,meadowlands_access,stadium_egress,0,8.0,1.3,1092,1.0,synthetic,scenario,Synthetic scenario assumption for FinalFlow demonstration; not observed event operations.
baseline,2026-07-19T16:05:00Z,65,second_half,stadium_egress_walk,stadium_egress,meadowlands_access,0,10.0,1.3,1365,1.0,synthetic,scenario,Synthetic scenario assumption for FinalFlow demonstration; not observed event operations.
baseline,2026-07-19T16:10:00Z,70,second_half,midtown_penn_walk,midtown_access,penn_station_access,0,7.0,1.3,955,1.0,synthetic,scenario,Synthetic scenario assumption for FinalFlow demonstration; not observed event operations.
baseline,2026-07-19T16:10:00Z,70,second_half,penn_concourse,penn_station_access,penn_station_access,0,9.0,1.3,1228,1.0,synthetic,scenario,Synthetic scenario assumption for FinalFlow demonstration; not observed event operations.
baseline,2026-07-19T16:10:00Z,70,second_half,secaucus_transfer,secaucus_transfer,secaucus_transfer,0,8.0,1.3,1092,1.0,synthetic,scenario,Synthetic scenario assumption for FinalFlow demonstration; not observed event operations.
baseline,2026-07-19T16:10:00Z,70,second_half,meadowlands_platform,meadowlands_access,meadowlands_access,0,6.0,1.3,819,1.0,synthetic,scenario,Synthetic scenario assumption for FinalFlow demonstration; not observed event operations.
baseline,2026-07-19T16:10:00Z,70,second_half,meadowlands_stadium_walk,meadowlands_access,stadium_egress,0,8.0,1.3,1092,1.0,synthetic,scenario,Synthetic scenario assumption for FinalFlow demonstration; not observed event operations.
baseline,2026-07-19T16:10:00Z,70,second_half,stadium_egress_walk,stadium_egress,meadowlands_access,0,10.0,1.3,1365,1.0,synthetic,scenario,Synthetic scenario assumption for FinalFlow demonstration; not observed event operations.
baseline,2026-07-19T16:15:00Z,75,second_half,midtown_penn_walk,midtown_access,penn_station_access,0,7.0,1.3,955,1.0,synthetic,scenario,Synthetic scenario assumption for FinalFlow demonstration; not observed event operations.
baseline,2026-07-19T16:15:00Z,75,second_half,penn_concourse,penn_station_access,penn_station_access,0,9.0,1.3,1228,1.0,synthetic,scenario,Synthetic scenario assumption for FinalFlow demonstration; not observed event operations.
baseline,2026-07-19T16:15:00Z,75,second_half,secaucus_transfer,secaucus_transfer,secaucus_transfer,0,8.0,1.3,1092,1.0,synthetic,scenario,Synthetic scenario assumption for FinalFlow demonstration; not observed event operations.
baseline,2026-07-19T16:15:00Z,75,second_half,meadowlands_platform,meadowlands_access,meadowlands_access,0,6.0,1.3,819,1.0,synthetic,scenario,Synthetic scenario assumption for FinalFlow demonstration; not observed event operations.
baseline,2026-07-19T16:15:00Z,75,second_half,meadowlands_stadium_walk,meadowlands_access,stadium_egress,0,8.0,1.3,1092,1.0,synthetic,scenario,Synthetic scenario assumption for FinalFlow demonstration; not observed event operations.
baseline,2026-07-19T16:15:00Z,75,second_half,stadium_egress_walk,stadium_egress,meadowlands_access,0,10.0,1.3,1365,1.0,synthetic,scenario,Synthetic scenario assumption for FinalFlow demonstration; not observed event operations.
baseline,2026-07-19T16:20:00Z,80,second_half,midtown_penn_walk,midtown_access,penn_station_access,0,7.0,1.3,955,1.0,synthetic,scenario,Synthetic scenario assumption for FinalFlow demonstration; not observed event operations.
baseline,2026-07-19T16:20:00Z,80,second_half,penn_concourse,penn_station_access,penn_station_access,0,9.0,1.3,1228,1.0,synthetic,scenario,Synthetic scenario assumption for FinalFlow demonstration; not observed event operations.
baseline,2026-07-19T16:20:00Z,80,second_half,secaucus_transfer,secaucus_transfer,secaucus_transfer,0,8.0,1.3,1092,1.0,synthetic,scenario,Synthetic scenario assumption for FinalFlow demonstration; not observed event operations.
baseline,2026-07-19T16:20:00Z,80,second_half,meadowlands_platform,meadowlands_access,meadowlands_access,0,6.0,1.3,819,1.0,synthetic,scenario,Synthetic scenario assumption for FinalFlow demonstration; not observed event operations.
baseline,2026-07-19T16:20:00Z,80,second_half,meadowlands_stadium_walk,meadowlands_access,stadium_egress,0,8.0,1.3,1092,1.0,synthetic,scenario,Synthetic scenario assumption for FinalFlow demonstration; not observed event operations.
baseline,2026-07-19T16:20:00Z,80,second_half,stadium_egress_walk,stadium_egress,meadowlands_access,0,10.0,1.3,1365,1.0,synthetic,scenario,Synthetic scenario assumption for FinalFlow demonstration; not observed event operations.
baseline,2026-07-19T16:25:00Z,85,second_half,midtown_penn_walk,midtown_access,penn_station_access,0,7.0,1.3,955,1.0,synthetic,scenario,Synthetic scenario assumption for FinalFlow demonstration; not observed event operations.
baseline,2026-07-19T16:25:00Z,85,second_half,penn_concourse,penn_station_access,penn_station_access,0,9.0,1.3,1228,1.0,synthetic,scenario,Synthetic scenario assumption for FinalFlow demonstration; not observed event operations.
baseline,2026-07-19T16:25:00Z,85,second_half,secaucus_transfer,secaucus_transfer,secaucus_transfer,0,8.0,1.3,1092,1.0,synthetic,scenario,Synthetic scenario assumption for FinalFlow demonstration; not observed event operations.
baseline,2026-07-19T16:25:00Z,85,second_half,meadowlands_platform,meadowlands_access,meadowlands_access,0,6.0,1.3,819,1.0,synthetic,scenario,Synthetic scenario assumption for FinalFlow demonstration; not observed event operations.
baseline,2026-07-19T16:25:00Z,85,second_half,meadowlands_stadium_walk,meadowlands_access,stadium_egress,0,8.0,1.3,1092,1.0,synthetic,scenario,Synthetic scenario assumption for FinalFlow demonstration; not observed event operations.
baseline,2026-07-19T16:25:00Z,85,second_half,stadium_egress_walk,stadium_egress,meadowlands_access,0,10.0,1.3,1365,1.0,synthetic,scenario,Synthetic scenario assumption for FinalFlow demonstration; not observed event operations.
baseline,2026-07-19T16:30:00Z,90,second_half,midtown_penn_walk,midtown_access,penn_station_access,0,7.0,1.3,955,1.0,synthetic,scenario,Synthetic scenario assumption for FinalFlow demonstration; not observed event operations.
baseline,2026-07-19T16:30:00Z,90,second_half,penn_concourse,penn_station_access,penn_station_access,0,9.0,1.3,1228,1.0,synthetic,scenario,Synthetic scenario assumption for FinalFlow demonstration; not observed event operations.
baseline,2026-07-19T16:30:00Z,90,second_half,secaucus_transfer,secaucus_transfer,secaucus_transfer,0,8.0,1.3,1092,1.0,synthetic,scenario,Synthetic scenario assumption for FinalFlow demonstration; not observed event operations.
baseline,2026-07-19T16:30:00Z,90,second_half,meadowlands_platform,meadowlands_access,meadowlands_access,0,6.0,1.3,819,1.0,synthetic,scenario,Synthetic scenario assumption for FinalFlow demonstration; not observed event operations.
baseline,2026-07-19T16:30:00Z,90,second_half,meadowlands_stadium_walk,meadowlands_access,stadium_egress,0,8.0,1.3,1092,1.0,synthetic,scenario,Synthetic scenario assumption for FinalFlow demonstration; not observed event operations.
baseline,2026-07-19T16:30:00Z,90,second_half,stadium_egress_walk,stadium_egress,meadowlands_access,0,10.0,1.3,1365,1.0,synthetic,scenario,Synthetic scenario assumption for FinalFlow demonstration; not observed event operations.
baseline,2026-07-19T16:35:00Z,95,second_half,midtown_penn_walk,midtown_access,penn_station_access,0,7.0,1.3,955,1.0,synthetic,scenario,Synthetic scenario assumption for FinalFlow demonstration; not observed event operations.
baseline,2026-07-19T16:35:00Z,95,second_half,penn_concourse,penn_station_access,penn_station_access,0,9.0,1.3,1228,1.0,synthetic,scenario,Synthetic scenario assumption for FinalFlow demonstration; not observed event operations.
baseline,2026-07-19T16:35:00Z,95,second_half,secaucus_transfer,secaucus_transfer,secaucus_transfer,0,8.0,1.3,1092,1.0,synthetic,scenario,Synthetic scenario assumption for FinalFlow demonstration; not observed event operations.
baseline,2026-07-19T16:35:00Z,95,second_half,meadowlands_platform,meadowlands_access,meadowlands_access,0,6.0,1.3,819,1.0,synthetic,scenario,Synthetic scenario assumption for FinalFlow demonstration; not observed event operations.
baseline,2026-07-19T16:35:00Z,95,second_half,meadowlands_stadium_walk,meadowlands_access,stadium_egress,0,8.0,1.3,1092,1.0,synthetic,scenario,Synthetic scenario assumption for FinalFlow demonstration; not observed event operations.
baseline,2026-07-19T16:35:00Z,95,second_half,stadium_egress_walk,stadium_egress,meadowlands_access,0,10.0,1.3,1365,1.0,synthetic,scenario,Synthetic scenario assumption for FinalFlow demonstration; not observed event operations.
baseline,2026-07-19T16:40:00Z,100,second_half,midtown_penn_walk,midtown_access,penn_station_access,0,7.0,1.3,955,1.0,synthetic,scenario,Synthetic scenario assumption for FinalFlow demonstration; not observed event operations.
baseline,2026-07-19T16:40:00Z,100,second_half,penn_concourse,penn_station_access,penn_station_access,0,9.0,1.3,1228,1.0,synthetic,scenario,Synthetic scenario assumption for FinalFlow demonstration; not observed event operations.
baseline,2026-07-19T16:40:00Z,100,second_half,secaucus_transfer,secaucus_transfer,secaucus_transfer,0,8.0,1.3,1092,1.0,synthetic,scenario,Synthetic scenario assumption for FinalFlow demonstration; not observed event operations.
baseline,2026-07-19T16:40:00Z,100,second_half,meadowlands_platform,meadowlands_access,meadowlands_access,0,6.0,1.3,819,1.0,synthetic,scenario,Synthetic scenario assumption for FinalFlow demonstration; not observed event operations.
baseline,2026-07-19T16:40:00Z,100,second_half,meadowlands_stadium_walk,meadowlands_access,stadium_egress,0,8.0,1.3,1092,1.0,synthetic,scenario,Synthetic scenario assumption for FinalFlow demonstration; not observed event operations.
baseline,2026-07-19T16:40:00Z,100,second_half,stadium_egress_walk,stadium_egress,meadowlands_access,0,10.0,1.3,1365,1.0,synthetic,scenario,Synthetic scenario assumption for FinalFlow demonstration; not observed event operations.
baseline,2026-07-19T16:45:00Z,105,regulation_end,midtown_penn_walk,midtown_access,penn_station_access,0,7.0,1.3,955,1.0,synthetic,scenario,Synthetic scenario assumption for FinalFlow demonstration; not observed event operations.
baseline,2026-07-19T16:45:00Z,105,regulation_end,penn_concourse,penn_station_access,penn_station_access,0,9.0,1.3,1228,1.0,synthetic,scenario,Synthetic scenario assumption for FinalFlow demonstration; not observed event operations.
baseline,2026-07-19T16:45:00Z,105,regulation_end,secaucus_transfer,secaucus_transfer,secaucus_transfer,0,8.0,1.3,1092,1.0,synthetic,scenario,Synthetic scenario assumption for FinalFlow demonstration; not observed event operations.
baseline,2026-07-19T16:45:00Z,105,regulation_end,meadowlands_platform,meadowlands_access,meadowlands_access,0,6.0,1.3,819,1.0,synthetic,scenario,Synthetic scenario assumption for FinalFlow demonstration; not observed event operations.
baseline,2026-07-19T16:45:00Z,105,regulation_end,meadowlands_stadium_walk,meadowlands_access,stadium_egress,0,8.0,1.3,1092,1.0,synthetic,scenario,Synthetic scenario assumption for FinalFlow demonstration; not observed event operations.
baseline,2026-07-19T16:45:00Z,105,regulation_end,stadium_egress_walk,stadium_egress,meadowlands_access,0,10.0,1.3,1365,1.0,synthetic,scenario,Synthetic scenario assumption for FinalFlow demonstration; not observed event operations.
baseline,2026-07-19T16:50:00Z,110,extra_time,midtown_penn_walk,midtown_access,penn_station_access,0,7.0,1.3,955,1.0,synthetic,scenario,Synthetic scenario assumption for FinalFlow demonstration; not observed event operations.
baseline,2026-07-19T16:50:00Z,110,extra_time,penn_concourse,penn_station_access,penn_station_access,0,9.0,1.3,1228,1.0,synthetic,scenario,Synthetic scenario assumption for FinalFlow demonstration; not observed event operations.
baseline,2026-07-19T16:50:00Z,110,extra_time,secaucus_transfer,secaucus_transfer,secaucus_transfer,0,8.0,1.3,1092,1.0,synthetic,scenario,Synthetic scenario assumption for FinalFlow demonstration; not observed event operations.
baseline,2026-07-19T16:50:00Z,110,extra_time,meadowlands_platform,meadowlands_access,meadowlands_access,0,6.0,1.3,819,1.0,synthetic,scenario,Synthetic scenario assumption for FinalFlow demonstration; not observed event operations.
baseline,2026-07-19T16:50:00Z,110,extra_time,meadowlands_stadium_walk,meadowlands_access,stadium_egress,0,8.0,1.3,1092,1.0,synthetic,scenario,Synthetic scenario assumption for FinalFlow demonstration; not observed event operations.
baseline,2026-07-19T16:50:00Z,110,extra_time,stadium_egress_walk,stadium_egress,meadowlands_access,0,10.0,1.3,1365,1.0,synthetic,scenario,Synthetic scenario assumption for FinalFlow demonstration; not observed event operations.
baseline,2026-07-19T16:55:00Z,115,extra_time,midtown_penn_walk,midtown_access,penn_station_access,0,7.0,1.3,955,1.0,synthetic,scenario,Synthetic scenario assumption for FinalFlow demonstration; not observed event operations.
baseline,2026-07-19T16:55:00Z,115,extra_time,penn_concourse,penn_station_access,penn_station_access,0,9.0,1.3,1228,1.0,synthetic,scenario,Synthetic scenario assumption for FinalFlow demonstration; not observed event operations.
baseline,2026-07-19T16:55:00Z,115,extra_time,secaucus_transfer,secaucus_transfer,secaucus_transfer,0,8.0,1.3,1092,1.0,synthetic,scenario,Synthetic scenario assumption for FinalFlow demonstration; not observed event operations.
baseline,2026-07-19T16:55:00Z,115,extra_time,meadowlands_platform,meadowlands_access,meadowlands_access,0,6.0,1.3,819,1.0,synthetic,scenario,Synthetic scenario assumption for FinalFlow demonstration; not observed event operations.
baseline,2026-07-19T16:55:00Z,115,extra_time,meadowlands_stadium_walk,meadowlands_access,stadium_egress,0,8.0,1.3,1092,1.0,synthetic,scenario,Synthetic scenario assumption for FinalFlow demonstration; not observed event operations.
baseline,2026-07-19T16:55:00Z,115,extra_time,stadium_egress_walk,stadium_egress,meadowlands_access,0,10.0,1.3,1365,1.0,synthetic,scenario,Synthetic scenario assumption for FinalFlow demonstration; not observed event operations.
baseline,2026-07-19T17:00:00Z,120,extra_time,midtown_penn_walk,midtown_access,penn_station_access,0,7.0,1.3,955,1.0,synthetic,scenario,Synthetic scenario assumption for FinalFlow demonstration; not observed event operations.
baseline,2026-07-19T17:00:00Z,120,extra_time,penn_concourse,penn_station_access,penn_station_access,0,9.0,1.3,1228,1.0,synthetic,scenario,Synthetic scenario assumption for FinalFlow demonstration; not observed event operations.
baseline,2026-07-19T17:00:00Z,120,extra_time,secaucus_transfer,secaucus_transfer,secaucus_transfer,0,8.0,1.3,1092,1.0,synthetic,scenario,Synthetic scenario assumption for FinalFlow demonstration; not observed event operations.
baseline,2026-07-19T17:00:00Z,120,extra_time,meadowlands_platform,meadowlands_access,meadowlands_access,0,6.0,1.3,819,1.0,synthetic,scenario,Synthetic scenario assumption for FinalFlow demonstration; not observed event operations.
baseline,2026-07-19T17:00:00Z,120,extra_time,meadowlands_stadium_walk,meadowlands_access,stadium_egress,0,8.0,1.3,1092,1.0,synthetic,scenario,Synthetic scenario assumption for FinalFlow demonstration; not observed event operations.
baseline,2026-07-19T17:00:00Z,120,extra_time,stadium_egress_walk,stadium_egress,meadowlands_access,0,10.0,1.3,1365,1.0,synthetic,scenario,Synthetic scenario assumption for FinalFlow demonstration; not observed event operations.
baseline,2026-07-19T17:05:00Z,125,extra_time,midtown_penn_walk,midtown_access,penn_station_access,0,7.0,1.3,955,1.0,synthetic,scenario,Synthetic scenario assumption for FinalFlow demonstration; not observed event operations.
baseline,2026-07-19T17:05:00Z,125,extra_time,penn_concourse,penn_station_access,penn_station_access,0,9.0,1.3,1228,1.0,synthetic,scenario,Synthetic scenario assumption for FinalFlow demonstration; not observed event operations.
baseline,2026-07-19T17:05:00Z,125,extra_time,secaucus_transfer,secaucus_transfer,secaucus_transfer,0,8.0,1.3,1092,1.0,synthetic,scenario,Synthetic scenario assumption for FinalFlow demonstration; not observed event operations.
baseline,2026-07-19T17:05:00Z,125,extra_time,meadowlands_platform,meadowlands_access,meadowlands_access,0,6.0,1.3,819,1.0,synthetic,scenario,Synthetic scenario assumption for FinalFlow demonstration; not observed event operations.
baseline,2026-07-19T17:05:00Z,125,extra_time,meadowlands_stadium_walk,meadowlands_access,stadium_egress,0,8.0,1.3,1092,1.0,synthetic,scenario,Synthetic scenario assumption for FinalFlow demonstration; not observed event operations.
baseline,2026-07-19T17:05:00Z,125,extra_time,stadium_egress_walk,stadium_egress,meadowlands_access,0,10.0,1.3,1365,1.0,synthetic,scenario,Synthetic scenario assumption for FinalFlow demonstration; not observed event operations.
baseline,2026-07-19T17:10:00Z,130,extra_time,midtown_penn_walk,midtown_access,penn_station_access,0,7.0,1.3,955,1.0,synthetic,scenario,Synthetic scenario assumption for FinalFlow demonstration; not observed event operations.
baseline,2026-07-19T17:10:00Z,130,extra_time,penn_concourse,penn_station_access,penn_station_access,0,9.0,1.3,1228,1.0,synthetic,scenario,Synthetic scenario assumption for FinalFlow demonstration; not observed event operations.
baseline,2026-07-19T17:10:00Z,130,extra_time,secaucus_transfer,secaucus_transfer,secaucus_transfer,0,8.0,1.3,1092,1.0,synthetic,scenario,Synthetic scenario assumption for FinalFlow demonstration; not observed event operations.
baseline,2026-07-19T17:10:00Z,130,extra_time,meadowlands_platform,meadowlands_access,meadowlands_access,0,6.0,1.3,819,1.0,synthetic,scenario,Synthetic scenario assumption for FinalFlow demonstration; not observed event operations.
baseline,2026-07-19T17:10:00Z,130,extra_time,meadowlands_stadium_walk,meadowlands_access,stadium_egress,0,8.0,1.3,1092,1.0,synthetic,scenario,Synthetic scenario assumption for FinalFlow demonstration; not observed event operations.
baseline,2026-07-19T17:10:00Z,130,extra_time,stadium_egress_walk,stadium_egress,meadowlands_access,0,10.0,1.3,1365,1.0,synthetic,scenario,Synthetic scenario assumption for FinalFlow demonstration; not observed event operations.
baseline,2026-07-19T17:15:00Z,135,final_whistle,midtown_penn_walk,midtown_access,penn_station_access,52,7.0,1.3,955,1.0,synthetic,scenario,Synthetic scenario assumption for FinalFlow demonstration; not observed event operations.
baseline,2026-07-19T17:15:00Z,135,final_whistle,penn_concourse,penn_station_access,penn_station_access,52,9.0,1.3,1228,1.0,synthetic,scenario,Synthetic scenario assumption for FinalFlow demonstration; not observed event operations.
baseline,2026-07-19T17:15:00Z,135,final_whistle,secaucus_transfer,secaucus_transfer,secaucus_transfer,52,8.0,1.3,1092,1.0,synthetic,scenario,Synthetic scenario assumption for FinalFlow demonstration; not observed event operations.
baseline,2026-07-19T17:15:00Z,135,final_whistle,meadowlands_platform,meadowlands_access,meadowlands_access,52,6.0,1.3,819,1.0,synthetic,scenario,Synthetic scenario assumption for FinalFlow demonstration; not observed event operations.
baseline,2026-07-19T17:15:00Z,135,final_whistle,meadowlands_stadium_walk,meadowlands_access,stadium_egress,52,8.0,1.3,1092,1.0,synthetic,scenario,Synthetic scenario assumption for FinalFlow demonstration; not observed event operations.
baseline,2026-07-19T17:15:00Z,135,final_whistle,stadium_egress_walk,stadium_egress,meadowlands_access,52,10.0,1.3,1365,1.0,synthetic,scenario,Synthetic scenario assumption for FinalFlow demonstration; not observed event operations.
baseline,2026-07-19T17:20:00Z,140,post_match,midtown_penn_walk,midtown_access,penn_station_access,49,7.0,1.3,955,1.0,synthetic,scenario,Synthetic scenario assumption for FinalFlow demonstration; not observed event operations.
baseline,2026-07-19T17:20:00Z,140,post_match,penn_concourse,penn_station_access,penn_station_access,49,9.0,1.3,1228,1.0,synthetic,scenario,Synthetic scenario assumption for FinalFlow demonstration; not observed event operations.
baseline,2026-07-19T17:20:00Z,140,post_match,secaucus_transfer,secaucus_transfer,secaucus_transfer,49,8.0,1.3,1092,1.0,synthetic,scenario,Synthetic scenario assumption for FinalFlow demonstration; not observed event operations.
baseline,2026-07-19T17:20:00Z,140,post_match,meadowlands_platform,meadowlands_access,meadowlands_access,49,6.0,1.3,819,1.0,synthetic,scenario,Synthetic scenario assumption for FinalFlow demonstration; not observed event operations.
baseline,2026-07-19T17:20:00Z,140,post_match,meadowlands_stadium_walk,meadowlands_access,stadium_egress,49,8.0,1.3,1092,1.0,synthetic,scenario,Synthetic scenario assumption for FinalFlow demonstration; not observed event operations.
baseline,2026-07-19T17:20:00Z,140,post_match,stadium_egress_walk,stadium_egress,meadowlands_access,49,10.0,1.3,1365,1.0,synthetic,scenario,Synthetic scenario assumption for FinalFlow demonstration; not observed event operations.
baseline,2026-07-19T17:25:00Z,145,post_match,midtown_penn_walk,midtown_access,penn_station_access,100,7.0,1.3,955,1.0,synthetic,scenario,Synthetic scenario assumption for FinalFlow demonstration; not observed event operations.
baseline,2026-07-19T17:25:00Z,145,post_match,penn_concourse,penn_station_access,penn_station_access,100,9.0,1.3,1228,1.0,synthetic,scenario,Synthetic scenario assumption for FinalFlow demonstration; not observed event operations.
baseline,2026-07-19T17:25:00Z,145,post_match,secaucus_transfer,secaucus_transfer,secaucus_transfer,100,8.0,1.3,1092,1.0,synthetic,scenario,Synthetic scenario assumption for FinalFlow demonstration; not observed event operations.
baseline,2026-07-19T17:25:00Z,145,post_match,meadowlands_platform,meadowlands_access,meadowlands_access,100,6.0,1.3,819,1.0,synthetic,scenario,Synthetic scenario assumption for FinalFlow demonstration; not observed event operations.
baseline,2026-07-19T17:25:00Z,145,post_match,meadowlands_stadium_walk,meadowlands_access,stadium_egress,100,8.0,1.3,1092,1.0,synthetic,scenario,Synthetic scenario assumption for FinalFlow demonstration; not observed event operations.
baseline,2026-07-19T17:25:00Z,145,post_match,stadium_egress_walk,stadium_egress,meadowlands_access,100,10.0,1.3,1365,1.0,synthetic,scenario,Synthetic scenario assumption for FinalFlow demonstration; not observed event operations.
baseline,2026-07-19T17:30:00Z,150,post_match,midtown_penn_walk,midtown_access,penn_station_access,92,7.0,1.3,955,1.0,synthetic,scenario,Synthetic scenario assumption for FinalFlow demonstration; not observed event operations.
baseline,2026-07-19T17:30:00Z,150,post_match,penn_concourse,penn_station_access,penn_station_access,92,9.0,1.3,1228,1.0,synthetic,scenario,Synthetic scenario assumption for FinalFlow demonstration; not observed event operations.
baseline,2026-07-19T17:30:00Z,150,post_match,secaucus_transfer,secaucus_transfer,secaucus_transfer,92,8.0,1.3,1092,1.0,synthetic,scenario,Synthetic scenario assumption for FinalFlow demonstration; not observed event operations.
baseline,2026-07-19T17:30:00Z,150,post_match,meadowlands_platform,meadowlands_access,meadowlands_access,92,6.0,1.3,819,1.0,synthetic,scenario,Synthetic scenario assumption for FinalFlow demonstration; not observed event operations.
baseline,2026-07-19T17:30:00Z,150,post_match,meadowlands_stadium_walk,meadowlands_access,stadium_egress,92,8.0,1.3,1092,1.0,synthetic,scenario,Synthetic scenario assumption for FinalFlow demonstration; not observed event operations.
baseline,2026-07-19T17:30:00Z,150,post_match,stadium_egress_walk,stadium_egress,meadowlands_access,92,10.0,1.3,1365,1.0,synthetic,scenario,Synthetic scenario assumption for FinalFlow demonstration; not observed event operations.
baseline,2026-07-19T17:35:00Z,155,post_match,midtown_penn_walk,midtown_access,penn_station_access,86,7.0,1.3,955,1.0,synthetic,scenario,Synthetic scenario assumption for FinalFlow demonstration; not observed event operations.
baseline,2026-07-19T17:35:00Z,155,post_match,penn_concourse,penn_station_access,penn_station_access,86,9.0,1.3,1228,1.0,synthetic,scenario,Synthetic scenario assumption for FinalFlow demonstration; not observed event operations.
baseline,2026-07-19T17:35:00Z,155,post_match,secaucus_transfer,secaucus_transfer,secaucus_transfer,86,8.0,1.3,1092,1.0,synthetic,scenario,Synthetic scenario assumption for FinalFlow demonstration; not observed event operations.
baseline,2026-07-19T17:35:00Z,155,post_match,meadowlands_platform,meadowlands_access,meadowlands_access,86,6.0,1.3,819,1.0,synthetic,scenario,Synthetic scenario assumption for FinalFlow demonstration; not observed event operations.
baseline,2026-07-19T17:35:00Z,155,post_match,meadowlands_stadium_walk,meadowlands_access,stadium_egress,86,8.0,1.3,1092,1.0,synthetic,scenario,Synthetic scenario assumption for FinalFlow demonstration; not observed event operations.
baseline,2026-07-19T17:35:00Z,155,post_match,stadium_egress_walk,stadium_egress,meadowlands_access,86,10.0,1.3,1365,1.0,synthetic,scenario,Synthetic scenario assumption for FinalFlow demonstration; not observed event operations.
baseline,2026-07-19T17:40:00Z,160,post_match,midtown_penn_walk,midtown_access,penn_station_access,79,7.0,1.3,955,1.0,synthetic,scenario,Synthetic scenario assumption for FinalFlow demonstration; not observed event operations.
baseline,2026-07-19T17:40:00Z,160,post_match,penn_concourse,penn_station_access,penn_station_access,79,9.0,1.3,1228,1.0,synthetic,scenario,Synthetic scenario assumption for FinalFlow demonstration; not observed event operations.
baseline,2026-07-19T17:40:00Z,160,post_match,secaucus_transfer,secaucus_transfer,secaucus_transfer,79,8.0,1.3,1092,1.0,synthetic,scenario,Synthetic scenario assumption for FinalFlow demonstration; not observed event operations.
baseline,2026-07-19T17:40:00Z,160,post_match,meadowlands_platform,meadowlands_access,meadowlands_access,79,6.0,1.3,819,1.0,synthetic,scenario,Synthetic scenario assumption for FinalFlow demonstration; not observed event operations.
baseline,2026-07-19T17:40:00Z,160,post_match,meadowlands_stadium_walk,meadowlands_access,stadium_egress,79,8.0,1.3,1092,1.0,synthetic,scenario,Synthetic scenario assumption for FinalFlow demonstration; not observed event operations.
baseline,2026-07-19T17:40:00Z,160,post_match,stadium_egress_walk,stadium_egress,meadowlands_access,79,10.0,1.3,1365,1.0,synthetic,scenario,Synthetic scenario assumption for FinalFlow demonstration; not observed event operations.
baseline,2026-07-19T17:45:00Z,165,post_match,midtown_penn_walk,midtown_access,penn_station_access,71,7.0,1.3,955,1.0,synthetic,scenario,Synthetic scenario assumption for FinalFlow demonstration; not observed event operations.
baseline,2026-07-19T17:45:00Z,165,post_match,penn_concourse,penn_station_access,penn_station_access,71,9.0,1.3,1228,1.0,synthetic,scenario,Synthetic scenario assumption for FinalFlow demonstration; not observed event operations.
baseline,2026-07-19T17:45:00Z,165,post_match,secaucus_transfer,secaucus_transfer,secaucus_transfer,71,8.0,1.3,1092,1.0,synthetic,scenario,Synthetic scenario assumption for FinalFlow demonstration; not observed event operations.
baseline,2026-07-19T17:45:00Z,165,post_match,meadowlands_platform,meadowlands_access,meadowlands_access,71,6.0,1.3,819,1.0,synthetic,scenario,Synthetic scenario assumption for FinalFlow demonstration; not observed event operations.
baseline,2026-07-19T17:45:00Z,165,post_match,meadowlands_stadium_walk,meadowlands_access,stadium_egress,71,8.0,1.3,1092,1.0,synthetic,scenario,Synthetic scenario assumption for FinalFlow demonstration; not observed event operations.
baseline,2026-07-19T17:45:00Z,165,post_match,stadium_egress_walk,stadium_egress,meadowlands_access,71,10.0,1.3,1365,1.0,synthetic,scenario,Synthetic scenario assumption for FinalFlow demonstration; not observed event operations.
baseline,2026-07-19T17:50:00Z,170,post_match,midtown_penn_walk,midtown_access,penn_station_access,65,7.0,1.3,955,1.0,synthetic,scenario,Synthetic scenario assumption for FinalFlow demonstration; not observed event operations.
baseline,2026-07-19T17:50:00Z,170,post_match,penn_concourse,penn_station_access,penn_station_access,65,9.0,1.3,1228,1.0,synthetic,scenario,Synthetic scenario assumption for FinalFlow demonstration; not observed event operations.
baseline,2026-07-19T17:50:00Z,170,post_match,secaucus_transfer,secaucus_transfer,secaucus_transfer,65,8.0,1.3,1092,1.0,synthetic,scenario,Synthetic scenario assumption for FinalFlow demonstration; not observed event operations.
baseline,2026-07-19T17:50:00Z,170,post_match,meadowlands_platform,meadowlands_access,meadowlands_access,65,6.0,1.3,819,1.0,synthetic,scenario,Synthetic scenario assumption for FinalFlow demonstration; not observed event operations.
baseline,2026-07-19T17:50:00Z,170,post_match,meadowlands_stadium_walk,meadowlands_access,stadium_egress,65,8.0,1.3,1092,1.0,synthetic,scenario,Synthetic scenario assumption for FinalFlow demonstration; not observed event operations.
baseline,2026-07-19T17:50:00Z,170,post_match,stadium_egress_walk,stadium_egress,meadowlands_access,65,10.0,1.3,1365,1.0,synthetic,scenario,Synthetic scenario assumption for FinalFlow demonstration; not observed event operations.
baseline,2026-07-19T17:55:00Z,175,post_match,midtown_penn_walk,midtown_access,penn_station_access,56,7.0,1.3,955,1.0,synthetic,scenario,Synthetic scenario assumption for FinalFlow demonstration; not observed event operations.
baseline,2026-07-19T17:55:00Z,175,post_match,penn_concourse,penn_station_access,penn_station_access,56,9.0,1.3,1228,1.0,synthetic,scenario,Synthetic scenario assumption for FinalFlow demonstration; not observed event operations.
baseline,2026-07-19T17:55:00Z,175,post_match,secaucus_transfer,secaucus_transfer,secaucus_transfer,56,8.0,1.3,1092,1.0,synthetic,scenario,Synthetic scenario assumption for FinalFlow demonstration; not observed event operations.
baseline,2026-07-19T17:55:00Z,175,post_match,meadowlands_platform,meadowlands_access,meadowlands_access,56,6.0,1.3,819,1.0,synthetic,scenario,Synthetic scenario assumption for FinalFlow demonstration; not observed event operations.
baseline,2026-07-19T17:55:00Z,175,post_match,meadowlands_stadium_walk,meadowlands_access,stadium_egress,56,8.0,1.3,1092,1.0,synthetic,scenario,Synthetic scenario assumption for FinalFlow demonstration; not observed event operations.
baseline,2026-07-19T17:55:00Z,175,post_match,stadium_egress_walk,stadium_egress,meadowlands_access,56,10.0,1.3,1365,1.0,synthetic,scenario,Synthetic scenario assumption for FinalFlow demonstration; not observed event operations.
baseline,2026-07-19T18:00:00Z,180,post_match,midtown_penn_walk,midtown_access,penn_station_access,49,7.0,1.3,955,1.0,synthetic,scenario,Synthetic scenario assumption for FinalFlow demonstration; not observed event operations.
baseline,2026-07-19T18:00:00Z,180,post_match,penn_concourse,penn_station_access,penn_station_access,49,9.0,1.3,1228,1.0,synthetic,scenario,Synthetic scenario assumption for FinalFlow demonstration; not observed event operations.
baseline,2026-07-19T18:00:00Z,180,post_match,secaucus_transfer,secaucus_transfer,secaucus_transfer,49,8.0,1.3,1092,1.0,synthetic,scenario,Synthetic scenario assumption for FinalFlow demonstration; not observed event operations.
baseline,2026-07-19T18:00:00Z,180,post_match,meadowlands_platform,meadowlands_access,meadowlands_access,49,6.0,1.3,819,1.0,synthetic,scenario,Synthetic scenario assumption for FinalFlow demonstration; not observed event operations.
baseline,2026-07-19T18:00:00Z,180,post_match,meadowlands_stadium_walk,meadowlands_access,stadium_egress,49,8.0,1.3,1092,1.0,synthetic,scenario,Synthetic scenario assumption for FinalFlow demonstration; not observed event operations.
baseline,2026-07-19T18:00:00Z,180,post_match,stadium_egress_walk,stadium_egress,meadowlands_access,49,10.0,1.3,1365,1.0,synthetic,scenario,Synthetic scenario assumption for FinalFlow demonstration; not observed event operations.
baseline,2026-07-19T18:05:00Z,185,post_match,midtown_penn_walk,midtown_access,penn_station_access,44,7.0,1.3,955,1.0,synthetic,scenario,Synthetic scenario assumption for FinalFlow demonstration; not observed event operations.
baseline,2026-07-19T18:05:00Z,185,post_match,penn_concourse,penn_station_access,penn_station_access,44,9.0,1.3,1228,1.0,synthetic,scenario,Synthetic scenario assumption for FinalFlow demonstration; not observed event operations.
baseline,2026-07-19T18:05:00Z,185,post_match,secaucus_transfer,secaucus_transfer,secaucus_transfer,44,8.0,1.3,1092,1.0,synthetic,scenario,Synthetic scenario assumption for FinalFlow demonstration; not observed event operations.
baseline,2026-07-19T18:05:00Z,185,post_match,meadowlands_platform,meadowlands_access,meadowlands_access,44,6.0,1.3,819,1.0,synthetic,scenario,Synthetic scenario assumption for FinalFlow demonstration; not observed event operations.
baseline,2026-07-19T18:05:00Z,185,post_match,meadowlands_stadium_walk,meadowlands_access,stadium_egress,44,8.0,1.3,1092,1.0,synthetic,scenario,Synthetic scenario assumption for FinalFlow demonstration; not observed event operations.
baseline,2026-07-19T18:05:00Z,185,post_match,stadium_egress_walk,stadium_egress,meadowlands_access,44,10.0,1.3,1365,1.0,synthetic,scenario,Synthetic scenario assumption for FinalFlow demonstration; not observed event operations.
baseline,2026-07-19T18:10:00Z,190,post_match,midtown_penn_walk,midtown_access,penn_station_access,35,7.0,1.3,955,1.0,synthetic,scenario,Synthetic scenario assumption for FinalFlow demonstration; not observed event operations.
baseline,2026-07-19T18:10:00Z,190,post_match,penn_concourse,penn_station_access,penn_station_access,35,9.0,1.3,1228,1.0,synthetic,scenario,Synthetic scenario assumption for FinalFlow demonstration; not observed event operations.
baseline,2026-07-19T18:10:00Z,190,post_match,secaucus_transfer,secaucus_transfer,secaucus_transfer,35,8.0,1.3,1092,1.0,synthetic,scenario,Synthetic scenario assumption for FinalFlow demonstration; not observed event operations.
baseline,2026-07-19T18:10:00Z,190,post_match,meadowlands_platform,meadowlands_access,meadowlands_access,35,6.0,1.3,819,1.0,synthetic,scenario,Synthetic scenario assumption for FinalFlow demonstration; not observed event operations.
baseline,2026-07-19T18:10:00Z,190,post_match,meadowlands_stadium_walk,meadowlands_access,stadium_egress,35,8.0,1.3,1092,1.0,synthetic,scenario,Synthetic scenario assumption for FinalFlow demonstration; not observed event operations.
baseline,2026-07-19T18:10:00Z,190,post_match,stadium_egress_walk,stadium_egress,meadowlands_access,35,10.0,1.3,1365,1.0,synthetic,scenario,Synthetic scenario assumption for FinalFlow demonstration; not observed event operations.
baseline,2026-07-19T18:15:00Z,195,post_match,midtown_penn_walk,midtown_access,penn_station_access,0,7.0,1.3,955,1.0,synthetic,scenario,Synthetic scenario assumption for FinalFlow demonstration; not observed event operations.
baseline,2026-07-19T18:15:00Z,195,post_match,penn_concourse,penn_station_access,penn_station_access,0,9.0,1.3,1228,1.0,synthetic,scenario,Synthetic scenario assumption for FinalFlow demonstration; not observed event operations.
baseline,2026-07-19T18:15:00Z,195,post_match,secaucus_transfer,secaucus_transfer,secaucus_transfer,0,8.0,1.3,1092,1.0,synthetic,scenario,Synthetic scenario assumption for FinalFlow demonstration; not observed event operations.
baseline,2026-07-19T18:15:00Z,195,post_match,meadowlands_platform,meadowlands_access,meadowlands_access,0,6.0,1.3,819,1.0,synthetic,scenario,Synthetic scenario assumption for FinalFlow demonstration; not observed event operations.
baseline,2026-07-19T18:15:00Z,195,post_match,meadowlands_stadium_walk,meadowlands_access,stadium_egress,0,8.0,1.3,1092,1.0,synthetic,scenario,Synthetic scenario assumption for FinalFlow demonstration; not observed event operations.
baseline,2026-07-19T18:15:00Z,195,post_match,stadium_egress_walk,stadium_egress,meadowlands_access,0,10.0,1.3,1365,1.0,synthetic,scenario,Synthetic scenario assumption for FinalFlow demonstration; not observed event operations.
baseline,2026-07-19T18:20:00Z,200,post_match,midtown_penn_walk,midtown_access,penn_station_access,0,7.0,1.3,955,1.0,synthetic,scenario,Synthetic scenario assumption for FinalFlow demonstration; not observed event operations.
baseline,2026-07-19T18:20:00Z,200,post_match,penn_concourse,penn_station_access,penn_station_access,0,9.0,1.3,1228,1.0,synthetic,scenario,Synthetic scenario assumption for FinalFlow demonstration; not observed event operations.
baseline,2026-07-19T18:20:00Z,200,post_match,secaucus_transfer,secaucus_transfer,secaucus_transfer,0,8.0,1.3,1092,1.0,synthetic,scenario,Synthetic scenario assumption for FinalFlow demonstration; not observed event operations.
baseline,2026-07-19T18:20:00Z,200,post_match,meadowlands_platform,meadowlands_access,meadowlands_access,0,6.0,1.3,819,1.0,synthetic,scenario,Synthetic scenario assumption for FinalFlow demonstration; not observed event operations.
baseline,2026-07-19T18:20:00Z,200,post_match,meadowlands_stadium_walk,meadowlands_access,stadium_egress,0,8.0,1.3,1092,1.0,synthetic,scenario,Synthetic scenario assumption for FinalFlow demonstration; not observed event operations.
baseline,2026-07-19T18:20:00Z,200,post_match,stadium_egress_walk,stadium_egress,meadowlands_access,0,10.0,1.3,1365,1.0,synthetic,scenario,Synthetic scenario assumption for FinalFlow demonstration; not observed event operations.
baseline,2026-07-19T18:25:00Z,205,post_match,midtown_penn_walk,midtown_access,penn_station_access,0,7.0,1.3,955,1.0,synthetic,scenario,Synthetic scenario assumption for FinalFlow demonstration; not observed event operations.
baseline,2026-07-19T18:25:00Z,205,post_match,penn_concourse,penn_station_access,penn_station_access,0,9.0,1.3,1228,1.0,synthetic,scenario,Synthetic scenario assumption for FinalFlow demonstration; not observed event operations.
baseline,2026-07-19T18:25:00Z,205,post_match,secaucus_transfer,secaucus_transfer,secaucus_transfer,0,8.0,1.3,1092,1.0,synthetic,scenario,Synthetic scenario assumption for FinalFlow demonstration; not observed event operations.
baseline,2026-07-19T18:25:00Z,205,post_match,meadowlands_platform,meadowlands_access,meadowlands_access,0,6.0,1.3,819,1.0,synthetic,scenario,Synthetic scenario assumption for FinalFlow demonstration; not observed event operations.
baseline,2026-07-19T18:25:00Z,205,post_match,meadowlands_stadium_walk,meadowlands_access,stadium_egress,0,8.0,1.3,1092,1.0,synthetic,scenario,Synthetic scenario assumption for FinalFlow demonstration; not observed event operations.
baseline,2026-07-19T18:25:00Z,205,post_match,stadium_egress_walk,stadium_egress,meadowlands_access,0,10.0,1.3,1365,1.0,synthetic,scenario,Synthetic scenario assumption for FinalFlow demonstration; not observed event operations.
baseline,2026-07-19T18:30:00Z,210,post_match,midtown_penn_walk,midtown_access,penn_station_access,0,7.0,1.3,955,1.0,synthetic,scenario,Synthetic scenario assumption for FinalFlow demonstration; not observed event operations.
baseline,2026-07-19T18:30:00Z,210,post_match,penn_concourse,penn_station_access,penn_station_access,0,9.0,1.3,1228,1.0,synthetic,scenario,Synthetic scenario assumption for FinalFlow demonstration; not observed event operations.
baseline,2026-07-19T18:30:00Z,210,post_match,secaucus_transfer,secaucus_transfer,secaucus_transfer,0,8.0,1.3,1092,1.0,synthetic,scenario,Synthetic scenario assumption for FinalFlow demonstration; not observed event operations.
baseline,2026-07-19T18:30:00Z,210,post_match,meadowlands_platform,meadowlands_access,meadowlands_access,0,6.0,1.3,819,1.0,synthetic,scenario,Synthetic scenario assumption for FinalFlow demonstration; not observed event operations.
baseline,2026-07-19T18:30:00Z,210,post_match,meadowlands_stadium_walk,meadowlands_access,stadium_egress,0,8.0,1.3,1092,1.0,synthetic,scenario,Synthetic scenario assumption for FinalFlow demonstration; not observed event operations.
baseline,2026-07-19T18:30:00Z,210,post_match,stadium_egress_walk,stadium_egress,meadowlands_access,0,10.0,1.3,1365,1.0,synthetic,scenario,Synthetic scenario assumption for FinalFlow demonstration; not observed event operations.
baseline,2026-07-19T18:35:00Z,215,post_match,midtown_penn_walk,midtown_access,penn_station_access,0,7.0,1.3,955,1.0,synthetic,scenario,Synthetic scenario assumption for FinalFlow demonstration; not observed event operations.
baseline,2026-07-19T18:35:00Z,215,post_match,penn_concourse,penn_station_access,penn_station_access,0,9.0,1.3,1228,1.0,synthetic,scenario,Synthetic scenario assumption for FinalFlow demonstration; not observed event operations.
baseline,2026-07-19T18:35:00Z,215,post_match,secaucus_transfer,secaucus_transfer,secaucus_transfer,0,8.0,1.3,1092,1.0,synthetic,scenario,Synthetic scenario assumption for FinalFlow demonstration; not observed event operations.
baseline,2026-07-19T18:35:00Z,215,post_match,meadowlands_platform,meadowlands_access,meadowlands_access,0,6.0,1.3,819,1.0,synthetic,scenario,Synthetic scenario assumption for FinalFlow demonstration; not observed event operations.
baseline,2026-07-19T18:35:00Z,215,post_match,meadowlands_stadium_walk,meadowlands_access,stadium_egress,0,8.0,1.3,1092,1.0,synthetic,scenario,Synthetic scenario assumption for FinalFlow demonstration; not observed event operations.
baseline,2026-07-19T18:35:00Z,215,post_match,stadium_egress_walk,stadium_egress,meadowlands_access,0,10.0,1.3,1365,1.0,synthetic,scenario,Synthetic scenario assumption for FinalFlow demonstration; not observed event operations.
baseline,2026-07-19T18:40:00Z,220,post_match,midtown_penn_walk,midtown_access,penn_station_access,0,7.0,1.3,955,1.0,synthetic,scenario,Synthetic scenario assumption for FinalFlow demonstration; not observed event operations.
baseline,2026-07-19T18:40:00Z,220,post_match,penn_concourse,penn_station_access,penn_station_access,0,9.0,1.3,1228,1.0,synthetic,scenario,Synthetic scenario assumption for FinalFlow demonstration; not observed event operations.
baseline,2026-07-19T18:40:00Z,220,post_match,secaucus_transfer,secaucus_transfer,secaucus_transfer,0,8.0,1.3,1092,1.0,synthetic,scenario,Synthetic scenario assumption for FinalFlow demonstration; not observed event operations.
baseline,2026-07-19T18:40:00Z,220,post_match,meadowlands_platform,meadowlands_access,meadowlands_access,0,6.0,1.3,819,1.0,synthetic,scenario,Synthetic scenario assumption for FinalFlow demonstration; not observed event operations.
baseline,2026-07-19T18:40:00Z,220,post_match,meadowlands_stadium_walk,meadowlands_access,stadium_egress,0,8.0,1.3,1092,1.0,synthetic,scenario,Synthetic scenario assumption for FinalFlow demonstration; not observed event operations.
baseline,2026-07-19T18:40:00Z,220,post_match,stadium_egress_walk,stadium_egress,meadowlands_access,0,10.0,1.3,1365,1.0,synthetic,scenario,Synthetic scenario assumption for FinalFlow demonstration; not observed event operations.
baseline,2026-07-19T18:45:00Z,225,post_match,midtown_penn_walk,midtown_access,penn_station_access,0,7.0,1.3,955,1.0,synthetic,scenario,Synthetic scenario assumption for FinalFlow demonstration; not observed event operations.
baseline,2026-07-19T18:45:00Z,225,post_match,penn_concourse,penn_station_access,penn_station_access,0,9.0,1.3,1228,1.0,synthetic,scenario,Synthetic scenario assumption for FinalFlow demonstration; not observed event operations.
baseline,2026-07-19T18:45:00Z,225,post_match,secaucus_transfer,secaucus_transfer,secaucus_transfer,0,8.0,1.3,1092,1.0,synthetic,scenario,Synthetic scenario assumption for FinalFlow demonstration; not observed event operations.
baseline,2026-07-19T18:45:00Z,225,post_match,meadowlands_platform,meadowlands_access,meadowlands_access,0,6.0,1.3,819,1.0,synthetic,scenario,Synthetic scenario assumption for FinalFlow demonstration; not observed event operations.
baseline,2026-07-19T18:45:00Z,225,post_match,meadowlands_stadium_walk,meadowlands_access,stadium_egress,0,8.0,1.3,1092,1.0,synthetic,scenario,Synthetic scenario assumption for FinalFlow demonstration; not observed event operations.
baseline,2026-07-19T18:45:00Z,225,post_match,stadium_egress_walk,stadium_egress,meadowlands_access,0,10.0,1.3,1365,1.0,synthetic,scenario,Synthetic scenario assumption for FinalFlow demonstration; not observed event operations.
baseline,2026-07-19T18:50:00Z,230,post_match,midtown_penn_walk,midtown_access,penn_station_access,0,7.0,1.3,955,1.0,synthetic,scenario,Synthetic scenario assumption for FinalFlow demonstration; not observed event operations.
baseline,2026-07-19T18:50:00Z,230,post_match,penn_concourse,penn_station_access,penn_station_access,0,9.0,1.3,1228,1.0,synthetic,scenario,Synthetic scenario assumption for FinalFlow demonstration; not observed event operations.
baseline,2026-07-19T18:50:00Z,230,post_match,secaucus_transfer,secaucus_transfer,secaucus_transfer,0,8.0,1.3,1092,1.0,synthetic,scenario,Synthetic scenario assumption for FinalFlow demonstration; not observed event operations.
baseline,2026-07-19T18:50:00Z,230,post_match,meadowlands_platform,meadowlands_access,meadowlands_access,0,6.0,1.3,819,1.0,synthetic,scenario,Synthetic scenario assumption for FinalFlow demonstration; not observed event operations.
baseline,2026-07-19T18:50:00Z,230,post_match,meadowlands_stadium_walk,meadowlands_access,stadium_egress,0,8.0,1.3,1092,1.0,synthetic,scenario,Synthetic scenario assumption for FinalFlow demonstration; not observed event operations.
baseline,2026-07-19T18:50:00Z,230,post_match,stadium_egress_walk,stadium_egress,meadowlands_access,0,10.0,1.3,1365,1.0,synthetic,scenario,Synthetic scenario assumption for FinalFlow demonstration; not observed event operations.
baseline,2026-07-19T18:55:00Z,235,post_match,midtown_penn_walk,midtown_access,penn_station_access,0,7.0,1.3,955,1.0,synthetic,scenario,Synthetic scenario assumption for FinalFlow demonstration; not observed event operations.
baseline,2026-07-19T18:55:00Z,235,post_match,penn_concourse,penn_station_access,penn_station_access,0,9.0,1.3,1228,1.0,synthetic,scenario,Synthetic scenario assumption for FinalFlow demonstration; not observed event operations.
baseline,2026-07-19T18:55:00Z,235,post_match,secaucus_transfer,secaucus_transfer,secaucus_transfer,0,8.0,1.3,1092,1.0,synthetic,scenario,Synthetic scenario assumption for FinalFlow demonstration; not observed event operations.
baseline,2026-07-19T18:55:00Z,235,post_match,meadowlands_platform,meadowlands_access,meadowlands_access,0,6.0,1.3,819,1.0,synthetic,scenario,Synthetic scenario assumption for FinalFlow demonstration; not observed event operations.
baseline,2026-07-19T18:55:00Z,235,post_match,meadowlands_stadium_walk,meadowlands_access,stadium_egress,0,8.0,1.3,1092,1.0,synthetic,scenario,Synthetic scenario assumption for FinalFlow demonstration; not observed event operations.
baseline,2026-07-19T18:55:00Z,235,post_match,stadium_egress_walk,stadium_egress,meadowlands_access,0,10.0,1.3,1365,1.0,synthetic,scenario,Synthetic scenario assumption for FinalFlow demonstration; not observed event operations.
baseline,2026-07-19T19:00:00Z,240,post_match,midtown_penn_walk,midtown_access,penn_station_access,0,7.0,1.3,955,1.0,synthetic,scenario,Synthetic scenario assumption for FinalFlow demonstration; not observed event operations.
baseline,2026-07-19T19:00:00Z,240,post_match,penn_concourse,penn_station_access,penn_station_access,0,9.0,1.3,1228,1.0,synthetic,scenario,Synthetic scenario assumption for FinalFlow demonstration; not observed event operations.
baseline,2026-07-19T19:00:00Z,240,post_match,secaucus_transfer,secaucus_transfer,secaucus_transfer,0,8.0,1.3,1092,1.0,synthetic,scenario,Synthetic scenario assumption for FinalFlow demonstration; not observed event operations.
baseline,2026-07-19T19:00:00Z,240,post_match,meadowlands_platform,meadowlands_access,meadowlands_access,0,6.0,1.3,819,1.0,synthetic,scenario,Synthetic scenario assumption for FinalFlow demonstration; not observed event operations.
baseline,2026-07-19T19:00:00Z,240,post_match,meadowlands_stadium_walk,meadowlands_access,stadium_egress,0,8.0,1.3,1092,1.0,synthetic,scenario,Synthetic scenario assumption for FinalFlow demonstration; not observed event operations.
baseline,2026-07-19T19:00:00Z,240,post_match,stadium_egress_walk,stadium_egress,meadowlands_access,0,10.0,1.3,1365,1.0,synthetic,scenario,Synthetic scenario assumption for FinalFlow demonstration; not observed event operations.
baseline,2026-07-19T19:05:00Z,245,post_match,midtown_penn_walk,midtown_access,penn_station_access,0,7.0,1.3,955,1.0,synthetic,scenario,Synthetic scenario assumption for FinalFlow demonstration; not observed event operations.
baseline,2026-07-19T19:05:00Z,245,post_match,penn_concourse,penn_station_access,penn_station_access,0,9.0,1.3,1228,1.0,synthetic,scenario,Synthetic scenario assumption for FinalFlow demonstration; not observed event operations.
baseline,2026-07-19T19:05:00Z,245,post_match,secaucus_transfer,secaucus_transfer,secaucus_transfer,0,8.0,1.3,1092,1.0,synthetic,scenario,Synthetic scenario assumption for FinalFlow demonstration; not observed event operations.
baseline,2026-07-19T19:05:00Z,245,post_match,meadowlands_platform,meadowlands_access,meadowlands_access,0,6.0,1.3,819,1.0,synthetic,scenario,Synthetic scenario assumption for FinalFlow demonstration; not observed event operations.
baseline,2026-07-19T19:05:00Z,245,post_match,meadowlands_stadium_walk,meadowlands_access,stadium_egress,0,8.0,1.3,1092,1.0,synthetic,scenario,Synthetic scenario assumption for FinalFlow demonstration; not observed event operations.
baseline,2026-07-19T19:05:00Z,245,post_match,stadium_egress_walk,stadium_egress,meadowlands_access,0,10.0,1.3,1365,1.0,synthetic,scenario,Synthetic scenario assumption for FinalFlow demonstration; not observed event operations.
baseline,2026-07-19T19:10:00Z,250,post_match,midtown_penn_walk,midtown_access,penn_station_access,0,7.0,1.3,955,1.0,synthetic,scenario,Synthetic scenario assumption for FinalFlow demonstration; not observed event operations.
baseline,2026-07-19T19:10:00Z,250,post_match,penn_concourse,penn_station_access,penn_station_access,0,9.0,1.3,1228,1.0,synthetic,scenario,Synthetic scenario assumption for FinalFlow demonstration; not observed event operations.
baseline,2026-07-19T19:10:00Z,250,post_match,secaucus_transfer,secaucus_transfer,secaucus_transfer,0,8.0,1.3,1092,1.0,synthetic,scenario,Synthetic scenario assumption for FinalFlow demonstration; not observed event operations.
baseline,2026-07-19T19:10:00Z,250,post_match,meadowlands_platform,meadowlands_access,meadowlands_access,0,6.0,1.3,819,1.0,synthetic,scenario,Synthetic scenario assumption for FinalFlow demonstration; not observed event operations.
baseline,2026-07-19T19:10:00Z,250,post_match,meadowlands_stadium_walk,meadowlands_access,stadium_egress,0,8.0,1.3,1092,1.0,synthetic,scenario,Synthetic scenario assumption for FinalFlow demonstration; not observed event operations.
baseline,2026-07-19T19:10:00Z,250,post_match,stadium_egress_walk,stadium_egress,meadowlands_access,0,10.0,1.3,1365,1.0,synthetic,scenario,Synthetic scenario assumption for FinalFlow demonstration; not observed event operations.
baseline,2026-07-19T19:15:00Z,255,post_match,midtown_penn_walk,midtown_access,penn_station_access,0,7.0,1.3,955,1.0,synthetic,scenario,Synthetic scenario assumption for FinalFlow demonstration; not observed event operations.
baseline,2026-07-19T19:15:00Z,255,post_match,penn_concourse,penn_station_access,penn_station_access,0,9.0,1.3,1228,1.0,synthetic,scenario,Synthetic scenario assumption for FinalFlow demonstration; not observed event operations.
baseline,2026-07-19T19:15:00Z,255,post_match,secaucus_transfer,secaucus_transfer,secaucus_transfer,0,8.0,1.3,1092,1.0,synthetic,scenario,Synthetic scenario assumption for FinalFlow demonstration; not observed event operations.
baseline,2026-07-19T19:15:00Z,255,post_match,meadowlands_platform,meadowlands_access,meadowlands_access,0,6.0,1.3,819,1.0,synthetic,scenario,Synthetic scenario assumption for FinalFlow demonstration; not observed event operations.
baseline,2026-07-19T19:15:00Z,255,post_match,meadowlands_stadium_walk,meadowlands_access,stadium_egress,0,8.0,1.3,1092,1.0,synthetic,scenario,Synthetic scenario assumption for FinalFlow demonstration; not observed event operations.
baseline,2026-07-19T19:15:00Z,255,post_match,stadium_egress_walk,stadium_egress,meadowlands_access,0,10.0,1.3,1365,1.0,synthetic,scenario,Synthetic scenario assumption for FinalFlow demonstration; not observed event operations.
baseline,2026-07-19T19:20:00Z,260,post_match,midtown_penn_walk,midtown_access,penn_station_access,0,7.0,1.3,955,1.0,synthetic,scenario,Synthetic scenario assumption for FinalFlow demonstration; not observed event operations.
baseline,2026-07-19T19:20:00Z,260,post_match,penn_concourse,penn_station_access,penn_station_access,0,9.0,1.3,1228,1.0,synthetic,scenario,Synthetic scenario assumption for FinalFlow demonstration; not observed event operations.
baseline,2026-07-19T19:20:00Z,260,post_match,secaucus_transfer,secaucus_transfer,secaucus_transfer,0,8.0,1.3,1092,1.0,synthetic,scenario,Synthetic scenario assumption for FinalFlow demonstration; not observed event operations.
baseline,2026-07-19T19:20:00Z,260,post_match,meadowlands_platform,meadowlands_access,meadowlands_access,0,6.0,1.3,819,1.0,synthetic,scenario,Synthetic scenario assumption for FinalFlow demonstration; not observed event operations.
baseline,2026-07-19T19:20:00Z,260,post_match,meadowlands_stadium_walk,meadowlands_access,stadium_egress,0,8.0,1.3,1092,1.0,synthetic,scenario,Synthetic scenario assumption for FinalFlow demonstration; not observed event operations.
baseline,2026-07-19T19:20:00Z,260,post_match,stadium_egress_walk,stadium_egress,meadowlands_access,0,10.0,1.3,1365,1.0,synthetic,scenario,Synthetic scenario assumption for FinalFlow demonstration; not observed event operations.
baseline,2026-07-19T19:25:00Z,265,post_match,midtown_penn_walk,midtown_access,penn_station_access,0,7.0,1.3,955,1.0,synthetic,scenario,Synthetic scenario assumption for FinalFlow demonstration; not observed event operations.
baseline,2026-07-19T19:25:00Z,265,post_match,penn_concourse,penn_station_access,penn_station_access,0,9.0,1.3,1228,1.0,synthetic,scenario,Synthetic scenario assumption for FinalFlow demonstration; not observed event operations.
baseline,2026-07-19T19:25:00Z,265,post_match,secaucus_transfer,secaucus_transfer,secaucus_transfer,0,8.0,1.3,1092,1.0,synthetic,scenario,Synthetic scenario assumption for FinalFlow demonstration; not observed event operations.
baseline,2026-07-19T19:25:00Z,265,post_match,meadowlands_platform,meadowlands_access,meadowlands_access,0,6.0,1.3,819,1.0,synthetic,scenario,Synthetic scenario assumption for FinalFlow demonstration; not observed event operations.
baseline,2026-07-19T19:25:00Z,265,post_match,meadowlands_stadium_walk,meadowlands_access,stadium_egress,0,8.0,1.3,1092,1.0,synthetic,scenario,Synthetic scenario assumption for FinalFlow demonstration; not observed event operations.
baseline,2026-07-19T19:25:00Z,265,post_match,stadium_egress_walk,stadium_egress,meadowlands_access,0,10.0,1.3,1365,1.0,synthetic,scenario,Synthetic scenario assumption for FinalFlow demonstration; not observed event operations.
baseline,2026-07-19T19:30:00Z,270,post_match,midtown_penn_walk,midtown_access,penn_station_access,0,7.0,1.3,955,1.0,synthetic,scenario,Synthetic scenario assumption for FinalFlow demonstration; not observed event operations.
baseline,2026-07-19T19:30:00Z,270,post_match,penn_concourse,penn_station_access,penn_station_access,0,9.0,1.3,1228,1.0,synthetic,scenario,Synthetic scenario assumption for FinalFlow demonstration; not observed event operations.
baseline,2026-07-19T19:30:00Z,270,post_match,secaucus_transfer,secaucus_transfer,secaucus_transfer,0,8.0,1.3,1092,1.0,synthetic,scenario,Synthetic scenario assumption for FinalFlow demonstration; not observed event operations.
baseline,2026-07-19T19:30:00Z,270,post_match,meadowlands_platform,meadowlands_access,meadowlands_access,0,6.0,1.3,819,1.0,synthetic,scenario,Synthetic scenario assumption for FinalFlow demonstration; not observed event operations.
baseline,2026-07-19T19:30:00Z,270,post_match,meadowlands_stadium_walk,meadowlands_access,stadium_egress,0,8.0,1.3,1092,1.0,synthetic,scenario,Synthetic scenario assumption for FinalFlow demonstration; not observed event operations.
baseline,2026-07-19T19:30:00Z,270,post_match,stadium_egress_walk,stadium_egress,meadowlands_access,0,10.0,1.3,1365,1.0,synthetic,scenario,Synthetic scenario assumption for FinalFlow demonstration; not observed event operations.
baseline,2026-07-19T19:35:00Z,275,post_match,midtown_penn_walk,midtown_access,penn_station_access,0,7.0,1.3,955,1.0,synthetic,scenario,Synthetic scenario assumption for FinalFlow demonstration; not observed event operations.
baseline,2026-07-19T19:35:00Z,275,post_match,penn_concourse,penn_station_access,penn_station_access,0,9.0,1.3,1228,1.0,synthetic,scenario,Synthetic scenario assumption for FinalFlow demonstration; not observed event operations.
baseline,2026-07-19T19:35:00Z,275,post_match,secaucus_transfer,secaucus_transfer,secaucus_transfer,0,8.0,1.3,1092,1.0,synthetic,scenario,Synthetic scenario assumption for FinalFlow demonstration; not observed event operations.
baseline,2026-07-19T19:35:00Z,275,post_match,meadowlands_platform,meadowlands_access,meadowlands_access,0,6.0,1.3,819,1.0,synthetic,scenario,Synthetic scenario assumption for FinalFlow demonstration; not observed event operations.
baseline,2026-07-19T19:35:00Z,275,post_match,meadowlands_stadium_walk,meadowlands_access,stadium_egress,0,8.0,1.3,1092,1.0,synthetic,scenario,Synthetic scenario assumption for FinalFlow demonstration; not observed event operations.
baseline,2026-07-19T19:35:00Z,275,post_match,stadium_egress_walk,stadium_egress,meadowlands_access,0,10.0,1.3,1365,1.0,synthetic,scenario,Synthetic scenario assumption for FinalFlow demonstration; not observed event operations.
baseline,2026-07-19T19:40:00Z,280,post_match,midtown_penn_walk,midtown_access,penn_station_access,0,7.0,1.3,955,1.0,synthetic,scenario,Synthetic scenario assumption for FinalFlow demonstration; not observed event operations.
baseline,2026-07-19T19:40:00Z,280,post_match,penn_concourse,penn_station_access,penn_station_access,0,9.0,1.3,1228,1.0,synthetic,scenario,Synthetic scenario assumption for FinalFlow demonstration; not observed event operations.
baseline,2026-07-19T19:40:00Z,280,post_match,secaucus_transfer,secaucus_transfer,secaucus_transfer,0,8.0,1.3,1092,1.0,synthetic,scenario,Synthetic scenario assumption for FinalFlow demonstration; not observed event operations.
baseline,2026-07-19T19:40:00Z,280,post_match,meadowlands_platform,meadowlands_access,meadowlands_access,0,6.0,1.3,819,1.0,synthetic,scenario,Synthetic scenario assumption for FinalFlow demonstration; not observed event operations.
baseline,2026-07-19T19:40:00Z,280,post_match,meadowlands_stadium_walk,meadowlands_access,stadium_egress,0,8.0,1.3,1092,1.0,synthetic,scenario,Synthetic scenario assumption for FinalFlow demonstration; not observed event operations.
baseline,2026-07-19T19:40:00Z,280,post_match,stadium_egress_walk,stadium_egress,meadowlands_access,0,10.0,1.3,1365,1.0,synthetic,scenario,Synthetic scenario assumption for FinalFlow demonstration; not observed event operations.
baseline,2026-07-19T19:45:00Z,285,post_match,midtown_penn_walk,midtown_access,penn_station_access,0,7.0,1.3,955,1.0,synthetic,scenario,Synthetic scenario assumption for FinalFlow demonstration; not observed event operations.
baseline,2026-07-19T19:45:00Z,285,post_match,penn_concourse,penn_station_access,penn_station_access,0,9.0,1.3,1228,1.0,synthetic,scenario,Synthetic scenario assumption for FinalFlow demonstration; not observed event operations.
baseline,2026-07-19T19:45:00Z,285,post_match,secaucus_transfer,secaucus_transfer,secaucus_transfer,0,8.0,1.3,1092,1.0,synthetic,scenario,Synthetic scenario assumption for FinalFlow demonstration; not observed event operations.
baseline,2026-07-19T19:45:00Z,285,post_match,meadowlands_platform,meadowlands_access,meadowlands_access,0,6.0,1.3,819,1.0,synthetic,scenario,Synthetic scenario assumption for FinalFlow demonstration; not observed event operations.
baseline,2026-07-19T19:45:00Z,285,post_match,meadowlands_stadium_walk,meadowlands_access,stadium_egress,0,8.0,1.3,1092,1.0,synthetic,scenario,Synthetic scenario assumption for FinalFlow demonstration; not observed event operations.
baseline,2026-07-19T19:45:00Z,285,post_match,stadium_egress_walk,stadium_egress,meadowlands_access,0,10.0,1.3,1365,1.0,synthetic,scenario,Synthetic scenario assumption for FinalFlow demonstration; not observed event operations.
baseline,2026-07-19T19:50:00Z,290,post_match,midtown_penn_walk,midtown_access,penn_station_access,0,7.0,1.3,955,1.0,synthetic,scenario,Synthetic scenario assumption for FinalFlow demonstration; not observed event operations.
baseline,2026-07-19T19:50:00Z,290,post_match,penn_concourse,penn_station_access,penn_station_access,0,9.0,1.3,1228,1.0,synthetic,scenario,Synthetic scenario assumption for FinalFlow demonstration; not observed event operations.
baseline,2026-07-19T19:50:00Z,290,post_match,secaucus_transfer,secaucus_transfer,secaucus_transfer,0,8.0,1.3,1092,1.0,synthetic,scenario,Synthetic scenario assumption for FinalFlow demonstration; not observed event operations.
baseline,2026-07-19T19:50:00Z,290,post_match,meadowlands_platform,meadowlands_access,meadowlands_access,0,6.0,1.3,819,1.0,synthetic,scenario,Synthetic scenario assumption for FinalFlow demonstration; not observed event operations.
baseline,2026-07-19T19:50:00Z,290,post_match,meadowlands_stadium_walk,meadowlands_access,stadium_egress,0,8.0,1.3,1092,1.0,synthetic,scenario,Synthetic scenario assumption for FinalFlow demonstration; not observed event operations.
baseline,2026-07-19T19:50:00Z,290,post_match,stadium_egress_walk,stadium_egress,meadowlands_access,0,10.0,1.3,1365,1.0,synthetic,scenario,Synthetic scenario assumption for FinalFlow demonstration; not observed event operations.
baseline,2026-07-19T19:55:00Z,295,post_match,midtown_penn_walk,midtown_access,penn_station_access,0,7.0,1.3,955,1.0,synthetic,scenario,Synthetic scenario assumption for FinalFlow demonstration; not observed event operations.
baseline,2026-07-19T19:55:00Z,295,post_match,penn_concourse,penn_station_access,penn_station_access,0,9.0,1.3,1228,1.0,synthetic,scenario,Synthetic scenario assumption for FinalFlow demonstration; not observed event operations.
baseline,2026-07-19T19:55:00Z,295,post_match,secaucus_transfer,secaucus_transfer,secaucus_transfer,0,8.0,1.3,1092,1.0,synthetic,scenario,Synthetic scenario assumption for FinalFlow demonstration; not observed event operations.
baseline,2026-07-19T19:55:00Z,295,post_match,meadowlands_platform,meadowlands_access,meadowlands_access,0,6.0,1.3,819,1.0,synthetic,scenario,Synthetic scenario assumption for FinalFlow demonstration; not observed event operations.
baseline,2026-07-19T19:55:00Z,295,post_match,meadowlands_stadium_walk,meadowlands_access,stadium_egress,0,8.0,1.3,1092,1.0,synthetic,scenario,Synthetic scenario assumption for FinalFlow demonstration; not observed event operations.
baseline,2026-07-19T19:55:00Z,295,post_match,stadium_egress_walk,stadium_egress,meadowlands_access,0,10.0,1.3,1365,1.0,synthetic,scenario,Synthetic scenario assumption for FinalFlow demonstration; not observed event operations.
baseline,2026-07-19T20:00:00Z,300,post_match,midtown_penn_walk,midtown_access,penn_station_access,0,7.0,1.3,955,1.0,synthetic,scenario,Synthetic scenario assumption for FinalFlow demonstration; not observed event operations.
baseline,2026-07-19T20:00:00Z,300,post_match,penn_concourse,penn_station_access,penn_station_access,0,9.0,1.3,1228,1.0,synthetic,scenario,Synthetic scenario assumption for FinalFlow demonstration; not observed event operations.
baseline,2026-07-19T20:00:00Z,300,post_match,secaucus_transfer,secaucus_transfer,secaucus_transfer,0,8.0,1.3,1092,1.0,synthetic,scenario,Synthetic scenario assumption for FinalFlow demonstration; not observed event operations.
baseline,2026-07-19T20:00:00Z,300,post_match,meadowlands_platform,meadowlands_access,meadowlands_access,0,6.0,1.3,819,1.0,synthetic,scenario,Synthetic scenario assumption for FinalFlow demonstration; not observed event operations.
baseline,2026-07-19T20:00:00Z,300,post_match,meadowlands_stadium_walk,meadowlands_access,stadium_egress,0,8.0,1.3,1092,1.0,synthetic,scenario,Synthetic scenario assumption for FinalFlow demonstration; not observed event operations.
baseline,2026-07-19T20:00:00Z,300,post_match,stadium_egress_walk,stadium_egress,meadowlands_access,0,10.0,1.3,1365,1.0,synthetic,scenario,Synthetic scenario assumption for FinalFlow demonstration; not observed event operations.
baseline,2026-07-19T20:05:00Z,305,post_match,midtown_penn_walk,midtown_access,penn_station_access,0,7.0,1.3,955,1.0,synthetic,scenario,Synthetic scenario assumption for FinalFlow demonstration; not observed event operations.
baseline,2026-07-19T20:05:00Z,305,post_match,penn_concourse,penn_station_access,penn_station_access,0,9.0,1.3,1228,1.0,synthetic,scenario,Synthetic scenario assumption for FinalFlow demonstration; not observed event operations.
baseline,2026-07-19T20:05:00Z,305,post_match,secaucus_transfer,secaucus_transfer,secaucus_transfer,0,8.0,1.3,1092,1.0,synthetic,scenario,Synthetic scenario assumption for FinalFlow demonstration; not observed event operations.
baseline,2026-07-19T20:05:00Z,305,post_match,meadowlands_platform,meadowlands_access,meadowlands_access,0,6.0,1.3,819,1.0,synthetic,scenario,Synthetic scenario assumption for FinalFlow demonstration; not observed event operations.
baseline,2026-07-19T20:05:00Z,305,post_match,meadowlands_stadium_walk,meadowlands_access,stadium_egress,0,8.0,1.3,1092,1.0,synthetic,scenario,Synthetic scenario assumption for FinalFlow demonstration; not observed event operations.
baseline,2026-07-19T20:05:00Z,305,post_match,stadium_egress_walk,stadium_egress,meadowlands_access,0,10.0,1.3,1365,1.0,synthetic,scenario,Synthetic scenario assumption for FinalFlow demonstration; not observed event operations.
baseline,2026-07-19T20:10:00Z,310,post_match,midtown_penn_walk,midtown_access,penn_station_access,0,7.0,1.3,955,1.0,synthetic,scenario,Synthetic scenario assumption for FinalFlow demonstration; not observed event operations.
baseline,2026-07-19T20:10:00Z,310,post_match,penn_concourse,penn_station_access,penn_station_access,0,9.0,1.3,1228,1.0,synthetic,scenario,Synthetic scenario assumption for FinalFlow demonstration; not observed event operations.
baseline,2026-07-19T20:10:00Z,310,post_match,secaucus_transfer,secaucus_transfer,secaucus_transfer,0,8.0,1.3,1092,1.0,synthetic,scenario,Synthetic scenario assumption for FinalFlow demonstration; not observed event operations.
baseline,2026-07-19T20:10:00Z,310,post_match,meadowlands_platform,meadowlands_access,meadowlands_access,0,6.0,1.3,819,1.0,synthetic,scenario,Synthetic scenario assumption for FinalFlow demonstration; not observed event operations.
baseline,2026-07-19T20:10:00Z,310,post_match,meadowlands_stadium_walk,meadowlands_access,stadium_egress,0,8.0,1.3,1092,1.0,synthetic,scenario,Synthetic scenario assumption for FinalFlow demonstration; not observed event operations.
baseline,2026-07-19T20:10:00Z,310,post_match,stadium_egress_walk,stadium_egress,meadowlands_access,0,10.0,1.3,1365,1.0,synthetic,scenario,Synthetic scenario assumption for FinalFlow demonstration; not observed event operations.
baseline,2026-07-19T20:15:00Z,315,post_match,midtown_penn_walk,midtown_access,penn_station_access,0,7.0,1.3,955,1.0,synthetic,scenario,Synthetic scenario assumption for FinalFlow demonstration; not observed event operations.
baseline,2026-07-19T20:15:00Z,315,post_match,penn_concourse,penn_station_access,penn_station_access,0,9.0,1.3,1228,1.0,synthetic,scenario,Synthetic scenario assumption for FinalFlow demonstration; not observed event operations.
baseline,2026-07-19T20:15:00Z,315,post_match,secaucus_transfer,secaucus_transfer,secaucus_transfer,0,8.0,1.3,1092,1.0,synthetic,scenario,Synthetic scenario assumption for FinalFlow demonstration; not observed event operations.
baseline,2026-07-19T20:15:00Z,315,post_match,meadowlands_platform,meadowlands_access,meadowlands_access,0,6.0,1.3,819,1.0,synthetic,scenario,Synthetic scenario assumption for FinalFlow demonstration; not observed event operations.
baseline,2026-07-19T20:15:00Z,315,post_match,meadowlands_stadium_walk,meadowlands_access,stadium_egress,0,8.0,1.3,1092,1.0,synthetic,scenario,Synthetic scenario assumption for FinalFlow demonstration; not observed event operations.
baseline,2026-07-19T20:15:00Z,315,post_match,stadium_egress_walk,stadium_egress,meadowlands_access,0,10.0,1.3,1365,1.0,synthetic,scenario,Synthetic scenario assumption for FinalFlow demonstration; not observed event operations.
rail_disruption,2026-07-19T12:00:00Z,-180,pre_match,midtown_penn_walk,midtown_access,penn_station_access,0,7.0,1.3,955,1.0,synthetic,scenario,Synthetic scenario assumption for FinalFlow demonstration; not observed event operations.
rail_disruption,2026-07-19T12:00:00Z,-180,pre_match,penn_concourse,penn_station_access,penn_station_access,0,9.0,1.3,1228,1.0,synthetic,scenario,Synthetic scenario assumption for FinalFlow demonstration; not observed event operations.
rail_disruption,2026-07-19T12:00:00Z,-180,pre_match,secaucus_transfer,secaucus_transfer,secaucus_transfer,0,8.0,1.3,1092,1.0,synthetic,scenario,Synthetic scenario assumption for FinalFlow demonstration; not observed event operations.
rail_disruption,2026-07-19T12:00:00Z,-180,pre_match,meadowlands_platform,meadowlands_access,meadowlands_access,0,6.0,1.3,819,1.0,synthetic,scenario,Synthetic scenario assumption for FinalFlow demonstration; not observed event operations.
rail_disruption,2026-07-19T12:00:00Z,-180,pre_match,meadowlands_stadium_walk,meadowlands_access,stadium_egress,0,8.0,1.3,1092,1.0,synthetic,scenario,Synthetic scenario assumption for FinalFlow demonstration; not observed event operations.
rail_disruption,2026-07-19T12:00:00Z,-180,pre_match,stadium_egress_walk,stadium_egress,meadowlands_access,0,10.0,1.3,1365,1.0,synthetic,scenario,Synthetic scenario assumption for FinalFlow demonstration; not observed event operations.
rail_disruption,2026-07-19T12:05:00Z,-175,pre_match,midtown_penn_walk,midtown_access,penn_station_access,0,7.0,1.3,955,1.0,synthetic,scenario,Synthetic scenario assumption for FinalFlow demonstration; not observed event operations.
rail_disruption,2026-07-19T12:05:00Z,-175,pre_match,penn_concourse,penn_station_access,penn_station_access,0,9.0,1.3,1228,1.0,synthetic,scenario,Synthetic scenario assumption for FinalFlow demonstration; not observed event operations.
rail_disruption,2026-07-19T12:05:00Z,-175,pre_match,secaucus_transfer,secaucus_transfer,secaucus_transfer,0,8.0,1.3,1092,1.0,synthetic,scenario,Synthetic scenario assumption for FinalFlow demonstration; not observed event operations.
rail_disruption,2026-07-19T12:05:00Z,-175,pre_match,meadowlands_platform,meadowlands_access,meadowlands_access,0,6.0,1.3,819,1.0,synthetic,scenario,Synthetic scenario assumption for FinalFlow demonstration; not observed event operations.
rail_disruption,2026-07-19T12:05:00Z,-175,pre_match,meadowlands_stadium_walk,meadowlands_access,stadium_egress,0,8.0,1.3,1092,1.0,synthetic,scenario,Synthetic scenario assumption for FinalFlow demonstration; not observed event operations.
rail_disruption,2026-07-19T12:05:00Z,-175,pre_match,stadium_egress_walk,stadium_egress,meadowlands_access,0,10.0,1.3,1365,1.0,synthetic,scenario,Synthetic scenario assumption for FinalFlow demonstration; not observed event operations.
rail_disruption,2026-07-19T12:10:00Z,-170,pre_match,midtown_penn_walk,midtown_access,penn_station_access,0,7.0,1.3,955,1.0,synthetic,scenario,Synthetic scenario assumption for FinalFlow demonstration; not observed event operations.
rail_disruption,2026-07-19T12:10:00Z,-170,pre_match,penn_concourse,penn_station_access,penn_station_access,0,9.0,1.3,1228,1.0,synthetic,scenario,Synthetic scenario assumption for FinalFlow demonstration; not observed event operations.
rail_disruption,2026-07-19T12:10:00Z,-170,pre_match,secaucus_transfer,secaucus_transfer,secaucus_transfer,0,8.0,1.3,1092,1.0,synthetic,scenario,Synthetic scenario assumption for FinalFlow demonstration; not observed event operations.
rail_disruption,2026-07-19T12:10:00Z,-170,pre_match,meadowlands_platform,meadowlands_access,meadowlands_access,0,6.0,1.3,819,1.0,synthetic,scenario,Synthetic scenario assumption for FinalFlow demonstration; not observed event operations.
rail_disruption,2026-07-19T12:10:00Z,-170,pre_match,meadowlands_stadium_walk,meadowlands_access,stadium_egress,0,8.0,1.3,1092,1.0,synthetic,scenario,Synthetic scenario assumption for FinalFlow demonstration; not observed event operations.
rail_disruption,2026-07-19T12:10:00Z,-170,pre_match,stadium_egress_walk,stadium_egress,meadowlands_access,0,10.0,1.3,1365,1.0,synthetic,scenario,Synthetic scenario assumption for FinalFlow demonstration; not observed event operations.
rail_disruption,2026-07-19T12:15:00Z,-165,pre_match,midtown_penn_walk,midtown_access,penn_station_access,0,7.0,1.3,955,1.0,synthetic,scenario,Synthetic scenario assumption for FinalFlow demonstration; not observed event operations.
rail_disruption,2026-07-19T12:15:00Z,-165,pre_match,penn_concourse,penn_station_access,penn_station_access,0,9.0,1.3,1228,1.0,synthetic,scenario,Synthetic scenario assumption for FinalFlow demonstration; not observed event operations.
rail_disruption,2026-07-19T12:15:00Z,-165,pre_match,secaucus_transfer,secaucus_transfer,secaucus_transfer,0,8.0,1.3,1092,1.0,synthetic,scenario,Synthetic scenario assumption for FinalFlow demonstration; not observed event operations.
rail_disruption,2026-07-19T12:15:00Z,-165,pre_match,meadowlands_platform,meadowlands_access,meadowlands_access,0,6.0,1.3,819,1.0,synthetic,scenario,Synthetic scenario assumption for FinalFlow demonstration; not observed event operations.
rail_disruption,2026-07-19T12:15:00Z,-165,pre_match,meadowlands_stadium_walk,meadowlands_access,stadium_egress,0,8.0,1.3,1092,1.0,synthetic,scenario,Synthetic scenario assumption for FinalFlow demonstration; not observed event operations.
rail_disruption,2026-07-19T12:15:00Z,-165,pre_match,stadium_egress_walk,stadium_egress,meadowlands_access,0,10.0,1.3,1365,1.0,synthetic,scenario,Synthetic scenario assumption for FinalFlow demonstration; not observed event operations.
rail_disruption,2026-07-19T12:20:00Z,-160,pre_match,midtown_penn_walk,midtown_access,penn_station_access,0,7.0,1.3,955,1.0,synthetic,scenario,Synthetic scenario assumption for FinalFlow demonstration; not observed event operations.
rail_disruption,2026-07-19T12:20:00Z,-160,pre_match,penn_concourse,penn_station_access,penn_station_access,0,9.0,1.3,1228,1.0,synthetic,scenario,Synthetic scenario assumption for FinalFlow demonstration; not observed event operations.
rail_disruption,2026-07-19T12:20:00Z,-160,pre_match,secaucus_transfer,secaucus_transfer,secaucus_transfer,0,8.0,1.3,1092,1.0,synthetic,scenario,Synthetic scenario assumption for FinalFlow demonstration; not observed event operations.
rail_disruption,2026-07-19T12:20:00Z,-160,pre_match,meadowlands_platform,meadowlands_access,meadowlands_access,0,6.0,1.3,819,1.0,synthetic,scenario,Synthetic scenario assumption for FinalFlow demonstration; not observed event operations.
rail_disruption,2026-07-19T12:20:00Z,-160,pre_match,meadowlands_stadium_walk,meadowlands_access,stadium_egress,0,8.0,1.3,1092,1.0,synthetic,scenario,Synthetic scenario assumption for FinalFlow demonstration; not observed event operations.
rail_disruption,2026-07-19T12:20:00Z,-160,pre_match,stadium_egress_walk,stadium_egress,meadowlands_access,0,10.0,1.3,1365,1.0,synthetic,scenario,Synthetic scenario assumption for FinalFlow demonstration; not observed event operations.
rail_disruption,2026-07-19T12:25:00Z,-155,pre_match,midtown_penn_walk,midtown_access,penn_station_access,0,7.0,1.3,955,1.0,synthetic,scenario,Synthetic scenario assumption for FinalFlow demonstration; not observed event operations.
rail_disruption,2026-07-19T12:25:00Z,-155,pre_match,penn_concourse,penn_station_access,penn_station_access,0,9.0,1.3,1228,1.0,synthetic,scenario,Synthetic scenario assumption for FinalFlow demonstration; not observed event operations.
rail_disruption,2026-07-19T12:25:00Z,-155,pre_match,secaucus_transfer,secaucus_transfer,secaucus_transfer,0,8.0,1.3,1092,1.0,synthetic,scenario,Synthetic scenario assumption for FinalFlow demonstration; not observed event operations.
rail_disruption,2026-07-19T12:25:00Z,-155,pre_match,meadowlands_platform,meadowlands_access,meadowlands_access,0,6.0,1.3,819,1.0,synthetic,scenario,Synthetic scenario assumption for FinalFlow demonstration; not observed event operations.
rail_disruption,2026-07-19T12:25:00Z,-155,pre_match,meadowlands_stadium_walk,meadowlands_access,stadium_egress,0,8.0,1.3,1092,1.0,synthetic,scenario,Synthetic scenario assumption for FinalFlow demonstration; not observed event operations.
rail_disruption,2026-07-19T12:25:00Z,-155,pre_match,stadium_egress_walk,stadium_egress,meadowlands_access,0,10.0,1.3,1365,1.0,synthetic,scenario,Synthetic scenario assumption for FinalFlow demonstration; not observed event operations.
rail_disruption,2026-07-19T12:30:00Z,-150,pre_match,midtown_penn_walk,midtown_access,penn_station_access,5,7.0,1.3,955,1.0,synthetic,scenario,Synthetic scenario assumption for FinalFlow demonstration; not observed event operations.
rail_disruption,2026-07-19T12:30:00Z,-150,pre_match,penn_concourse,penn_station_access,penn_station_access,5,9.0,1.3,1228,1.0,synthetic,scenario,Synthetic scenario assumption for FinalFlow demonstration; not observed event operations.
rail_disruption,2026-07-19T12:30:00Z,-150,pre_match,secaucus_transfer,secaucus_transfer,secaucus_transfer,5,8.0,1.3,1092,1.0,synthetic,scenario,Synthetic scenario assumption for FinalFlow demonstration; not observed event operations.
rail_disruption,2026-07-19T12:30:00Z,-150,pre_match,meadowlands_platform,meadowlands_access,meadowlands_access,5,6.0,1.3,819,1.0,synthetic,scenario,Synthetic scenario assumption for FinalFlow demonstration; not observed event operations.
rail_disruption,2026-07-19T12:30:00Z,-150,pre_match,meadowlands_stadium_walk,meadowlands_access,stadium_egress,5,8.0,1.3,1092,1.0,synthetic,scenario,Synthetic scenario assumption for FinalFlow demonstration; not observed event operations.
rail_disruption,2026-07-19T12:30:00Z,-150,pre_match,stadium_egress_walk,stadium_egress,meadowlands_access,5,10.0,1.3,1365,1.0,synthetic,scenario,Synthetic scenario assumption for FinalFlow demonstration; not observed event operations.
rail_disruption,2026-07-19T12:35:00Z,-145,pre_match,midtown_penn_walk,midtown_access,penn_station_access,5,7.0,1.3,955,1.0,synthetic,scenario,Synthetic scenario assumption for FinalFlow demonstration; not observed event operations.
rail_disruption,2026-07-19T12:35:00Z,-145,pre_match,penn_concourse,penn_station_access,penn_station_access,5,9.0,1.3,1228,1.0,synthetic,scenario,Synthetic scenario assumption for FinalFlow demonstration; not observed event operations.
rail_disruption,2026-07-19T12:35:00Z,-145,pre_match,secaucus_transfer,secaucus_transfer,secaucus_transfer,5,8.0,1.3,1092,1.0,synthetic,scenario,Synthetic scenario assumption for FinalFlow demonstration; not observed event operations.
rail_disruption,2026-07-19T12:35:00Z,-145,pre_match,meadowlands_platform,meadowlands_access,meadowlands_access,5,6.0,1.3,819,1.0,synthetic,scenario,Synthetic scenario assumption for FinalFlow demonstration; not observed event operations.
rail_disruption,2026-07-19T12:35:00Z,-145,pre_match,meadowlands_stadium_walk,meadowlands_access,stadium_egress,5,8.0,1.3,1092,1.0,synthetic,scenario,Synthetic scenario assumption for FinalFlow demonstration; not observed event operations.
rail_disruption,2026-07-19T12:35:00Z,-145,pre_match,stadium_egress_walk,stadium_egress,meadowlands_access,5,10.0,1.3,1365,1.0,synthetic,scenario,Synthetic scenario assumption for FinalFlow demonstration; not observed event operations.
rail_disruption,2026-07-19T12:40:00Z,-140,pre_match,midtown_penn_walk,midtown_access,penn_station_access,5,7.0,1.3,955,1.0,synthetic,scenario,Synthetic scenario assumption for FinalFlow demonstration; not observed event operations.
rail_disruption,2026-07-19T12:40:00Z,-140,pre_match,penn_concourse,penn_station_access,penn_station_access,5,9.0,1.3,1228,1.0,synthetic,scenario,Synthetic scenario assumption for FinalFlow demonstration; not observed event operations.
rail_disruption,2026-07-19T12:40:00Z,-140,pre_match,secaucus_transfer,secaucus_transfer,secaucus_transfer,5,8.0,1.3,1092,1.0,synthetic,scenario,Synthetic scenario assumption for FinalFlow demonstration; not observed event operations.
rail_disruption,2026-07-19T12:40:00Z,-140,pre_match,meadowlands_platform,meadowlands_access,meadowlands_access,5,6.0,1.3,819,1.0,synthetic,scenario,Synthetic scenario assumption for FinalFlow demonstration; not observed event operations.
rail_disruption,2026-07-19T12:40:00Z,-140,pre_match,meadowlands_stadium_walk,meadowlands_access,stadium_egress,5,8.0,1.3,1092,1.0,synthetic,scenario,Synthetic scenario assumption for FinalFlow demonstration; not observed event operations.
rail_disruption,2026-07-19T12:40:00Z,-140,pre_match,stadium_egress_walk,stadium_egress,meadowlands_access,5,10.0,1.3,1365,1.0,synthetic,scenario,Synthetic scenario assumption for FinalFlow demonstration; not observed event operations.
rail_disruption,2026-07-19T12:45:00Z,-135,pre_match,midtown_penn_walk,midtown_access,penn_station_access,9,7.0,1.3,955,1.0,synthetic,scenario,Synthetic scenario assumption for FinalFlow demonstration; not observed event operations.
rail_disruption,2026-07-19T12:45:00Z,-135,pre_match,penn_concourse,penn_station_access,penn_station_access,9,9.0,1.3,1228,1.0,synthetic,scenario,Synthetic scenario assumption for FinalFlow demonstration; not observed event operations.
rail_disruption,2026-07-19T12:45:00Z,-135,pre_match,secaucus_transfer,secaucus_transfer,secaucus_transfer,9,8.0,1.3,1092,1.0,synthetic,scenario,Synthetic scenario assumption for FinalFlow demonstration; not observed event operations.
rail_disruption,2026-07-19T12:45:00Z,-135,pre_match,meadowlands_platform,meadowlands_access,meadowlands_access,9,6.0,1.3,819,1.0,synthetic,scenario,Synthetic scenario assumption for FinalFlow demonstration; not observed event operations.
rail_disruption,2026-07-19T12:45:00Z,-135,pre_match,meadowlands_stadium_walk,meadowlands_access,stadium_egress,9,8.0,1.3,1092,1.0,synthetic,scenario,Synthetic scenario assumption for FinalFlow demonstration; not observed event operations.
rail_disruption,2026-07-19T12:45:00Z,-135,pre_match,stadium_egress_walk,stadium_egress,meadowlands_access,9,10.0,1.3,1365,1.0,synthetic,scenario,Synthetic scenario assumption for FinalFlow demonstration; not observed event operations.
rail_disruption,2026-07-19T12:50:00Z,-130,pre_match,midtown_penn_walk,midtown_access,penn_station_access,9,7.0,1.3,955,1.0,synthetic,scenario,Synthetic scenario assumption for FinalFlow demonstration; not observed event operations.
rail_disruption,2026-07-19T12:50:00Z,-130,pre_match,penn_concourse,penn_station_access,penn_station_access,9,9.0,1.3,1228,1.0,synthetic,scenario,Synthetic scenario assumption for FinalFlow demonstration; not observed event operations.
rail_disruption,2026-07-19T12:50:00Z,-130,pre_match,secaucus_transfer,secaucus_transfer,secaucus_transfer,9,8.0,1.3,1092,1.0,synthetic,scenario,Synthetic scenario assumption for FinalFlow demonstration; not observed event operations.
rail_disruption,2026-07-19T12:50:00Z,-130,pre_match,meadowlands_platform,meadowlands_access,meadowlands_access,9,6.0,1.3,819,1.0,synthetic,scenario,Synthetic scenario assumption for FinalFlow demonstration; not observed event operations.
rail_disruption,2026-07-19T12:50:00Z,-130,pre_match,meadowlands_stadium_walk,meadowlands_access,stadium_egress,9,8.0,1.3,1092,1.0,synthetic,scenario,Synthetic scenario assumption for FinalFlow demonstration; not observed event operations.
rail_disruption,2026-07-19T12:50:00Z,-130,pre_match,stadium_egress_walk,stadium_egress,meadowlands_access,9,10.0,1.3,1365,1.0,synthetic,scenario,Synthetic scenario assumption for FinalFlow demonstration; not observed event operations.
rail_disruption,2026-07-19T12:55:00Z,-125,pre_match,midtown_penn_walk,midtown_access,penn_station_access,14,7.0,1.3,955,1.0,synthetic,scenario,Synthetic scenario assumption for FinalFlow demonstration; not observed event operations.
rail_disruption,2026-07-19T12:55:00Z,-125,pre_match,penn_concourse,penn_station_access,penn_station_access,14,9.0,1.3,1228,1.0,synthetic,scenario,Synthetic scenario assumption for FinalFlow demonstration; not observed event operations.
rail_disruption,2026-07-19T12:55:00Z,-125,pre_match,secaucus_transfer,secaucus_transfer,secaucus_transfer,14,8.0,1.3,1092,1.0,synthetic,scenario,Synthetic scenario assumption for FinalFlow demonstration; not observed event operations.
rail_disruption,2026-07-19T12:55:00Z,-125,pre_match,meadowlands_platform,meadowlands_access,meadowlands_access,14,6.0,1.3,819,1.0,synthetic,scenario,Synthetic scenario assumption for FinalFlow demonstration; not observed event operations.
rail_disruption,2026-07-19T12:55:00Z,-125,pre_match,meadowlands_stadium_walk,meadowlands_access,stadium_egress,14,8.0,1.3,1092,1.0,synthetic,scenario,Synthetic scenario assumption for FinalFlow demonstration; not observed event operations.
rail_disruption,2026-07-19T12:55:00Z,-125,pre_match,stadium_egress_walk,stadium_egress,meadowlands_access,14,10.0,1.3,1365,1.0,synthetic,scenario,Synthetic scenario assumption for FinalFlow demonstration; not observed event operations.
rail_disruption,2026-07-19T13:00:00Z,-120,gates_open,midtown_penn_walk,midtown_access,penn_station_access,14,7.0,1.3,955,1.0,synthetic,scenario,Synthetic scenario assumption for FinalFlow demonstration; not observed event operations.
rail_disruption,2026-07-19T13:00:00Z,-120,gates_open,penn_concourse,penn_station_access,penn_station_access,14,9.0,1.3,1228,1.0,synthetic,scenario,Synthetic scenario assumption for FinalFlow demonstration; not observed event operations.
rail_disruption,2026-07-19T13:00:00Z,-120,gates_open,secaucus_transfer,secaucus_transfer,secaucus_transfer,14,8.0,1.3,1092,1.0,synthetic,scenario,Synthetic scenario assumption for FinalFlow demonstration; not observed event operations.
rail_disruption,2026-07-19T13:00:00Z,-120,gates_open,meadowlands_platform,meadowlands_access,meadowlands_access,14,6.0,1.3,819,1.0,synthetic,scenario,Synthetic scenario assumption for FinalFlow demonstration; not observed event operations.
rail_disruption,2026-07-19T13:00:00Z,-120,gates_open,meadowlands_stadium_walk,meadowlands_access,stadium_egress,14,8.0,1.3,1092,1.0,synthetic,scenario,Synthetic scenario assumption for FinalFlow demonstration; not observed event operations.
rail_disruption,2026-07-19T13:00:00Z,-120,gates_open,stadium_egress_walk,stadium_egress,meadowlands_access,14,10.0,1.3,1365,1.0,synthetic,scenario,Synthetic scenario assumption for FinalFlow demonstration; not observed event operations.
rail_disruption,2026-07-19T13:05:00Z,-115,pre_match,midtown_penn_walk,midtown_access,penn_station_access,18,7.0,1.3,955,1.0,synthetic,scenario,Synthetic scenario assumption for FinalFlow demonstration; not observed event operations.
rail_disruption,2026-07-19T13:05:00Z,-115,pre_match,penn_concourse,penn_station_access,penn_station_access,18,9.0,1.3,1228,1.0,synthetic,scenario,Synthetic scenario assumption for FinalFlow demonstration; not observed event operations.
rail_disruption,2026-07-19T13:05:00Z,-115,pre_match,secaucus_transfer,secaucus_transfer,secaucus_transfer,18,8.0,1.3,1092,1.0,synthetic,scenario,Synthetic scenario assumption for FinalFlow demonstration; not observed event operations.
rail_disruption,2026-07-19T13:05:00Z,-115,pre_match,meadowlands_platform,meadowlands_access,meadowlands_access,18,6.0,1.3,819,1.0,synthetic,scenario,Synthetic scenario assumption for FinalFlow demonstration; not observed event operations.
rail_disruption,2026-07-19T13:05:00Z,-115,pre_match,meadowlands_stadium_walk,meadowlands_access,stadium_egress,18,8.0,1.3,1092,1.0,synthetic,scenario,Synthetic scenario assumption for FinalFlow demonstration; not observed event operations.
rail_disruption,2026-07-19T13:05:00Z,-115,pre_match,stadium_egress_walk,stadium_egress,meadowlands_access,18,10.0,1.3,1365,1.0,synthetic,scenario,Synthetic scenario assumption for FinalFlow demonstration; not observed event operations.
rail_disruption,2026-07-19T13:10:00Z,-110,pre_match,midtown_penn_walk,midtown_access,penn_station_access,23,7.0,1.3,955,1.0,synthetic,scenario,Synthetic scenario assumption for FinalFlow demonstration; not observed event operations.
rail_disruption,2026-07-19T13:10:00Z,-110,pre_match,penn_concourse,penn_station_access,penn_station_access,23,9.0,1.3,1228,1.0,synthetic,scenario,Synthetic scenario assumption for FinalFlow demonstration; not observed event operations.
rail_disruption,2026-07-19T13:10:00Z,-110,pre_match,secaucus_transfer,secaucus_transfer,secaucus_transfer,23,8.0,1.3,1092,1.0,synthetic,scenario,Synthetic scenario assumption for FinalFlow demonstration; not observed event operations.
rail_disruption,2026-07-19T13:10:00Z,-110,pre_match,meadowlands_platform,meadowlands_access,meadowlands_access,23,6.0,1.3,819,1.0,synthetic,scenario,Synthetic scenario assumption for FinalFlow demonstration; not observed event operations.
rail_disruption,2026-07-19T13:10:00Z,-110,pre_match,meadowlands_stadium_walk,meadowlands_access,stadium_egress,23,8.0,1.3,1092,1.0,synthetic,scenario,Synthetic scenario assumption for FinalFlow demonstration; not observed event operations.
rail_disruption,2026-07-19T13:10:00Z,-110,pre_match,stadium_egress_walk,stadium_egress,meadowlands_access,23,10.0,1.3,1365,1.0,synthetic,scenario,Synthetic scenario assumption for FinalFlow demonstration; not observed event operations.
rail_disruption,2026-07-19T13:15:00Z,-105,pre_match,midtown_penn_walk,midtown_access,penn_station_access,26,7.0,1.3,955,1.0,synthetic,scenario,Synthetic scenario assumption for FinalFlow demonstration; not observed event operations.
rail_disruption,2026-07-19T13:15:00Z,-105,pre_match,penn_concourse,penn_station_access,penn_station_access,26,9.0,1.3,1228,1.0,synthetic,scenario,Synthetic scenario assumption for FinalFlow demonstration; not observed event operations.
rail_disruption,2026-07-19T13:15:00Z,-105,pre_match,secaucus_transfer,secaucus_transfer,secaucus_transfer,26,8.0,1.3,1092,1.0,synthetic,scenario,Synthetic scenario assumption for FinalFlow demonstration; not observed event operations.
rail_disruption,2026-07-19T13:15:00Z,-105,pre_match,meadowlands_platform,meadowlands_access,meadowlands_access,26,6.0,1.3,819,1.0,synthetic,scenario,Synthetic scenario assumption for FinalFlow demonstration; not observed event operations.
rail_disruption,2026-07-19T13:15:00Z,-105,pre_match,meadowlands_stadium_walk,meadowlands_access,stadium_egress,26,8.0,1.3,1092,1.0,synthetic,scenario,Synthetic scenario assumption for FinalFlow demonstration; not observed event operations.
rail_disruption,2026-07-19T13:15:00Z,-105,pre_match,stadium_egress_walk,stadium_egress,meadowlands_access,26,10.0,1.3,1365,1.0,synthetic,scenario,Synthetic scenario assumption for FinalFlow demonstration; not observed event operations.
rail_disruption,2026-07-19T13:20:00Z,-100,pre_match,midtown_penn_walk,midtown_access,penn_station_access,31,7.0,1.3,955,1.0,synthetic,scenario,Synthetic scenario assumption for FinalFlow demonstration; not observed event operations.
rail_disruption,2026-07-19T13:20:00Z,-100,pre_match,penn_concourse,penn_station_access,penn_station_access,31,9.0,1.3,1228,1.0,synthetic,scenario,Synthetic scenario assumption for FinalFlow demonstration; not observed event operations.
rail_disruption,2026-07-19T13:20:00Z,-100,pre_match,secaucus_transfer,secaucus_transfer,secaucus_transfer,31,8.0,1.3,1092,1.0,synthetic,scenario,Synthetic scenario assumption for FinalFlow demonstration; not observed event operations.
rail_disruption,2026-07-19T13:20:00Z,-100,pre_match,meadowlands_platform,meadowlands_access,meadowlands_access,31,6.0,1.3,819,1.0,synthetic,scenario,Synthetic scenario assumption for FinalFlow demonstration; not observed event operations.
rail_disruption,2026-07-19T13:20:00Z,-100,pre_match,meadowlands_stadium_walk,meadowlands_access,stadium_egress,31,8.0,1.3,1092,1.0,synthetic,scenario,Synthetic scenario assumption for FinalFlow demonstration; not observed event operations.
rail_disruption,2026-07-19T13:20:00Z,-100,pre_match,stadium_egress_walk,stadium_egress,meadowlands_access,31,10.0,1.3,1365,1.0,synthetic,scenario,Synthetic scenario assumption for FinalFlow demonstration; not observed event operations.
rail_disruption,2026-07-19T13:25:00Z,-95,pre_match,midtown_penn_walk,midtown_access,penn_station_access,35,7.0,1.3,955,1.0,synthetic,scenario,Synthetic scenario assumption for FinalFlow demonstration; not observed event operations.
rail_disruption,2026-07-19T13:25:00Z,-95,pre_match,penn_concourse,penn_station_access,penn_station_access,35,9.0,1.3,1228,1.0,synthetic,scenario,Synthetic scenario assumption for FinalFlow demonstration; not observed event operations.
rail_disruption,2026-07-19T13:25:00Z,-95,pre_match,secaucus_transfer,secaucus_transfer,secaucus_transfer,35,8.0,1.3,1092,1.0,synthetic,scenario,Synthetic scenario assumption for FinalFlow demonstration; not observed event operations.
rail_disruption,2026-07-19T13:25:00Z,-95,pre_match,meadowlands_platform,meadowlands_access,meadowlands_access,35,6.0,1.3,819,1.0,synthetic,scenario,Synthetic scenario assumption for FinalFlow demonstration; not observed event operations.
rail_disruption,2026-07-19T13:25:00Z,-95,pre_match,meadowlands_stadium_walk,meadowlands_access,stadium_egress,35,8.0,1.3,1092,1.0,synthetic,scenario,Synthetic scenario assumption for FinalFlow demonstration; not observed event operations.
rail_disruption,2026-07-19T13:25:00Z,-95,pre_match,stadium_egress_walk,stadium_egress,meadowlands_access,35,10.0,1.3,1365,1.0,synthetic,scenario,Synthetic scenario assumption for FinalFlow demonstration; not observed event operations.
rail_disruption,2026-07-19T13:30:00Z,-90,pre_match,midtown_penn_walk,midtown_access,penn_station_access,40,7.0,1.3,955,1.0,synthetic,scenario,Synthetic scenario assumption for FinalFlow demonstration; not observed event operations.
rail_disruption,2026-07-19T13:30:00Z,-90,pre_match,penn_concourse,penn_station_access,penn_station_access,40,9.0,1.3,1228,1.0,synthetic,scenario,Synthetic scenario assumption for FinalFlow demonstration; not observed event operations.
rail_disruption,2026-07-19T13:30:00Z,-90,pre_match,secaucus_transfer,secaucus_transfer,secaucus_transfer,40,8.0,1.3,1092,1.0,synthetic,scenario,Synthetic scenario assumption for FinalFlow demonstration; not observed event operations.
rail_disruption,2026-07-19T13:30:00Z,-90,pre_match,meadowlands_platform,meadowlands_access,meadowlands_access,40,6.0,1.3,819,1.0,synthetic,scenario,Synthetic scenario assumption for FinalFlow demonstration; not observed event operations.
rail_disruption,2026-07-19T13:30:00Z,-90,pre_match,meadowlands_stadium_walk,meadowlands_access,stadium_egress,40,8.0,1.3,1092,1.0,synthetic,scenario,Synthetic scenario assumption for FinalFlow demonstration; not observed event operations.
rail_disruption,2026-07-19T13:30:00Z,-90,pre_match,stadium_egress_walk,stadium_egress,meadowlands_access,40,10.0,1.3,1365,1.0,synthetic,scenario,Synthetic scenario assumption for FinalFlow demonstration; not observed event operations.
rail_disruption,2026-07-19T13:35:00Z,-85,pre_match,midtown_penn_walk,midtown_access,penn_station_access,45,7.0,1.3,955,1.0,synthetic,scenario,Synthetic scenario assumption for FinalFlow demonstration; not observed event operations.
rail_disruption,2026-07-19T13:35:00Z,-85,pre_match,penn_concourse,penn_station_access,penn_station_access,45,9.0,1.3,1228,1.0,synthetic,scenario,Synthetic scenario assumption for FinalFlow demonstration; not observed event operations.
rail_disruption,2026-07-19T13:35:00Z,-85,pre_match,secaucus_transfer,secaucus_transfer,secaucus_transfer,45,8.0,1.3,1092,1.0,synthetic,scenario,Synthetic scenario assumption for FinalFlow demonstration; not observed event operations.
rail_disruption,2026-07-19T13:35:00Z,-85,pre_match,meadowlands_platform,meadowlands_access,meadowlands_access,45,6.0,1.3,819,1.0,synthetic,scenario,Synthetic scenario assumption for FinalFlow demonstration; not observed event operations.
rail_disruption,2026-07-19T13:35:00Z,-85,pre_match,meadowlands_stadium_walk,meadowlands_access,stadium_egress,45,8.0,1.3,1092,1.0,synthetic,scenario,Synthetic scenario assumption for FinalFlow demonstration; not observed event operations.
rail_disruption,2026-07-19T13:35:00Z,-85,pre_match,stadium_egress_walk,stadium_egress,meadowlands_access,45,10.0,1.3,1365,1.0,synthetic,scenario,Synthetic scenario assumption for FinalFlow demonstration; not observed event operations.
rail_disruption,2026-07-19T13:40:00Z,-80,pre_match,midtown_penn_walk,midtown_access,penn_station_access,49,7.0,1.3,955,1.0,synthetic,scenario,Synthetic scenario assumption for FinalFlow demonstration; not observed event operations.
rail_disruption,2026-07-19T13:40:00Z,-80,pre_match,penn_concourse,penn_station_access,penn_station_access,49,9.0,1.3,1228,1.0,synthetic,scenario,Synthetic scenario assumption for FinalFlow demonstration; not observed event operations.
rail_disruption,2026-07-19T13:40:00Z,-80,pre_match,secaucus_transfer,secaucus_transfer,secaucus_transfer,49,8.0,1.3,1092,1.0,synthetic,scenario,Synthetic scenario assumption for FinalFlow demonstration; not observed event operations.
rail_disruption,2026-07-19T13:40:00Z,-80,pre_match,meadowlands_platform,meadowlands_access,meadowlands_access,49,6.0,1.3,819,1.0,synthetic,scenario,Synthetic scenario assumption for FinalFlow demonstration; not observed event operations.
rail_disruption,2026-07-19T13:40:00Z,-80,pre_match,meadowlands_stadium_walk,meadowlands_access,stadium_egress,49,8.0,1.3,1092,1.0,synthetic,scenario,Synthetic scenario assumption for FinalFlow demonstration; not observed event operations.
rail_disruption,2026-07-19T13:40:00Z,-80,pre_match,stadium_egress_walk,stadium_egress,meadowlands_access,49,10.0,1.3,1365,1.0,synthetic,scenario,Synthetic scenario assumption for FinalFlow demonstration; not observed event operations.
rail_disruption,2026-07-19T13:45:00Z,-75,pre_match,midtown_penn_walk,midtown_access,penn_station_access,54,7.0,1.3,955,1.0,synthetic,scenario,Synthetic scenario assumption for FinalFlow demonstration; not observed event operations.
rail_disruption,2026-07-19T13:45:00Z,-75,pre_match,penn_concourse,penn_station_access,penn_station_access,54,9.0,1.3,1228,1.0,synthetic,scenario,Synthetic scenario assumption for FinalFlow demonstration; not observed event operations.
rail_disruption,2026-07-19T13:45:00Z,-75,pre_match,secaucus_transfer,secaucus_transfer,secaucus_transfer,54,8.0,1.3,1092,1.0,synthetic,scenario,Synthetic scenario assumption for FinalFlow demonstration; not observed event operations.
rail_disruption,2026-07-19T13:45:00Z,-75,pre_match,meadowlands_platform,meadowlands_access,meadowlands_access,54,6.0,1.3,819,1.0,synthetic,scenario,Synthetic scenario assumption for FinalFlow demonstration; not observed event operations.
rail_disruption,2026-07-19T13:45:00Z,-75,pre_match,meadowlands_stadium_walk,meadowlands_access,stadium_egress,54,8.0,1.3,1092,1.0,synthetic,scenario,Synthetic scenario assumption for FinalFlow demonstration; not observed event operations.
rail_disruption,2026-07-19T13:45:00Z,-75,pre_match,stadium_egress_walk,stadium_egress,meadowlands_access,54,10.0,1.3,1365,1.0,synthetic,scenario,Synthetic scenario assumption for FinalFlow demonstration; not observed event operations.
rail_disruption,2026-07-19T13:50:00Z,-70,pre_match,midtown_penn_walk,midtown_access,penn_station_access,59,7.0,1.3,955,1.0,synthetic,scenario,Synthetic scenario assumption for FinalFlow demonstration; not observed event operations.
rail_disruption,2026-07-19T13:50:00Z,-70,pre_match,penn_concourse,penn_station_access,penn_station_access,59,9.0,1.3,1228,1.0,synthetic,scenario,Synthetic scenario assumption for FinalFlow demonstration; not observed event operations.
rail_disruption,2026-07-19T13:50:00Z,-70,pre_match,secaucus_transfer,secaucus_transfer,secaucus_transfer,59,8.0,1.3,1092,1.0,synthetic,scenario,Synthetic scenario assumption for FinalFlow demonstration; not observed event operations.
rail_disruption,2026-07-19T13:50:00Z,-70,pre_match,meadowlands_platform,meadowlands_access,meadowlands_access,59,6.0,1.3,819,1.0,synthetic,scenario,Synthetic scenario assumption for FinalFlow demonstration; not observed event operations.
rail_disruption,2026-07-19T13:50:00Z,-70,pre_match,meadowlands_stadium_walk,meadowlands_access,stadium_egress,59,8.0,1.3,1092,1.0,synthetic,scenario,Synthetic scenario assumption for FinalFlow demonstration; not observed event operations.
rail_disruption,2026-07-19T13:50:00Z,-70,pre_match,stadium_egress_walk,stadium_egress,meadowlands_access,59,10.0,1.3,1365,1.0,synthetic,scenario,Synthetic scenario assumption for FinalFlow demonstration; not observed event operations.
rail_disruption,2026-07-19T13:55:00Z,-65,pre_match,midtown_penn_walk,midtown_access,penn_station_access,63,7.0,1.3,955,1.0,synthetic,scenario,Synthetic scenario assumption for FinalFlow demonstration; not observed event operations.
rail_disruption,2026-07-19T13:55:00Z,-65,pre_match,penn_concourse,penn_station_access,penn_station_access,63,9.0,1.3,1228,1.0,synthetic,scenario,Synthetic scenario assumption for FinalFlow demonstration; not observed event operations.
rail_disruption,2026-07-19T13:55:00Z,-65,pre_match,secaucus_transfer,secaucus_transfer,secaucus_transfer,63,8.0,1.3,1092,1.0,synthetic,scenario,Synthetic scenario assumption for FinalFlow demonstration; not observed event operations.
rail_disruption,2026-07-19T13:55:00Z,-65,pre_match,meadowlands_platform,meadowlands_access,meadowlands_access,63,6.0,1.3,819,1.0,synthetic,scenario,Synthetic scenario assumption for FinalFlow demonstration; not observed event operations.
rail_disruption,2026-07-19T13:55:00Z,-65,pre_match,meadowlands_stadium_walk,meadowlands_access,stadium_egress,63,8.0,1.3,1092,1.0,synthetic,scenario,Synthetic scenario assumption for FinalFlow demonstration; not observed event operations.
rail_disruption,2026-07-19T13:55:00Z,-65,pre_match,stadium_egress_walk,stadium_egress,meadowlands_access,63,10.0,1.3,1365,1.0,synthetic,scenario,Synthetic scenario assumption for FinalFlow demonstration; not observed event operations.
rail_disruption,2026-07-19T14:00:00Z,-60,pre_match,midtown_penn_walk,midtown_access,penn_station_access,67,7.0,1.3,955,1.0,synthetic,scenario,Synthetic scenario assumption for FinalFlow demonstration; not observed event operations.
rail_disruption,2026-07-19T14:00:00Z,-60,pre_match,penn_concourse,penn_station_access,penn_station_access,67,9.0,1.3,1228,1.0,synthetic,scenario,Synthetic scenario assumption for FinalFlow demonstration; not observed event operations.
rail_disruption,2026-07-19T14:00:00Z,-60,pre_match,secaucus_transfer,secaucus_transfer,secaucus_transfer,67,8.0,1.3,1092,1.0,synthetic,scenario,Synthetic scenario assumption for FinalFlow demonstration; not observed event operations.
rail_disruption,2026-07-19T14:00:00Z,-60,pre_match,meadowlands_platform,meadowlands_access,meadowlands_access,67,6.0,1.3,819,1.0,synthetic,scenario,Synthetic scenario assumption for FinalFlow demonstration; not observed event operations.
rail_disruption,2026-07-19T14:00:00Z,-60,pre_match,meadowlands_stadium_walk,meadowlands_access,stadium_egress,67,8.0,1.3,1092,1.0,synthetic,scenario,Synthetic scenario assumption for FinalFlow demonstration; not observed event operations.
rail_disruption,2026-07-19T14:00:00Z,-60,pre_match,stadium_egress_walk,stadium_egress,meadowlands_access,67,10.0,1.3,1365,1.0,synthetic,scenario,Synthetic scenario assumption for FinalFlow demonstration; not observed event operations.
rail_disruption,2026-07-19T14:05:00Z,-55,pre_match,midtown_penn_walk,midtown_access,penn_station_access,73,7.0,1.3,955,1.0,synthetic,scenario,Synthetic scenario assumption for FinalFlow demonstration; not observed event operations.
rail_disruption,2026-07-19T14:05:00Z,-55,pre_match,penn_concourse,penn_station_access,penn_station_access,73,9.0,1.3,1228,1.0,synthetic,scenario,Synthetic scenario assumption for FinalFlow demonstration; not observed event operations.
rail_disruption,2026-07-19T14:05:00Z,-55,pre_match,secaucus_transfer,secaucus_transfer,secaucus_transfer,73,8.0,1.3,1092,1.0,synthetic,scenario,Synthetic scenario assumption for FinalFlow demonstration; not observed event operations.
rail_disruption,2026-07-19T14:05:00Z,-55,pre_match,meadowlands_platform,meadowlands_access,meadowlands_access,73,6.0,1.3,819,1.0,synthetic,scenario,Synthetic scenario assumption for FinalFlow demonstration; not observed event operations.
rail_disruption,2026-07-19T14:05:00Z,-55,pre_match,meadowlands_stadium_walk,meadowlands_access,stadium_egress,73,8.0,1.3,1092,1.0,synthetic,scenario,Synthetic scenario assumption for FinalFlow demonstration; not observed event operations.
rail_disruption,2026-07-19T14:05:00Z,-55,pre_match,stadium_egress_walk,stadium_egress,meadowlands_access,73,10.0,1.3,1365,1.0,synthetic,scenario,Synthetic scenario assumption for FinalFlow demonstration; not observed event operations.
rail_disruption,2026-07-19T14:10:00Z,-50,pre_match,midtown_penn_walk,midtown_access,penn_station_access,73,7.0,1.3,955,1.0,synthetic,scenario,Synthetic scenario assumption for FinalFlow demonstration; not observed event operations.
rail_disruption,2026-07-19T14:10:00Z,-50,pre_match,penn_concourse,penn_station_access,penn_station_access,73,9.0,1.3,1228,1.0,synthetic,scenario,Synthetic scenario assumption for FinalFlow demonstration; not observed event operations.
rail_disruption,2026-07-19T14:10:00Z,-50,pre_match,secaucus_transfer,secaucus_transfer,secaucus_transfer,73,8.0,1.3,1092,1.0,synthetic,scenario,Synthetic scenario assumption for FinalFlow demonstration; not observed event operations.
rail_disruption,2026-07-19T14:10:00Z,-50,pre_match,meadowlands_platform,meadowlands_access,meadowlands_access,73,6.0,1.3,819,1.0,synthetic,scenario,Synthetic scenario assumption for FinalFlow demonstration; not observed event operations.
rail_disruption,2026-07-19T14:10:00Z,-50,pre_match,meadowlands_stadium_walk,meadowlands_access,stadium_egress,73,8.0,1.3,1092,1.0,synthetic,scenario,Synthetic scenario assumption for FinalFlow demonstration; not observed event operations.
rail_disruption,2026-07-19T14:10:00Z,-50,pre_match,stadium_egress_walk,stadium_egress,meadowlands_access,73,10.0,1.3,1365,1.0,synthetic,scenario,Synthetic scenario assumption for FinalFlow demonstration; not observed event operations.
rail_disruption,2026-07-19T14:15:00Z,-45,pre_match,midtown_penn_walk,midtown_access,penn_station_access,67,7.0,1.3,955,1.0,synthetic,scenario,Synthetic scenario assumption for FinalFlow demonstration; not observed event operations.
rail_disruption,2026-07-19T14:15:00Z,-45,pre_match,penn_concourse,penn_station_access,penn_station_access,67,9.0,1.3,1228,1.0,synthetic,scenario,Synthetic scenario assumption for FinalFlow demonstration; not observed event operations.
rail_disruption,2026-07-19T14:15:00Z,-45,pre_match,secaucus_transfer,secaucus_transfer,secaucus_transfer,67,8.0,1.3,1092,1.0,synthetic,scenario,Synthetic scenario assumption for FinalFlow demonstration; not observed event operations.
rail_disruption,2026-07-19T14:15:00Z,-45,pre_match,meadowlands_platform,meadowlands_access,meadowlands_access,67,6.0,1.3,819,1.0,synthetic,scenario,Synthetic scenario assumption for FinalFlow demonstration; not observed event operations.
rail_disruption,2026-07-19T14:15:00Z,-45,pre_match,meadowlands_stadium_walk,meadowlands_access,stadium_egress,67,8.0,1.3,1092,1.0,synthetic,scenario,Synthetic scenario assumption for FinalFlow demonstration; not observed event operations.
rail_disruption,2026-07-19T14:15:00Z,-45,pre_match,stadium_egress_walk,stadium_egress,meadowlands_access,67,10.0,1.3,1365,1.0,synthetic,scenario,Synthetic scenario assumption for FinalFlow demonstration; not observed event operations.
rail_disruption,2026-07-19T14:20:00Z,-40,pre_match,midtown_penn_walk,midtown_access,penn_station_access,63,7.0,1.3,955,1.0,synthetic,scenario,Synthetic scenario assumption for FinalFlow demonstration; not observed event operations.
rail_disruption,2026-07-19T14:20:00Z,-40,pre_match,penn_concourse,penn_station_access,penn_station_access,63,9.0,1.3,1228,1.0,synthetic,scenario,Synthetic scenario assumption for FinalFlow demonstration; not observed event operations.
rail_disruption,2026-07-19T14:20:00Z,-40,pre_match,secaucus_transfer,secaucus_transfer,secaucus_transfer,63,8.0,1.3,1092,1.0,synthetic,scenario,Synthetic scenario assumption for FinalFlow demonstration; not observed event operations.
rail_disruption,2026-07-19T14:20:00Z,-40,pre_match,meadowlands_platform,meadowlands_access,meadowlands_access,63,6.0,1.3,819,1.0,synthetic,scenario,Synthetic scenario assumption for FinalFlow demonstration; not observed event operations.
rail_disruption,2026-07-19T14:20:00Z,-40,pre_match,meadowlands_stadium_walk,meadowlands_access,stadium_egress,63,8.0,1.3,1092,1.0,synthetic,scenario,Synthetic scenario assumption for FinalFlow demonstration; not observed event operations.
rail_disruption,2026-07-19T14:20:00Z,-40,pre_match,stadium_egress_walk,stadium_egress,meadowlands_access,63,10.0,1.3,1365,1.0,synthetic,scenario,Synthetic scenario assumption for FinalFlow demonstration; not observed event operations.
rail_disruption,2026-07-19T14:25:00Z,-35,pre_match,midtown_penn_walk,midtown_access,penn_station_access,54,7.0,1.3,955,1.0,synthetic,scenario,Synthetic scenario assumption for FinalFlow demonstration; not observed event operations.
rail_disruption,2026-07-19T14:25:00Z,-35,pre_match,penn_concourse,penn_station_access,penn_station_access,54,9.0,1.3,1228,1.0,synthetic,scenario,Synthetic scenario assumption for FinalFlow demonstration; not observed event operations.
rail_disruption,2026-07-19T14:25:00Z,-35,pre_match,secaucus_transfer,secaucus_transfer,secaucus_transfer,54,8.0,1.3,1092,1.0,synthetic,scenario,Synthetic scenario assumption for FinalFlow demonstration; not observed event operations.
rail_disruption,2026-07-19T14:25:00Z,-35,pre_match,meadowlands_platform,meadowlands_access,meadowlands_access,54,6.0,1.3,819,1.0,synthetic,scenario,Synthetic scenario assumption for FinalFlow demonstration; not observed event operations.
rail_disruption,2026-07-19T14:25:00Z,-35,pre_match,meadowlands_stadium_walk,meadowlands_access,stadium_egress,54,8.0,1.3,1092,1.0,synthetic,scenario,Synthetic scenario assumption for FinalFlow demonstration; not observed event operations.
rail_disruption,2026-07-19T14:25:00Z,-35,pre_match,stadium_egress_walk,stadium_egress,meadowlands_access,54,10.0,1.3,1365,1.0,synthetic,scenario,Synthetic scenario assumption for FinalFlow demonstration; not observed event operations.
rail_disruption,2026-07-19T14:30:00Z,-30,ceremony,midtown_penn_walk,midtown_access,penn_station_access,0,7.0,1.3,955,1.0,synthetic,scenario,Synthetic scenario assumption for FinalFlow demonstration; not observed event operations.
rail_disruption,2026-07-19T14:30:00Z,-30,ceremony,penn_concourse,penn_station_access,penn_station_access,0,9.0,1.3,1228,1.0,synthetic,scenario,Synthetic scenario assumption for FinalFlow demonstration; not observed event operations.
rail_disruption,2026-07-19T14:30:00Z,-30,ceremony,secaucus_transfer,secaucus_transfer,secaucus_transfer,0,8.0,1.3,1092,1.0,synthetic,scenario,Synthetic scenario assumption for FinalFlow demonstration; not observed event operations.
rail_disruption,2026-07-19T14:30:00Z,-30,ceremony,meadowlands_platform,meadowlands_access,meadowlands_access,0,6.0,1.3,819,1.0,synthetic,scenario,Synthetic scenario assumption for FinalFlow demonstration; not observed event operations.
rail_disruption,2026-07-19T14:30:00Z,-30,ceremony,meadowlands_stadium_walk,meadowlands_access,stadium_egress,0,8.0,1.3,1092,1.0,synthetic,scenario,Synthetic scenario assumption for FinalFlow demonstration; not observed event operations.
rail_disruption,2026-07-19T14:30:00Z,-30,ceremony,stadium_egress_walk,stadium_egress,meadowlands_access,0,10.0,1.3,1365,1.0,synthetic,scenario,Synthetic scenario assumption for FinalFlow demonstration; not observed event operations.
rail_disruption,2026-07-19T14:35:00Z,-25,ceremony,midtown_penn_walk,midtown_access,penn_station_access,0,7.0,1.3,955,1.0,synthetic,scenario,Synthetic scenario assumption for FinalFlow demonstration; not observed event operations.
rail_disruption,2026-07-19T14:35:00Z,-25,ceremony,penn_concourse,penn_station_access,penn_station_access,0,9.0,1.3,1228,1.0,synthetic,scenario,Synthetic scenario assumption for FinalFlow demonstration; not observed event operations.
rail_disruption,2026-07-19T14:35:00Z,-25,ceremony,secaucus_transfer,secaucus_transfer,secaucus_transfer,0,8.0,1.3,1092,1.0,synthetic,scenario,Synthetic scenario assumption for FinalFlow demonstration; not observed event operations.
rail_disruption,2026-07-19T14:35:00Z,-25,ceremony,meadowlands_platform,meadowlands_access,meadowlands_access,0,6.0,1.3,819,1.0,synthetic,scenario,Synthetic scenario assumption for FinalFlow demonstration; not observed event operations.
rail_disruption,2026-07-19T14:35:00Z,-25,ceremony,meadowlands_stadium_walk,meadowlands_access,stadium_egress,0,8.0,1.3,1092,1.0,synthetic,scenario,Synthetic scenario assumption for FinalFlow demonstration; not observed event operations.
rail_disruption,2026-07-19T14:35:00Z,-25,ceremony,stadium_egress_walk,stadium_egress,meadowlands_access,0,10.0,1.3,1365,1.0,synthetic,scenario,Synthetic scenario assumption for FinalFlow demonstration; not observed event operations.
rail_disruption,2026-07-19T14:40:00Z,-20,ceremony,midtown_penn_walk,midtown_access,penn_station_access,0,7.0,1.3,955,1.0,synthetic,scenario,Synthetic scenario assumption for FinalFlow demonstration; not observed event operations.
rail_disruption,2026-07-19T14:40:00Z,-20,ceremony,penn_concourse,penn_station_access,penn_station_access,0,9.0,1.3,1228,1.0,synthetic,scenario,Synthetic scenario assumption for FinalFlow demonstration; not observed event operations.
rail_disruption,2026-07-19T14:40:00Z,-20,ceremony,secaucus_transfer,secaucus_transfer,secaucus_transfer,0,8.0,1.3,1092,1.0,synthetic,scenario,Synthetic scenario assumption for FinalFlow demonstration; not observed event operations.
rail_disruption,2026-07-19T14:40:00Z,-20,ceremony,meadowlands_platform,meadowlands_access,meadowlands_access,0,6.0,1.3,819,1.0,synthetic,scenario,Synthetic scenario assumption for FinalFlow demonstration; not observed event operations.
rail_disruption,2026-07-19T14:40:00Z,-20,ceremony,meadowlands_stadium_walk,meadowlands_access,stadium_egress,0,8.0,1.3,1092,1.0,synthetic,scenario,Synthetic scenario assumption for FinalFlow demonstration; not observed event operations.
rail_disruption,2026-07-19T14:40:00Z,-20,ceremony,stadium_egress_walk,stadium_egress,meadowlands_access,0,10.0,1.3,1365,1.0,synthetic,scenario,Synthetic scenario assumption for FinalFlow demonstration; not observed event operations.
rail_disruption,2026-07-19T14:45:00Z,-15,ceremony,midtown_penn_walk,midtown_access,penn_station_access,0,7.0,1.3,955,1.0,synthetic,scenario,Synthetic scenario assumption for FinalFlow demonstration; not observed event operations.
rail_disruption,2026-07-19T14:45:00Z,-15,ceremony,penn_concourse,penn_station_access,penn_station_access,0,9.0,1.3,1228,1.0,synthetic,scenario,Synthetic scenario assumption for FinalFlow demonstration; not observed event operations.
rail_disruption,2026-07-19T14:45:00Z,-15,ceremony,secaucus_transfer,secaucus_transfer,secaucus_transfer,0,8.0,1.3,1092,1.0,synthetic,scenario,Synthetic scenario assumption for FinalFlow demonstration; not observed event operations.
rail_disruption,2026-07-19T14:45:00Z,-15,ceremony,meadowlands_platform,meadowlands_access,meadowlands_access,0,6.0,1.3,819,1.0,synthetic,scenario,Synthetic scenario assumption for FinalFlow demonstration; not observed event operations.
rail_disruption,2026-07-19T14:45:00Z,-15,ceremony,meadowlands_stadium_walk,meadowlands_access,stadium_egress,0,8.0,1.3,1092,1.0,synthetic,scenario,Synthetic scenario assumption for FinalFlow demonstration; not observed event operations.
rail_disruption,2026-07-19T14:45:00Z,-15,ceremony,stadium_egress_walk,stadium_egress,meadowlands_access,0,10.0,1.3,1365,1.0,synthetic,scenario,Synthetic scenario assumption for FinalFlow demonstration; not observed event operations.
rail_disruption,2026-07-19T14:50:00Z,-10,ceremony,midtown_penn_walk,midtown_access,penn_station_access,0,7.0,1.3,955,1.0,synthetic,scenario,Synthetic scenario assumption for FinalFlow demonstration; not observed event operations.
rail_disruption,2026-07-19T14:50:00Z,-10,ceremony,penn_concourse,penn_station_access,penn_station_access,0,9.0,1.3,1228,1.0,synthetic,scenario,Synthetic scenario assumption for FinalFlow demonstration; not observed event operations.
rail_disruption,2026-07-19T14:50:00Z,-10,ceremony,secaucus_transfer,secaucus_transfer,secaucus_transfer,0,8.0,1.3,1092,1.0,synthetic,scenario,Synthetic scenario assumption for FinalFlow demonstration; not observed event operations.
rail_disruption,2026-07-19T14:50:00Z,-10,ceremony,meadowlands_platform,meadowlands_access,meadowlands_access,0,6.0,1.3,819,1.0,synthetic,scenario,Synthetic scenario assumption for FinalFlow demonstration; not observed event operations.
rail_disruption,2026-07-19T14:50:00Z,-10,ceremony,meadowlands_stadium_walk,meadowlands_access,stadium_egress,0,8.0,1.3,1092,1.0,synthetic,scenario,Synthetic scenario assumption for FinalFlow demonstration; not observed event operations.
rail_disruption,2026-07-19T14:50:00Z,-10,ceremony,stadium_egress_walk,stadium_egress,meadowlands_access,0,10.0,1.3,1365,1.0,synthetic,scenario,Synthetic scenario assumption for FinalFlow demonstration; not observed event operations.
rail_disruption,2026-07-19T14:55:00Z,-5,ceremony,midtown_penn_walk,midtown_access,penn_station_access,0,7.0,1.3,955,1.0,synthetic,scenario,Synthetic scenario assumption for FinalFlow demonstration; not observed event operations.
rail_disruption,2026-07-19T14:55:00Z,-5,ceremony,penn_concourse,penn_station_access,penn_station_access,0,9.0,1.3,1228,1.0,synthetic,scenario,Synthetic scenario assumption for FinalFlow demonstration; not observed event operations.
rail_disruption,2026-07-19T14:55:00Z,-5,ceremony,secaucus_transfer,secaucus_transfer,secaucus_transfer,0,8.0,1.3,1092,1.0,synthetic,scenario,Synthetic scenario assumption for FinalFlow demonstration; not observed event operations.
rail_disruption,2026-07-19T14:55:00Z,-5,ceremony,meadowlands_platform,meadowlands_access,meadowlands_access,0,6.0,1.3,819,1.0,synthetic,scenario,Synthetic scenario assumption for FinalFlow demonstration; not observed event operations.
rail_disruption,2026-07-19T14:55:00Z,-5,ceremony,meadowlands_stadium_walk,meadowlands_access,stadium_egress,0,8.0,1.3,1092,1.0,synthetic,scenario,Synthetic scenario assumption for FinalFlow demonstration; not observed event operations.
rail_disruption,2026-07-19T14:55:00Z,-5,ceremony,stadium_egress_walk,stadium_egress,meadowlands_access,0,10.0,1.3,1365,1.0,synthetic,scenario,Synthetic scenario assumption for FinalFlow demonstration; not observed event operations.
rail_disruption,2026-07-19T15:00:00Z,0,kickoff,midtown_penn_walk,midtown_access,penn_station_access,0,7.0,1.3,955,1.0,synthetic,scenario,Synthetic scenario assumption for FinalFlow demonstration; not observed event operations.
rail_disruption,2026-07-19T15:00:00Z,0,kickoff,penn_concourse,penn_station_access,penn_station_access,0,9.0,1.3,1228,1.0,synthetic,scenario,Synthetic scenario assumption for FinalFlow demonstration; not observed event operations.
rail_disruption,2026-07-19T15:00:00Z,0,kickoff,secaucus_transfer,secaucus_transfer,secaucus_transfer,0,8.0,1.3,1092,1.0,synthetic,scenario,Synthetic scenario assumption for FinalFlow demonstration; not observed event operations.
rail_disruption,2026-07-19T15:00:00Z,0,kickoff,meadowlands_platform,meadowlands_access,meadowlands_access,0,6.0,1.3,819,1.0,synthetic,scenario,Synthetic scenario assumption for FinalFlow demonstration; not observed event operations.
rail_disruption,2026-07-19T15:00:00Z,0,kickoff,meadowlands_stadium_walk,meadowlands_access,stadium_egress,0,8.0,1.3,1092,1.0,synthetic,scenario,Synthetic scenario assumption for FinalFlow demonstration; not observed event operations.
rail_disruption,2026-07-19T15:00:00Z,0,kickoff,stadium_egress_walk,stadium_egress,meadowlands_access,0,10.0,1.3,1365,1.0,synthetic,scenario,Synthetic scenario assumption for FinalFlow demonstration; not observed event operations.
rail_disruption,2026-07-19T15:05:00Z,5,first_half,midtown_penn_walk,midtown_access,penn_station_access,0,7.0,1.3,955,1.0,synthetic,scenario,Synthetic scenario assumption for FinalFlow demonstration; not observed event operations.
rail_disruption,2026-07-19T15:05:00Z,5,first_half,penn_concourse,penn_station_access,penn_station_access,0,9.0,1.3,1228,1.0,synthetic,scenario,Synthetic scenario assumption for FinalFlow demonstration; not observed event operations.
rail_disruption,2026-07-19T15:05:00Z,5,first_half,secaucus_transfer,secaucus_transfer,secaucus_transfer,0,8.0,1.3,1092,1.0,synthetic,scenario,Synthetic scenario assumption for FinalFlow demonstration; not observed event operations.
rail_disruption,2026-07-19T15:05:00Z,5,first_half,meadowlands_platform,meadowlands_access,meadowlands_access,0,6.0,1.3,819,1.0,synthetic,scenario,Synthetic scenario assumption for FinalFlow demonstration; not observed event operations.
rail_disruption,2026-07-19T15:05:00Z,5,first_half,meadowlands_stadium_walk,meadowlands_access,stadium_egress,0,8.0,1.3,1092,1.0,synthetic,scenario,Synthetic scenario assumption for FinalFlow demonstration; not observed event operations.
rail_disruption,2026-07-19T15:05:00Z,5,first_half,stadium_egress_walk,stadium_egress,meadowlands_access,0,10.0,1.3,1365,1.0,synthetic,scenario,Synthetic scenario assumption for FinalFlow demonstration; not observed event operations.
rail_disruption,2026-07-19T15:10:00Z,10,first_half,midtown_penn_walk,midtown_access,penn_station_access,0,7.0,1.3,955,1.0,synthetic,scenario,Synthetic scenario assumption for FinalFlow demonstration; not observed event operations.
rail_disruption,2026-07-19T15:10:00Z,10,first_half,penn_concourse,penn_station_access,penn_station_access,0,9.0,1.3,1228,1.0,synthetic,scenario,Synthetic scenario assumption for FinalFlow demonstration; not observed event operations.
rail_disruption,2026-07-19T15:10:00Z,10,first_half,secaucus_transfer,secaucus_transfer,secaucus_transfer,0,8.0,1.3,1092,1.0,synthetic,scenario,Synthetic scenario assumption for FinalFlow demonstration; not observed event operations.
rail_disruption,2026-07-19T15:10:00Z,10,first_half,meadowlands_platform,meadowlands_access,meadowlands_access,0,6.0,1.3,819,1.0,synthetic,scenario,Synthetic scenario assumption for FinalFlow demonstration; not observed event operations.
rail_disruption,2026-07-19T15:10:00Z,10,first_half,meadowlands_stadium_walk,meadowlands_access,stadium_egress,0,8.0,1.3,1092,1.0,synthetic,scenario,Synthetic scenario assumption for FinalFlow demonstration; not observed event operations.
rail_disruption,2026-07-19T15:10:00Z,10,first_half,stadium_egress_walk,stadium_egress,meadowlands_access,0,10.0,1.3,1365,1.0,synthetic,scenario,Synthetic scenario assumption for FinalFlow demonstration; not observed event operations.
rail_disruption,2026-07-19T15:15:00Z,15,first_half,midtown_penn_walk,midtown_access,penn_station_access,0,7.0,1.3,955,1.0,synthetic,scenario,Synthetic scenario assumption for FinalFlow demonstration; not observed event operations.
rail_disruption,2026-07-19T15:15:00Z,15,first_half,penn_concourse,penn_station_access,penn_station_access,0,9.0,1.3,1228,1.0,synthetic,scenario,Synthetic scenario assumption for FinalFlow demonstration; not observed event operations.
rail_disruption,2026-07-19T15:15:00Z,15,first_half,secaucus_transfer,secaucus_transfer,secaucus_transfer,0,8.0,1.3,1092,1.0,synthetic,scenario,Synthetic scenario assumption for FinalFlow demonstration; not observed event operations.
rail_disruption,2026-07-19T15:15:00Z,15,first_half,meadowlands_platform,meadowlands_access,meadowlands_access,0,6.0,1.3,819,1.0,synthetic,scenario,Synthetic scenario assumption for FinalFlow demonstration; not observed event operations.
rail_disruption,2026-07-19T15:15:00Z,15,first_half,meadowlands_stadium_walk,meadowlands_access,stadium_egress,0,8.0,1.3,1092,1.0,synthetic,scenario,Synthetic scenario assumption for FinalFlow demonstration; not observed event operations.
rail_disruption,2026-07-19T15:15:00Z,15,first_half,stadium_egress_walk,stadium_egress,meadowlands_access,0,10.0,1.3,1365,1.0,synthetic,scenario,Synthetic scenario assumption for FinalFlow demonstration; not observed event operations.
rail_disruption,2026-07-19T15:20:00Z,20,first_half,midtown_penn_walk,midtown_access,penn_station_access,0,7.0,1.3,955,1.0,synthetic,scenario,Synthetic scenario assumption for FinalFlow demonstration; not observed event operations.
rail_disruption,2026-07-19T15:20:00Z,20,first_half,penn_concourse,penn_station_access,penn_station_access,0,9.0,1.3,1228,1.0,synthetic,scenario,Synthetic scenario assumption for FinalFlow demonstration; not observed event operations.
rail_disruption,2026-07-19T15:20:00Z,20,first_half,secaucus_transfer,secaucus_transfer,secaucus_transfer,0,8.0,1.3,1092,1.0,synthetic,scenario,Synthetic scenario assumption for FinalFlow demonstration; not observed event operations.
rail_disruption,2026-07-19T15:20:00Z,20,first_half,meadowlands_platform,meadowlands_access,meadowlands_access,0,6.0,1.3,819,1.0,synthetic,scenario,Synthetic scenario assumption for FinalFlow demonstration; not observed event operations.
rail_disruption,2026-07-19T15:20:00Z,20,first_half,meadowlands_stadium_walk,meadowlands_access,stadium_egress,0,8.0,1.3,1092,1.0,synthetic,scenario,Synthetic scenario assumption for FinalFlow demonstration; not observed event operations.
rail_disruption,2026-07-19T15:20:00Z,20,first_half,stadium_egress_walk,stadium_egress,meadowlands_access,0,10.0,1.3,1365,1.0,synthetic,scenario,Synthetic scenario assumption for FinalFlow demonstration; not observed event operations.
rail_disruption,2026-07-19T15:25:00Z,25,first_half,midtown_penn_walk,midtown_access,penn_station_access,0,7.0,1.3,955,1.0,synthetic,scenario,Synthetic scenario assumption for FinalFlow demonstration; not observed event operations.
rail_disruption,2026-07-19T15:25:00Z,25,first_half,penn_concourse,penn_station_access,penn_station_access,0,9.0,1.3,1228,1.0,synthetic,scenario,Synthetic scenario assumption for FinalFlow demonstration; not observed event operations.
rail_disruption,2026-07-19T15:25:00Z,25,first_half,secaucus_transfer,secaucus_transfer,secaucus_transfer,0,8.0,1.3,1092,1.0,synthetic,scenario,Synthetic scenario assumption for FinalFlow demonstration; not observed event operations.
rail_disruption,2026-07-19T15:25:00Z,25,first_half,meadowlands_platform,meadowlands_access,meadowlands_access,0,6.0,1.3,819,1.0,synthetic,scenario,Synthetic scenario assumption for FinalFlow demonstration; not observed event operations.
rail_disruption,2026-07-19T15:25:00Z,25,first_half,meadowlands_stadium_walk,meadowlands_access,stadium_egress,0,8.0,1.3,1092,1.0,synthetic,scenario,Synthetic scenario assumption for FinalFlow demonstration; not observed event operations.
rail_disruption,2026-07-19T15:25:00Z,25,first_half,stadium_egress_walk,stadium_egress,meadowlands_access,0,10.0,1.3,1365,1.0,synthetic,scenario,Synthetic scenario assumption for FinalFlow demonstration; not observed event operations.
rail_disruption,2026-07-19T15:30:00Z,30,first_half,midtown_penn_walk,midtown_access,penn_station_access,0,7.0,1.3,955,1.0,synthetic,scenario,Synthetic scenario assumption for FinalFlow demonstration; not observed event operations.
rail_disruption,2026-07-19T15:30:00Z,30,first_half,penn_concourse,penn_station_access,penn_station_access,0,9.0,1.3,1228,1.0,synthetic,scenario,Synthetic scenario assumption for FinalFlow demonstration; not observed event operations.
rail_disruption,2026-07-19T15:30:00Z,30,first_half,secaucus_transfer,secaucus_transfer,secaucus_transfer,0,8.0,1.3,1092,1.0,synthetic,scenario,Synthetic scenario assumption for FinalFlow demonstration; not observed event operations.
rail_disruption,2026-07-19T15:30:00Z,30,first_half,meadowlands_platform,meadowlands_access,meadowlands_access,0,6.0,1.3,819,1.0,synthetic,scenario,Synthetic scenario assumption for FinalFlow demonstration; not observed event operations.
rail_disruption,2026-07-19T15:30:00Z,30,first_half,meadowlands_stadium_walk,meadowlands_access,stadium_egress,0,8.0,1.3,1092,1.0,synthetic,scenario,Synthetic scenario assumption for FinalFlow demonstration; not observed event operations.
rail_disruption,2026-07-19T15:30:00Z,30,first_half,stadium_egress_walk,stadium_egress,meadowlands_access,0,10.0,1.3,1365,1.0,synthetic,scenario,Synthetic scenario assumption for FinalFlow demonstration; not observed event operations.
rail_disruption,2026-07-19T15:35:00Z,35,first_half,midtown_penn_walk,midtown_access,penn_station_access,0,7.0,1.3,955,1.0,synthetic,scenario,Synthetic scenario assumption for FinalFlow demonstration; not observed event operations.
rail_disruption,2026-07-19T15:35:00Z,35,first_half,penn_concourse,penn_station_access,penn_station_access,0,9.0,1.3,1228,1.0,synthetic,scenario,Synthetic scenario assumption for FinalFlow demonstration; not observed event operations.
rail_disruption,2026-07-19T15:35:00Z,35,first_half,secaucus_transfer,secaucus_transfer,secaucus_transfer,0,8.0,1.3,1092,1.0,synthetic,scenario,Synthetic scenario assumption for FinalFlow demonstration; not observed event operations.
rail_disruption,2026-07-19T15:35:00Z,35,first_half,meadowlands_platform,meadowlands_access,meadowlands_access,0,6.0,1.3,819,1.0,synthetic,scenario,Synthetic scenario assumption for FinalFlow demonstration; not observed event operations.
rail_disruption,2026-07-19T15:35:00Z,35,first_half,meadowlands_stadium_walk,meadowlands_access,stadium_egress,0,8.0,1.3,1092,1.0,synthetic,scenario,Synthetic scenario assumption for FinalFlow demonstration; not observed event operations.
rail_disruption,2026-07-19T15:35:00Z,35,first_half,stadium_egress_walk,stadium_egress,meadowlands_access,0,10.0,1.3,1365,1.0,synthetic,scenario,Synthetic scenario assumption for FinalFlow demonstration; not observed event operations.
rail_disruption,2026-07-19T15:40:00Z,40,first_half,midtown_penn_walk,midtown_access,penn_station_access,0,7.0,1.3,955,1.0,synthetic,scenario,Synthetic scenario assumption for FinalFlow demonstration; not observed event operations.
rail_disruption,2026-07-19T15:40:00Z,40,first_half,penn_concourse,penn_station_access,penn_station_access,0,9.0,1.3,1228,1.0,synthetic,scenario,Synthetic scenario assumption for FinalFlow demonstration; not observed event operations.
rail_disruption,2026-07-19T15:40:00Z,40,first_half,secaucus_transfer,secaucus_transfer,secaucus_transfer,0,8.0,1.3,1092,1.0,synthetic,scenario,Synthetic scenario assumption for FinalFlow demonstration; not observed event operations.
rail_disruption,2026-07-19T15:40:00Z,40,first_half,meadowlands_platform,meadowlands_access,meadowlands_access,0,6.0,1.3,819,1.0,synthetic,scenario,Synthetic scenario assumption for FinalFlow demonstration; not observed event operations.
rail_disruption,2026-07-19T15:40:00Z,40,first_half,meadowlands_stadium_walk,meadowlands_access,stadium_egress,0,8.0,1.3,1092,1.0,synthetic,scenario,Synthetic scenario assumption for FinalFlow demonstration; not observed event operations.
rail_disruption,2026-07-19T15:40:00Z,40,first_half,stadium_egress_walk,stadium_egress,meadowlands_access,0,10.0,1.3,1365,1.0,synthetic,scenario,Synthetic scenario assumption for FinalFlow demonstration; not observed event operations.
rail_disruption,2026-07-19T15:45:00Z,45,first_half_end,midtown_penn_walk,midtown_access,penn_station_access,0,7.0,1.3,955,1.0,synthetic,scenario,Synthetic scenario assumption for FinalFlow demonstration; not observed event operations.
rail_disruption,2026-07-19T15:45:00Z,45,first_half_end,penn_concourse,penn_station_access,penn_station_access,0,9.0,1.3,1228,1.0,synthetic,scenario,Synthetic scenario assumption for FinalFlow demonstration; not observed event operations.
rail_disruption,2026-07-19T15:45:00Z,45,first_half_end,secaucus_transfer,secaucus_transfer,secaucus_transfer,0,8.0,1.3,1092,1.0,synthetic,scenario,Synthetic scenario assumption for FinalFlow demonstration; not observed event operations.
rail_disruption,2026-07-19T15:45:00Z,45,first_half_end,meadowlands_platform,meadowlands_access,meadowlands_access,0,6.0,1.3,819,1.0,synthetic,scenario,Synthetic scenario assumption for FinalFlow demonstration; not observed event operations.
rail_disruption,2026-07-19T15:45:00Z,45,first_half_end,meadowlands_stadium_walk,meadowlands_access,stadium_egress,0,8.0,1.3,1092,1.0,synthetic,scenario,Synthetic scenario assumption for FinalFlow demonstration; not observed event operations.
rail_disruption,2026-07-19T15:45:00Z,45,first_half_end,stadium_egress_walk,stadium_egress,meadowlands_access,0,10.0,1.3,1365,1.0,synthetic,scenario,Synthetic scenario assumption for FinalFlow demonstration; not observed event operations.
rail_disruption,2026-07-19T15:50:00Z,50,halftime,midtown_penn_walk,midtown_access,penn_station_access,0,7.0,1.3,955,1.0,synthetic,scenario,Synthetic scenario assumption for FinalFlow demonstration; not observed event operations.
rail_disruption,2026-07-19T15:50:00Z,50,halftime,penn_concourse,penn_station_access,penn_station_access,0,9.0,1.3,1228,1.0,synthetic,scenario,Synthetic scenario assumption for FinalFlow demonstration; not observed event operations.
rail_disruption,2026-07-19T15:50:00Z,50,halftime,secaucus_transfer,secaucus_transfer,secaucus_transfer,0,8.0,1.3,1092,1.0,synthetic,scenario,Synthetic scenario assumption for FinalFlow demonstration; not observed event operations.
rail_disruption,2026-07-19T15:50:00Z,50,halftime,meadowlands_platform,meadowlands_access,meadowlands_access,0,6.0,1.3,819,1.0,synthetic,scenario,Synthetic scenario assumption for FinalFlow demonstration; not observed event operations.
rail_disruption,2026-07-19T15:50:00Z,50,halftime,meadowlands_stadium_walk,meadowlands_access,stadium_egress,0,8.0,1.3,1092,1.0,synthetic,scenario,Synthetic scenario assumption for FinalFlow demonstration; not observed event operations.
rail_disruption,2026-07-19T15:50:00Z,50,halftime,stadium_egress_walk,stadium_egress,meadowlands_access,0,10.0,1.3,1365,1.0,synthetic,scenario,Synthetic scenario assumption for FinalFlow demonstration; not observed event operations.
rail_disruption,2026-07-19T15:55:00Z,55,halftime,midtown_penn_walk,midtown_access,penn_station_access,0,7.0,1.3,955,1.0,synthetic,scenario,Synthetic scenario assumption for FinalFlow demonstration; not observed event operations.
rail_disruption,2026-07-19T15:55:00Z,55,halftime,penn_concourse,penn_station_access,penn_station_access,0,9.0,1.3,1228,1.0,synthetic,scenario,Synthetic scenario assumption for FinalFlow demonstration; not observed event operations.
rail_disruption,2026-07-19T15:55:00Z,55,halftime,secaucus_transfer,secaucus_transfer,secaucus_transfer,0,8.0,1.3,1092,1.0,synthetic,scenario,Synthetic scenario assumption for FinalFlow demonstration; not observed event operations.
rail_disruption,2026-07-19T15:55:00Z,55,halftime,meadowlands_platform,meadowlands_access,meadowlands_access,0,6.0,1.3,819,1.0,synthetic,scenario,Synthetic scenario assumption for FinalFlow demonstration; not observed event operations.
rail_disruption,2026-07-19T15:55:00Z,55,halftime,meadowlands_stadium_walk,meadowlands_access,stadium_egress,0,8.0,1.3,1092,1.0,synthetic,scenario,Synthetic scenario assumption for FinalFlow demonstration; not observed event operations.
rail_disruption,2026-07-19T15:55:00Z,55,halftime,stadium_egress_walk,stadium_egress,meadowlands_access,0,10.0,1.3,1365,1.0,synthetic,scenario,Synthetic scenario assumption for FinalFlow demonstration; not observed event operations.
rail_disruption,2026-07-19T16:00:00Z,60,second_half,midtown_penn_walk,midtown_access,penn_station_access,0,7.0,1.3,955,1.0,synthetic,scenario,Synthetic scenario assumption for FinalFlow demonstration; not observed event operations.
rail_disruption,2026-07-19T16:00:00Z,60,second_half,penn_concourse,penn_station_access,penn_station_access,0,9.0,1.3,1228,1.0,synthetic,scenario,Synthetic scenario assumption for FinalFlow demonstration; not observed event operations.
rail_disruption,2026-07-19T16:00:00Z,60,second_half,secaucus_transfer,secaucus_transfer,secaucus_transfer,0,8.0,1.3,1092,1.0,synthetic,scenario,Synthetic scenario assumption for FinalFlow demonstration; not observed event operations.
rail_disruption,2026-07-19T16:00:00Z,60,second_half,meadowlands_platform,meadowlands_access,meadowlands_access,0,6.0,1.3,819,1.0,synthetic,scenario,Synthetic scenario assumption for FinalFlow demonstration; not observed event operations.
rail_disruption,2026-07-19T16:00:00Z,60,second_half,meadowlands_stadium_walk,meadowlands_access,stadium_egress,0,8.0,1.3,1092,1.0,synthetic,scenario,Synthetic scenario assumption for FinalFlow demonstration; not observed event operations.
rail_disruption,2026-07-19T16:00:00Z,60,second_half,stadium_egress_walk,stadium_egress,meadowlands_access,0,10.0,1.3,1365,1.0,synthetic,scenario,Synthetic scenario assumption for FinalFlow demonstration; not observed event operations.
rail_disruption,2026-07-19T16:05:00Z,65,second_half,midtown_penn_walk,midtown_access,penn_station_access,0,7.0,1.3,955,1.0,synthetic,scenario,Synthetic scenario assumption for FinalFlow demonstration; not observed event operations.
rail_disruption,2026-07-19T16:05:00Z,65,second_half,penn_concourse,penn_station_access,penn_station_access,0,9.0,1.3,1228,1.0,synthetic,scenario,Synthetic scenario assumption for FinalFlow demonstration; not observed event operations.
rail_disruption,2026-07-19T16:05:00Z,65,second_half,secaucus_transfer,secaucus_transfer,secaucus_transfer,0,8.0,1.3,1092,1.0,synthetic,scenario,Synthetic scenario assumption for FinalFlow demonstration; not observed event operations.
rail_disruption,2026-07-19T16:05:00Z,65,second_half,meadowlands_platform,meadowlands_access,meadowlands_access,0,6.0,1.3,819,1.0,synthetic,scenario,Synthetic scenario assumption for FinalFlow demonstration; not observed event operations.
rail_disruption,2026-07-19T16:05:00Z,65,second_half,meadowlands_stadium_walk,meadowlands_access,stadium_egress,0,8.0,1.3,1092,1.0,synthetic,scenario,Synthetic scenario assumption for FinalFlow demonstration; not observed event operations.
rail_disruption,2026-07-19T16:05:00Z,65,second_half,stadium_egress_walk,stadium_egress,meadowlands_access,0,10.0,1.3,1365,1.0,synthetic,scenario,Synthetic scenario assumption for FinalFlow demonstration; not observed event operations.
rail_disruption,2026-07-19T16:10:00Z,70,second_half,midtown_penn_walk,midtown_access,penn_station_access,0,7.0,1.3,955,1.0,synthetic,scenario,Synthetic scenario assumption for FinalFlow demonstration; not observed event operations.
rail_disruption,2026-07-19T16:10:00Z,70,second_half,penn_concourse,penn_station_access,penn_station_access,0,9.0,1.3,1228,1.0,synthetic,scenario,Synthetic scenario assumption for FinalFlow demonstration; not observed event operations.
rail_disruption,2026-07-19T16:10:00Z,70,second_half,secaucus_transfer,secaucus_transfer,secaucus_transfer,0,8.0,1.3,1092,1.0,synthetic,scenario,Synthetic scenario assumption for FinalFlow demonstration; not observed event operations.
rail_disruption,2026-07-19T16:10:00Z,70,second_half,meadowlands_platform,meadowlands_access,meadowlands_access,0,6.0,1.3,819,1.0,synthetic,scenario,Synthetic scenario assumption for FinalFlow demonstration; not observed event operations.
rail_disruption,2026-07-19T16:10:00Z,70,second_half,meadowlands_stadium_walk,meadowlands_access,stadium_egress,0,8.0,1.3,1092,1.0,synthetic,scenario,Synthetic scenario assumption for FinalFlow demonstration; not observed event operations.
rail_disruption,2026-07-19T16:10:00Z,70,second_half,stadium_egress_walk,stadium_egress,meadowlands_access,0,10.0,1.3,1365,1.0,synthetic,scenario,Synthetic scenario assumption for FinalFlow demonstration; not observed event operations.
rail_disruption,2026-07-19T16:15:00Z,75,second_half,midtown_penn_walk,midtown_access,penn_station_access,0,7.0,1.3,955,1.0,synthetic,scenario,Synthetic scenario assumption for FinalFlow demonstration; not observed event operations.
rail_disruption,2026-07-19T16:15:00Z,75,second_half,penn_concourse,penn_station_access,penn_station_access,0,9.0,1.3,1228,1.0,synthetic,scenario,Synthetic scenario assumption for FinalFlow demonstration; not observed event operations.
rail_disruption,2026-07-19T16:15:00Z,75,second_half,secaucus_transfer,secaucus_transfer,secaucus_transfer,0,8.0,1.3,1092,1.0,synthetic,scenario,Synthetic scenario assumption for FinalFlow demonstration; not observed event operations.
rail_disruption,2026-07-19T16:15:00Z,75,second_half,meadowlands_platform,meadowlands_access,meadowlands_access,0,6.0,1.3,819,1.0,synthetic,scenario,Synthetic scenario assumption for FinalFlow demonstration; not observed event operations.
rail_disruption,2026-07-19T16:15:00Z,75,second_half,meadowlands_stadium_walk,meadowlands_access,stadium_egress,0,8.0,1.3,1092,1.0,synthetic,scenario,Synthetic scenario assumption for FinalFlow demonstration; not observed event operations.
rail_disruption,2026-07-19T16:15:00Z,75,second_half,stadium_egress_walk,stadium_egress,meadowlands_access,0,10.0,1.3,1365,1.0,synthetic,scenario,Synthetic scenario assumption for FinalFlow demonstration; not observed event operations.
rail_disruption,2026-07-19T16:20:00Z,80,second_half,midtown_penn_walk,midtown_access,penn_station_access,0,7.0,1.3,955,1.0,synthetic,scenario,Synthetic scenario assumption for FinalFlow demonstration; not observed event operations.
rail_disruption,2026-07-19T16:20:00Z,80,second_half,penn_concourse,penn_station_access,penn_station_access,0,9.0,1.3,1228,1.0,synthetic,scenario,Synthetic scenario assumption for FinalFlow demonstration; not observed event operations.
rail_disruption,2026-07-19T16:20:00Z,80,second_half,secaucus_transfer,secaucus_transfer,secaucus_transfer,0,8.0,1.3,1092,1.0,synthetic,scenario,Synthetic scenario assumption for FinalFlow demonstration; not observed event operations.
rail_disruption,2026-07-19T16:20:00Z,80,second_half,meadowlands_platform,meadowlands_access,meadowlands_access,0,6.0,1.3,819,1.0,synthetic,scenario,Synthetic scenario assumption for FinalFlow demonstration; not observed event operations.
rail_disruption,2026-07-19T16:20:00Z,80,second_half,meadowlands_stadium_walk,meadowlands_access,stadium_egress,0,8.0,1.3,1092,1.0,synthetic,scenario,Synthetic scenario assumption for FinalFlow demonstration; not observed event operations.
rail_disruption,2026-07-19T16:20:00Z,80,second_half,stadium_egress_walk,stadium_egress,meadowlands_access,0,10.0,1.3,1365,1.0,synthetic,scenario,Synthetic scenario assumption for FinalFlow demonstration; not observed event operations.
rail_disruption,2026-07-19T16:25:00Z,85,second_half,midtown_penn_walk,midtown_access,penn_station_access,0,7.0,1.3,955,1.0,synthetic,scenario,Synthetic scenario assumption for FinalFlow demonstration; not observed event operations.
rail_disruption,2026-07-19T16:25:00Z,85,second_half,penn_concourse,penn_station_access,penn_station_access,0,9.0,1.3,1228,1.0,synthetic,scenario,Synthetic scenario assumption for FinalFlow demonstration; not observed event operations.
rail_disruption,2026-07-19T16:25:00Z,85,second_half,secaucus_transfer,secaucus_transfer,secaucus_transfer,0,8.0,1.3,1092,1.0,synthetic,scenario,Synthetic scenario assumption for FinalFlow demonstration; not observed event operations.
rail_disruption,2026-07-19T16:25:00Z,85,second_half,meadowlands_platform,meadowlands_access,meadowlands_access,0,6.0,1.3,819,1.0,synthetic,scenario,Synthetic scenario assumption for FinalFlow demonstration; not observed event operations.
rail_disruption,2026-07-19T16:25:00Z,85,second_half,meadowlands_stadium_walk,meadowlands_access,stadium_egress,0,8.0,1.3,1092,1.0,synthetic,scenario,Synthetic scenario assumption for FinalFlow demonstration; not observed event operations.
rail_disruption,2026-07-19T16:25:00Z,85,second_half,stadium_egress_walk,stadium_egress,meadowlands_access,0,10.0,1.3,1365,1.0,synthetic,scenario,Synthetic scenario assumption for FinalFlow demonstration; not observed event operations.
rail_disruption,2026-07-19T16:30:00Z,90,second_half,midtown_penn_walk,midtown_access,penn_station_access,0,7.0,1.3,955,1.0,synthetic,scenario,Synthetic scenario assumption for FinalFlow demonstration; not observed event operations.
rail_disruption,2026-07-19T16:30:00Z,90,second_half,penn_concourse,penn_station_access,penn_station_access,0,9.0,1.3,1228,1.0,synthetic,scenario,Synthetic scenario assumption for FinalFlow demonstration; not observed event operations.
rail_disruption,2026-07-19T16:30:00Z,90,second_half,secaucus_transfer,secaucus_transfer,secaucus_transfer,0,8.0,1.3,1092,1.0,synthetic,scenario,Synthetic scenario assumption for FinalFlow demonstration; not observed event operations.
rail_disruption,2026-07-19T16:30:00Z,90,second_half,meadowlands_platform,meadowlands_access,meadowlands_access,0,6.0,1.3,819,1.0,synthetic,scenario,Synthetic scenario assumption for FinalFlow demonstration; not observed event operations.
rail_disruption,2026-07-19T16:30:00Z,90,second_half,meadowlands_stadium_walk,meadowlands_access,stadium_egress,0,8.0,1.3,1092,1.0,synthetic,scenario,Synthetic scenario assumption for FinalFlow demonstration; not observed event operations.
rail_disruption,2026-07-19T16:30:00Z,90,second_half,stadium_egress_walk,stadium_egress,meadowlands_access,0,10.0,1.3,1365,1.0,synthetic,scenario,Synthetic scenario assumption for FinalFlow demonstration; not observed event operations.
rail_disruption,2026-07-19T16:35:00Z,95,second_half,midtown_penn_walk,midtown_access,penn_station_access,0,7.0,1.3,955,1.0,synthetic,scenario,Synthetic scenario assumption for FinalFlow demonstration; not observed event operations.
rail_disruption,2026-07-19T16:35:00Z,95,second_half,penn_concourse,penn_station_access,penn_station_access,0,9.0,1.3,1228,1.0,synthetic,scenario,Synthetic scenario assumption for FinalFlow demonstration; not observed event operations.
rail_disruption,2026-07-19T16:35:00Z,95,second_half,secaucus_transfer,secaucus_transfer,secaucus_transfer,0,8.0,1.3,1092,1.0,synthetic,scenario,Synthetic scenario assumption for FinalFlow demonstration; not observed event operations.
rail_disruption,2026-07-19T16:35:00Z,95,second_half,meadowlands_platform,meadowlands_access,meadowlands_access,0,6.0,1.3,819,1.0,synthetic,scenario,Synthetic scenario assumption for FinalFlow demonstration; not observed event operations.
rail_disruption,2026-07-19T16:35:00Z,95,second_half,meadowlands_stadium_walk,meadowlands_access,stadium_egress,0,8.0,1.3,1092,1.0,synthetic,scenario,Synthetic scenario assumption for FinalFlow demonstration; not observed event operations.
rail_disruption,2026-07-19T16:35:00Z,95,second_half,stadium_egress_walk,stadium_egress,meadowlands_access,0,10.0,1.3,1365,1.0,synthetic,scenario,Synthetic scenario assumption for FinalFlow demonstration; not observed event operations.
rail_disruption,2026-07-19T16:40:00Z,100,second_half,midtown_penn_walk,midtown_access,penn_station_access,0,7.0,1.3,955,1.0,synthetic,scenario,Synthetic scenario assumption for FinalFlow demonstration; not observed event operations.
rail_disruption,2026-07-19T16:40:00Z,100,second_half,penn_concourse,penn_station_access,penn_station_access,0,9.0,1.3,1228,1.0,synthetic,scenario,Synthetic scenario assumption for FinalFlow demonstration; not observed event operations.
rail_disruption,2026-07-19T16:40:00Z,100,second_half,secaucus_transfer,secaucus_transfer,secaucus_transfer,0,8.0,1.3,1092,1.0,synthetic,scenario,Synthetic scenario assumption for FinalFlow demonstration; not observed event operations.
rail_disruption,2026-07-19T16:40:00Z,100,second_half,meadowlands_platform,meadowlands_access,meadowlands_access,0,6.0,1.3,819,1.0,synthetic,scenario,Synthetic scenario assumption for FinalFlow demonstration; not observed event operations.
rail_disruption,2026-07-19T16:40:00Z,100,second_half,meadowlands_stadium_walk,meadowlands_access,stadium_egress,0,8.0,1.3,1092,1.0,synthetic,scenario,Synthetic scenario assumption for FinalFlow demonstration; not observed event operations.
rail_disruption,2026-07-19T16:40:00Z,100,second_half,stadium_egress_walk,stadium_egress,meadowlands_access,0,10.0,1.3,1365,1.0,synthetic,scenario,Synthetic scenario assumption for FinalFlow demonstration; not observed event operations.
rail_disruption,2026-07-19T16:45:00Z,105,regulation_end,midtown_penn_walk,midtown_access,penn_station_access,0,7.0,1.3,955,1.0,synthetic,scenario,Synthetic scenario assumption for FinalFlow demonstration; not observed event operations.
rail_disruption,2026-07-19T16:45:00Z,105,regulation_end,penn_concourse,penn_station_access,penn_station_access,0,9.0,1.3,1228,1.0,synthetic,scenario,Synthetic scenario assumption for FinalFlow demonstration; not observed event operations.
rail_disruption,2026-07-19T16:45:00Z,105,regulation_end,secaucus_transfer,secaucus_transfer,secaucus_transfer,0,8.0,1.3,1092,1.0,synthetic,scenario,Synthetic scenario assumption for FinalFlow demonstration; not observed event operations.
rail_disruption,2026-07-19T16:45:00Z,105,regulation_end,meadowlands_platform,meadowlands_access,meadowlands_access,0,6.0,1.3,819,1.0,synthetic,scenario,Synthetic scenario assumption for FinalFlow demonstration; not observed event operations.
rail_disruption,2026-07-19T16:45:00Z,105,regulation_end,meadowlands_stadium_walk,meadowlands_access,stadium_egress,0,8.0,1.3,1092,1.0,synthetic,scenario,Synthetic scenario assumption for FinalFlow demonstration; not observed event operations.
rail_disruption,2026-07-19T16:45:00Z,105,regulation_end,stadium_egress_walk,stadium_egress,meadowlands_access,0,10.0,1.3,1365,1.0,synthetic,scenario,Synthetic scenario assumption for FinalFlow demonstration; not observed event operations.
rail_disruption,2026-07-19T16:50:00Z,110,extra_time,midtown_penn_walk,midtown_access,penn_station_access,0,7.0,1.3,955,1.0,synthetic,scenario,Synthetic scenario assumption for FinalFlow demonstration; not observed event operations.
rail_disruption,2026-07-19T16:50:00Z,110,extra_time,penn_concourse,penn_station_access,penn_station_access,0,9.0,1.3,1228,1.0,synthetic,scenario,Synthetic scenario assumption for FinalFlow demonstration; not observed event operations.
rail_disruption,2026-07-19T16:50:00Z,110,extra_time,secaucus_transfer,secaucus_transfer,secaucus_transfer,0,8.0,1.3,1092,1.0,synthetic,scenario,Synthetic scenario assumption for FinalFlow demonstration; not observed event operations.
rail_disruption,2026-07-19T16:50:00Z,110,extra_time,meadowlands_platform,meadowlands_access,meadowlands_access,0,6.0,1.3,819,1.0,synthetic,scenario,Synthetic scenario assumption for FinalFlow demonstration; not observed event operations.
rail_disruption,2026-07-19T16:50:00Z,110,extra_time,meadowlands_stadium_walk,meadowlands_access,stadium_egress,0,8.0,1.3,1092,1.0,synthetic,scenario,Synthetic scenario assumption for FinalFlow demonstration; not observed event operations.
rail_disruption,2026-07-19T16:50:00Z,110,extra_time,stadium_egress_walk,stadium_egress,meadowlands_access,0,10.0,1.3,1365,1.0,synthetic,scenario,Synthetic scenario assumption for FinalFlow demonstration; not observed event operations.
rail_disruption,2026-07-19T16:55:00Z,115,extra_time,midtown_penn_walk,midtown_access,penn_station_access,0,7.0,1.3,955,1.0,synthetic,scenario,Synthetic scenario assumption for FinalFlow demonstration; not observed event operations.
rail_disruption,2026-07-19T16:55:00Z,115,extra_time,penn_concourse,penn_station_access,penn_station_access,0,9.0,1.3,1228,1.0,synthetic,scenario,Synthetic scenario assumption for FinalFlow demonstration; not observed event operations.
rail_disruption,2026-07-19T16:55:00Z,115,extra_time,secaucus_transfer,secaucus_transfer,secaucus_transfer,0,8.0,1.3,1092,1.0,synthetic,scenario,Synthetic scenario assumption for FinalFlow demonstration; not observed event operations.
rail_disruption,2026-07-19T16:55:00Z,115,extra_time,meadowlands_platform,meadowlands_access,meadowlands_access,0,6.0,1.3,819,1.0,synthetic,scenario,Synthetic scenario assumption for FinalFlow demonstration; not observed event operations.
rail_disruption,2026-07-19T16:55:00Z,115,extra_time,meadowlands_stadium_walk,meadowlands_access,stadium_egress,0,8.0,1.3,1092,1.0,synthetic,scenario,Synthetic scenario assumption for FinalFlow demonstration; not observed event operations.
rail_disruption,2026-07-19T16:55:00Z,115,extra_time,stadium_egress_walk,stadium_egress,meadowlands_access,0,10.0,1.3,1365,1.0,synthetic,scenario,Synthetic scenario assumption for FinalFlow demonstration; not observed event operations.
rail_disruption,2026-07-19T17:00:00Z,120,extra_time,midtown_penn_walk,midtown_access,penn_station_access,0,7.0,1.3,955,1.0,synthetic,scenario,Synthetic scenario assumption for FinalFlow demonstration; not observed event operations.
rail_disruption,2026-07-19T17:00:00Z,120,extra_time,penn_concourse,penn_station_access,penn_station_access,0,9.0,1.3,1228,1.0,synthetic,scenario,Synthetic scenario assumption for FinalFlow demonstration; not observed event operations.
rail_disruption,2026-07-19T17:00:00Z,120,extra_time,secaucus_transfer,secaucus_transfer,secaucus_transfer,0,8.0,1.3,1092,1.0,synthetic,scenario,Synthetic scenario assumption for FinalFlow demonstration; not observed event operations.
rail_disruption,2026-07-19T17:00:00Z,120,extra_time,meadowlands_platform,meadowlands_access,meadowlands_access,0,6.0,1.3,819,1.0,synthetic,scenario,Synthetic scenario assumption for FinalFlow demonstration; not observed event operations.
rail_disruption,2026-07-19T17:00:00Z,120,extra_time,meadowlands_stadium_walk,meadowlands_access,stadium_egress,0,8.0,1.3,1092,1.0,synthetic,scenario,Synthetic scenario assumption for FinalFlow demonstration; not observed event operations.
rail_disruption,2026-07-19T17:00:00Z,120,extra_time,stadium_egress_walk,stadium_egress,meadowlands_access,0,10.0,1.3,1365,1.0,synthetic,scenario,Synthetic scenario assumption for FinalFlow demonstration; not observed event operations.
rail_disruption,2026-07-19T17:05:00Z,125,extra_time,midtown_penn_walk,midtown_access,penn_station_access,0,7.0,1.3,955,1.0,synthetic,scenario,Synthetic scenario assumption for FinalFlow demonstration; not observed event operations.
rail_disruption,2026-07-19T17:05:00Z,125,extra_time,penn_concourse,penn_station_access,penn_station_access,0,9.0,1.3,1228,1.0,synthetic,scenario,Synthetic scenario assumption for FinalFlow demonstration; not observed event operations.
rail_disruption,2026-07-19T17:05:00Z,125,extra_time,secaucus_transfer,secaucus_transfer,secaucus_transfer,0,8.0,1.3,1092,1.0,synthetic,scenario,Synthetic scenario assumption for FinalFlow demonstration; not observed event operations.
rail_disruption,2026-07-19T17:05:00Z,125,extra_time,meadowlands_platform,meadowlands_access,meadowlands_access,0,6.0,1.3,819,1.0,synthetic,scenario,Synthetic scenario assumption for FinalFlow demonstration; not observed event operations.
rail_disruption,2026-07-19T17:05:00Z,125,extra_time,meadowlands_stadium_walk,meadowlands_access,stadium_egress,0,8.0,1.3,1092,1.0,synthetic,scenario,Synthetic scenario assumption for FinalFlow demonstration; not observed event operations.
rail_disruption,2026-07-19T17:05:00Z,125,extra_time,stadium_egress_walk,stadium_egress,meadowlands_access,0,10.0,1.3,1365,1.0,synthetic,scenario,Synthetic scenario assumption for FinalFlow demonstration; not observed event operations.
rail_disruption,2026-07-19T17:10:00Z,130,extra_time,midtown_penn_walk,midtown_access,penn_station_access,0,7.0,1.3,955,1.0,synthetic,scenario,Synthetic scenario assumption for FinalFlow demonstration; not observed event operations.
rail_disruption,2026-07-19T17:10:00Z,130,extra_time,penn_concourse,penn_station_access,penn_station_access,0,9.0,1.3,1228,1.0,synthetic,scenario,Synthetic scenario assumption for FinalFlow demonstration; not observed event operations.
rail_disruption,2026-07-19T17:10:00Z,130,extra_time,secaucus_transfer,secaucus_transfer,secaucus_transfer,0,8.0,1.3,1092,1.0,synthetic,scenario,Synthetic scenario assumption for FinalFlow demonstration; not observed event operations.
rail_disruption,2026-07-19T17:10:00Z,130,extra_time,meadowlands_platform,meadowlands_access,meadowlands_access,0,6.0,1.3,819,1.0,synthetic,scenario,Synthetic scenario assumption for FinalFlow demonstration; not observed event operations.
rail_disruption,2026-07-19T17:10:00Z,130,extra_time,meadowlands_stadium_walk,meadowlands_access,stadium_egress,0,8.0,1.3,1092,1.0,synthetic,scenario,Synthetic scenario assumption for FinalFlow demonstration; not observed event operations.
rail_disruption,2026-07-19T17:10:00Z,130,extra_time,stadium_egress_walk,stadium_egress,meadowlands_access,0,10.0,1.3,1365,1.0,synthetic,scenario,Synthetic scenario assumption for FinalFlow demonstration; not observed event operations.
rail_disruption,2026-07-19T17:15:00Z,135,final_whistle,midtown_penn_walk,midtown_access,penn_station_access,52,7.0,1.3,955,1.0,synthetic,scenario,Synthetic scenario assumption for FinalFlow demonstration; not observed event operations.
rail_disruption,2026-07-19T17:15:00Z,135,final_whistle,penn_concourse,penn_station_access,penn_station_access,52,9.0,1.3,1228,1.0,synthetic,scenario,Synthetic scenario assumption for FinalFlow demonstration; not observed event operations.
rail_disruption,2026-07-19T17:15:00Z,135,final_whistle,secaucus_transfer,secaucus_transfer,secaucus_transfer,52,8.0,1.3,1092,1.0,synthetic,scenario,Synthetic scenario assumption for FinalFlow demonstration; not observed event operations.
rail_disruption,2026-07-19T17:15:00Z,135,final_whistle,meadowlands_platform,meadowlands_access,meadowlands_access,52,6.0,1.3,819,1.0,synthetic,scenario,Synthetic scenario assumption for FinalFlow demonstration; not observed event operations.
rail_disruption,2026-07-19T17:15:00Z,135,final_whistle,meadowlands_stadium_walk,meadowlands_access,stadium_egress,52,8.0,1.3,1092,1.0,synthetic,scenario,Synthetic scenario assumption for FinalFlow demonstration; not observed event operations.
rail_disruption,2026-07-19T17:15:00Z,135,final_whistle,stadium_egress_walk,stadium_egress,meadowlands_access,52,10.0,1.3,1365,1.0,synthetic,scenario,Synthetic scenario assumption for FinalFlow demonstration; not observed event operations.
rail_disruption,2026-07-19T17:20:00Z,140,post_match,midtown_penn_walk,midtown_access,penn_station_access,49,7.0,1.3,955,1.0,synthetic,scenario,Synthetic scenario assumption for FinalFlow demonstration; not observed event operations.
rail_disruption,2026-07-19T17:20:00Z,140,post_match,penn_concourse,penn_station_access,penn_station_access,49,9.0,1.3,1228,1.0,synthetic,scenario,Synthetic scenario assumption for FinalFlow demonstration; not observed event operations.
rail_disruption,2026-07-19T17:20:00Z,140,post_match,secaucus_transfer,secaucus_transfer,secaucus_transfer,49,8.0,1.3,1092,1.0,synthetic,scenario,Synthetic scenario assumption for FinalFlow demonstration; not observed event operations.
rail_disruption,2026-07-19T17:20:00Z,140,post_match,meadowlands_platform,meadowlands_access,meadowlands_access,49,6.0,1.3,819,1.0,synthetic,scenario,Synthetic scenario assumption for FinalFlow demonstration; not observed event operations.
rail_disruption,2026-07-19T17:20:00Z,140,post_match,meadowlands_stadium_walk,meadowlands_access,stadium_egress,49,8.0,1.3,1092,1.0,synthetic,scenario,Synthetic scenario assumption for FinalFlow demonstration; not observed event operations.
rail_disruption,2026-07-19T17:20:00Z,140,post_match,stadium_egress_walk,stadium_egress,meadowlands_access,49,10.0,1.3,1365,1.0,synthetic,scenario,Synthetic scenario assumption for FinalFlow demonstration; not observed event operations.
rail_disruption,2026-07-19T17:25:00Z,145,post_match,midtown_penn_walk,midtown_access,penn_station_access,100,7.0,1.3,955,1.0,synthetic,scenario,Synthetic scenario assumption for FinalFlow demonstration; not observed event operations.
rail_disruption,2026-07-19T17:25:00Z,145,post_match,penn_concourse,penn_station_access,penn_station_access,100,9.0,1.3,1228,1.0,synthetic,scenario,Synthetic scenario assumption for FinalFlow demonstration; not observed event operations.
rail_disruption,2026-07-19T17:25:00Z,145,post_match,secaucus_transfer,secaucus_transfer,secaucus_transfer,100,8.0,1.3,1092,1.0,synthetic,scenario,Synthetic scenario assumption for FinalFlow demonstration; not observed event operations.
rail_disruption,2026-07-19T17:25:00Z,145,post_match,meadowlands_platform,meadowlands_access,meadowlands_access,100,6.0,1.3,819,1.0,synthetic,scenario,Synthetic scenario assumption for FinalFlow demonstration; not observed event operations.
rail_disruption,2026-07-19T17:25:00Z,145,post_match,meadowlands_stadium_walk,meadowlands_access,stadium_egress,100,8.0,1.3,1092,1.0,synthetic,scenario,Synthetic scenario assumption for FinalFlow demonstration; not observed event operations.
rail_disruption,2026-07-19T17:25:00Z,145,post_match,stadium_egress_walk,stadium_egress,meadowlands_access,100,10.0,1.3,1365,1.0,synthetic,scenario,Synthetic scenario assumption for FinalFlow demonstration; not observed event operations.
rail_disruption,2026-07-19T17:30:00Z,150,post_match,midtown_penn_walk,midtown_access,penn_station_access,92,7.0,1.3,955,1.0,synthetic,scenario,Synthetic scenario assumption for FinalFlow demonstration; not observed event operations.
rail_disruption,2026-07-19T17:30:00Z,150,post_match,penn_concourse,penn_station_access,penn_station_access,92,9.0,1.3,1228,1.0,synthetic,scenario,Synthetic scenario assumption for FinalFlow demonstration; not observed event operations.
rail_disruption,2026-07-19T17:30:00Z,150,post_match,secaucus_transfer,secaucus_transfer,secaucus_transfer,92,8.0,1.3,1092,1.0,synthetic,scenario,Synthetic scenario assumption for FinalFlow demonstration; not observed event operations.
rail_disruption,2026-07-19T17:30:00Z,150,post_match,meadowlands_platform,meadowlands_access,meadowlands_access,92,6.0,1.3,819,1.0,synthetic,scenario,Synthetic scenario assumption for FinalFlow demonstration; not observed event operations.
rail_disruption,2026-07-19T17:30:00Z,150,post_match,meadowlands_stadium_walk,meadowlands_access,stadium_egress,92,8.0,1.3,1092,1.0,synthetic,scenario,Synthetic scenario assumption for FinalFlow demonstration; not observed event operations.
rail_disruption,2026-07-19T17:30:00Z,150,post_match,stadium_egress_walk,stadium_egress,meadowlands_access,92,10.0,1.3,1365,1.0,synthetic,scenario,Synthetic scenario assumption for FinalFlow demonstration; not observed event operations.
rail_disruption,2026-07-19T17:35:00Z,155,post_match,midtown_penn_walk,midtown_access,penn_station_access,86,7.0,1.3,955,1.0,synthetic,scenario,Synthetic scenario assumption for FinalFlow demonstration; not observed event operations.
rail_disruption,2026-07-19T17:35:00Z,155,post_match,penn_concourse,penn_station_access,penn_station_access,86,9.0,1.3,1228,1.0,synthetic,scenario,Synthetic scenario assumption for FinalFlow demonstration; not observed event operations.
rail_disruption,2026-07-19T17:35:00Z,155,post_match,secaucus_transfer,secaucus_transfer,secaucus_transfer,86,8.0,1.3,1092,1.0,synthetic,scenario,Synthetic scenario assumption for FinalFlow demonstration; not observed event operations.
rail_disruption,2026-07-19T17:35:00Z,155,post_match,meadowlands_platform,meadowlands_access,meadowlands_access,86,6.0,1.3,819,1.0,synthetic,scenario,Synthetic scenario assumption for FinalFlow demonstration; not observed event operations.
rail_disruption,2026-07-19T17:35:00Z,155,post_match,meadowlands_stadium_walk,meadowlands_access,stadium_egress,86,8.0,1.3,1092,1.0,synthetic,scenario,Synthetic scenario assumption for FinalFlow demonstration; not observed event operations.
rail_disruption,2026-07-19T17:35:00Z,155,post_match,stadium_egress_walk,stadium_egress,meadowlands_access,86,10.0,1.3,1365,1.0,synthetic,scenario,Synthetic scenario assumption for FinalFlow demonstration; not observed event operations.
rail_disruption,2026-07-19T17:40:00Z,160,post_match,midtown_penn_walk,midtown_access,penn_station_access,79,7.0,1.3,955,1.0,synthetic,scenario,Synthetic scenario assumption for FinalFlow demonstration; not observed event operations.
rail_disruption,2026-07-19T17:40:00Z,160,post_match,penn_concourse,penn_station_access,penn_station_access,79,9.0,1.3,1228,1.0,synthetic,scenario,Synthetic scenario assumption for FinalFlow demonstration; not observed event operations.
rail_disruption,2026-07-19T17:40:00Z,160,post_match,secaucus_transfer,secaucus_transfer,secaucus_transfer,79,8.0,1.3,1092,1.0,synthetic,scenario,Synthetic scenario assumption for FinalFlow demonstration; not observed event operations.
rail_disruption,2026-07-19T17:40:00Z,160,post_match,meadowlands_platform,meadowlands_access,meadowlands_access,79,6.0,1.3,819,1.0,synthetic,scenario,Synthetic scenario assumption for FinalFlow demonstration; not observed event operations.
rail_disruption,2026-07-19T17:40:00Z,160,post_match,meadowlands_stadium_walk,meadowlands_access,stadium_egress,79,8.0,1.3,1092,1.0,synthetic,scenario,Synthetic scenario assumption for FinalFlow demonstration; not observed event operations.
rail_disruption,2026-07-19T17:40:00Z,160,post_match,stadium_egress_walk,stadium_egress,meadowlands_access,79,10.0,1.3,1365,1.0,synthetic,scenario,Synthetic scenario assumption for FinalFlow demonstration; not observed event operations.
rail_disruption,2026-07-19T17:45:00Z,165,post_match,midtown_penn_walk,midtown_access,penn_station_access,71,7.0,1.3,955,1.0,synthetic,scenario,Synthetic scenario assumption for FinalFlow demonstration; not observed event operations.
rail_disruption,2026-07-19T17:45:00Z,165,post_match,penn_concourse,penn_station_access,penn_station_access,71,9.0,1.3,1228,1.0,synthetic,scenario,Synthetic scenario assumption for FinalFlow demonstration; not observed event operations.
rail_disruption,2026-07-19T17:45:00Z,165,post_match,secaucus_transfer,secaucus_transfer,secaucus_transfer,71,8.0,1.3,1092,1.0,synthetic,scenario,Synthetic scenario assumption for FinalFlow demonstration; not observed event operations.
rail_disruption,2026-07-19T17:45:00Z,165,post_match,meadowlands_platform,meadowlands_access,meadowlands_access,71,6.0,1.3,819,1.0,synthetic,scenario,Synthetic scenario assumption for FinalFlow demonstration; not observed event operations.
rail_disruption,2026-07-19T17:45:00Z,165,post_match,meadowlands_stadium_walk,meadowlands_access,stadium_egress,71,8.0,1.3,1092,1.0,synthetic,scenario,Synthetic scenario assumption for FinalFlow demonstration; not observed event operations.
rail_disruption,2026-07-19T17:45:00Z,165,post_match,stadium_egress_walk,stadium_egress,meadowlands_access,71,10.0,1.3,1365,1.0,synthetic,scenario,Synthetic scenario assumption for FinalFlow demonstration; not observed event operations.
rail_disruption,2026-07-19T17:50:00Z,170,post_match,midtown_penn_walk,midtown_access,penn_station_access,65,7.0,1.3,955,1.0,synthetic,scenario,Synthetic scenario assumption for FinalFlow demonstration; not observed event operations.
rail_disruption,2026-07-19T17:50:00Z,170,post_match,penn_concourse,penn_station_access,penn_station_access,65,9.0,1.3,1228,1.0,synthetic,scenario,Synthetic scenario assumption for FinalFlow demonstration; not observed event operations.
rail_disruption,2026-07-19T17:50:00Z,170,post_match,secaucus_transfer,secaucus_transfer,secaucus_transfer,65,8.0,1.3,1092,1.0,synthetic,scenario,Synthetic scenario assumption for FinalFlow demonstration; not observed event operations.
rail_disruption,2026-07-19T17:50:00Z,170,post_match,meadowlands_platform,meadowlands_access,meadowlands_access,65,6.0,1.3,819,1.0,synthetic,scenario,Synthetic scenario assumption for FinalFlow demonstration; not observed event operations.
rail_disruption,2026-07-19T17:50:00Z,170,post_match,meadowlands_stadium_walk,meadowlands_access,stadium_egress,65,8.0,1.3,1092,1.0,synthetic,scenario,Synthetic scenario assumption for FinalFlow demonstration; not observed event operations.
rail_disruption,2026-07-19T17:50:00Z,170,post_match,stadium_egress_walk,stadium_egress,meadowlands_access,65,10.0,1.3,1365,1.0,synthetic,scenario,Synthetic scenario assumption for FinalFlow demonstration; not observed event operations.
rail_disruption,2026-07-19T17:55:00Z,175,post_match,midtown_penn_walk,midtown_access,penn_station_access,56,7.0,1.3,955,1.0,synthetic,scenario,Synthetic scenario assumption for FinalFlow demonstration; not observed event operations.
rail_disruption,2026-07-19T17:55:00Z,175,post_match,penn_concourse,penn_station_access,penn_station_access,56,9.0,1.3,1228,1.0,synthetic,scenario,Synthetic scenario assumption for FinalFlow demonstration; not observed event operations.
rail_disruption,2026-07-19T17:55:00Z,175,post_match,secaucus_transfer,secaucus_transfer,secaucus_transfer,56,8.0,1.3,1092,1.0,synthetic,scenario,Synthetic scenario assumption for FinalFlow demonstration; not observed event operations.
rail_disruption,2026-07-19T17:55:00Z,175,post_match,meadowlands_platform,meadowlands_access,meadowlands_access,56,6.0,1.3,819,1.0,synthetic,scenario,Synthetic scenario assumption for FinalFlow demonstration; not observed event operations.
rail_disruption,2026-07-19T17:55:00Z,175,post_match,meadowlands_stadium_walk,meadowlands_access,stadium_egress,56,8.0,1.3,1092,1.0,synthetic,scenario,Synthetic scenario assumption for FinalFlow demonstration; not observed event operations.
rail_disruption,2026-07-19T17:55:00Z,175,post_match,stadium_egress_walk,stadium_egress,meadowlands_access,56,10.0,1.3,1365,1.0,synthetic,scenario,Synthetic scenario assumption for FinalFlow demonstration; not observed event operations.
rail_disruption,2026-07-19T18:00:00Z,180,post_match,midtown_penn_walk,midtown_access,penn_station_access,49,7.0,1.3,955,1.0,synthetic,scenario,Synthetic scenario assumption for FinalFlow demonstration; not observed event operations.
rail_disruption,2026-07-19T18:00:00Z,180,post_match,penn_concourse,penn_station_access,penn_station_access,49,9.0,1.3,1228,1.0,synthetic,scenario,Synthetic scenario assumption for FinalFlow demonstration; not observed event operations.
rail_disruption,2026-07-19T18:00:00Z,180,post_match,secaucus_transfer,secaucus_transfer,secaucus_transfer,49,8.0,1.3,1092,1.0,synthetic,scenario,Synthetic scenario assumption for FinalFlow demonstration; not observed event operations.
rail_disruption,2026-07-19T18:00:00Z,180,post_match,meadowlands_platform,meadowlands_access,meadowlands_access,49,6.0,1.3,819,1.0,synthetic,scenario,Synthetic scenario assumption for FinalFlow demonstration; not observed event operations.
rail_disruption,2026-07-19T18:00:00Z,180,post_match,meadowlands_stadium_walk,meadowlands_access,stadium_egress,49,8.0,1.3,1092,1.0,synthetic,scenario,Synthetic scenario assumption for FinalFlow demonstration; not observed event operations.
rail_disruption,2026-07-19T18:00:00Z,180,post_match,stadium_egress_walk,stadium_egress,meadowlands_access,49,10.0,1.3,1365,1.0,synthetic,scenario,Synthetic scenario assumption for FinalFlow demonstration; not observed event operations.
rail_disruption,2026-07-19T18:05:00Z,185,post_match,midtown_penn_walk,midtown_access,penn_station_access,44,7.0,1.3,955,1.0,synthetic,scenario,Synthetic scenario assumption for FinalFlow demonstration; not observed event operations.
rail_disruption,2026-07-19T18:05:00Z,185,post_match,penn_concourse,penn_station_access,penn_station_access,44,9.0,1.3,1228,1.0,synthetic,scenario,Synthetic scenario assumption for FinalFlow demonstration; not observed event operations.
rail_disruption,2026-07-19T18:05:00Z,185,post_match,secaucus_transfer,secaucus_transfer,secaucus_transfer,44,8.0,1.3,1092,1.0,synthetic,scenario,Synthetic scenario assumption for FinalFlow demonstration; not observed event operations.
rail_disruption,2026-07-19T18:05:00Z,185,post_match,meadowlands_platform,meadowlands_access,meadowlands_access,44,6.0,1.3,819,1.0,synthetic,scenario,Synthetic scenario assumption for FinalFlow demonstration; not observed event operations.
rail_disruption,2026-07-19T18:05:00Z,185,post_match,meadowlands_stadium_walk,meadowlands_access,stadium_egress,44,8.0,1.3,1092,1.0,synthetic,scenario,Synthetic scenario assumption for FinalFlow demonstration; not observed event operations.
rail_disruption,2026-07-19T18:05:00Z,185,post_match,stadium_egress_walk,stadium_egress,meadowlands_access,44,10.0,1.3,1365,1.0,synthetic,scenario,Synthetic scenario assumption for FinalFlow demonstration; not observed event operations.
rail_disruption,2026-07-19T18:10:00Z,190,post_match,midtown_penn_walk,midtown_access,penn_station_access,35,7.0,1.3,955,1.0,synthetic,scenario,Synthetic scenario assumption for FinalFlow demonstration; not observed event operations.
rail_disruption,2026-07-19T18:10:00Z,190,post_match,penn_concourse,penn_station_access,penn_station_access,35,9.0,1.3,1228,1.0,synthetic,scenario,Synthetic scenario assumption for FinalFlow demonstration; not observed event operations.
rail_disruption,2026-07-19T18:10:00Z,190,post_match,secaucus_transfer,secaucus_transfer,secaucus_transfer,35,8.0,1.3,1092,1.0,synthetic,scenario,Synthetic scenario assumption for FinalFlow demonstration; not observed event operations.
rail_disruption,2026-07-19T18:10:00Z,190,post_match,meadowlands_platform,meadowlands_access,meadowlands_access,35,6.0,1.3,819,1.0,synthetic,scenario,Synthetic scenario assumption for FinalFlow demonstration; not observed event operations.
rail_disruption,2026-07-19T18:10:00Z,190,post_match,meadowlands_stadium_walk,meadowlands_access,stadium_egress,35,8.0,1.3,1092,1.0,synthetic,scenario,Synthetic scenario assumption for FinalFlow demonstration; not observed event operations.
rail_disruption,2026-07-19T18:10:00Z,190,post_match,stadium_egress_walk,stadium_egress,meadowlands_access,35,10.0,1.3,1365,1.0,synthetic,scenario,Synthetic scenario assumption for FinalFlow demonstration; not observed event operations.
rail_disruption,2026-07-19T18:15:00Z,195,post_match,midtown_penn_walk,midtown_access,penn_station_access,0,7.0,1.3,955,1.0,synthetic,scenario,Synthetic scenario assumption for FinalFlow demonstration; not observed event operations.
rail_disruption,2026-07-19T18:15:00Z,195,post_match,penn_concourse,penn_station_access,penn_station_access,0,9.0,1.3,1228,1.0,synthetic,scenario,Synthetic scenario assumption for FinalFlow demonstration; not observed event operations.
rail_disruption,2026-07-19T18:15:00Z,195,post_match,secaucus_transfer,secaucus_transfer,secaucus_transfer,0,8.0,1.3,1092,1.0,synthetic,scenario,Synthetic scenario assumption for FinalFlow demonstration; not observed event operations.
rail_disruption,2026-07-19T18:15:00Z,195,post_match,meadowlands_platform,meadowlands_access,meadowlands_access,0,6.0,1.3,819,1.0,synthetic,scenario,Synthetic scenario assumption for FinalFlow demonstration; not observed event operations.
rail_disruption,2026-07-19T18:15:00Z,195,post_match,meadowlands_stadium_walk,meadowlands_access,stadium_egress,0,8.0,1.3,1092,1.0,synthetic,scenario,Synthetic scenario assumption for FinalFlow demonstration; not observed event operations.
rail_disruption,2026-07-19T18:15:00Z,195,post_match,stadium_egress_walk,stadium_egress,meadowlands_access,0,10.0,1.3,1365,1.0,synthetic,scenario,Synthetic scenario assumption for FinalFlow demonstration; not observed event operations.
rail_disruption,2026-07-19T18:20:00Z,200,post_match,midtown_penn_walk,midtown_access,penn_station_access,0,7.0,1.3,955,1.0,synthetic,scenario,Synthetic scenario assumption for FinalFlow demonstration; not observed event operations.
rail_disruption,2026-07-19T18:20:00Z,200,post_match,penn_concourse,penn_station_access,penn_station_access,0,9.0,1.3,1228,1.0,synthetic,scenario,Synthetic scenario assumption for FinalFlow demonstration; not observed event operations.
rail_disruption,2026-07-19T18:20:00Z,200,post_match,secaucus_transfer,secaucus_transfer,secaucus_transfer,0,8.0,1.3,1092,1.0,synthetic,scenario,Synthetic scenario assumption for FinalFlow demonstration; not observed event operations.
rail_disruption,2026-07-19T18:20:00Z,200,post_match,meadowlands_platform,meadowlands_access,meadowlands_access,0,6.0,1.3,819,1.0,synthetic,scenario,Synthetic scenario assumption for FinalFlow demonstration; not observed event operations.
rail_disruption,2026-07-19T18:20:00Z,200,post_match,meadowlands_stadium_walk,meadowlands_access,stadium_egress,0,8.0,1.3,1092,1.0,synthetic,scenario,Synthetic scenario assumption for FinalFlow demonstration; not observed event operations.
rail_disruption,2026-07-19T18:20:00Z,200,post_match,stadium_egress_walk,stadium_egress,meadowlands_access,0,10.0,1.3,1365,1.0,synthetic,scenario,Synthetic scenario assumption for FinalFlow demonstration; not observed event operations.
rail_disruption,2026-07-19T18:25:00Z,205,post_match,midtown_penn_walk,midtown_access,penn_station_access,0,7.0,1.3,955,1.0,synthetic,scenario,Synthetic scenario assumption for FinalFlow demonstration; not observed event operations.
rail_disruption,2026-07-19T18:25:00Z,205,post_match,penn_concourse,penn_station_access,penn_station_access,0,9.0,1.3,1228,1.0,synthetic,scenario,Synthetic scenario assumption for FinalFlow demonstration; not observed event operations.
rail_disruption,2026-07-19T18:25:00Z,205,post_match,secaucus_transfer,secaucus_transfer,secaucus_transfer,0,8.0,1.3,1092,1.0,synthetic,scenario,Synthetic scenario assumption for FinalFlow demonstration; not observed event operations.
rail_disruption,2026-07-19T18:25:00Z,205,post_match,meadowlands_platform,meadowlands_access,meadowlands_access,0,6.0,1.3,819,1.0,synthetic,scenario,Synthetic scenario assumption for FinalFlow demonstration; not observed event operations.
rail_disruption,2026-07-19T18:25:00Z,205,post_match,meadowlands_stadium_walk,meadowlands_access,stadium_egress,0,8.0,1.3,1092,1.0,synthetic,scenario,Synthetic scenario assumption for FinalFlow demonstration; not observed event operations.
rail_disruption,2026-07-19T18:25:00Z,205,post_match,stadium_egress_walk,stadium_egress,meadowlands_access,0,10.0,1.3,1365,1.0,synthetic,scenario,Synthetic scenario assumption for FinalFlow demonstration; not observed event operations.
rail_disruption,2026-07-19T18:30:00Z,210,post_match,midtown_penn_walk,midtown_access,penn_station_access,0,7.0,1.3,955,1.0,synthetic,scenario,Synthetic scenario assumption for FinalFlow demonstration; not observed event operations.
rail_disruption,2026-07-19T18:30:00Z,210,post_match,penn_concourse,penn_station_access,penn_station_access,0,9.0,1.3,1228,1.0,synthetic,scenario,Synthetic scenario assumption for FinalFlow demonstration; not observed event operations.
rail_disruption,2026-07-19T18:30:00Z,210,post_match,secaucus_transfer,secaucus_transfer,secaucus_transfer,0,8.0,1.3,1092,1.0,synthetic,scenario,Synthetic scenario assumption for FinalFlow demonstration; not observed event operations.
rail_disruption,2026-07-19T18:30:00Z,210,post_match,meadowlands_platform,meadowlands_access,meadowlands_access,0,6.0,1.3,819,1.0,synthetic,scenario,Synthetic scenario assumption for FinalFlow demonstration; not observed event operations.
rail_disruption,2026-07-19T18:30:00Z,210,post_match,meadowlands_stadium_walk,meadowlands_access,stadium_egress,0,8.0,1.3,1092,1.0,synthetic,scenario,Synthetic scenario assumption for FinalFlow demonstration; not observed event operations.
rail_disruption,2026-07-19T18:30:00Z,210,post_match,stadium_egress_walk,stadium_egress,meadowlands_access,0,10.0,1.3,1365,1.0,synthetic,scenario,Synthetic scenario assumption for FinalFlow demonstration; not observed event operations.
rail_disruption,2026-07-19T18:35:00Z,215,post_match,midtown_penn_walk,midtown_access,penn_station_access,0,7.0,1.3,955,1.0,synthetic,scenario,Synthetic scenario assumption for FinalFlow demonstration; not observed event operations.
rail_disruption,2026-07-19T18:35:00Z,215,post_match,penn_concourse,penn_station_access,penn_station_access,0,9.0,1.3,1228,1.0,synthetic,scenario,Synthetic scenario assumption for FinalFlow demonstration; not observed event operations.
rail_disruption,2026-07-19T18:35:00Z,215,post_match,secaucus_transfer,secaucus_transfer,secaucus_transfer,0,8.0,1.3,1092,1.0,synthetic,scenario,Synthetic scenario assumption for FinalFlow demonstration; not observed event operations.
rail_disruption,2026-07-19T18:35:00Z,215,post_match,meadowlands_platform,meadowlands_access,meadowlands_access,0,6.0,1.3,819,1.0,synthetic,scenario,Synthetic scenario assumption for FinalFlow demonstration; not observed event operations.
rail_disruption,2026-07-19T18:35:00Z,215,post_match,meadowlands_stadium_walk,meadowlands_access,stadium_egress,0,8.0,1.3,1092,1.0,synthetic,scenario,Synthetic scenario assumption for FinalFlow demonstration; not observed event operations.
rail_disruption,2026-07-19T18:35:00Z,215,post_match,stadium_egress_walk,stadium_egress,meadowlands_access,0,10.0,1.3,1365,1.0,synthetic,scenario,Synthetic scenario assumption for FinalFlow demonstration; not observed event operations.
rail_disruption,2026-07-19T18:40:00Z,220,post_match,midtown_penn_walk,midtown_access,penn_station_access,0,7.0,1.3,955,1.0,synthetic,scenario,Synthetic scenario assumption for FinalFlow demonstration; not observed event operations.
rail_disruption,2026-07-19T18:40:00Z,220,post_match,penn_concourse,penn_station_access,penn_station_access,0,9.0,1.3,1228,1.0,synthetic,scenario,Synthetic scenario assumption for FinalFlow demonstration; not observed event operations.
rail_disruption,2026-07-19T18:40:00Z,220,post_match,secaucus_transfer,secaucus_transfer,secaucus_transfer,0,8.0,1.3,1092,1.0,synthetic,scenario,Synthetic scenario assumption for FinalFlow demonstration; not observed event operations.
rail_disruption,2026-07-19T18:40:00Z,220,post_match,meadowlands_platform,meadowlands_access,meadowlands_access,0,6.0,1.3,819,1.0,synthetic,scenario,Synthetic scenario assumption for FinalFlow demonstration; not observed event operations.
rail_disruption,2026-07-19T18:40:00Z,220,post_match,meadowlands_stadium_walk,meadowlands_access,stadium_egress,0,8.0,1.3,1092,1.0,synthetic,scenario,Synthetic scenario assumption for FinalFlow demonstration; not observed event operations.
rail_disruption,2026-07-19T18:40:00Z,220,post_match,stadium_egress_walk,stadium_egress,meadowlands_access,0,10.0,1.3,1365,1.0,synthetic,scenario,Synthetic scenario assumption for FinalFlow demonstration; not observed event operations.
rail_disruption,2026-07-19T18:45:00Z,225,post_match,midtown_penn_walk,midtown_access,penn_station_access,0,7.0,1.3,955,1.0,synthetic,scenario,Synthetic scenario assumption for FinalFlow demonstration; not observed event operations.
rail_disruption,2026-07-19T18:45:00Z,225,post_match,penn_concourse,penn_station_access,penn_station_access,0,9.0,1.3,1228,1.0,synthetic,scenario,Synthetic scenario assumption for FinalFlow demonstration; not observed event operations.
rail_disruption,2026-07-19T18:45:00Z,225,post_match,secaucus_transfer,secaucus_transfer,secaucus_transfer,0,8.0,1.3,1092,1.0,synthetic,scenario,Synthetic scenario assumption for FinalFlow demonstration; not observed event operations.
rail_disruption,2026-07-19T18:45:00Z,225,post_match,meadowlands_platform,meadowlands_access,meadowlands_access,0,6.0,1.3,819,1.0,synthetic,scenario,Synthetic scenario assumption for FinalFlow demonstration; not observed event operations.
rail_disruption,2026-07-19T18:45:00Z,225,post_match,meadowlands_stadium_walk,meadowlands_access,stadium_egress,0,8.0,1.3,1092,1.0,synthetic,scenario,Synthetic scenario assumption for FinalFlow demonstration; not observed event operations.
rail_disruption,2026-07-19T18:45:00Z,225,post_match,stadium_egress_walk,stadium_egress,meadowlands_access,0,10.0,1.3,1365,1.0,synthetic,scenario,Synthetic scenario assumption for FinalFlow demonstration; not observed event operations.
rail_disruption,2026-07-19T18:50:00Z,230,post_match,midtown_penn_walk,midtown_access,penn_station_access,0,7.0,1.3,955,1.0,synthetic,scenario,Synthetic scenario assumption for FinalFlow demonstration; not observed event operations.
rail_disruption,2026-07-19T18:50:00Z,230,post_match,penn_concourse,penn_station_access,penn_station_access,0,9.0,1.3,1228,1.0,synthetic,scenario,Synthetic scenario assumption for FinalFlow demonstration; not observed event operations.
rail_disruption,2026-07-19T18:50:00Z,230,post_match,secaucus_transfer,secaucus_transfer,secaucus_transfer,0,8.0,1.3,1092,1.0,synthetic,scenario,Synthetic scenario assumption for FinalFlow demonstration; not observed event operations.
rail_disruption,2026-07-19T18:50:00Z,230,post_match,meadowlands_platform,meadowlands_access,meadowlands_access,0,6.0,1.3,819,1.0,synthetic,scenario,Synthetic scenario assumption for FinalFlow demonstration; not observed event operations.
rail_disruption,2026-07-19T18:50:00Z,230,post_match,meadowlands_stadium_walk,meadowlands_access,stadium_egress,0,8.0,1.3,1092,1.0,synthetic,scenario,Synthetic scenario assumption for FinalFlow demonstration; not observed event operations.
rail_disruption,2026-07-19T18:50:00Z,230,post_match,stadium_egress_walk,stadium_egress,meadowlands_access,0,10.0,1.3,1365,1.0,synthetic,scenario,Synthetic scenario assumption for FinalFlow demonstration; not observed event operations.
rail_disruption,2026-07-19T18:55:00Z,235,post_match,midtown_penn_walk,midtown_access,penn_station_access,0,7.0,1.3,955,1.0,synthetic,scenario,Synthetic scenario assumption for FinalFlow demonstration; not observed event operations.
rail_disruption,2026-07-19T18:55:00Z,235,post_match,penn_concourse,penn_station_access,penn_station_access,0,9.0,1.3,1228,1.0,synthetic,scenario,Synthetic scenario assumption for FinalFlow demonstration; not observed event operations.
rail_disruption,2026-07-19T18:55:00Z,235,post_match,secaucus_transfer,secaucus_transfer,secaucus_transfer,0,8.0,1.3,1092,1.0,synthetic,scenario,Synthetic scenario assumption for FinalFlow demonstration; not observed event operations.
rail_disruption,2026-07-19T18:55:00Z,235,post_match,meadowlands_platform,meadowlands_access,meadowlands_access,0,6.0,1.3,819,1.0,synthetic,scenario,Synthetic scenario assumption for FinalFlow demonstration; not observed event operations.
rail_disruption,2026-07-19T18:55:00Z,235,post_match,meadowlands_stadium_walk,meadowlands_access,stadium_egress,0,8.0,1.3,1092,1.0,synthetic,scenario,Synthetic scenario assumption for FinalFlow demonstration; not observed event operations.
rail_disruption,2026-07-19T18:55:00Z,235,post_match,stadium_egress_walk,stadium_egress,meadowlands_access,0,10.0,1.3,1365,1.0,synthetic,scenario,Synthetic scenario assumption for FinalFlow demonstration; not observed event operations.
rail_disruption,2026-07-19T19:00:00Z,240,post_match,midtown_penn_walk,midtown_access,penn_station_access,0,7.0,1.3,955,1.0,synthetic,scenario,Synthetic scenario assumption for FinalFlow demonstration; not observed event operations.
rail_disruption,2026-07-19T19:00:00Z,240,post_match,penn_concourse,penn_station_access,penn_station_access,0,9.0,1.3,1228,1.0,synthetic,scenario,Synthetic scenario assumption for FinalFlow demonstration; not observed event operations.
rail_disruption,2026-07-19T19:00:00Z,240,post_match,secaucus_transfer,secaucus_transfer,secaucus_transfer,0,8.0,1.3,1092,1.0,synthetic,scenario,Synthetic scenario assumption for FinalFlow demonstration; not observed event operations.
rail_disruption,2026-07-19T19:00:00Z,240,post_match,meadowlands_platform,meadowlands_access,meadowlands_access,0,6.0,1.3,819,1.0,synthetic,scenario,Synthetic scenario assumption for FinalFlow demonstration; not observed event operations.
rail_disruption,2026-07-19T19:00:00Z,240,post_match,meadowlands_stadium_walk,meadowlands_access,stadium_egress,0,8.0,1.3,1092,1.0,synthetic,scenario,Synthetic scenario assumption for FinalFlow demonstration; not observed event operations.
rail_disruption,2026-07-19T19:00:00Z,240,post_match,stadium_egress_walk,stadium_egress,meadowlands_access,0,10.0,1.3,1365,1.0,synthetic,scenario,Synthetic scenario assumption for FinalFlow demonstration; not observed event operations.
rail_disruption,2026-07-19T19:05:00Z,245,post_match,midtown_penn_walk,midtown_access,penn_station_access,0,7.0,1.3,955,1.0,synthetic,scenario,Synthetic scenario assumption for FinalFlow demonstration; not observed event operations.
rail_disruption,2026-07-19T19:05:00Z,245,post_match,penn_concourse,penn_station_access,penn_station_access,0,9.0,1.3,1228,1.0,synthetic,scenario,Synthetic scenario assumption for FinalFlow demonstration; not observed event operations.
rail_disruption,2026-07-19T19:05:00Z,245,post_match,secaucus_transfer,secaucus_transfer,secaucus_transfer,0,8.0,1.3,1092,1.0,synthetic,scenario,Synthetic scenario assumption for FinalFlow demonstration; not observed event operations.
rail_disruption,2026-07-19T19:05:00Z,245,post_match,meadowlands_platform,meadowlands_access,meadowlands_access,0,6.0,1.3,819,1.0,synthetic,scenario,Synthetic scenario assumption for FinalFlow demonstration; not observed event operations.
rail_disruption,2026-07-19T19:05:00Z,245,post_match,meadowlands_stadium_walk,meadowlands_access,stadium_egress,0,8.0,1.3,1092,1.0,synthetic,scenario,Synthetic scenario assumption for FinalFlow demonstration; not observed event operations.
rail_disruption,2026-07-19T19:05:00Z,245,post_match,stadium_egress_walk,stadium_egress,meadowlands_access,0,10.0,1.3,1365,1.0,synthetic,scenario,Synthetic scenario assumption for FinalFlow demonstration; not observed event operations.
rail_disruption,2026-07-19T19:10:00Z,250,post_match,midtown_penn_walk,midtown_access,penn_station_access,0,7.0,1.3,955,1.0,synthetic,scenario,Synthetic scenario assumption for FinalFlow demonstration; not observed event operations.
rail_disruption,2026-07-19T19:10:00Z,250,post_match,penn_concourse,penn_station_access,penn_station_access,0,9.0,1.3,1228,1.0,synthetic,scenario,Synthetic scenario assumption for FinalFlow demonstration; not observed event operations.
rail_disruption,2026-07-19T19:10:00Z,250,post_match,secaucus_transfer,secaucus_transfer,secaucus_transfer,0,8.0,1.3,1092,1.0,synthetic,scenario,Synthetic scenario assumption for FinalFlow demonstration; not observed event operations.
rail_disruption,2026-07-19T19:10:00Z,250,post_match,meadowlands_platform,meadowlands_access,meadowlands_access,0,6.0,1.3,819,1.0,synthetic,scenario,Synthetic scenario assumption for FinalFlow demonstration; not observed event operations.
rail_disruption,2026-07-19T19:10:00Z,250,post_match,meadowlands_stadium_walk,meadowlands_access,stadium_egress,0,8.0,1.3,1092,1.0,synthetic,scenario,Synthetic scenario assumption for FinalFlow demonstration; not observed event operations.
rail_disruption,2026-07-19T19:10:00Z,250,post_match,stadium_egress_walk,stadium_egress,meadowlands_access,0,10.0,1.3,1365,1.0,synthetic,scenario,Synthetic scenario assumption for FinalFlow demonstration; not observed event operations.
rail_disruption,2026-07-19T19:15:00Z,255,post_match,midtown_penn_walk,midtown_access,penn_station_access,0,7.0,1.3,955,1.0,synthetic,scenario,Synthetic scenario assumption for FinalFlow demonstration; not observed event operations.
rail_disruption,2026-07-19T19:15:00Z,255,post_match,penn_concourse,penn_station_access,penn_station_access,0,9.0,1.3,1228,1.0,synthetic,scenario,Synthetic scenario assumption for FinalFlow demonstration; not observed event operations.
rail_disruption,2026-07-19T19:15:00Z,255,post_match,secaucus_transfer,secaucus_transfer,secaucus_transfer,0,8.0,1.3,1092,1.0,synthetic,scenario,Synthetic scenario assumption for FinalFlow demonstration; not observed event operations.
rail_disruption,2026-07-19T19:15:00Z,255,post_match,meadowlands_platform,meadowlands_access,meadowlands_access,0,6.0,1.3,819,1.0,synthetic,scenario,Synthetic scenario assumption for FinalFlow demonstration; not observed event operations.
rail_disruption,2026-07-19T19:15:00Z,255,post_match,meadowlands_stadium_walk,meadowlands_access,stadium_egress,0,8.0,1.3,1092,1.0,synthetic,scenario,Synthetic scenario assumption for FinalFlow demonstration; not observed event operations.
rail_disruption,2026-07-19T19:15:00Z,255,post_match,stadium_egress_walk,stadium_egress,meadowlands_access,0,10.0,1.3,1365,1.0,synthetic,scenario,Synthetic scenario assumption for FinalFlow demonstration; not observed event operations.
rail_disruption,2026-07-19T19:20:00Z,260,post_match,midtown_penn_walk,midtown_access,penn_station_access,0,7.0,1.3,955,1.0,synthetic,scenario,Synthetic scenario assumption for FinalFlow demonstration; not observed event operations.
rail_disruption,2026-07-19T19:20:00Z,260,post_match,penn_concourse,penn_station_access,penn_station_access,0,9.0,1.3,1228,1.0,synthetic,scenario,Synthetic scenario assumption for FinalFlow demonstration; not observed event operations.
rail_disruption,2026-07-19T19:20:00Z,260,post_match,secaucus_transfer,secaucus_transfer,secaucus_transfer,0,8.0,1.3,1092,1.0,synthetic,scenario,Synthetic scenario assumption for FinalFlow demonstration; not observed event operations.
rail_disruption,2026-07-19T19:20:00Z,260,post_match,meadowlands_platform,meadowlands_access,meadowlands_access,0,6.0,1.3,819,1.0,synthetic,scenario,Synthetic scenario assumption for FinalFlow demonstration; not observed event operations.
rail_disruption,2026-07-19T19:20:00Z,260,post_match,meadowlands_stadium_walk,meadowlands_access,stadium_egress,0,8.0,1.3,1092,1.0,synthetic,scenario,Synthetic scenario assumption for FinalFlow demonstration; not observed event operations.
rail_disruption,2026-07-19T19:20:00Z,260,post_match,stadium_egress_walk,stadium_egress,meadowlands_access,0,10.0,1.3,1365,1.0,synthetic,scenario,Synthetic scenario assumption for FinalFlow demonstration; not observed event operations.
rail_disruption,2026-07-19T19:25:00Z,265,post_match,midtown_penn_walk,midtown_access,penn_station_access,0,7.0,1.3,955,1.0,synthetic,scenario,Synthetic scenario assumption for FinalFlow demonstration; not observed event operations.
rail_disruption,2026-07-19T19:25:00Z,265,post_match,penn_concourse,penn_station_access,penn_station_access,0,9.0,1.3,1228,1.0,synthetic,scenario,Synthetic scenario assumption for FinalFlow demonstration; not observed event operations.
rail_disruption,2026-07-19T19:25:00Z,265,post_match,secaucus_transfer,secaucus_transfer,secaucus_transfer,0,8.0,1.3,1092,1.0,synthetic,scenario,Synthetic scenario assumption for FinalFlow demonstration; not observed event operations.
rail_disruption,2026-07-19T19:25:00Z,265,post_match,meadowlands_platform,meadowlands_access,meadowlands_access,0,6.0,1.3,819,1.0,synthetic,scenario,Synthetic scenario assumption for FinalFlow demonstration; not observed event operations.
rail_disruption,2026-07-19T19:25:00Z,265,post_match,meadowlands_stadium_walk,meadowlands_access,stadium_egress,0,8.0,1.3,1092,1.0,synthetic,scenario,Synthetic scenario assumption for FinalFlow demonstration; not observed event operations.
rail_disruption,2026-07-19T19:25:00Z,265,post_match,stadium_egress_walk,stadium_egress,meadowlands_access,0,10.0,1.3,1365,1.0,synthetic,scenario,Synthetic scenario assumption for FinalFlow demonstration; not observed event operations.
rail_disruption,2026-07-19T19:30:00Z,270,post_match,midtown_penn_walk,midtown_access,penn_station_access,0,7.0,1.3,955,1.0,synthetic,scenario,Synthetic scenario assumption for FinalFlow demonstration; not observed event operations.
rail_disruption,2026-07-19T19:30:00Z,270,post_match,penn_concourse,penn_station_access,penn_station_access,0,9.0,1.3,1228,1.0,synthetic,scenario,Synthetic scenario assumption for FinalFlow demonstration; not observed event operations.
rail_disruption,2026-07-19T19:30:00Z,270,post_match,secaucus_transfer,secaucus_transfer,secaucus_transfer,0,8.0,1.3,1092,1.0,synthetic,scenario,Synthetic scenario assumption for FinalFlow demonstration; not observed event operations.
rail_disruption,2026-07-19T19:30:00Z,270,post_match,meadowlands_platform,meadowlands_access,meadowlands_access,0,6.0,1.3,819,1.0,synthetic,scenario,Synthetic scenario assumption for FinalFlow demonstration; not observed event operations.
rail_disruption,2026-07-19T19:30:00Z,270,post_match,meadowlands_stadium_walk,meadowlands_access,stadium_egress,0,8.0,1.3,1092,1.0,synthetic,scenario,Synthetic scenario assumption for FinalFlow demonstration; not observed event operations.
rail_disruption,2026-07-19T19:30:00Z,270,post_match,stadium_egress_walk,stadium_egress,meadowlands_access,0,10.0,1.3,1365,1.0,synthetic,scenario,Synthetic scenario assumption for FinalFlow demonstration; not observed event operations.
rail_disruption,2026-07-19T19:35:00Z,275,post_match,midtown_penn_walk,midtown_access,penn_station_access,0,7.0,1.3,955,1.0,synthetic,scenario,Synthetic scenario assumption for FinalFlow demonstration; not observed event operations.
rail_disruption,2026-07-19T19:35:00Z,275,post_match,penn_concourse,penn_station_access,penn_station_access,0,9.0,1.3,1228,1.0,synthetic,scenario,Synthetic scenario assumption for FinalFlow demonstration; not observed event operations.
rail_disruption,2026-07-19T19:35:00Z,275,post_match,secaucus_transfer,secaucus_transfer,secaucus_transfer,0,8.0,1.3,1092,1.0,synthetic,scenario,Synthetic scenario assumption for FinalFlow demonstration; not observed event operations.
rail_disruption,2026-07-19T19:35:00Z,275,post_match,meadowlands_platform,meadowlands_access,meadowlands_access,0,6.0,1.3,819,1.0,synthetic,scenario,Synthetic scenario assumption for FinalFlow demonstration; not observed event operations.
rail_disruption,2026-07-19T19:35:00Z,275,post_match,meadowlands_stadium_walk,meadowlands_access,stadium_egress,0,8.0,1.3,1092,1.0,synthetic,scenario,Synthetic scenario assumption for FinalFlow demonstration; not observed event operations.
rail_disruption,2026-07-19T19:35:00Z,275,post_match,stadium_egress_walk,stadium_egress,meadowlands_access,0,10.0,1.3,1365,1.0,synthetic,scenario,Synthetic scenario assumption for FinalFlow demonstration; not observed event operations.
rail_disruption,2026-07-19T19:40:00Z,280,post_match,midtown_penn_walk,midtown_access,penn_station_access,0,7.0,1.3,955,1.0,synthetic,scenario,Synthetic scenario assumption for FinalFlow demonstration; not observed event operations.
rail_disruption,2026-07-19T19:40:00Z,280,post_match,penn_concourse,penn_station_access,penn_station_access,0,9.0,1.3,1228,1.0,synthetic,scenario,Synthetic scenario assumption for FinalFlow demonstration; not observed event operations.
rail_disruption,2026-07-19T19:40:00Z,280,post_match,secaucus_transfer,secaucus_transfer,secaucus_transfer,0,8.0,1.3,1092,1.0,synthetic,scenario,Synthetic scenario assumption for FinalFlow demonstration; not observed event operations.
rail_disruption,2026-07-19T19:40:00Z,280,post_match,meadowlands_platform,meadowlands_access,meadowlands_access,0,6.0,1.3,819,1.0,synthetic,scenario,Synthetic scenario assumption for FinalFlow demonstration; not observed event operations.
rail_disruption,2026-07-19T19:40:00Z,280,post_match,meadowlands_stadium_walk,meadowlands_access,stadium_egress,0,8.0,1.3,1092,1.0,synthetic,scenario,Synthetic scenario assumption for FinalFlow demonstration; not observed event operations.
rail_disruption,2026-07-19T19:40:00Z,280,post_match,stadium_egress_walk,stadium_egress,meadowlands_access,0,10.0,1.3,1365,1.0,synthetic,scenario,Synthetic scenario assumption for FinalFlow demonstration; not observed event operations.
rail_disruption,2026-07-19T19:45:00Z,285,post_match,midtown_penn_walk,midtown_access,penn_station_access,0,7.0,1.3,955,1.0,synthetic,scenario,Synthetic scenario assumption for FinalFlow demonstration; not observed event operations.
rail_disruption,2026-07-19T19:45:00Z,285,post_match,penn_concourse,penn_station_access,penn_station_access,0,9.0,1.3,1228,1.0,synthetic,scenario,Synthetic scenario assumption for FinalFlow demonstration; not observed event operations.
rail_disruption,2026-07-19T19:45:00Z,285,post_match,secaucus_transfer,secaucus_transfer,secaucus_transfer,0,8.0,1.3,1092,1.0,synthetic,scenario,Synthetic scenario assumption for FinalFlow demonstration; not observed event operations.
rail_disruption,2026-07-19T19:45:00Z,285,post_match,meadowlands_platform,meadowlands_access,meadowlands_access,0,6.0,1.3,819,1.0,synthetic,scenario,Synthetic scenario assumption for FinalFlow demonstration; not observed event operations.
rail_disruption,2026-07-19T19:45:00Z,285,post_match,meadowlands_stadium_walk,meadowlands_access,stadium_egress,0,8.0,1.3,1092,1.0,synthetic,scenario,Synthetic scenario assumption for FinalFlow demonstration; not observed event operations.
rail_disruption,2026-07-19T19:45:00Z,285,post_match,stadium_egress_walk,stadium_egress,meadowlands_access,0,10.0,1.3,1365,1.0,synthetic,scenario,Synthetic scenario assumption for FinalFlow demonstration; not observed event operations.
rail_disruption,2026-07-19T19:50:00Z,290,post_match,midtown_penn_walk,midtown_access,penn_station_access,0,7.0,1.3,955,1.0,synthetic,scenario,Synthetic scenario assumption for FinalFlow demonstration; not observed event operations.
rail_disruption,2026-07-19T19:50:00Z,290,post_match,penn_concourse,penn_station_access,penn_station_access,0,9.0,1.3,1228,1.0,synthetic,scenario,Synthetic scenario assumption for FinalFlow demonstration; not observed event operations.
rail_disruption,2026-07-19T19:50:00Z,290,post_match,secaucus_transfer,secaucus_transfer,secaucus_transfer,0,8.0,1.3,1092,1.0,synthetic,scenario,Synthetic scenario assumption for FinalFlow demonstration; not observed event operations.
rail_disruption,2026-07-19T19:50:00Z,290,post_match,meadowlands_platform,meadowlands_access,meadowlands_access,0,6.0,1.3,819,1.0,synthetic,scenario,Synthetic scenario assumption for FinalFlow demonstration; not observed event operations.
rail_disruption,2026-07-19T19:50:00Z,290,post_match,meadowlands_stadium_walk,meadowlands_access,stadium_egress,0,8.0,1.3,1092,1.0,synthetic,scenario,Synthetic scenario assumption for FinalFlow demonstration; not observed event operations.
rail_disruption,2026-07-19T19:50:00Z,290,post_match,stadium_egress_walk,stadium_egress,meadowlands_access,0,10.0,1.3,1365,1.0,synthetic,scenario,Synthetic scenario assumption for FinalFlow demonstration; not observed event operations.
rail_disruption,2026-07-19T19:55:00Z,295,post_match,midtown_penn_walk,midtown_access,penn_station_access,0,7.0,1.3,955,1.0,synthetic,scenario,Synthetic scenario assumption for FinalFlow demonstration; not observed event operations.
rail_disruption,2026-07-19T19:55:00Z,295,post_match,penn_concourse,penn_station_access,penn_station_access,0,9.0,1.3,1228,1.0,synthetic,scenario,Synthetic scenario assumption for FinalFlow demonstration; not observed event operations.
rail_disruption,2026-07-19T19:55:00Z,295,post_match,secaucus_transfer,secaucus_transfer,secaucus_transfer,0,8.0,1.3,1092,1.0,synthetic,scenario,Synthetic scenario assumption for FinalFlow demonstration; not observed event operations.
rail_disruption,2026-07-19T19:55:00Z,295,post_match,meadowlands_platform,meadowlands_access,meadowlands_access,0,6.0,1.3,819,1.0,synthetic,scenario,Synthetic scenario assumption for FinalFlow demonstration; not observed event operations.
rail_disruption,2026-07-19T19:55:00Z,295,post_match,meadowlands_stadium_walk,meadowlands_access,stadium_egress,0,8.0,1.3,1092,1.0,synthetic,scenario,Synthetic scenario assumption for FinalFlow demonstration; not observed event operations.
rail_disruption,2026-07-19T19:55:00Z,295,post_match,stadium_egress_walk,stadium_egress,meadowlands_access,0,10.0,1.3,1365,1.0,synthetic,scenario,Synthetic scenario assumption for FinalFlow demonstration; not observed event operations.
rail_disruption,2026-07-19T20:00:00Z,300,post_match,midtown_penn_walk,midtown_access,penn_station_access,0,7.0,1.3,955,1.0,synthetic,scenario,Synthetic scenario assumption for FinalFlow demonstration; not observed event operations.
rail_disruption,2026-07-19T20:00:00Z,300,post_match,penn_concourse,penn_station_access,penn_station_access,0,9.0,1.3,1228,1.0,synthetic,scenario,Synthetic scenario assumption for FinalFlow demonstration; not observed event operations.
rail_disruption,2026-07-19T20:00:00Z,300,post_match,secaucus_transfer,secaucus_transfer,secaucus_transfer,0,8.0,1.3,1092,1.0,synthetic,scenario,Synthetic scenario assumption for FinalFlow demonstration; not observed event operations.
rail_disruption,2026-07-19T20:00:00Z,300,post_match,meadowlands_platform,meadowlands_access,meadowlands_access,0,6.0,1.3,819,1.0,synthetic,scenario,Synthetic scenario assumption for FinalFlow demonstration; not observed event operations.
rail_disruption,2026-07-19T20:00:00Z,300,post_match,meadowlands_stadium_walk,meadowlands_access,stadium_egress,0,8.0,1.3,1092,1.0,synthetic,scenario,Synthetic scenario assumption for FinalFlow demonstration; not observed event operations.
rail_disruption,2026-07-19T20:00:00Z,300,post_match,stadium_egress_walk,stadium_egress,meadowlands_access,0,10.0,1.3,1365,1.0,synthetic,scenario,Synthetic scenario assumption for FinalFlow demonstration; not observed event operations.
rail_disruption,2026-07-19T20:05:00Z,305,post_match,midtown_penn_walk,midtown_access,penn_station_access,0,7.0,1.3,955,1.0,synthetic,scenario,Synthetic scenario assumption for FinalFlow demonstration; not observed event operations.
rail_disruption,2026-07-19T20:05:00Z,305,post_match,penn_concourse,penn_station_access,penn_station_access,0,9.0,1.3,1228,1.0,synthetic,scenario,Synthetic scenario assumption for FinalFlow demonstration; not observed event operations.
rail_disruption,2026-07-19T20:05:00Z,305,post_match,secaucus_transfer,secaucus_transfer,secaucus_transfer,0,8.0,1.3,1092,1.0,synthetic,scenario,Synthetic scenario assumption for FinalFlow demonstration; not observed event operations.
rail_disruption,2026-07-19T20:05:00Z,305,post_match,meadowlands_platform,meadowlands_access,meadowlands_access,0,6.0,1.3,819,1.0,synthetic,scenario,Synthetic scenario assumption for FinalFlow demonstration; not observed event operations.
rail_disruption,2026-07-19T20:05:00Z,305,post_match,meadowlands_stadium_walk,meadowlands_access,stadium_egress,0,8.0,1.3,1092,1.0,synthetic,scenario,Synthetic scenario assumption for FinalFlow demonstration; not observed event operations.
rail_disruption,2026-07-19T20:05:00Z,305,post_match,stadium_egress_walk,stadium_egress,meadowlands_access,0,10.0,1.3,1365,1.0,synthetic,scenario,Synthetic scenario assumption for FinalFlow demonstration; not observed event operations.
rail_disruption,2026-07-19T20:10:00Z,310,post_match,midtown_penn_walk,midtown_access,penn_station_access,0,7.0,1.3,955,1.0,synthetic,scenario,Synthetic scenario assumption for FinalFlow demonstration; not observed event operations.
rail_disruption,2026-07-19T20:10:00Z,310,post_match,penn_concourse,penn_station_access,penn_station_access,0,9.0,1.3,1228,1.0,synthetic,scenario,Synthetic scenario assumption for FinalFlow demonstration; not observed event operations.
rail_disruption,2026-07-19T20:10:00Z,310,post_match,secaucus_transfer,secaucus_transfer,secaucus_transfer,0,8.0,1.3,1092,1.0,synthetic,scenario,Synthetic scenario assumption for FinalFlow demonstration; not observed event operations.
rail_disruption,2026-07-19T20:10:00Z,310,post_match,meadowlands_platform,meadowlands_access,meadowlands_access,0,6.0,1.3,819,1.0,synthetic,scenario,Synthetic scenario assumption for FinalFlow demonstration; not observed event operations.
rail_disruption,2026-07-19T20:10:00Z,310,post_match,meadowlands_stadium_walk,meadowlands_access,stadium_egress,0,8.0,1.3,1092,1.0,synthetic,scenario,Synthetic scenario assumption for FinalFlow demonstration; not observed event operations.
rail_disruption,2026-07-19T20:10:00Z,310,post_match,stadium_egress_walk,stadium_egress,meadowlands_access,0,10.0,1.3,1365,1.0,synthetic,scenario,Synthetic scenario assumption for FinalFlow demonstration; not observed event operations.
rail_disruption,2026-07-19T20:15:00Z,315,post_match,midtown_penn_walk,midtown_access,penn_station_access,0,7.0,1.3,955,1.0,synthetic,scenario,Synthetic scenario assumption for FinalFlow demonstration; not observed event operations.
rail_disruption,2026-07-19T20:15:00Z,315,post_match,penn_concourse,penn_station_access,penn_station_access,0,9.0,1.3,1228,1.0,synthetic,scenario,Synthetic scenario assumption for FinalFlow demonstration; not observed event operations.
rail_disruption,2026-07-19T20:15:00Z,315,post_match,secaucus_transfer,secaucus_transfer,secaucus_transfer,0,8.0,1.3,1092,1.0,synthetic,scenario,Synthetic scenario assumption for FinalFlow demonstration; not observed event operations.
rail_disruption,2026-07-19T20:15:00Z,315,post_match,meadowlands_platform,meadowlands_access,meadowlands_access,0,6.0,1.3,819,1.0,synthetic,scenario,Synthetic scenario assumption for FinalFlow demonstration; not observed event operations.
rail_disruption,2026-07-19T20:15:00Z,315,post_match,meadowlands_stadium_walk,meadowlands_access,stadium_egress,0,8.0,1.3,1092,1.0,synthetic,scenario,Synthetic scenario assumption for FinalFlow demonstration; not observed event operations.
rail_disruption,2026-07-19T20:15:00Z,315,post_match,stadium_egress_walk,stadium_egress,meadowlands_access,0,10.0,1.3,1365,1.0,synthetic,scenario,Synthetic scenario assumption for FinalFlow demonstration; not observed event operations.
rail_capacity_boost,2026-07-19T12:00:00Z,-180,pre_match,midtown_penn_walk,midtown_access,penn_station_access,0,7.0,1.3,955,1.0,synthetic,scenario,Synthetic scenario assumption for FinalFlow demonstration; not observed event operations.
rail_capacity_boost,2026-07-19T12:00:00Z,-180,pre_match,penn_concourse,penn_station_access,penn_station_access,0,9.0,1.3,1228,1.0,synthetic,scenario,Synthetic scenario assumption for FinalFlow demonstration; not observed event operations.
rail_capacity_boost,2026-07-19T12:00:00Z,-180,pre_match,secaucus_transfer,secaucus_transfer,secaucus_transfer,0,8.0,1.3,1092,1.0,synthetic,scenario,Synthetic scenario assumption for FinalFlow demonstration; not observed event operations.
rail_capacity_boost,2026-07-19T12:00:00Z,-180,pre_match,meadowlands_platform,meadowlands_access,meadowlands_access,0,6.0,1.3,819,1.0,synthetic,scenario,Synthetic scenario assumption for FinalFlow demonstration; not observed event operations.
rail_capacity_boost,2026-07-19T12:00:00Z,-180,pre_match,meadowlands_stadium_walk,meadowlands_access,stadium_egress,0,8.0,1.3,1092,1.0,synthetic,scenario,Synthetic scenario assumption for FinalFlow demonstration; not observed event operations.
rail_capacity_boost,2026-07-19T12:00:00Z,-180,pre_match,stadium_egress_walk,stadium_egress,meadowlands_access,0,10.0,1.3,1365,1.0,synthetic,scenario,Synthetic scenario assumption for FinalFlow demonstration; not observed event operations.
rail_capacity_boost,2026-07-19T12:05:00Z,-175,pre_match,midtown_penn_walk,midtown_access,penn_station_access,0,7.0,1.3,955,1.0,synthetic,scenario,Synthetic scenario assumption for FinalFlow demonstration; not observed event operations.
rail_capacity_boost,2026-07-19T12:05:00Z,-175,pre_match,penn_concourse,penn_station_access,penn_station_access,0,9.0,1.3,1228,1.0,synthetic,scenario,Synthetic scenario assumption for FinalFlow demonstration; not observed event operations.
rail_capacity_boost,2026-07-19T12:05:00Z,-175,pre_match,secaucus_transfer,secaucus_transfer,secaucus_transfer,0,8.0,1.3,1092,1.0,synthetic,scenario,Synthetic scenario assumption for FinalFlow demonstration; not observed event operations.
rail_capacity_boost,2026-07-19T12:05:00Z,-175,pre_match,meadowlands_platform,meadowlands_access,meadowlands_access,0,6.0,1.3,819,1.0,synthetic,scenario,Synthetic scenario assumption for FinalFlow demonstration; not observed event operations.
rail_capacity_boost,2026-07-19T12:05:00Z,-175,pre_match,meadowlands_stadium_walk,meadowlands_access,stadium_egress,0,8.0,1.3,1092,1.0,synthetic,scenario,Synthetic scenario assumption for FinalFlow demonstration; not observed event operations.
rail_capacity_boost,2026-07-19T12:05:00Z,-175,pre_match,stadium_egress_walk,stadium_egress,meadowlands_access,0,10.0,1.3,1365,1.0,synthetic,scenario,Synthetic scenario assumption for FinalFlow demonstration; not observed event operations.
rail_capacity_boost,2026-07-19T12:10:00Z,-170,pre_match,midtown_penn_walk,midtown_access,penn_station_access,0,7.0,1.3,955,1.0,synthetic,scenario,Synthetic scenario assumption for FinalFlow demonstration; not observed event operations.
rail_capacity_boost,2026-07-19T12:10:00Z,-170,pre_match,penn_concourse,penn_station_access,penn_station_access,0,9.0,1.3,1228,1.0,synthetic,scenario,Synthetic scenario assumption for FinalFlow demonstration; not observed event operations.
rail_capacity_boost,2026-07-19T12:10:00Z,-170,pre_match,secaucus_transfer,secaucus_transfer,secaucus_transfer,0,8.0,1.3,1092,1.0,synthetic,scenario,Synthetic scenario assumption for FinalFlow demonstration; not observed event operations.
rail_capacity_boost,2026-07-19T12:10:00Z,-170,pre_match,meadowlands_platform,meadowlands_access,meadowlands_access,0,6.0,1.3,819,1.0,synthetic,scenario,Synthetic scenario assumption for FinalFlow demonstration; not observed event operations.
rail_capacity_boost,2026-07-19T12:10:00Z,-170,pre_match,meadowlands_stadium_walk,meadowlands_access,stadium_egress,0,8.0,1.3,1092,1.0,synthetic,scenario,Synthetic scenario assumption for FinalFlow demonstration; not observed event operations.
rail_capacity_boost,2026-07-19T12:10:00Z,-170,pre_match,stadium_egress_walk,stadium_egress,meadowlands_access,0,10.0,1.3,1365,1.0,synthetic,scenario,Synthetic scenario assumption for FinalFlow demonstration; not observed event operations.
rail_capacity_boost,2026-07-19T12:15:00Z,-165,pre_match,midtown_penn_walk,midtown_access,penn_station_access,0,7.0,1.3,955,1.0,synthetic,scenario,Synthetic scenario assumption for FinalFlow demonstration; not observed event operations.
rail_capacity_boost,2026-07-19T12:15:00Z,-165,pre_match,penn_concourse,penn_station_access,penn_station_access,0,9.0,1.3,1228,1.0,synthetic,scenario,Synthetic scenario assumption for FinalFlow demonstration; not observed event operations.
rail_capacity_boost,2026-07-19T12:15:00Z,-165,pre_match,secaucus_transfer,secaucus_transfer,secaucus_transfer,0,8.0,1.3,1092,1.0,synthetic,scenario,Synthetic scenario assumption for FinalFlow demonstration; not observed event operations.
rail_capacity_boost,2026-07-19T12:15:00Z,-165,pre_match,meadowlands_platform,meadowlands_access,meadowlands_access,0,6.0,1.3,819,1.0,synthetic,scenario,Synthetic scenario assumption for FinalFlow demonstration; not observed event operations.
rail_capacity_boost,2026-07-19T12:15:00Z,-165,pre_match,meadowlands_stadium_walk,meadowlands_access,stadium_egress,0,8.0,1.3,1092,1.0,synthetic,scenario,Synthetic scenario assumption for FinalFlow demonstration; not observed event operations.
rail_capacity_boost,2026-07-19T12:15:00Z,-165,pre_match,stadium_egress_walk,stadium_egress,meadowlands_access,0,10.0,1.3,1365,1.0,synthetic,scenario,Synthetic scenario assumption for FinalFlow demonstration; not observed event operations.
rail_capacity_boost,2026-07-19T12:20:00Z,-160,pre_match,midtown_penn_walk,midtown_access,penn_station_access,0,7.0,1.3,955,1.0,synthetic,scenario,Synthetic scenario assumption for FinalFlow demonstration; not observed event operations.
rail_capacity_boost,2026-07-19T12:20:00Z,-160,pre_match,penn_concourse,penn_station_access,penn_station_access,0,9.0,1.3,1228,1.0,synthetic,scenario,Synthetic scenario assumption for FinalFlow demonstration; not observed event operations.
rail_capacity_boost,2026-07-19T12:20:00Z,-160,pre_match,secaucus_transfer,secaucus_transfer,secaucus_transfer,0,8.0,1.3,1092,1.0,synthetic,scenario,Synthetic scenario assumption for FinalFlow demonstration; not observed event operations.
rail_capacity_boost,2026-07-19T12:20:00Z,-160,pre_match,meadowlands_platform,meadowlands_access,meadowlands_access,0,6.0,1.3,819,1.0,synthetic,scenario,Synthetic scenario assumption for FinalFlow demonstration; not observed event operations.
rail_capacity_boost,2026-07-19T12:20:00Z,-160,pre_match,meadowlands_stadium_walk,meadowlands_access,stadium_egress,0,8.0,1.3,1092,1.0,synthetic,scenario,Synthetic scenario assumption for FinalFlow demonstration; not observed event operations.
rail_capacity_boost,2026-07-19T12:20:00Z,-160,pre_match,stadium_egress_walk,stadium_egress,meadowlands_access,0,10.0,1.3,1365,1.0,synthetic,scenario,Synthetic scenario assumption for FinalFlow demonstration; not observed event operations.
rail_capacity_boost,2026-07-19T12:25:00Z,-155,pre_match,midtown_penn_walk,midtown_access,penn_station_access,0,7.0,1.3,955,1.0,synthetic,scenario,Synthetic scenario assumption for FinalFlow demonstration; not observed event operations.
rail_capacity_boost,2026-07-19T12:25:00Z,-155,pre_match,penn_concourse,penn_station_access,penn_station_access,0,9.0,1.3,1228,1.0,synthetic,scenario,Synthetic scenario assumption for FinalFlow demonstration; not observed event operations.
rail_capacity_boost,2026-07-19T12:25:00Z,-155,pre_match,secaucus_transfer,secaucus_transfer,secaucus_transfer,0,8.0,1.3,1092,1.0,synthetic,scenario,Synthetic scenario assumption for FinalFlow demonstration; not observed event operations.
rail_capacity_boost,2026-07-19T12:25:00Z,-155,pre_match,meadowlands_platform,meadowlands_access,meadowlands_access,0,6.0,1.3,819,1.0,synthetic,scenario,Synthetic scenario assumption for FinalFlow demonstration; not observed event operations.
rail_capacity_boost,2026-07-19T12:25:00Z,-155,pre_match,meadowlands_stadium_walk,meadowlands_access,stadium_egress,0,8.0,1.3,1092,1.0,synthetic,scenario,Synthetic scenario assumption for FinalFlow demonstration; not observed event operations.
rail_capacity_boost,2026-07-19T12:25:00Z,-155,pre_match,stadium_egress_walk,stadium_egress,meadowlands_access,0,10.0,1.3,1365,1.0,synthetic,scenario,Synthetic scenario assumption for FinalFlow demonstration; not observed event operations.
rail_capacity_boost,2026-07-19T12:30:00Z,-150,pre_match,midtown_penn_walk,midtown_access,penn_station_access,5,7.0,1.3,955,1.0,synthetic,scenario,Synthetic scenario assumption for FinalFlow demonstration; not observed event operations.
rail_capacity_boost,2026-07-19T12:30:00Z,-150,pre_match,penn_concourse,penn_station_access,penn_station_access,5,9.0,1.3,1228,1.0,synthetic,scenario,Synthetic scenario assumption for FinalFlow demonstration; not observed event operations.
rail_capacity_boost,2026-07-19T12:30:00Z,-150,pre_match,secaucus_transfer,secaucus_transfer,secaucus_transfer,5,8.0,1.3,1092,1.0,synthetic,scenario,Synthetic scenario assumption for FinalFlow demonstration; not observed event operations.
rail_capacity_boost,2026-07-19T12:30:00Z,-150,pre_match,meadowlands_platform,meadowlands_access,meadowlands_access,5,6.0,1.3,819,1.0,synthetic,scenario,Synthetic scenario assumption for FinalFlow demonstration; not observed event operations.
rail_capacity_boost,2026-07-19T12:30:00Z,-150,pre_match,meadowlands_stadium_walk,meadowlands_access,stadium_egress,5,8.0,1.3,1092,1.0,synthetic,scenario,Synthetic scenario assumption for FinalFlow demonstration; not observed event operations.
rail_capacity_boost,2026-07-19T12:30:00Z,-150,pre_match,stadium_egress_walk,stadium_egress,meadowlands_access,5,10.0,1.3,1365,1.0,synthetic,scenario,Synthetic scenario assumption for FinalFlow demonstration; not observed event operations.
rail_capacity_boost,2026-07-19T12:35:00Z,-145,pre_match,midtown_penn_walk,midtown_access,penn_station_access,5,7.0,1.3,955,1.0,synthetic,scenario,Synthetic scenario assumption for FinalFlow demonstration; not observed event operations.
rail_capacity_boost,2026-07-19T12:35:00Z,-145,pre_match,penn_concourse,penn_station_access,penn_station_access,5,9.0,1.3,1228,1.0,synthetic,scenario,Synthetic scenario assumption for FinalFlow demonstration; not observed event operations.
rail_capacity_boost,2026-07-19T12:35:00Z,-145,pre_match,secaucus_transfer,secaucus_transfer,secaucus_transfer,5,8.0,1.3,1092,1.0,synthetic,scenario,Synthetic scenario assumption for FinalFlow demonstration; not observed event operations.
rail_capacity_boost,2026-07-19T12:35:00Z,-145,pre_match,meadowlands_platform,meadowlands_access,meadowlands_access,5,6.0,1.3,819,1.0,synthetic,scenario,Synthetic scenario assumption for FinalFlow demonstration; not observed event operations.
rail_capacity_boost,2026-07-19T12:35:00Z,-145,pre_match,meadowlands_stadium_walk,meadowlands_access,stadium_egress,5,8.0,1.3,1092,1.0,synthetic,scenario,Synthetic scenario assumption for FinalFlow demonstration; not observed event operations.
rail_capacity_boost,2026-07-19T12:35:00Z,-145,pre_match,stadium_egress_walk,stadium_egress,meadowlands_access,5,10.0,1.3,1365,1.0,synthetic,scenario,Synthetic scenario assumption for FinalFlow demonstration; not observed event operations.
rail_capacity_boost,2026-07-19T12:40:00Z,-140,pre_match,midtown_penn_walk,midtown_access,penn_station_access,5,7.0,1.3,955,1.0,synthetic,scenario,Synthetic scenario assumption for FinalFlow demonstration; not observed event operations.
rail_capacity_boost,2026-07-19T12:40:00Z,-140,pre_match,penn_concourse,penn_station_access,penn_station_access,5,9.0,1.3,1228,1.0,synthetic,scenario,Synthetic scenario assumption for FinalFlow demonstration; not observed event operations.
rail_capacity_boost,2026-07-19T12:40:00Z,-140,pre_match,secaucus_transfer,secaucus_transfer,secaucus_transfer,5,8.0,1.3,1092,1.0,synthetic,scenario,Synthetic scenario assumption for FinalFlow demonstration; not observed event operations.
rail_capacity_boost,2026-07-19T12:40:00Z,-140,pre_match,meadowlands_platform,meadowlands_access,meadowlands_access,5,6.0,1.3,819,1.0,synthetic,scenario,Synthetic scenario assumption for FinalFlow demonstration; not observed event operations.
rail_capacity_boost,2026-07-19T12:40:00Z,-140,pre_match,meadowlands_stadium_walk,meadowlands_access,stadium_egress,5,8.0,1.3,1092,1.0,synthetic,scenario,Synthetic scenario assumption for FinalFlow demonstration; not observed event operations.
rail_capacity_boost,2026-07-19T12:40:00Z,-140,pre_match,stadium_egress_walk,stadium_egress,meadowlands_access,5,10.0,1.3,1365,1.0,synthetic,scenario,Synthetic scenario assumption for FinalFlow demonstration; not observed event operations.
rail_capacity_boost,2026-07-19T12:45:00Z,-135,pre_match,midtown_penn_walk,midtown_access,penn_station_access,9,7.0,1.3,955,1.0,synthetic,scenario,Synthetic scenario assumption for FinalFlow demonstration; not observed event operations.
rail_capacity_boost,2026-07-19T12:45:00Z,-135,pre_match,penn_concourse,penn_station_access,penn_station_access,9,9.0,1.3,1228,1.0,synthetic,scenario,Synthetic scenario assumption for FinalFlow demonstration; not observed event operations.
rail_capacity_boost,2026-07-19T12:45:00Z,-135,pre_match,secaucus_transfer,secaucus_transfer,secaucus_transfer,9,8.0,1.3,1092,1.0,synthetic,scenario,Synthetic scenario assumption for FinalFlow demonstration; not observed event operations.
rail_capacity_boost,2026-07-19T12:45:00Z,-135,pre_match,meadowlands_platform,meadowlands_access,meadowlands_access,9,6.0,1.3,819,1.0,synthetic,scenario,Synthetic scenario assumption for FinalFlow demonstration; not observed event operations.
rail_capacity_boost,2026-07-19T12:45:00Z,-135,pre_match,meadowlands_stadium_walk,meadowlands_access,stadium_egress,9,8.0,1.3,1092,1.0,synthetic,scenario,Synthetic scenario assumption for FinalFlow demonstration; not observed event operations.
rail_capacity_boost,2026-07-19T12:45:00Z,-135,pre_match,stadium_egress_walk,stadium_egress,meadowlands_access,9,10.0,1.3,1365,1.0,synthetic,scenario,Synthetic scenario assumption for FinalFlow demonstration; not observed event operations.
rail_capacity_boost,2026-07-19T12:50:00Z,-130,pre_match,midtown_penn_walk,midtown_access,penn_station_access,9,7.0,1.3,955,1.0,synthetic,scenario,Synthetic scenario assumption for FinalFlow demonstration; not observed event operations.
rail_capacity_boost,2026-07-19T12:50:00Z,-130,pre_match,penn_concourse,penn_station_access,penn_station_access,9,9.0,1.3,1228,1.0,synthetic,scenario,Synthetic scenario assumption for FinalFlow demonstration; not observed event operations.
rail_capacity_boost,2026-07-19T12:50:00Z,-130,pre_match,secaucus_transfer,secaucus_transfer,secaucus_transfer,9,8.0,1.3,1092,1.0,synthetic,scenario,Synthetic scenario assumption for FinalFlow demonstration; not observed event operations.
rail_capacity_boost,2026-07-19T12:50:00Z,-130,pre_match,meadowlands_platform,meadowlands_access,meadowlands_access,9,6.0,1.3,819,1.0,synthetic,scenario,Synthetic scenario assumption for FinalFlow demonstration; not observed event operations.
rail_capacity_boost,2026-07-19T12:50:00Z,-130,pre_match,meadowlands_stadium_walk,meadowlands_access,stadium_egress,9,8.0,1.3,1092,1.0,synthetic,scenario,Synthetic scenario assumption for FinalFlow demonstration; not observed event operations.
rail_capacity_boost,2026-07-19T12:50:00Z,-130,pre_match,stadium_egress_walk,stadium_egress,meadowlands_access,9,10.0,1.3,1365,1.0,synthetic,scenario,Synthetic scenario assumption for FinalFlow demonstration; not observed event operations.
rail_capacity_boost,2026-07-19T12:55:00Z,-125,pre_match,midtown_penn_walk,midtown_access,penn_station_access,14,7.0,1.3,955,1.0,synthetic,scenario,Synthetic scenario assumption for FinalFlow demonstration; not observed event operations.
rail_capacity_boost,2026-07-19T12:55:00Z,-125,pre_match,penn_concourse,penn_station_access,penn_station_access,14,9.0,1.3,1228,1.0,synthetic,scenario,Synthetic scenario assumption for FinalFlow demonstration; not observed event operations.
rail_capacity_boost,2026-07-19T12:55:00Z,-125,pre_match,secaucus_transfer,secaucus_transfer,secaucus_transfer,14,8.0,1.3,1092,1.0,synthetic,scenario,Synthetic scenario assumption for FinalFlow demonstration; not observed event operations.
rail_capacity_boost,2026-07-19T12:55:00Z,-125,pre_match,meadowlands_platform,meadowlands_access,meadowlands_access,14,6.0,1.3,819,1.0,synthetic,scenario,Synthetic scenario assumption for FinalFlow demonstration; not observed event operations.
rail_capacity_boost,2026-07-19T12:55:00Z,-125,pre_match,meadowlands_stadium_walk,meadowlands_access,stadium_egress,14,8.0,1.3,1092,1.0,synthetic,scenario,Synthetic scenario assumption for FinalFlow demonstration; not observed event operations.
rail_capacity_boost,2026-07-19T12:55:00Z,-125,pre_match,stadium_egress_walk,stadium_egress,meadowlands_access,14,10.0,1.3,1365,1.0,synthetic,scenario,Synthetic scenario assumption for FinalFlow demonstration; not observed event operations.
rail_capacity_boost,2026-07-19T13:00:00Z,-120,gates_open,midtown_penn_walk,midtown_access,penn_station_access,14,7.0,1.3,955,1.0,synthetic,scenario,Synthetic scenario assumption for FinalFlow demonstration; not observed event operations.
rail_capacity_boost,2026-07-19T13:00:00Z,-120,gates_open,penn_concourse,penn_station_access,penn_station_access,14,9.0,1.3,1228,1.0,synthetic,scenario,Synthetic scenario assumption for FinalFlow demonstration; not observed event operations.
rail_capacity_boost,2026-07-19T13:00:00Z,-120,gates_open,secaucus_transfer,secaucus_transfer,secaucus_transfer,14,8.0,1.3,1092,1.0,synthetic,scenario,Synthetic scenario assumption for FinalFlow demonstration; not observed event operations.
rail_capacity_boost,2026-07-19T13:00:00Z,-120,gates_open,meadowlands_platform,meadowlands_access,meadowlands_access,14,6.0,1.3,819,1.0,synthetic,scenario,Synthetic scenario assumption for FinalFlow demonstration; not observed event operations.
rail_capacity_boost,2026-07-19T13:00:00Z,-120,gates_open,meadowlands_stadium_walk,meadowlands_access,stadium_egress,14,8.0,1.3,1092,1.0,synthetic,scenario,Synthetic scenario assumption for FinalFlow demonstration; not observed event operations.
rail_capacity_boost,2026-07-19T13:00:00Z,-120,gates_open,stadium_egress_walk,stadium_egress,meadowlands_access,14,10.0,1.3,1365,1.0,synthetic,scenario,Synthetic scenario assumption for FinalFlow demonstration; not observed event operations.
rail_capacity_boost,2026-07-19T13:05:00Z,-115,pre_match,midtown_penn_walk,midtown_access,penn_station_access,18,7.0,1.3,955,1.0,synthetic,scenario,Synthetic scenario assumption for FinalFlow demonstration; not observed event operations.
rail_capacity_boost,2026-07-19T13:05:00Z,-115,pre_match,penn_concourse,penn_station_access,penn_station_access,18,9.0,1.3,1228,1.0,synthetic,scenario,Synthetic scenario assumption for FinalFlow demonstration; not observed event operations.
rail_capacity_boost,2026-07-19T13:05:00Z,-115,pre_match,secaucus_transfer,secaucus_transfer,secaucus_transfer,18,8.0,1.3,1092,1.0,synthetic,scenario,Synthetic scenario assumption for FinalFlow demonstration; not observed event operations.
rail_capacity_boost,2026-07-19T13:05:00Z,-115,pre_match,meadowlands_platform,meadowlands_access,meadowlands_access,18,6.0,1.3,819,1.0,synthetic,scenario,Synthetic scenario assumption for FinalFlow demonstration; not observed event operations.
rail_capacity_boost,2026-07-19T13:05:00Z,-115,pre_match,meadowlands_stadium_walk,meadowlands_access,stadium_egress,18,8.0,1.3,1092,1.0,synthetic,scenario,Synthetic scenario assumption for FinalFlow demonstration; not observed event operations.
rail_capacity_boost,2026-07-19T13:05:00Z,-115,pre_match,stadium_egress_walk,stadium_egress,meadowlands_access,18,10.0,1.3,1365,1.0,synthetic,scenario,Synthetic scenario assumption for FinalFlow demonstration; not observed event operations.
rail_capacity_boost,2026-07-19T13:10:00Z,-110,pre_match,midtown_penn_walk,midtown_access,penn_station_access,23,7.0,1.3,955,1.0,synthetic,scenario,Synthetic scenario assumption for FinalFlow demonstration; not observed event operations.
rail_capacity_boost,2026-07-19T13:10:00Z,-110,pre_match,penn_concourse,penn_station_access,penn_station_access,23,9.0,1.3,1228,1.0,synthetic,scenario,Synthetic scenario assumption for FinalFlow demonstration; not observed event operations.
rail_capacity_boost,2026-07-19T13:10:00Z,-110,pre_match,secaucus_transfer,secaucus_transfer,secaucus_transfer,23,8.0,1.3,1092,1.0,synthetic,scenario,Synthetic scenario assumption for FinalFlow demonstration; not observed event operations.
rail_capacity_boost,2026-07-19T13:10:00Z,-110,pre_match,meadowlands_platform,meadowlands_access,meadowlands_access,23,6.0,1.3,819,1.0,synthetic,scenario,Synthetic scenario assumption for FinalFlow demonstration; not observed event operations.
rail_capacity_boost,2026-07-19T13:10:00Z,-110,pre_match,meadowlands_stadium_walk,meadowlands_access,stadium_egress,23,8.0,1.3,1092,1.0,synthetic,scenario,Synthetic scenario assumption for FinalFlow demonstration; not observed event operations.
rail_capacity_boost,2026-07-19T13:10:00Z,-110,pre_match,stadium_egress_walk,stadium_egress,meadowlands_access,23,10.0,1.3,1365,1.0,synthetic,scenario,Synthetic scenario assumption for FinalFlow demonstration; not observed event operations.
rail_capacity_boost,2026-07-19T13:15:00Z,-105,pre_match,midtown_penn_walk,midtown_access,penn_station_access,26,7.0,1.3,955,1.0,synthetic,scenario,Synthetic scenario assumption for FinalFlow demonstration; not observed event operations.
rail_capacity_boost,2026-07-19T13:15:00Z,-105,pre_match,penn_concourse,penn_station_access,penn_station_access,26,9.0,1.3,1228,1.0,synthetic,scenario,Synthetic scenario assumption for FinalFlow demonstration; not observed event operations.
rail_capacity_boost,2026-07-19T13:15:00Z,-105,pre_match,secaucus_transfer,secaucus_transfer,secaucus_transfer,26,8.0,1.3,1092,1.0,synthetic,scenario,Synthetic scenario assumption for FinalFlow demonstration; not observed event operations.
rail_capacity_boost,2026-07-19T13:15:00Z,-105,pre_match,meadowlands_platform,meadowlands_access,meadowlands_access,26,6.0,1.3,819,1.0,synthetic,scenario,Synthetic scenario assumption for FinalFlow demonstration; not observed event operations.
rail_capacity_boost,2026-07-19T13:15:00Z,-105,pre_match,meadowlands_stadium_walk,meadowlands_access,stadium_egress,26,8.0,1.3,1092,1.0,synthetic,scenario,Synthetic scenario assumption for FinalFlow demonstration; not observed event operations.
rail_capacity_boost,2026-07-19T13:15:00Z,-105,pre_match,stadium_egress_walk,stadium_egress,meadowlands_access,26,10.0,1.3,1365,1.0,synthetic,scenario,Synthetic scenario assumption for FinalFlow demonstration; not observed event operations.
rail_capacity_boost,2026-07-19T13:20:00Z,-100,pre_match,midtown_penn_walk,midtown_access,penn_station_access,31,7.0,1.3,955,1.0,synthetic,scenario,Synthetic scenario assumption for FinalFlow demonstration; not observed event operations.
rail_capacity_boost,2026-07-19T13:20:00Z,-100,pre_match,penn_concourse,penn_station_access,penn_station_access,31,9.0,1.3,1228,1.0,synthetic,scenario,Synthetic scenario assumption for FinalFlow demonstration; not observed event operations.
rail_capacity_boost,2026-07-19T13:20:00Z,-100,pre_match,secaucus_transfer,secaucus_transfer,secaucus_transfer,31,8.0,1.3,1092,1.0,synthetic,scenario,Synthetic scenario assumption for FinalFlow demonstration; not observed event operations.
rail_capacity_boost,2026-07-19T13:20:00Z,-100,pre_match,meadowlands_platform,meadowlands_access,meadowlands_access,31,6.0,1.3,819,1.0,synthetic,scenario,Synthetic scenario assumption for FinalFlow demonstration; not observed event operations.
rail_capacity_boost,2026-07-19T13:20:00Z,-100,pre_match,meadowlands_stadium_walk,meadowlands_access,stadium_egress,31,8.0,1.3,1092,1.0,synthetic,scenario,Synthetic scenario assumption for FinalFlow demonstration; not observed event operations.
rail_capacity_boost,2026-07-19T13:20:00Z,-100,pre_match,stadium_egress_walk,stadium_egress,meadowlands_access,31,10.0,1.3,1365,1.0,synthetic,scenario,Synthetic scenario assumption for FinalFlow demonstration; not observed event operations.
rail_capacity_boost,2026-07-19T13:25:00Z,-95,pre_match,midtown_penn_walk,midtown_access,penn_station_access,35,7.0,1.3,955,1.0,synthetic,scenario,Synthetic scenario assumption for FinalFlow demonstration; not observed event operations.
rail_capacity_boost,2026-07-19T13:25:00Z,-95,pre_match,penn_concourse,penn_station_access,penn_station_access,35,9.0,1.3,1228,1.0,synthetic,scenario,Synthetic scenario assumption for FinalFlow demonstration; not observed event operations.
rail_capacity_boost,2026-07-19T13:25:00Z,-95,pre_match,secaucus_transfer,secaucus_transfer,secaucus_transfer,35,8.0,1.3,1092,1.0,synthetic,scenario,Synthetic scenario assumption for FinalFlow demonstration; not observed event operations.
rail_capacity_boost,2026-07-19T13:25:00Z,-95,pre_match,meadowlands_platform,meadowlands_access,meadowlands_access,35,6.0,1.3,819,1.0,synthetic,scenario,Synthetic scenario assumption for FinalFlow demonstration; not observed event operations.
rail_capacity_boost,2026-07-19T13:25:00Z,-95,pre_match,meadowlands_stadium_walk,meadowlands_access,stadium_egress,35,8.0,1.3,1092,1.0,synthetic,scenario,Synthetic scenario assumption for FinalFlow demonstration; not observed event operations.
rail_capacity_boost,2026-07-19T13:25:00Z,-95,pre_match,stadium_egress_walk,stadium_egress,meadowlands_access,35,10.0,1.3,1365,1.0,synthetic,scenario,Synthetic scenario assumption for FinalFlow demonstration; not observed event operations.
rail_capacity_boost,2026-07-19T13:30:00Z,-90,pre_match,midtown_penn_walk,midtown_access,penn_station_access,40,7.0,1.3,955,1.0,synthetic,scenario,Synthetic scenario assumption for FinalFlow demonstration; not observed event operations.
rail_capacity_boost,2026-07-19T13:30:00Z,-90,pre_match,penn_concourse,penn_station_access,penn_station_access,40,9.0,1.3,1228,1.0,synthetic,scenario,Synthetic scenario assumption for FinalFlow demonstration; not observed event operations.
rail_capacity_boost,2026-07-19T13:30:00Z,-90,pre_match,secaucus_transfer,secaucus_transfer,secaucus_transfer,40,8.0,1.3,1092,1.0,synthetic,scenario,Synthetic scenario assumption for FinalFlow demonstration; not observed event operations.
rail_capacity_boost,2026-07-19T13:30:00Z,-90,pre_match,meadowlands_platform,meadowlands_access,meadowlands_access,40,6.0,1.3,819,1.0,synthetic,scenario,Synthetic scenario assumption for FinalFlow demonstration; not observed event operations.
rail_capacity_boost,2026-07-19T13:30:00Z,-90,pre_match,meadowlands_stadium_walk,meadowlands_access,stadium_egress,40,8.0,1.3,1092,1.0,synthetic,scenario,Synthetic scenario assumption for FinalFlow demonstration; not observed event operations.
rail_capacity_boost,2026-07-19T13:30:00Z,-90,pre_match,stadium_egress_walk,stadium_egress,meadowlands_access,40,10.0,1.3,1365,1.0,synthetic,scenario,Synthetic scenario assumption for FinalFlow demonstration; not observed event operations.
rail_capacity_boost,2026-07-19T13:35:00Z,-85,pre_match,midtown_penn_walk,midtown_access,penn_station_access,45,7.0,1.3,955,1.0,synthetic,scenario,Synthetic scenario assumption for FinalFlow demonstration; not observed event operations.
rail_capacity_boost,2026-07-19T13:35:00Z,-85,pre_match,penn_concourse,penn_station_access,penn_station_access,45,9.0,1.3,1228,1.0,synthetic,scenario,Synthetic scenario assumption for FinalFlow demonstration; not observed event operations.
rail_capacity_boost,2026-07-19T13:35:00Z,-85,pre_match,secaucus_transfer,secaucus_transfer,secaucus_transfer,45,8.0,1.3,1092,1.0,synthetic,scenario,Synthetic scenario assumption for FinalFlow demonstration; not observed event operations.
rail_capacity_boost,2026-07-19T13:35:00Z,-85,pre_match,meadowlands_platform,meadowlands_access,meadowlands_access,45,6.0,1.3,819,1.0,synthetic,scenario,Synthetic scenario assumption for FinalFlow demonstration; not observed event operations.
rail_capacity_boost,2026-07-19T13:35:00Z,-85,pre_match,meadowlands_stadium_walk,meadowlands_access,stadium_egress,45,8.0,1.3,1092,1.0,synthetic,scenario,Synthetic scenario assumption for FinalFlow demonstration; not observed event operations.
rail_capacity_boost,2026-07-19T13:35:00Z,-85,pre_match,stadium_egress_walk,stadium_egress,meadowlands_access,45,10.0,1.3,1365,1.0,synthetic,scenario,Synthetic scenario assumption for FinalFlow demonstration; not observed event operations.
rail_capacity_boost,2026-07-19T13:40:00Z,-80,pre_match,midtown_penn_walk,midtown_access,penn_station_access,49,7.0,1.3,955,1.0,synthetic,scenario,Synthetic scenario assumption for FinalFlow demonstration; not observed event operations.
rail_capacity_boost,2026-07-19T13:40:00Z,-80,pre_match,penn_concourse,penn_station_access,penn_station_access,49,9.0,1.3,1228,1.0,synthetic,scenario,Synthetic scenario assumption for FinalFlow demonstration; not observed event operations.
rail_capacity_boost,2026-07-19T13:40:00Z,-80,pre_match,secaucus_transfer,secaucus_transfer,secaucus_transfer,49,8.0,1.3,1092,1.0,synthetic,scenario,Synthetic scenario assumption for FinalFlow demonstration; not observed event operations.
rail_capacity_boost,2026-07-19T13:40:00Z,-80,pre_match,meadowlands_platform,meadowlands_access,meadowlands_access,49,6.0,1.3,819,1.0,synthetic,scenario,Synthetic scenario assumption for FinalFlow demonstration; not observed event operations.
rail_capacity_boost,2026-07-19T13:40:00Z,-80,pre_match,meadowlands_stadium_walk,meadowlands_access,stadium_egress,49,8.0,1.3,1092,1.0,synthetic,scenario,Synthetic scenario assumption for FinalFlow demonstration; not observed event operations.
rail_capacity_boost,2026-07-19T13:40:00Z,-80,pre_match,stadium_egress_walk,stadium_egress,meadowlands_access,49,10.0,1.3,1365,1.0,synthetic,scenario,Synthetic scenario assumption for FinalFlow demonstration; not observed event operations.
rail_capacity_boost,2026-07-19T13:45:00Z,-75,pre_match,midtown_penn_walk,midtown_access,penn_station_access,54,7.0,1.3,955,1.0,synthetic,scenario,Synthetic scenario assumption for FinalFlow demonstration; not observed event operations.
rail_capacity_boost,2026-07-19T13:45:00Z,-75,pre_match,penn_concourse,penn_station_access,penn_station_access,54,9.0,1.3,1228,1.0,synthetic,scenario,Synthetic scenario assumption for FinalFlow demonstration; not observed event operations.
rail_capacity_boost,2026-07-19T13:45:00Z,-75,pre_match,secaucus_transfer,secaucus_transfer,secaucus_transfer,54,8.0,1.3,1092,1.0,synthetic,scenario,Synthetic scenario assumption for FinalFlow demonstration; not observed event operations.
rail_capacity_boost,2026-07-19T13:45:00Z,-75,pre_match,meadowlands_platform,meadowlands_access,meadowlands_access,54,6.0,1.3,819,1.0,synthetic,scenario,Synthetic scenario assumption for FinalFlow demonstration; not observed event operations.
rail_capacity_boost,2026-07-19T13:45:00Z,-75,pre_match,meadowlands_stadium_walk,meadowlands_access,stadium_egress,54,8.0,1.3,1092,1.0,synthetic,scenario,Synthetic scenario assumption for FinalFlow demonstration; not observed event operations.
rail_capacity_boost,2026-07-19T13:45:00Z,-75,pre_match,stadium_egress_walk,stadium_egress,meadowlands_access,54,10.0,1.3,1365,1.0,synthetic,scenario,Synthetic scenario assumption for FinalFlow demonstration; not observed event operations.
rail_capacity_boost,2026-07-19T13:50:00Z,-70,pre_match,midtown_penn_walk,midtown_access,penn_station_access,59,7.0,1.3,955,1.0,synthetic,scenario,Synthetic scenario assumption for FinalFlow demonstration; not observed event operations.
rail_capacity_boost,2026-07-19T13:50:00Z,-70,pre_match,penn_concourse,penn_station_access,penn_station_access,59,9.0,1.3,1228,1.0,synthetic,scenario,Synthetic scenario assumption for FinalFlow demonstration; not observed event operations.
rail_capacity_boost,2026-07-19T13:50:00Z,-70,pre_match,secaucus_transfer,secaucus_transfer,secaucus_transfer,59,8.0,1.3,1092,1.0,synthetic,scenario,Synthetic scenario assumption for FinalFlow demonstration; not observed event operations.
rail_capacity_boost,2026-07-19T13:50:00Z,-70,pre_match,meadowlands_platform,meadowlands_access,meadowlands_access,59,6.0,1.3,819,1.0,synthetic,scenario,Synthetic scenario assumption for FinalFlow demonstration; not observed event operations.
rail_capacity_boost,2026-07-19T13:50:00Z,-70,pre_match,meadowlands_stadium_walk,meadowlands_access,stadium_egress,59,8.0,1.3,1092,1.0,synthetic,scenario,Synthetic scenario assumption for FinalFlow demonstration; not observed event operations.
rail_capacity_boost,2026-07-19T13:50:00Z,-70,pre_match,stadium_egress_walk,stadium_egress,meadowlands_access,59,10.0,1.3,1365,1.0,synthetic,scenario,Synthetic scenario assumption for FinalFlow demonstration; not observed event operations.
rail_capacity_boost,2026-07-19T13:55:00Z,-65,pre_match,midtown_penn_walk,midtown_access,penn_station_access,63,7.0,1.3,955,1.0,synthetic,scenario,Synthetic scenario assumption for FinalFlow demonstration; not observed event operations.
rail_capacity_boost,2026-07-19T13:55:00Z,-65,pre_match,penn_concourse,penn_station_access,penn_station_access,63,9.0,1.3,1228,1.0,synthetic,scenario,Synthetic scenario assumption for FinalFlow demonstration; not observed event operations.
rail_capacity_boost,2026-07-19T13:55:00Z,-65,pre_match,secaucus_transfer,secaucus_transfer,secaucus_transfer,63,8.0,1.3,1092,1.0,synthetic,scenario,Synthetic scenario assumption for FinalFlow demonstration; not observed event operations.
rail_capacity_boost,2026-07-19T13:55:00Z,-65,pre_match,meadowlands_platform,meadowlands_access,meadowlands_access,63,6.0,1.3,819,1.0,synthetic,scenario,Synthetic scenario assumption for FinalFlow demonstration; not observed event operations.
rail_capacity_boost,2026-07-19T13:55:00Z,-65,pre_match,meadowlands_stadium_walk,meadowlands_access,stadium_egress,63,8.0,1.3,1092,1.0,synthetic,scenario,Synthetic scenario assumption for FinalFlow demonstration; not observed event operations.
rail_capacity_boost,2026-07-19T13:55:00Z,-65,pre_match,stadium_egress_walk,stadium_egress,meadowlands_access,63,10.0,1.3,1365,1.0,synthetic,scenario,Synthetic scenario assumption for FinalFlow demonstration; not observed event operations.
rail_capacity_boost,2026-07-19T14:00:00Z,-60,pre_match,midtown_penn_walk,midtown_access,penn_station_access,67,7.0,1.3,955,1.0,synthetic,scenario,Synthetic scenario assumption for FinalFlow demonstration; not observed event operations.
rail_capacity_boost,2026-07-19T14:00:00Z,-60,pre_match,penn_concourse,penn_station_access,penn_station_access,67,9.0,1.3,1228,1.0,synthetic,scenario,Synthetic scenario assumption for FinalFlow demonstration; not observed event operations.
rail_capacity_boost,2026-07-19T14:00:00Z,-60,pre_match,secaucus_transfer,secaucus_transfer,secaucus_transfer,67,8.0,1.3,1092,1.0,synthetic,scenario,Synthetic scenario assumption for FinalFlow demonstration; not observed event operations.
rail_capacity_boost,2026-07-19T14:00:00Z,-60,pre_match,meadowlands_platform,meadowlands_access,meadowlands_access,67,6.0,1.3,819,1.0,synthetic,scenario,Synthetic scenario assumption for FinalFlow demonstration; not observed event operations.
rail_capacity_boost,2026-07-19T14:00:00Z,-60,pre_match,meadowlands_stadium_walk,meadowlands_access,stadium_egress,67,8.0,1.3,1092,1.0,synthetic,scenario,Synthetic scenario assumption for FinalFlow demonstration; not observed event operations.
rail_capacity_boost,2026-07-19T14:00:00Z,-60,pre_match,stadium_egress_walk,stadium_egress,meadowlands_access,67,10.0,1.3,1365,1.0,synthetic,scenario,Synthetic scenario assumption for FinalFlow demonstration; not observed event operations.
rail_capacity_boost,2026-07-19T14:05:00Z,-55,pre_match,midtown_penn_walk,midtown_access,penn_station_access,73,7.0,1.3,955,1.0,synthetic,scenario,Synthetic scenario assumption for FinalFlow demonstration; not observed event operations.
rail_capacity_boost,2026-07-19T14:05:00Z,-55,pre_match,penn_concourse,penn_station_access,penn_station_access,73,9.0,1.3,1228,1.0,synthetic,scenario,Synthetic scenario assumption for FinalFlow demonstration; not observed event operations.
rail_capacity_boost,2026-07-19T14:05:00Z,-55,pre_match,secaucus_transfer,secaucus_transfer,secaucus_transfer,73,8.0,1.3,1092,1.0,synthetic,scenario,Synthetic scenario assumption for FinalFlow demonstration; not observed event operations.
rail_capacity_boost,2026-07-19T14:05:00Z,-55,pre_match,meadowlands_platform,meadowlands_access,meadowlands_access,73,6.0,1.3,819,1.0,synthetic,scenario,Synthetic scenario assumption for FinalFlow demonstration; not observed event operations.
rail_capacity_boost,2026-07-19T14:05:00Z,-55,pre_match,meadowlands_stadium_walk,meadowlands_access,stadium_egress,73,8.0,1.3,1092,1.0,synthetic,scenario,Synthetic scenario assumption for FinalFlow demonstration; not observed event operations.
rail_capacity_boost,2026-07-19T14:05:00Z,-55,pre_match,stadium_egress_walk,stadium_egress,meadowlands_access,73,10.0,1.3,1365,1.0,synthetic,scenario,Synthetic scenario assumption for FinalFlow demonstration; not observed event operations.
rail_capacity_boost,2026-07-19T14:10:00Z,-50,pre_match,midtown_penn_walk,midtown_access,penn_station_access,73,7.0,1.3,955,1.0,synthetic,scenario,Synthetic scenario assumption for FinalFlow demonstration; not observed event operations.
rail_capacity_boost,2026-07-19T14:10:00Z,-50,pre_match,penn_concourse,penn_station_access,penn_station_access,73,9.0,1.3,1228,1.0,synthetic,scenario,Synthetic scenario assumption for FinalFlow demonstration; not observed event operations.
rail_capacity_boost,2026-07-19T14:10:00Z,-50,pre_match,secaucus_transfer,secaucus_transfer,secaucus_transfer,73,8.0,1.3,1092,1.0,synthetic,scenario,Synthetic scenario assumption for FinalFlow demonstration; not observed event operations.
rail_capacity_boost,2026-07-19T14:10:00Z,-50,pre_match,meadowlands_platform,meadowlands_access,meadowlands_access,73,6.0,1.3,819,1.0,synthetic,scenario,Synthetic scenario assumption for FinalFlow demonstration; not observed event operations.
rail_capacity_boost,2026-07-19T14:10:00Z,-50,pre_match,meadowlands_stadium_walk,meadowlands_access,stadium_egress,73,8.0,1.3,1092,1.0,synthetic,scenario,Synthetic scenario assumption for FinalFlow demonstration; not observed event operations.
rail_capacity_boost,2026-07-19T14:10:00Z,-50,pre_match,stadium_egress_walk,stadium_egress,meadowlands_access,73,10.0,1.3,1365,1.0,synthetic,scenario,Synthetic scenario assumption for FinalFlow demonstration; not observed event operations.
rail_capacity_boost,2026-07-19T14:15:00Z,-45,pre_match,midtown_penn_walk,midtown_access,penn_station_access,67,7.0,1.3,955,1.0,synthetic,scenario,Synthetic scenario assumption for FinalFlow demonstration; not observed event operations.
rail_capacity_boost,2026-07-19T14:15:00Z,-45,pre_match,penn_concourse,penn_station_access,penn_station_access,67,9.0,1.3,1228,1.0,synthetic,scenario,Synthetic scenario assumption for FinalFlow demonstration; not observed event operations.
rail_capacity_boost,2026-07-19T14:15:00Z,-45,pre_match,secaucus_transfer,secaucus_transfer,secaucus_transfer,67,8.0,1.3,1092,1.0,synthetic,scenario,Synthetic scenario assumption for FinalFlow demonstration; not observed event operations.
rail_capacity_boost,2026-07-19T14:15:00Z,-45,pre_match,meadowlands_platform,meadowlands_access,meadowlands_access,67,6.0,1.3,819,1.0,synthetic,scenario,Synthetic scenario assumption for FinalFlow demonstration; not observed event operations.
rail_capacity_boost,2026-07-19T14:15:00Z,-45,pre_match,meadowlands_stadium_walk,meadowlands_access,stadium_egress,67,8.0,1.3,1092,1.0,synthetic,scenario,Synthetic scenario assumption for FinalFlow demonstration; not observed event operations.
rail_capacity_boost,2026-07-19T14:15:00Z,-45,pre_match,stadium_egress_walk,stadium_egress,meadowlands_access,67,10.0,1.3,1365,1.0,synthetic,scenario,Synthetic scenario assumption for FinalFlow demonstration; not observed event operations.
rail_capacity_boost,2026-07-19T14:20:00Z,-40,pre_match,midtown_penn_walk,midtown_access,penn_station_access,63,7.0,1.3,955,1.0,synthetic,scenario,Synthetic scenario assumption for FinalFlow demonstration; not observed event operations.
rail_capacity_boost,2026-07-19T14:20:00Z,-40,pre_match,penn_concourse,penn_station_access,penn_station_access,63,9.0,1.3,1228,1.0,synthetic,scenario,Synthetic scenario assumption for FinalFlow demonstration; not observed event operations.
rail_capacity_boost,2026-07-19T14:20:00Z,-40,pre_match,secaucus_transfer,secaucus_transfer,secaucus_transfer,63,8.0,1.3,1092,1.0,synthetic,scenario,Synthetic scenario assumption for FinalFlow demonstration; not observed event operations.
rail_capacity_boost,2026-07-19T14:20:00Z,-40,pre_match,meadowlands_platform,meadowlands_access,meadowlands_access,63,6.0,1.3,819,1.0,synthetic,scenario,Synthetic scenario assumption for FinalFlow demonstration; not observed event operations.
rail_capacity_boost,2026-07-19T14:20:00Z,-40,pre_match,meadowlands_stadium_walk,meadowlands_access,stadium_egress,63,8.0,1.3,1092,1.0,synthetic,scenario,Synthetic scenario assumption for FinalFlow demonstration; not observed event operations.
rail_capacity_boost,2026-07-19T14:20:00Z,-40,pre_match,stadium_egress_walk,stadium_egress,meadowlands_access,63,10.0,1.3,1365,1.0,synthetic,scenario,Synthetic scenario assumption for FinalFlow demonstration; not observed event operations.
rail_capacity_boost,2026-07-19T14:25:00Z,-35,pre_match,midtown_penn_walk,midtown_access,penn_station_access,54,7.0,1.3,955,1.0,synthetic,scenario,Synthetic scenario assumption for FinalFlow demonstration; not observed event operations.
rail_capacity_boost,2026-07-19T14:25:00Z,-35,pre_match,penn_concourse,penn_station_access,penn_station_access,54,9.0,1.3,1228,1.0,synthetic,scenario,Synthetic scenario assumption for FinalFlow demonstration; not observed event operations.
rail_capacity_boost,2026-07-19T14:25:00Z,-35,pre_match,secaucus_transfer,secaucus_transfer,secaucus_transfer,54,8.0,1.3,1092,1.0,synthetic,scenario,Synthetic scenario assumption for FinalFlow demonstration; not observed event operations.
rail_capacity_boost,2026-07-19T14:25:00Z,-35,pre_match,meadowlands_platform,meadowlands_access,meadowlands_access,54,6.0,1.3,819,1.0,synthetic,scenario,Synthetic scenario assumption for FinalFlow demonstration; not observed event operations.
rail_capacity_boost,2026-07-19T14:25:00Z,-35,pre_match,meadowlands_stadium_walk,meadowlands_access,stadium_egress,54,8.0,1.3,1092,1.0,synthetic,scenario,Synthetic scenario assumption for FinalFlow demonstration; not observed event operations.
rail_capacity_boost,2026-07-19T14:25:00Z,-35,pre_match,stadium_egress_walk,stadium_egress,meadowlands_access,54,10.0,1.3,1365,1.0,synthetic,scenario,Synthetic scenario assumption for FinalFlow demonstration; not observed event operations.
rail_capacity_boost,2026-07-19T14:30:00Z,-30,ceremony,midtown_penn_walk,midtown_access,penn_station_access,0,7.0,1.3,955,1.0,synthetic,scenario,Synthetic scenario assumption for FinalFlow demonstration; not observed event operations.
rail_capacity_boost,2026-07-19T14:30:00Z,-30,ceremony,penn_concourse,penn_station_access,penn_station_access,0,9.0,1.3,1228,1.0,synthetic,scenario,Synthetic scenario assumption for FinalFlow demonstration; not observed event operations.
rail_capacity_boost,2026-07-19T14:30:00Z,-30,ceremony,secaucus_transfer,secaucus_transfer,secaucus_transfer,0,8.0,1.3,1092,1.0,synthetic,scenario,Synthetic scenario assumption for FinalFlow demonstration; not observed event operations.
rail_capacity_boost,2026-07-19T14:30:00Z,-30,ceremony,meadowlands_platform,meadowlands_access,meadowlands_access,0,6.0,1.3,819,1.0,synthetic,scenario,Synthetic scenario assumption for FinalFlow demonstration; not observed event operations.
rail_capacity_boost,2026-07-19T14:30:00Z,-30,ceremony,meadowlands_stadium_walk,meadowlands_access,stadium_egress,0,8.0,1.3,1092,1.0,synthetic,scenario,Synthetic scenario assumption for FinalFlow demonstration; not observed event operations.
rail_capacity_boost,2026-07-19T14:30:00Z,-30,ceremony,stadium_egress_walk,stadium_egress,meadowlands_access,0,10.0,1.3,1365,1.0,synthetic,scenario,Synthetic scenario assumption for FinalFlow demonstration; not observed event operations.
rail_capacity_boost,2026-07-19T14:35:00Z,-25,ceremony,midtown_penn_walk,midtown_access,penn_station_access,0,7.0,1.3,955,1.0,synthetic,scenario,Synthetic scenario assumption for FinalFlow demonstration; not observed event operations.
rail_capacity_boost,2026-07-19T14:35:00Z,-25,ceremony,penn_concourse,penn_station_access,penn_station_access,0,9.0,1.3,1228,1.0,synthetic,scenario,Synthetic scenario assumption for FinalFlow demonstration; not observed event operations.
rail_capacity_boost,2026-07-19T14:35:00Z,-25,ceremony,secaucus_transfer,secaucus_transfer,secaucus_transfer,0,8.0,1.3,1092,1.0,synthetic,scenario,Synthetic scenario assumption for FinalFlow demonstration; not observed event operations.
rail_capacity_boost,2026-07-19T14:35:00Z,-25,ceremony,meadowlands_platform,meadowlands_access,meadowlands_access,0,6.0,1.3,819,1.0,synthetic,scenario,Synthetic scenario assumption for FinalFlow demonstration; not observed event operations.
rail_capacity_boost,2026-07-19T14:35:00Z,-25,ceremony,meadowlands_stadium_walk,meadowlands_access,stadium_egress,0,8.0,1.3,1092,1.0,synthetic,scenario,Synthetic scenario assumption for FinalFlow demonstration; not observed event operations.
rail_capacity_boost,2026-07-19T14:35:00Z,-25,ceremony,stadium_egress_walk,stadium_egress,meadowlands_access,0,10.0,1.3,1365,1.0,synthetic,scenario,Synthetic scenario assumption for FinalFlow demonstration; not observed event operations.
rail_capacity_boost,2026-07-19T14:40:00Z,-20,ceremony,midtown_penn_walk,midtown_access,penn_station_access,0,7.0,1.3,955,1.0,synthetic,scenario,Synthetic scenario assumption for FinalFlow demonstration; not observed event operations.
rail_capacity_boost,2026-07-19T14:40:00Z,-20,ceremony,penn_concourse,penn_station_access,penn_station_access,0,9.0,1.3,1228,1.0,synthetic,scenario,Synthetic scenario assumption for FinalFlow demonstration; not observed event operations.
rail_capacity_boost,2026-07-19T14:40:00Z,-20,ceremony,secaucus_transfer,secaucus_transfer,secaucus_transfer,0,8.0,1.3,1092,1.0,synthetic,scenario,Synthetic scenario assumption for FinalFlow demonstration; not observed event operations.
rail_capacity_boost,2026-07-19T14:40:00Z,-20,ceremony,meadowlands_platform,meadowlands_access,meadowlands_access,0,6.0,1.3,819,1.0,synthetic,scenario,Synthetic scenario assumption for FinalFlow demonstration; not observed event operations.
rail_capacity_boost,2026-07-19T14:40:00Z,-20,ceremony,meadowlands_stadium_walk,meadowlands_access,stadium_egress,0,8.0,1.3,1092,1.0,synthetic,scenario,Synthetic scenario assumption for FinalFlow demonstration; not observed event operations.
rail_capacity_boost,2026-07-19T14:40:00Z,-20,ceremony,stadium_egress_walk,stadium_egress,meadowlands_access,0,10.0,1.3,1365,1.0,synthetic,scenario,Synthetic scenario assumption for FinalFlow demonstration; not observed event operations.
rail_capacity_boost,2026-07-19T14:45:00Z,-15,ceremony,midtown_penn_walk,midtown_access,penn_station_access,0,7.0,1.3,955,1.0,synthetic,scenario,Synthetic scenario assumption for FinalFlow demonstration; not observed event operations.
rail_capacity_boost,2026-07-19T14:45:00Z,-15,ceremony,penn_concourse,penn_station_access,penn_station_access,0,9.0,1.3,1228,1.0,synthetic,scenario,Synthetic scenario assumption for FinalFlow demonstration; not observed event operations.
rail_capacity_boost,2026-07-19T14:45:00Z,-15,ceremony,secaucus_transfer,secaucus_transfer,secaucus_transfer,0,8.0,1.3,1092,1.0,synthetic,scenario,Synthetic scenario assumption for FinalFlow demonstration; not observed event operations.
rail_capacity_boost,2026-07-19T14:45:00Z,-15,ceremony,meadowlands_platform,meadowlands_access,meadowlands_access,0,6.0,1.3,819,1.0,synthetic,scenario,Synthetic scenario assumption for FinalFlow demonstration; not observed event operations.
rail_capacity_boost,2026-07-19T14:45:00Z,-15,ceremony,meadowlands_stadium_walk,meadowlands_access,stadium_egress,0,8.0,1.3,1092,1.0,synthetic,scenario,Synthetic scenario assumption for FinalFlow demonstration; not observed event operations.
rail_capacity_boost,2026-07-19T14:45:00Z,-15,ceremony,stadium_egress_walk,stadium_egress,meadowlands_access,0,10.0,1.3,1365,1.0,synthetic,scenario,Synthetic scenario assumption for FinalFlow demonstration; not observed event operations.
rail_capacity_boost,2026-07-19T14:50:00Z,-10,ceremony,midtown_penn_walk,midtown_access,penn_station_access,0,7.0,1.3,955,1.0,synthetic,scenario,Synthetic scenario assumption for FinalFlow demonstration; not observed event operations.
rail_capacity_boost,2026-07-19T14:50:00Z,-10,ceremony,penn_concourse,penn_station_access,penn_station_access,0,9.0,1.3,1228,1.0,synthetic,scenario,Synthetic scenario assumption for FinalFlow demonstration; not observed event operations.
rail_capacity_boost,2026-07-19T14:50:00Z,-10,ceremony,secaucus_transfer,secaucus_transfer,secaucus_transfer,0,8.0,1.3,1092,1.0,synthetic,scenario,Synthetic scenario assumption for FinalFlow demonstration; not observed event operations.
rail_capacity_boost,2026-07-19T14:50:00Z,-10,ceremony,meadowlands_platform,meadowlands_access,meadowlands_access,0,6.0,1.3,819,1.0,synthetic,scenario,Synthetic scenario assumption for FinalFlow demonstration; not observed event operations.
rail_capacity_boost,2026-07-19T14:50:00Z,-10,ceremony,meadowlands_stadium_walk,meadowlands_access,stadium_egress,0,8.0,1.3,1092,1.0,synthetic,scenario,Synthetic scenario assumption for FinalFlow demonstration; not observed event operations.
rail_capacity_boost,2026-07-19T14:50:00Z,-10,ceremony,stadium_egress_walk,stadium_egress,meadowlands_access,0,10.0,1.3,1365,1.0,synthetic,scenario,Synthetic scenario assumption for FinalFlow demonstration; not observed event operations.
rail_capacity_boost,2026-07-19T14:55:00Z,-5,ceremony,midtown_penn_walk,midtown_access,penn_station_access,0,7.0,1.3,955,1.0,synthetic,scenario,Synthetic scenario assumption for FinalFlow demonstration; not observed event operations.
rail_capacity_boost,2026-07-19T14:55:00Z,-5,ceremony,penn_concourse,penn_station_access,penn_station_access,0,9.0,1.3,1228,1.0,synthetic,scenario,Synthetic scenario assumption for FinalFlow demonstration; not observed event operations.
rail_capacity_boost,2026-07-19T14:55:00Z,-5,ceremony,secaucus_transfer,secaucus_transfer,secaucus_transfer,0,8.0,1.3,1092,1.0,synthetic,scenario,Synthetic scenario assumption for FinalFlow demonstration; not observed event operations.
rail_capacity_boost,2026-07-19T14:55:00Z,-5,ceremony,meadowlands_platform,meadowlands_access,meadowlands_access,0,6.0,1.3,819,1.0,synthetic,scenario,Synthetic scenario assumption for FinalFlow demonstration; not observed event operations.
rail_capacity_boost,2026-07-19T14:55:00Z,-5,ceremony,meadowlands_stadium_walk,meadowlands_access,stadium_egress,0,8.0,1.3,1092,1.0,synthetic,scenario,Synthetic scenario assumption for FinalFlow demonstration; not observed event operations.
rail_capacity_boost,2026-07-19T14:55:00Z,-5,ceremony,stadium_egress_walk,stadium_egress,meadowlands_access,0,10.0,1.3,1365,1.0,synthetic,scenario,Synthetic scenario assumption for FinalFlow demonstration; not observed event operations.
rail_capacity_boost,2026-07-19T15:00:00Z,0,kickoff,midtown_penn_walk,midtown_access,penn_station_access,0,7.0,1.3,955,1.0,synthetic,scenario,Synthetic scenario assumption for FinalFlow demonstration; not observed event operations.
rail_capacity_boost,2026-07-19T15:00:00Z,0,kickoff,penn_concourse,penn_station_access,penn_station_access,0,9.0,1.3,1228,1.0,synthetic,scenario,Synthetic scenario assumption for FinalFlow demonstration; not observed event operations.
rail_capacity_boost,2026-07-19T15:00:00Z,0,kickoff,secaucus_transfer,secaucus_transfer,secaucus_transfer,0,8.0,1.3,1092,1.0,synthetic,scenario,Synthetic scenario assumption for FinalFlow demonstration; not observed event operations.
rail_capacity_boost,2026-07-19T15:00:00Z,0,kickoff,meadowlands_platform,meadowlands_access,meadowlands_access,0,6.0,1.3,819,1.0,synthetic,scenario,Synthetic scenario assumption for FinalFlow demonstration; not observed event operations.
rail_capacity_boost,2026-07-19T15:00:00Z,0,kickoff,meadowlands_stadium_walk,meadowlands_access,stadium_egress,0,8.0,1.3,1092,1.0,synthetic,scenario,Synthetic scenario assumption for FinalFlow demonstration; not observed event operations.
rail_capacity_boost,2026-07-19T15:00:00Z,0,kickoff,stadium_egress_walk,stadium_egress,meadowlands_access,0,10.0,1.3,1365,1.0,synthetic,scenario,Synthetic scenario assumption for FinalFlow demonstration; not observed event operations.
rail_capacity_boost,2026-07-19T15:05:00Z,5,first_half,midtown_penn_walk,midtown_access,penn_station_access,0,7.0,1.3,955,1.0,synthetic,scenario,Synthetic scenario assumption for FinalFlow demonstration; not observed event operations.
rail_capacity_boost,2026-07-19T15:05:00Z,5,first_half,penn_concourse,penn_station_access,penn_station_access,0,9.0,1.3,1228,1.0,synthetic,scenario,Synthetic scenario assumption for FinalFlow demonstration; not observed event operations.
rail_capacity_boost,2026-07-19T15:05:00Z,5,first_half,secaucus_transfer,secaucus_transfer,secaucus_transfer,0,8.0,1.3,1092,1.0,synthetic,scenario,Synthetic scenario assumption for FinalFlow demonstration; not observed event operations.
rail_capacity_boost,2026-07-19T15:05:00Z,5,first_half,meadowlands_platform,meadowlands_access,meadowlands_access,0,6.0,1.3,819,1.0,synthetic,scenario,Synthetic scenario assumption for FinalFlow demonstration; not observed event operations.
rail_capacity_boost,2026-07-19T15:05:00Z,5,first_half,meadowlands_stadium_walk,meadowlands_access,stadium_egress,0,8.0,1.3,1092,1.0,synthetic,scenario,Synthetic scenario assumption for FinalFlow demonstration; not observed event operations.
rail_capacity_boost,2026-07-19T15:05:00Z,5,first_half,stadium_egress_walk,stadium_egress,meadowlands_access,0,10.0,1.3,1365,1.0,synthetic,scenario,Synthetic scenario assumption for FinalFlow demonstration; not observed event operations.
rail_capacity_boost,2026-07-19T15:10:00Z,10,first_half,midtown_penn_walk,midtown_access,penn_station_access,0,7.0,1.3,955,1.0,synthetic,scenario,Synthetic scenario assumption for FinalFlow demonstration; not observed event operations.
rail_capacity_boost,2026-07-19T15:10:00Z,10,first_half,penn_concourse,penn_station_access,penn_station_access,0,9.0,1.3,1228,1.0,synthetic,scenario,Synthetic scenario assumption for FinalFlow demonstration; not observed event operations.
rail_capacity_boost,2026-07-19T15:10:00Z,10,first_half,secaucus_transfer,secaucus_transfer,secaucus_transfer,0,8.0,1.3,1092,1.0,synthetic,scenario,Synthetic scenario assumption for FinalFlow demonstration; not observed event operations.
rail_capacity_boost,2026-07-19T15:10:00Z,10,first_half,meadowlands_platform,meadowlands_access,meadowlands_access,0,6.0,1.3,819,1.0,synthetic,scenario,Synthetic scenario assumption for FinalFlow demonstration; not observed event operations.
rail_capacity_boost,2026-07-19T15:10:00Z,10,first_half,meadowlands_stadium_walk,meadowlands_access,stadium_egress,0,8.0,1.3,1092,1.0,synthetic,scenario,Synthetic scenario assumption for FinalFlow demonstration; not observed event operations.
rail_capacity_boost,2026-07-19T15:10:00Z,10,first_half,stadium_egress_walk,stadium_egress,meadowlands_access,0,10.0,1.3,1365,1.0,synthetic,scenario,Synthetic scenario assumption for FinalFlow demonstration; not observed event operations.
rail_capacity_boost,2026-07-19T15:15:00Z,15,first_half,midtown_penn_walk,midtown_access,penn_station_access,0,7.0,1.3,955,1.0,synthetic,scenario,Synthetic scenario assumption for FinalFlow demonstration; not observed event operations.
rail_capacity_boost,2026-07-19T15:15:00Z,15,first_half,penn_concourse,penn_station_access,penn_station_access,0,9.0,1.3,1228,1.0,synthetic,scenario,Synthetic scenario assumption for FinalFlow demonstration; not observed event operations.
rail_capacity_boost,2026-07-19T15:15:00Z,15,first_half,secaucus_transfer,secaucus_transfer,secaucus_transfer,0,8.0,1.3,1092,1.0,synthetic,scenario,Synthetic scenario assumption for FinalFlow demonstration; not observed event operations.
rail_capacity_boost,2026-07-19T15:15:00Z,15,first_half,meadowlands_platform,meadowlands_access,meadowlands_access,0,6.0,1.3,819,1.0,synthetic,scenario,Synthetic scenario assumption for FinalFlow demonstration; not observed event operations.
rail_capacity_boost,2026-07-19T15:15:00Z,15,first_half,meadowlands_stadium_walk,meadowlands_access,stadium_egress,0,8.0,1.3,1092,1.0,synthetic,scenario,Synthetic scenario assumption for FinalFlow demonstration; not observed event operations.
rail_capacity_boost,2026-07-19T15:15:00Z,15,first_half,stadium_egress_walk,stadium_egress,meadowlands_access,0,10.0,1.3,1365,1.0,synthetic,scenario,Synthetic scenario assumption for FinalFlow demonstration; not observed event operations.
rail_capacity_boost,2026-07-19T15:20:00Z,20,first_half,midtown_penn_walk,midtown_access,penn_station_access,0,7.0,1.3,955,1.0,synthetic,scenario,Synthetic scenario assumption for FinalFlow demonstration; not observed event operations.
rail_capacity_boost,2026-07-19T15:20:00Z,20,first_half,penn_concourse,penn_station_access,penn_station_access,0,9.0,1.3,1228,1.0,synthetic,scenario,Synthetic scenario assumption for FinalFlow demonstration; not observed event operations.
rail_capacity_boost,2026-07-19T15:20:00Z,20,first_half,secaucus_transfer,secaucus_transfer,secaucus_transfer,0,8.0,1.3,1092,1.0,synthetic,scenario,Synthetic scenario assumption for FinalFlow demonstration; not observed event operations.
rail_capacity_boost,2026-07-19T15:20:00Z,20,first_half,meadowlands_platform,meadowlands_access,meadowlands_access,0,6.0,1.3,819,1.0,synthetic,scenario,Synthetic scenario assumption for FinalFlow demonstration; not observed event operations.
rail_capacity_boost,2026-07-19T15:20:00Z,20,first_half,meadowlands_stadium_walk,meadowlands_access,stadium_egress,0,8.0,1.3,1092,1.0,synthetic,scenario,Synthetic scenario assumption for FinalFlow demonstration; not observed event operations.
rail_capacity_boost,2026-07-19T15:20:00Z,20,first_half,stadium_egress_walk,stadium_egress,meadowlands_access,0,10.0,1.3,1365,1.0,synthetic,scenario,Synthetic scenario assumption for FinalFlow demonstration; not observed event operations.
rail_capacity_boost,2026-07-19T15:25:00Z,25,first_half,midtown_penn_walk,midtown_access,penn_station_access,0,7.0,1.3,955,1.0,synthetic,scenario,Synthetic scenario assumption for FinalFlow demonstration; not observed event operations.
rail_capacity_boost,2026-07-19T15:25:00Z,25,first_half,penn_concourse,penn_station_access,penn_station_access,0,9.0,1.3,1228,1.0,synthetic,scenario,Synthetic scenario assumption for FinalFlow demonstration; not observed event operations.
rail_capacity_boost,2026-07-19T15:25:00Z,25,first_half,secaucus_transfer,secaucus_transfer,secaucus_transfer,0,8.0,1.3,1092,1.0,synthetic,scenario,Synthetic scenario assumption for FinalFlow demonstration; not observed event operations.
rail_capacity_boost,2026-07-19T15:25:00Z,25,first_half,meadowlands_platform,meadowlands_access,meadowlands_access,0,6.0,1.3,819,1.0,synthetic,scenario,Synthetic scenario assumption for FinalFlow demonstration; not observed event operations.
rail_capacity_boost,2026-07-19T15:25:00Z,25,first_half,meadowlands_stadium_walk,meadowlands_access,stadium_egress,0,8.0,1.3,1092,1.0,synthetic,scenario,Synthetic scenario assumption for FinalFlow demonstration; not observed event operations.
rail_capacity_boost,2026-07-19T15:25:00Z,25,first_half,stadium_egress_walk,stadium_egress,meadowlands_access,0,10.0,1.3,1365,1.0,synthetic,scenario,Synthetic scenario assumption for FinalFlow demonstration; not observed event operations.
rail_capacity_boost,2026-07-19T15:30:00Z,30,first_half,midtown_penn_walk,midtown_access,penn_station_access,0,7.0,1.3,955,1.0,synthetic,scenario,Synthetic scenario assumption for FinalFlow demonstration; not observed event operations.
rail_capacity_boost,2026-07-19T15:30:00Z,30,first_half,penn_concourse,penn_station_access,penn_station_access,0,9.0,1.3,1228,1.0,synthetic,scenario,Synthetic scenario assumption for FinalFlow demonstration; not observed event operations.
rail_capacity_boost,2026-07-19T15:30:00Z,30,first_half,secaucus_transfer,secaucus_transfer,secaucus_transfer,0,8.0,1.3,1092,1.0,synthetic,scenario,Synthetic scenario assumption for FinalFlow demonstration; not observed event operations.
rail_capacity_boost,2026-07-19T15:30:00Z,30,first_half,meadowlands_platform,meadowlands_access,meadowlands_access,0,6.0,1.3,819,1.0,synthetic,scenario,Synthetic scenario assumption for FinalFlow demonstration; not observed event operations.
rail_capacity_boost,2026-07-19T15:30:00Z,30,first_half,meadowlands_stadium_walk,meadowlands_access,stadium_egress,0,8.0,1.3,1092,1.0,synthetic,scenario,Synthetic scenario assumption for FinalFlow demonstration; not observed event operations.
rail_capacity_boost,2026-07-19T15:30:00Z,30,first_half,stadium_egress_walk,stadium_egress,meadowlands_access,0,10.0,1.3,1365,1.0,synthetic,scenario,Synthetic scenario assumption for FinalFlow demonstration; not observed event operations.
rail_capacity_boost,2026-07-19T15:35:00Z,35,first_half,midtown_penn_walk,midtown_access,penn_station_access,0,7.0,1.3,955,1.0,synthetic,scenario,Synthetic scenario assumption for FinalFlow demonstration; not observed event operations.
rail_capacity_boost,2026-07-19T15:35:00Z,35,first_half,penn_concourse,penn_station_access,penn_station_access,0,9.0,1.3,1228,1.0,synthetic,scenario,Synthetic scenario assumption for FinalFlow demonstration; not observed event operations.
rail_capacity_boost,2026-07-19T15:35:00Z,35,first_half,secaucus_transfer,secaucus_transfer,secaucus_transfer,0,8.0,1.3,1092,1.0,synthetic,scenario,Synthetic scenario assumption for FinalFlow demonstration; not observed event operations.
rail_capacity_boost,2026-07-19T15:35:00Z,35,first_half,meadowlands_platform,meadowlands_access,meadowlands_access,0,6.0,1.3,819,1.0,synthetic,scenario,Synthetic scenario assumption for FinalFlow demonstration; not observed event operations.
rail_capacity_boost,2026-07-19T15:35:00Z,35,first_half,meadowlands_stadium_walk,meadowlands_access,stadium_egress,0,8.0,1.3,1092,1.0,synthetic,scenario,Synthetic scenario assumption for FinalFlow demonstration; not observed event operations.
rail_capacity_boost,2026-07-19T15:35:00Z,35,first_half,stadium_egress_walk,stadium_egress,meadowlands_access,0,10.0,1.3,1365,1.0,synthetic,scenario,Synthetic scenario assumption for FinalFlow demonstration; not observed event operations.
rail_capacity_boost,2026-07-19T15:40:00Z,40,first_half,midtown_penn_walk,midtown_access,penn_station_access,0,7.0,1.3,955,1.0,synthetic,scenario,Synthetic scenario assumption for FinalFlow demonstration; not observed event operations.
rail_capacity_boost,2026-07-19T15:40:00Z,40,first_half,penn_concourse,penn_station_access,penn_station_access,0,9.0,1.3,1228,1.0,synthetic,scenario,Synthetic scenario assumption for FinalFlow demonstration; not observed event operations.
rail_capacity_boost,2026-07-19T15:40:00Z,40,first_half,secaucus_transfer,secaucus_transfer,secaucus_transfer,0,8.0,1.3,1092,1.0,synthetic,scenario,Synthetic scenario assumption for FinalFlow demonstration; not observed event operations.
rail_capacity_boost,2026-07-19T15:40:00Z,40,first_half,meadowlands_platform,meadowlands_access,meadowlands_access,0,6.0,1.3,819,1.0,synthetic,scenario,Synthetic scenario assumption for FinalFlow demonstration; not observed event operations.
rail_capacity_boost,2026-07-19T15:40:00Z,40,first_half,meadowlands_stadium_walk,meadowlands_access,stadium_egress,0,8.0,1.3,1092,1.0,synthetic,scenario,Synthetic scenario assumption for FinalFlow demonstration; not observed event operations.
rail_capacity_boost,2026-07-19T15:40:00Z,40,first_half,stadium_egress_walk,stadium_egress,meadowlands_access,0,10.0,1.3,1365,1.0,synthetic,scenario,Synthetic scenario assumption for FinalFlow demonstration; not observed event operations.
rail_capacity_boost,2026-07-19T15:45:00Z,45,first_half_end,midtown_penn_walk,midtown_access,penn_station_access,0,7.0,1.3,955,1.0,synthetic,scenario,Synthetic scenario assumption for FinalFlow demonstration; not observed event operations.
rail_capacity_boost,2026-07-19T15:45:00Z,45,first_half_end,penn_concourse,penn_station_access,penn_station_access,0,9.0,1.3,1228,1.0,synthetic,scenario,Synthetic scenario assumption for FinalFlow demonstration; not observed event operations.
rail_capacity_boost,2026-07-19T15:45:00Z,45,first_half_end,secaucus_transfer,secaucus_transfer,secaucus_transfer,0,8.0,1.3,1092,1.0,synthetic,scenario,Synthetic scenario assumption for FinalFlow demonstration; not observed event operations.
rail_capacity_boost,2026-07-19T15:45:00Z,45,first_half_end,meadowlands_platform,meadowlands_access,meadowlands_access,0,6.0,1.3,819,1.0,synthetic,scenario,Synthetic scenario assumption for FinalFlow demonstration; not observed event operations.
rail_capacity_boost,2026-07-19T15:45:00Z,45,first_half_end,meadowlands_stadium_walk,meadowlands_access,stadium_egress,0,8.0,1.3,1092,1.0,synthetic,scenario,Synthetic scenario assumption for FinalFlow demonstration; not observed event operations.
rail_capacity_boost,2026-07-19T15:45:00Z,45,first_half_end,stadium_egress_walk,stadium_egress,meadowlands_access,0,10.0,1.3,1365,1.0,synthetic,scenario,Synthetic scenario assumption for FinalFlow demonstration; not observed event operations.
rail_capacity_boost,2026-07-19T15:50:00Z,50,halftime,midtown_penn_walk,midtown_access,penn_station_access,0,7.0,1.3,955,1.0,synthetic,scenario,Synthetic scenario assumption for FinalFlow demonstration; not observed event operations.
rail_capacity_boost,2026-07-19T15:50:00Z,50,halftime,penn_concourse,penn_station_access,penn_station_access,0,9.0,1.3,1228,1.0,synthetic,scenario,Synthetic scenario assumption for FinalFlow demonstration; not observed event operations.
rail_capacity_boost,2026-07-19T15:50:00Z,50,halftime,secaucus_transfer,secaucus_transfer,secaucus_transfer,0,8.0,1.3,1092,1.0,synthetic,scenario,Synthetic scenario assumption for FinalFlow demonstration; not observed event operations.
rail_capacity_boost,2026-07-19T15:50:00Z,50,halftime,meadowlands_platform,meadowlands_access,meadowlands_access,0,6.0,1.3,819,1.0,synthetic,scenario,Synthetic scenario assumption for FinalFlow demonstration; not observed event operations.
rail_capacity_boost,2026-07-19T15:50:00Z,50,halftime,meadowlands_stadium_walk,meadowlands_access,stadium_egress,0,8.0,1.3,1092,1.0,synthetic,scenario,Synthetic scenario assumption for FinalFlow demonstration; not observed event operations.
rail_capacity_boost,2026-07-19T15:50:00Z,50,halftime,stadium_egress_walk,stadium_egress,meadowlands_access,0,10.0,1.3,1365,1.0,synthetic,scenario,Synthetic scenario assumption for FinalFlow demonstration; not observed event operations.
rail_capacity_boost,2026-07-19T15:55:00Z,55,halftime,midtown_penn_walk,midtown_access,penn_station_access,0,7.0,1.3,955,1.0,synthetic,scenario,Synthetic scenario assumption for FinalFlow demonstration; not observed event operations.
rail_capacity_boost,2026-07-19T15:55:00Z,55,halftime,penn_concourse,penn_station_access,penn_station_access,0,9.0,1.3,1228,1.0,synthetic,scenario,Synthetic scenario assumption for FinalFlow demonstration; not observed event operations.
rail_capacity_boost,2026-07-19T15:55:00Z,55,halftime,secaucus_transfer,secaucus_transfer,secaucus_transfer,0,8.0,1.3,1092,1.0,synthetic,scenario,Synthetic scenario assumption for FinalFlow demonstration; not observed event operations.
rail_capacity_boost,2026-07-19T15:55:00Z,55,halftime,meadowlands_platform,meadowlands_access,meadowlands_access,0,6.0,1.3,819,1.0,synthetic,scenario,Synthetic scenario assumption for FinalFlow demonstration; not observed event operations.
rail_capacity_boost,2026-07-19T15:55:00Z,55,halftime,meadowlands_stadium_walk,meadowlands_access,stadium_egress,0,8.0,1.3,1092,1.0,synthetic,scenario,Synthetic scenario assumption for FinalFlow demonstration; not observed event operations.
rail_capacity_boost,2026-07-19T15:55:00Z,55,halftime,stadium_egress_walk,stadium_egress,meadowlands_access,0,10.0,1.3,1365,1.0,synthetic,scenario,Synthetic scenario assumption for FinalFlow demonstration; not observed event operations.
rail_capacity_boost,2026-07-19T16:00:00Z,60,second_half,midtown_penn_walk,midtown_access,penn_station_access,0,7.0,1.3,955,1.0,synthetic,scenario,Synthetic scenario assumption for FinalFlow demonstration; not observed event operations.
rail_capacity_boost,2026-07-19T16:00:00Z,60,second_half,penn_concourse,penn_station_access,penn_station_access,0,9.0,1.3,1228,1.0,synthetic,scenario,Synthetic scenario assumption for FinalFlow demonstration; not observed event operations.
rail_capacity_boost,2026-07-19T16:00:00Z,60,second_half,secaucus_transfer,secaucus_transfer,secaucus_transfer,0,8.0,1.3,1092,1.0,synthetic,scenario,Synthetic scenario assumption for FinalFlow demonstration; not observed event operations.
rail_capacity_boost,2026-07-19T16:00:00Z,60,second_half,meadowlands_platform,meadowlands_access,meadowlands_access,0,6.0,1.3,819,1.0,synthetic,scenario,Synthetic scenario assumption for FinalFlow demonstration; not observed event operations.
rail_capacity_boost,2026-07-19T16:00:00Z,60,second_half,meadowlands_stadium_walk,meadowlands_access,stadium_egress,0,8.0,1.3,1092,1.0,synthetic,scenario,Synthetic scenario assumption for FinalFlow demonstration; not observed event operations.
rail_capacity_boost,2026-07-19T16:00:00Z,60,second_half,stadium_egress_walk,stadium_egress,meadowlands_access,0,10.0,1.3,1365,1.0,synthetic,scenario,Synthetic scenario assumption for FinalFlow demonstration; not observed event operations.
rail_capacity_boost,2026-07-19T16:05:00Z,65,second_half,midtown_penn_walk,midtown_access,penn_station_access,0,7.0,1.3,955,1.0,synthetic,scenario,Synthetic scenario assumption for FinalFlow demonstration; not observed event operations.
rail_capacity_boost,2026-07-19T16:05:00Z,65,second_half,penn_concourse,penn_station_access,penn_station_access,0,9.0,1.3,1228,1.0,synthetic,scenario,Synthetic scenario assumption for FinalFlow demonstration; not observed event operations.
rail_capacity_boost,2026-07-19T16:05:00Z,65,second_half,secaucus_transfer,secaucus_transfer,secaucus_transfer,0,8.0,1.3,1092,1.0,synthetic,scenario,Synthetic scenario assumption for FinalFlow demonstration; not observed event operations.
rail_capacity_boost,2026-07-19T16:05:00Z,65,second_half,meadowlands_platform,meadowlands_access,meadowlands_access,0,6.0,1.3,819,1.0,synthetic,scenario,Synthetic scenario assumption for FinalFlow demonstration; not observed event operations.
rail_capacity_boost,2026-07-19T16:05:00Z,65,second_half,meadowlands_stadium_walk,meadowlands_access,stadium_egress,0,8.0,1.3,1092,1.0,synthetic,scenario,Synthetic scenario assumption for FinalFlow demonstration; not observed event operations.
rail_capacity_boost,2026-07-19T16:05:00Z,65,second_half,stadium_egress_walk,stadium_egress,meadowlands_access,0,10.0,1.3,1365,1.0,synthetic,scenario,Synthetic scenario assumption for FinalFlow demonstration; not observed event operations.
rail_capacity_boost,2026-07-19T16:10:00Z,70,second_half,midtown_penn_walk,midtown_access,penn_station_access,0,7.0,1.3,955,1.0,synthetic,scenario,Synthetic scenario assumption for FinalFlow demonstration; not observed event operations.
rail_capacity_boost,2026-07-19T16:10:00Z,70,second_half,penn_concourse,penn_station_access,penn_station_access,0,9.0,1.3,1228,1.0,synthetic,scenario,Synthetic scenario assumption for FinalFlow demonstration; not observed event operations.
rail_capacity_boost,2026-07-19T16:10:00Z,70,second_half,secaucus_transfer,secaucus_transfer,secaucus_transfer,0,8.0,1.3,1092,1.0,synthetic,scenario,Synthetic scenario assumption for FinalFlow demonstration; not observed event operations.
rail_capacity_boost,2026-07-19T16:10:00Z,70,second_half,meadowlands_platform,meadowlands_access,meadowlands_access,0,6.0,1.3,819,1.0,synthetic,scenario,Synthetic scenario assumption for FinalFlow demonstration; not observed event operations.
rail_capacity_boost,2026-07-19T16:10:00Z,70,second_half,meadowlands_stadium_walk,meadowlands_access,stadium_egress,0,8.0,1.3,1092,1.0,synthetic,scenario,Synthetic scenario assumption for FinalFlow demonstration; not observed event operations.
rail_capacity_boost,2026-07-19T16:10:00Z,70,second_half,stadium_egress_walk,stadium_egress,meadowlands_access,0,10.0,1.3,1365,1.0,synthetic,scenario,Synthetic scenario assumption for FinalFlow demonstration; not observed event operations.
rail_capacity_boost,2026-07-19T16:15:00Z,75,second_half,midtown_penn_walk,midtown_access,penn_station_access,0,7.0,1.3,955,1.0,synthetic,scenario,Synthetic scenario assumption for FinalFlow demonstration; not observed event operations.
rail_capacity_boost,2026-07-19T16:15:00Z,75,second_half,penn_concourse,penn_station_access,penn_station_access,0,9.0,1.3,1228,1.0,synthetic,scenario,Synthetic scenario assumption for FinalFlow demonstration; not observed event operations.
rail_capacity_boost,2026-07-19T16:15:00Z,75,second_half,secaucus_transfer,secaucus_transfer,secaucus_transfer,0,8.0,1.3,1092,1.0,synthetic,scenario,Synthetic scenario assumption for FinalFlow demonstration; not observed event operations.
rail_capacity_boost,2026-07-19T16:15:00Z,75,second_half,meadowlands_platform,meadowlands_access,meadowlands_access,0,6.0,1.3,819,1.0,synthetic,scenario,Synthetic scenario assumption for FinalFlow demonstration; not observed event operations.
rail_capacity_boost,2026-07-19T16:15:00Z,75,second_half,meadowlands_stadium_walk,meadowlands_access,stadium_egress,0,8.0,1.3,1092,1.0,synthetic,scenario,Synthetic scenario assumption for FinalFlow demonstration; not observed event operations.
rail_capacity_boost,2026-07-19T16:15:00Z,75,second_half,stadium_egress_walk,stadium_egress,meadowlands_access,0,10.0,1.3,1365,1.0,synthetic,scenario,Synthetic scenario assumption for FinalFlow demonstration; not observed event operations.
rail_capacity_boost,2026-07-19T16:20:00Z,80,second_half,midtown_penn_walk,midtown_access,penn_station_access,0,7.0,1.3,955,1.0,synthetic,scenario,Synthetic scenario assumption for FinalFlow demonstration; not observed event operations.
rail_capacity_boost,2026-07-19T16:20:00Z,80,second_half,penn_concourse,penn_station_access,penn_station_access,0,9.0,1.3,1228,1.0,synthetic,scenario,Synthetic scenario assumption for FinalFlow demonstration; not observed event operations.
rail_capacity_boost,2026-07-19T16:20:00Z,80,second_half,secaucus_transfer,secaucus_transfer,secaucus_transfer,0,8.0,1.3,1092,1.0,synthetic,scenario,Synthetic scenario assumption for FinalFlow demonstration; not observed event operations.
rail_capacity_boost,2026-07-19T16:20:00Z,80,second_half,meadowlands_platform,meadowlands_access,meadowlands_access,0,6.0,1.3,819,1.0,synthetic,scenario,Synthetic scenario assumption for FinalFlow demonstration; not observed event operations.
rail_capacity_boost,2026-07-19T16:20:00Z,80,second_half,meadowlands_stadium_walk,meadowlands_access,stadium_egress,0,8.0,1.3,1092,1.0,synthetic,scenario,Synthetic scenario assumption for FinalFlow demonstration; not observed event operations.
rail_capacity_boost,2026-07-19T16:20:00Z,80,second_half,stadium_egress_walk,stadium_egress,meadowlands_access,0,10.0,1.3,1365,1.0,synthetic,scenario,Synthetic scenario assumption for FinalFlow demonstration; not observed event operations.
rail_capacity_boost,2026-07-19T16:25:00Z,85,second_half,midtown_penn_walk,midtown_access,penn_station_access,0,7.0,1.3,955,1.0,synthetic,scenario,Synthetic scenario assumption for FinalFlow demonstration; not observed event operations.
rail_capacity_boost,2026-07-19T16:25:00Z,85,second_half,penn_concourse,penn_station_access,penn_station_access,0,9.0,1.3,1228,1.0,synthetic,scenario,Synthetic scenario assumption for FinalFlow demonstration; not observed event operations.
rail_capacity_boost,2026-07-19T16:25:00Z,85,second_half,secaucus_transfer,secaucus_transfer,secaucus_transfer,0,8.0,1.3,1092,1.0,synthetic,scenario,Synthetic scenario assumption for FinalFlow demonstration; not observed event operations.
rail_capacity_boost,2026-07-19T16:25:00Z,85,second_half,meadowlands_platform,meadowlands_access,meadowlands_access,0,6.0,1.3,819,1.0,synthetic,scenario,Synthetic scenario assumption for FinalFlow demonstration; not observed event operations.
rail_capacity_boost,2026-07-19T16:25:00Z,85,second_half,meadowlands_stadium_walk,meadowlands_access,stadium_egress,0,8.0,1.3,1092,1.0,synthetic,scenario,Synthetic scenario assumption for FinalFlow demonstration; not observed event operations.
rail_capacity_boost,2026-07-19T16:25:00Z,85,second_half,stadium_egress_walk,stadium_egress,meadowlands_access,0,10.0,1.3,1365,1.0,synthetic,scenario,Synthetic scenario assumption for FinalFlow demonstration; not observed event operations.
rail_capacity_boost,2026-07-19T16:30:00Z,90,second_half,midtown_penn_walk,midtown_access,penn_station_access,0,7.0,1.3,955,1.0,synthetic,scenario,Synthetic scenario assumption for FinalFlow demonstration; not observed event operations.
rail_capacity_boost,2026-07-19T16:30:00Z,90,second_half,penn_concourse,penn_station_access,penn_station_access,0,9.0,1.3,1228,1.0,synthetic,scenario,Synthetic scenario assumption for FinalFlow demonstration; not observed event operations.
rail_capacity_boost,2026-07-19T16:30:00Z,90,second_half,secaucus_transfer,secaucus_transfer,secaucus_transfer,0,8.0,1.3,1092,1.0,synthetic,scenario,Synthetic scenario assumption for FinalFlow demonstration; not observed event operations.
rail_capacity_boost,2026-07-19T16:30:00Z,90,second_half,meadowlands_platform,meadowlands_access,meadowlands_access,0,6.0,1.3,819,1.0,synthetic,scenario,Synthetic scenario assumption for FinalFlow demonstration; not observed event operations.
rail_capacity_boost,2026-07-19T16:30:00Z,90,second_half,meadowlands_stadium_walk,meadowlands_access,stadium_egress,0,8.0,1.3,1092,1.0,synthetic,scenario,Synthetic scenario assumption for FinalFlow demonstration; not observed event operations.
rail_capacity_boost,2026-07-19T16:30:00Z,90,second_half,stadium_egress_walk,stadium_egress,meadowlands_access,0,10.0,1.3,1365,1.0,synthetic,scenario,Synthetic scenario assumption for FinalFlow demonstration; not observed event operations.
rail_capacity_boost,2026-07-19T16:35:00Z,95,second_half,midtown_penn_walk,midtown_access,penn_station_access,0,7.0,1.3,955,1.0,synthetic,scenario,Synthetic scenario assumption for FinalFlow demonstration; not observed event operations.
rail_capacity_boost,2026-07-19T16:35:00Z,95,second_half,penn_concourse,penn_station_access,penn_station_access,0,9.0,1.3,1228,1.0,synthetic,scenario,Synthetic scenario assumption for FinalFlow demonstration; not observed event operations.
rail_capacity_boost,2026-07-19T16:35:00Z,95,second_half,secaucus_transfer,secaucus_transfer,secaucus_transfer,0,8.0,1.3,1092,1.0,synthetic,scenario,Synthetic scenario assumption for FinalFlow demonstration; not observed event operations.
rail_capacity_boost,2026-07-19T16:35:00Z,95,second_half,meadowlands_platform,meadowlands_access,meadowlands_access,0,6.0,1.3,819,1.0,synthetic,scenario,Synthetic scenario assumption for FinalFlow demonstration; not observed event operations.
rail_capacity_boost,2026-07-19T16:35:00Z,95,second_half,meadowlands_stadium_walk,meadowlands_access,stadium_egress,0,8.0,1.3,1092,1.0,synthetic,scenario,Synthetic scenario assumption for FinalFlow demonstration; not observed event operations.
rail_capacity_boost,2026-07-19T16:35:00Z,95,second_half,stadium_egress_walk,stadium_egress,meadowlands_access,0,10.0,1.3,1365,1.0,synthetic,scenario,Synthetic scenario assumption for FinalFlow demonstration; not observed event operations.
rail_capacity_boost,2026-07-19T16:40:00Z,100,second_half,midtown_penn_walk,midtown_access,penn_station_access,0,7.0,1.3,955,1.0,synthetic,scenario,Synthetic scenario assumption for FinalFlow demonstration; not observed event operations.
rail_capacity_boost,2026-07-19T16:40:00Z,100,second_half,penn_concourse,penn_station_access,penn_station_access,0,9.0,1.3,1228,1.0,synthetic,scenario,Synthetic scenario assumption for FinalFlow demonstration; not observed event operations.
rail_capacity_boost,2026-07-19T16:40:00Z,100,second_half,secaucus_transfer,secaucus_transfer,secaucus_transfer,0,8.0,1.3,1092,1.0,synthetic,scenario,Synthetic scenario assumption for FinalFlow demonstration; not observed event operations.
rail_capacity_boost,2026-07-19T16:40:00Z,100,second_half,meadowlands_platform,meadowlands_access,meadowlands_access,0,6.0,1.3,819,1.0,synthetic,scenario,Synthetic scenario assumption for FinalFlow demonstration; not observed event operations.
rail_capacity_boost,2026-07-19T16:40:00Z,100,second_half,meadowlands_stadium_walk,meadowlands_access,stadium_egress,0,8.0,1.3,1092,1.0,synthetic,scenario,Synthetic scenario assumption for FinalFlow demonstration; not observed event operations.
rail_capacity_boost,2026-07-19T16:40:00Z,100,second_half,stadium_egress_walk,stadium_egress,meadowlands_access,0,10.0,1.3,1365,1.0,synthetic,scenario,Synthetic scenario assumption for FinalFlow demonstration; not observed event operations.
rail_capacity_boost,2026-07-19T16:45:00Z,105,regulation_end,midtown_penn_walk,midtown_access,penn_station_access,0,7.0,1.3,955,1.0,synthetic,scenario,Synthetic scenario assumption for FinalFlow demonstration; not observed event operations.
rail_capacity_boost,2026-07-19T16:45:00Z,105,regulation_end,penn_concourse,penn_station_access,penn_station_access,0,9.0,1.3,1228,1.0,synthetic,scenario,Synthetic scenario assumption for FinalFlow demonstration; not observed event operations.
rail_capacity_boost,2026-07-19T16:45:00Z,105,regulation_end,secaucus_transfer,secaucus_transfer,secaucus_transfer,0,8.0,1.3,1092,1.0,synthetic,scenario,Synthetic scenario assumption for FinalFlow demonstration; not observed event operations.
rail_capacity_boost,2026-07-19T16:45:00Z,105,regulation_end,meadowlands_platform,meadowlands_access,meadowlands_access,0,6.0,1.3,819,1.0,synthetic,scenario,Synthetic scenario assumption for FinalFlow demonstration; not observed event operations.
rail_capacity_boost,2026-07-19T16:45:00Z,105,regulation_end,meadowlands_stadium_walk,meadowlands_access,stadium_egress,0,8.0,1.3,1092,1.0,synthetic,scenario,Synthetic scenario assumption for FinalFlow demonstration; not observed event operations.
rail_capacity_boost,2026-07-19T16:45:00Z,105,regulation_end,stadium_egress_walk,stadium_egress,meadowlands_access,0,10.0,1.3,1365,1.0,synthetic,scenario,Synthetic scenario assumption for FinalFlow demonstration; not observed event operations.
rail_capacity_boost,2026-07-19T16:50:00Z,110,extra_time,midtown_penn_walk,midtown_access,penn_station_access,0,7.0,1.3,955,1.0,synthetic,scenario,Synthetic scenario assumption for FinalFlow demonstration; not observed event operations.
rail_capacity_boost,2026-07-19T16:50:00Z,110,extra_time,penn_concourse,penn_station_access,penn_station_access,0,9.0,1.3,1228,1.0,synthetic,scenario,Synthetic scenario assumption for FinalFlow demonstration; not observed event operations.
rail_capacity_boost,2026-07-19T16:50:00Z,110,extra_time,secaucus_transfer,secaucus_transfer,secaucus_transfer,0,8.0,1.3,1092,1.0,synthetic,scenario,Synthetic scenario assumption for FinalFlow demonstration; not observed event operations.
rail_capacity_boost,2026-07-19T16:50:00Z,110,extra_time,meadowlands_platform,meadowlands_access,meadowlands_access,0,6.0,1.3,819,1.0,synthetic,scenario,Synthetic scenario assumption for FinalFlow demonstration; not observed event operations.
rail_capacity_boost,2026-07-19T16:50:00Z,110,extra_time,meadowlands_stadium_walk,meadowlands_access,stadium_egress,0,8.0,1.3,1092,1.0,synthetic,scenario,Synthetic scenario assumption for FinalFlow demonstration; not observed event operations.
rail_capacity_boost,2026-07-19T16:50:00Z,110,extra_time,stadium_egress_walk,stadium_egress,meadowlands_access,0,10.0,1.3,1365,1.0,synthetic,scenario,Synthetic scenario assumption for FinalFlow demonstration; not observed event operations.
rail_capacity_boost,2026-07-19T16:55:00Z,115,extra_time,midtown_penn_walk,midtown_access,penn_station_access,0,7.0,1.3,955,1.0,synthetic,scenario,Synthetic scenario assumption for FinalFlow demonstration; not observed event operations.
rail_capacity_boost,2026-07-19T16:55:00Z,115,extra_time,penn_concourse,penn_station_access,penn_station_access,0,9.0,1.3,1228,1.0,synthetic,scenario,Synthetic scenario assumption for FinalFlow demonstration; not observed event operations.
rail_capacity_boost,2026-07-19T16:55:00Z,115,extra_time,secaucus_transfer,secaucus_transfer,secaucus_transfer,0,8.0,1.3,1092,1.0,synthetic,scenario,Synthetic scenario assumption for FinalFlow demonstration; not observed event operations.
rail_capacity_boost,2026-07-19T16:55:00Z,115,extra_time,meadowlands_platform,meadowlands_access,meadowlands_access,0,6.0,1.3,819,1.0,synthetic,scenario,Synthetic scenario assumption for FinalFlow demonstration; not observed event operations.
rail_capacity_boost,2026-07-19T16:55:00Z,115,extra_time,meadowlands_stadium_walk,meadowlands_access,stadium_egress,0,8.0,1.3,1092,1.0,synthetic,scenario,Synthetic scenario assumption for FinalFlow demonstration; not observed event operations.
rail_capacity_boost,2026-07-19T16:55:00Z,115,extra_time,stadium_egress_walk,stadium_egress,meadowlands_access,0,10.0,1.3,1365,1.0,synthetic,scenario,Synthetic scenario assumption for FinalFlow demonstration; not observed event operations.
rail_capacity_boost,2026-07-19T17:00:00Z,120,extra_time,midtown_penn_walk,midtown_access,penn_station_access,0,7.0,1.3,955,1.0,synthetic,scenario,Synthetic scenario assumption for FinalFlow demonstration; not observed event operations.
rail_capacity_boost,2026-07-19T17:00:00Z,120,extra_time,penn_concourse,penn_station_access,penn_station_access,0,9.0,1.3,1228,1.0,synthetic,scenario,Synthetic scenario assumption for FinalFlow demonstration; not observed event operations.
rail_capacity_boost,2026-07-19T17:00:00Z,120,extra_time,secaucus_transfer,secaucus_transfer,secaucus_transfer,0,8.0,1.3,1092,1.0,synthetic,scenario,Synthetic scenario assumption for FinalFlow demonstration; not observed event operations.
rail_capacity_boost,2026-07-19T17:00:00Z,120,extra_time,meadowlands_platform,meadowlands_access,meadowlands_access,0,6.0,1.3,819,1.0,synthetic,scenario,Synthetic scenario assumption for FinalFlow demonstration; not observed event operations.
rail_capacity_boost,2026-07-19T17:00:00Z,120,extra_time,meadowlands_stadium_walk,meadowlands_access,stadium_egress,0,8.0,1.3,1092,1.0,synthetic,scenario,Synthetic scenario assumption for FinalFlow demonstration; not observed event operations.
rail_capacity_boost,2026-07-19T17:00:00Z,120,extra_time,stadium_egress_walk,stadium_egress,meadowlands_access,0,10.0,1.3,1365,1.0,synthetic,scenario,Synthetic scenario assumption for FinalFlow demonstration; not observed event operations.
rail_capacity_boost,2026-07-19T17:05:00Z,125,extra_time,midtown_penn_walk,midtown_access,penn_station_access,0,7.0,1.3,955,1.0,synthetic,scenario,Synthetic scenario assumption for FinalFlow demonstration; not observed event operations.
rail_capacity_boost,2026-07-19T17:05:00Z,125,extra_time,penn_concourse,penn_station_access,penn_station_access,0,9.0,1.3,1228,1.0,synthetic,scenario,Synthetic scenario assumption for FinalFlow demonstration; not observed event operations.
rail_capacity_boost,2026-07-19T17:05:00Z,125,extra_time,secaucus_transfer,secaucus_transfer,secaucus_transfer,0,8.0,1.3,1092,1.0,synthetic,scenario,Synthetic scenario assumption for FinalFlow demonstration; not observed event operations.
rail_capacity_boost,2026-07-19T17:05:00Z,125,extra_time,meadowlands_platform,meadowlands_access,meadowlands_access,0,6.0,1.3,819,1.0,synthetic,scenario,Synthetic scenario assumption for FinalFlow demonstration; not observed event operations.
rail_capacity_boost,2026-07-19T17:05:00Z,125,extra_time,meadowlands_stadium_walk,meadowlands_access,stadium_egress,0,8.0,1.3,1092,1.0,synthetic,scenario,Synthetic scenario assumption for FinalFlow demonstration; not observed event operations.
rail_capacity_boost,2026-07-19T17:05:00Z,125,extra_time,stadium_egress_walk,stadium_egress,meadowlands_access,0,10.0,1.3,1365,1.0,synthetic,scenario,Synthetic scenario assumption for FinalFlow demonstration; not observed event operations.
rail_capacity_boost,2026-07-19T17:10:00Z,130,extra_time,midtown_penn_walk,midtown_access,penn_station_access,0,7.0,1.3,955,1.0,synthetic,scenario,Synthetic scenario assumption for FinalFlow demonstration; not observed event operations.
rail_capacity_boost,2026-07-19T17:10:00Z,130,extra_time,penn_concourse,penn_station_access,penn_station_access,0,9.0,1.3,1228,1.0,synthetic,scenario,Synthetic scenario assumption for FinalFlow demonstration; not observed event operations.
rail_capacity_boost,2026-07-19T17:10:00Z,130,extra_time,secaucus_transfer,secaucus_transfer,secaucus_transfer,0,8.0,1.3,1092,1.0,synthetic,scenario,Synthetic scenario assumption for FinalFlow demonstration; not observed event operations.
rail_capacity_boost,2026-07-19T17:10:00Z,130,extra_time,meadowlands_platform,meadowlands_access,meadowlands_access,0,6.0,1.3,819,1.0,synthetic,scenario,Synthetic scenario assumption for FinalFlow demonstration; not observed event operations.
rail_capacity_boost,2026-07-19T17:10:00Z,130,extra_time,meadowlands_stadium_walk,meadowlands_access,stadium_egress,0,8.0,1.3,1092,1.0,synthetic,scenario,Synthetic scenario assumption for FinalFlow demonstration; not observed event operations.
rail_capacity_boost,2026-07-19T17:10:00Z,130,extra_time,stadium_egress_walk,stadium_egress,meadowlands_access,0,10.0,1.3,1365,1.0,synthetic,scenario,Synthetic scenario assumption for FinalFlow demonstration; not observed event operations.
rail_capacity_boost,2026-07-19T17:15:00Z,135,final_whistle,midtown_penn_walk,midtown_access,penn_station_access,52,7.0,1.3,955,1.0,synthetic,scenario,Synthetic scenario assumption for FinalFlow demonstration; not observed event operations.
rail_capacity_boost,2026-07-19T17:15:00Z,135,final_whistle,penn_concourse,penn_station_access,penn_station_access,52,9.0,1.3,1228,1.0,synthetic,scenario,Synthetic scenario assumption for FinalFlow demonstration; not observed event operations.
rail_capacity_boost,2026-07-19T17:15:00Z,135,final_whistle,secaucus_transfer,secaucus_transfer,secaucus_transfer,52,8.0,1.3,1092,1.0,synthetic,scenario,Synthetic scenario assumption for FinalFlow demonstration; not observed event operations.
rail_capacity_boost,2026-07-19T17:15:00Z,135,final_whistle,meadowlands_platform,meadowlands_access,meadowlands_access,52,6.0,1.3,819,1.0,synthetic,scenario,Synthetic scenario assumption for FinalFlow demonstration; not observed event operations.
rail_capacity_boost,2026-07-19T17:15:00Z,135,final_whistle,meadowlands_stadium_walk,meadowlands_access,stadium_egress,52,8.0,1.3,1092,1.0,synthetic,scenario,Synthetic scenario assumption for FinalFlow demonstration; not observed event operations.
rail_capacity_boost,2026-07-19T17:15:00Z,135,final_whistle,stadium_egress_walk,stadium_egress,meadowlands_access,52,10.0,1.3,1365,1.0,synthetic,scenario,Synthetic scenario assumption for FinalFlow demonstration; not observed event operations.
rail_capacity_boost,2026-07-19T17:20:00Z,140,post_match,midtown_penn_walk,midtown_access,penn_station_access,49,7.0,1.3,955,1.0,synthetic,scenario,Synthetic scenario assumption for FinalFlow demonstration; not observed event operations.
rail_capacity_boost,2026-07-19T17:20:00Z,140,post_match,penn_concourse,penn_station_access,penn_station_access,49,9.0,1.3,1228,1.0,synthetic,scenario,Synthetic scenario assumption for FinalFlow demonstration; not observed event operations.
rail_capacity_boost,2026-07-19T17:20:00Z,140,post_match,secaucus_transfer,secaucus_transfer,secaucus_transfer,49,8.0,1.3,1092,1.0,synthetic,scenario,Synthetic scenario assumption for FinalFlow demonstration; not observed event operations.
rail_capacity_boost,2026-07-19T17:20:00Z,140,post_match,meadowlands_platform,meadowlands_access,meadowlands_access,49,6.0,1.3,819,1.0,synthetic,scenario,Synthetic scenario assumption for FinalFlow demonstration; not observed event operations.
rail_capacity_boost,2026-07-19T17:20:00Z,140,post_match,meadowlands_stadium_walk,meadowlands_access,stadium_egress,49,8.0,1.3,1092,1.0,synthetic,scenario,Synthetic scenario assumption for FinalFlow demonstration; not observed event operations.
rail_capacity_boost,2026-07-19T17:20:00Z,140,post_match,stadium_egress_walk,stadium_egress,meadowlands_access,49,10.0,1.3,1365,1.0,synthetic,scenario,Synthetic scenario assumption for FinalFlow demonstration; not observed event operations.
rail_capacity_boost,2026-07-19T17:25:00Z,145,post_match,midtown_penn_walk,midtown_access,penn_station_access,100,7.0,1.3,955,1.0,synthetic,scenario,Synthetic scenario assumption for FinalFlow demonstration; not observed event operations.
rail_capacity_boost,2026-07-19T17:25:00Z,145,post_match,penn_concourse,penn_station_access,penn_station_access,100,9.0,1.3,1228,1.0,synthetic,scenario,Synthetic scenario assumption for FinalFlow demonstration; not observed event operations.
rail_capacity_boost,2026-07-19T17:25:00Z,145,post_match,secaucus_transfer,secaucus_transfer,secaucus_transfer,100,8.0,1.3,1092,1.0,synthetic,scenario,Synthetic scenario assumption for FinalFlow demonstration; not observed event operations.
rail_capacity_boost,2026-07-19T17:25:00Z,145,post_match,meadowlands_platform,meadowlands_access,meadowlands_access,100,6.0,1.3,819,1.0,synthetic,scenario,Synthetic scenario assumption for FinalFlow demonstration; not observed event operations.
rail_capacity_boost,2026-07-19T17:25:00Z,145,post_match,meadowlands_stadium_walk,meadowlands_access,stadium_egress,100,8.0,1.3,1092,1.0,synthetic,scenario,Synthetic scenario assumption for FinalFlow demonstration; not observed event operations.
rail_capacity_boost,2026-07-19T17:25:00Z,145,post_match,stadium_egress_walk,stadium_egress,meadowlands_access,100,10.0,1.3,1365,1.0,synthetic,scenario,Synthetic scenario assumption for FinalFlow demonstration; not observed event operations.
rail_capacity_boost,2026-07-19T17:30:00Z,150,post_match,midtown_penn_walk,midtown_access,penn_station_access,92,7.0,1.3,955,1.0,synthetic,scenario,Synthetic scenario assumption for FinalFlow demonstration; not observed event operations.
rail_capacity_boost,2026-07-19T17:30:00Z,150,post_match,penn_concourse,penn_station_access,penn_station_access,92,9.0,1.3,1228,1.0,synthetic,scenario,Synthetic scenario assumption for FinalFlow demonstration; not observed event operations.
rail_capacity_boost,2026-07-19T17:30:00Z,150,post_match,secaucus_transfer,secaucus_transfer,secaucus_transfer,92,8.0,1.3,1092,1.0,synthetic,scenario,Synthetic scenario assumption for FinalFlow demonstration; not observed event operations.
rail_capacity_boost,2026-07-19T17:30:00Z,150,post_match,meadowlands_platform,meadowlands_access,meadowlands_access,92,6.0,1.3,819,1.0,synthetic,scenario,Synthetic scenario assumption for FinalFlow demonstration; not observed event operations.
rail_capacity_boost,2026-07-19T17:30:00Z,150,post_match,meadowlands_stadium_walk,meadowlands_access,stadium_egress,92,8.0,1.3,1092,1.0,synthetic,scenario,Synthetic scenario assumption for FinalFlow demonstration; not observed event operations.
rail_capacity_boost,2026-07-19T17:30:00Z,150,post_match,stadium_egress_walk,stadium_egress,meadowlands_access,92,10.0,1.3,1365,1.0,synthetic,scenario,Synthetic scenario assumption for FinalFlow demonstration; not observed event operations.
rail_capacity_boost,2026-07-19T17:35:00Z,155,post_match,midtown_penn_walk,midtown_access,penn_station_access,86,7.0,1.3,955,1.0,synthetic,scenario,Synthetic scenario assumption for FinalFlow demonstration; not observed event operations.
rail_capacity_boost,2026-07-19T17:35:00Z,155,post_match,penn_concourse,penn_station_access,penn_station_access,86,9.0,1.3,1228,1.0,synthetic,scenario,Synthetic scenario assumption for FinalFlow demonstration; not observed event operations.
rail_capacity_boost,2026-07-19T17:35:00Z,155,post_match,secaucus_transfer,secaucus_transfer,secaucus_transfer,86,8.0,1.3,1092,1.0,synthetic,scenario,Synthetic scenario assumption for FinalFlow demonstration; not observed event operations.
rail_capacity_boost,2026-07-19T17:35:00Z,155,post_match,meadowlands_platform,meadowlands_access,meadowlands_access,86,6.0,1.3,819,1.0,synthetic,scenario,Synthetic scenario assumption for FinalFlow demonstration; not observed event operations.
rail_capacity_boost,2026-07-19T17:35:00Z,155,post_match,meadowlands_stadium_walk,meadowlands_access,stadium_egress,86,8.0,1.3,1092,1.0,synthetic,scenario,Synthetic scenario assumption for FinalFlow demonstration; not observed event operations.
rail_capacity_boost,2026-07-19T17:35:00Z,155,post_match,stadium_egress_walk,stadium_egress,meadowlands_access,86,10.0,1.3,1365,1.0,synthetic,scenario,Synthetic scenario assumption for FinalFlow demonstration; not observed event operations.
rail_capacity_boost,2026-07-19T17:40:00Z,160,post_match,midtown_penn_walk,midtown_access,penn_station_access,79,7.0,1.3,955,1.0,synthetic,scenario,Synthetic scenario assumption for FinalFlow demonstration; not observed event operations.
rail_capacity_boost,2026-07-19T17:40:00Z,160,post_match,penn_concourse,penn_station_access,penn_station_access,79,9.0,1.3,1228,1.0,synthetic,scenario,Synthetic scenario assumption for FinalFlow demonstration; not observed event operations.
rail_capacity_boost,2026-07-19T17:40:00Z,160,post_match,secaucus_transfer,secaucus_transfer,secaucus_transfer,79,8.0,1.3,1092,1.0,synthetic,scenario,Synthetic scenario assumption for FinalFlow demonstration; not observed event operations.
rail_capacity_boost,2026-07-19T17:40:00Z,160,post_match,meadowlands_platform,meadowlands_access,meadowlands_access,79,6.0,1.3,819,1.0,synthetic,scenario,Synthetic scenario assumption for FinalFlow demonstration; not observed event operations.
rail_capacity_boost,2026-07-19T17:40:00Z,160,post_match,meadowlands_stadium_walk,meadowlands_access,stadium_egress,79,8.0,1.3,1092,1.0,synthetic,scenario,Synthetic scenario assumption for FinalFlow demonstration; not observed event operations.
rail_capacity_boost,2026-07-19T17:40:00Z,160,post_match,stadium_egress_walk,stadium_egress,meadowlands_access,79,10.0,1.3,1365,1.0,synthetic,scenario,Synthetic scenario assumption for FinalFlow demonstration; not observed event operations.
rail_capacity_boost,2026-07-19T17:45:00Z,165,post_match,midtown_penn_walk,midtown_access,penn_station_access,71,7.0,1.3,955,1.0,synthetic,scenario,Synthetic scenario assumption for FinalFlow demonstration; not observed event operations.
rail_capacity_boost,2026-07-19T17:45:00Z,165,post_match,penn_concourse,penn_station_access,penn_station_access,71,9.0,1.3,1228,1.0,synthetic,scenario,Synthetic scenario assumption for FinalFlow demonstration; not observed event operations.
rail_capacity_boost,2026-07-19T17:45:00Z,165,post_match,secaucus_transfer,secaucus_transfer,secaucus_transfer,71,8.0,1.3,1092,1.0,synthetic,scenario,Synthetic scenario assumption for FinalFlow demonstration; not observed event operations.
rail_capacity_boost,2026-07-19T17:45:00Z,165,post_match,meadowlands_platform,meadowlands_access,meadowlands_access,71,6.0,1.3,819,1.0,synthetic,scenario,Synthetic scenario assumption for FinalFlow demonstration; not observed event operations.
rail_capacity_boost,2026-07-19T17:45:00Z,165,post_match,meadowlands_stadium_walk,meadowlands_access,stadium_egress,71,8.0,1.3,1092,1.0,synthetic,scenario,Synthetic scenario assumption for FinalFlow demonstration; not observed event operations.
rail_capacity_boost,2026-07-19T17:45:00Z,165,post_match,stadium_egress_walk,stadium_egress,meadowlands_access,71,10.0,1.3,1365,1.0,synthetic,scenario,Synthetic scenario assumption for FinalFlow demonstration; not observed event operations.
rail_capacity_boost,2026-07-19T17:50:00Z,170,post_match,midtown_penn_walk,midtown_access,penn_station_access,65,7.0,1.3,955,1.0,synthetic,scenario,Synthetic scenario assumption for FinalFlow demonstration; not observed event operations.
rail_capacity_boost,2026-07-19T17:50:00Z,170,post_match,penn_concourse,penn_station_access,penn_station_access,65,9.0,1.3,1228,1.0,synthetic,scenario,Synthetic scenario assumption for FinalFlow demonstration; not observed event operations.
rail_capacity_boost,2026-07-19T17:50:00Z,170,post_match,secaucus_transfer,secaucus_transfer,secaucus_transfer,65,8.0,1.3,1092,1.0,synthetic,scenario,Synthetic scenario assumption for FinalFlow demonstration; not observed event operations.
rail_capacity_boost,2026-07-19T17:50:00Z,170,post_match,meadowlands_platform,meadowlands_access,meadowlands_access,65,6.0,1.3,819,1.0,synthetic,scenario,Synthetic scenario assumption for FinalFlow demonstration; not observed event operations.
rail_capacity_boost,2026-07-19T17:50:00Z,170,post_match,meadowlands_stadium_walk,meadowlands_access,stadium_egress,65,8.0,1.3,1092,1.0,synthetic,scenario,Synthetic scenario assumption for FinalFlow demonstration; not observed event operations.
rail_capacity_boost,2026-07-19T17:50:00Z,170,post_match,stadium_egress_walk,stadium_egress,meadowlands_access,65,10.0,1.3,1365,1.0,synthetic,scenario,Synthetic scenario assumption for FinalFlow demonstration; not observed event operations.
rail_capacity_boost,2026-07-19T17:55:00Z,175,post_match,midtown_penn_walk,midtown_access,penn_station_access,56,7.0,1.3,955,1.0,synthetic,scenario,Synthetic scenario assumption for FinalFlow demonstration; not observed event operations.
rail_capacity_boost,2026-07-19T17:55:00Z,175,post_match,penn_concourse,penn_station_access,penn_station_access,56,9.0,1.3,1228,1.0,synthetic,scenario,Synthetic scenario assumption for FinalFlow demonstration; not observed event operations.
rail_capacity_boost,2026-07-19T17:55:00Z,175,post_match,secaucus_transfer,secaucus_transfer,secaucus_transfer,56,8.0,1.3,1092,1.0,synthetic,scenario,Synthetic scenario assumption for FinalFlow demonstration; not observed event operations.
rail_capacity_boost,2026-07-19T17:55:00Z,175,post_match,meadowlands_platform,meadowlands_access,meadowlands_access,56,6.0,1.3,819,1.0,synthetic,scenario,Synthetic scenario assumption for FinalFlow demonstration; not observed event operations.
rail_capacity_boost,2026-07-19T17:55:00Z,175,post_match,meadowlands_stadium_walk,meadowlands_access,stadium_egress,56,8.0,1.3,1092,1.0,synthetic,scenario,Synthetic scenario assumption for FinalFlow demonstration; not observed event operations.
rail_capacity_boost,2026-07-19T17:55:00Z,175,post_match,stadium_egress_walk,stadium_egress,meadowlands_access,56,10.0,1.3,1365,1.0,synthetic,scenario,Synthetic scenario assumption for FinalFlow demonstration; not observed event operations.
rail_capacity_boost,2026-07-19T18:00:00Z,180,post_match,midtown_penn_walk,midtown_access,penn_station_access,49,7.0,1.3,955,1.0,synthetic,scenario,Synthetic scenario assumption for FinalFlow demonstration; not observed event operations.
rail_capacity_boost,2026-07-19T18:00:00Z,180,post_match,penn_concourse,penn_station_access,penn_station_access,49,9.0,1.3,1228,1.0,synthetic,scenario,Synthetic scenario assumption for FinalFlow demonstration; not observed event operations.
rail_capacity_boost,2026-07-19T18:00:00Z,180,post_match,secaucus_transfer,secaucus_transfer,secaucus_transfer,49,8.0,1.3,1092,1.0,synthetic,scenario,Synthetic scenario assumption for FinalFlow demonstration; not observed event operations.
rail_capacity_boost,2026-07-19T18:00:00Z,180,post_match,meadowlands_platform,meadowlands_access,meadowlands_access,49,6.0,1.3,819,1.0,synthetic,scenario,Synthetic scenario assumption for FinalFlow demonstration; not observed event operations.
rail_capacity_boost,2026-07-19T18:00:00Z,180,post_match,meadowlands_stadium_walk,meadowlands_access,stadium_egress,49,8.0,1.3,1092,1.0,synthetic,scenario,Synthetic scenario assumption for FinalFlow demonstration; not observed event operations.
rail_capacity_boost,2026-07-19T18:00:00Z,180,post_match,stadium_egress_walk,stadium_egress,meadowlands_access,49,10.0,1.3,1365,1.0,synthetic,scenario,Synthetic scenario assumption for FinalFlow demonstration; not observed event operations.
rail_capacity_boost,2026-07-19T18:05:00Z,185,post_match,midtown_penn_walk,midtown_access,penn_station_access,44,7.0,1.3,955,1.0,synthetic,scenario,Synthetic scenario assumption for FinalFlow demonstration; not observed event operations.
rail_capacity_boost,2026-07-19T18:05:00Z,185,post_match,penn_concourse,penn_station_access,penn_station_access,44,9.0,1.3,1228,1.0,synthetic,scenario,Synthetic scenario assumption for FinalFlow demonstration; not observed event operations.
rail_capacity_boost,2026-07-19T18:05:00Z,185,post_match,secaucus_transfer,secaucus_transfer,secaucus_transfer,44,8.0,1.3,1092,1.0,synthetic,scenario,Synthetic scenario assumption for FinalFlow demonstration; not observed event operations.
rail_capacity_boost,2026-07-19T18:05:00Z,185,post_match,meadowlands_platform,meadowlands_access,meadowlands_access,44,6.0,1.3,819,1.0,synthetic,scenario,Synthetic scenario assumption for FinalFlow demonstration; not observed event operations.
rail_capacity_boost,2026-07-19T18:05:00Z,185,post_match,meadowlands_stadium_walk,meadowlands_access,stadium_egress,44,8.0,1.3,1092,1.0,synthetic,scenario,Synthetic scenario assumption for FinalFlow demonstration; not observed event operations.
rail_capacity_boost,2026-07-19T18:05:00Z,185,post_match,stadium_egress_walk,stadium_egress,meadowlands_access,44,10.0,1.3,1365,1.0,synthetic,scenario,Synthetic scenario assumption for FinalFlow demonstration; not observed event operations.
rail_capacity_boost,2026-07-19T18:10:00Z,190,post_match,midtown_penn_walk,midtown_access,penn_station_access,35,7.0,1.3,955,1.0,synthetic,scenario,Synthetic scenario assumption for FinalFlow demonstration; not observed event operations.
rail_capacity_boost,2026-07-19T18:10:00Z,190,post_match,penn_concourse,penn_station_access,penn_station_access,35,9.0,1.3,1228,1.0,synthetic,scenario,Synthetic scenario assumption for FinalFlow demonstration; not observed event operations.
rail_capacity_boost,2026-07-19T18:10:00Z,190,post_match,secaucus_transfer,secaucus_transfer,secaucus_transfer,35,8.0,1.3,1092,1.0,synthetic,scenario,Synthetic scenario assumption for FinalFlow demonstration; not observed event operations.
rail_capacity_boost,2026-07-19T18:10:00Z,190,post_match,meadowlands_platform,meadowlands_access,meadowlands_access,35,6.0,1.3,819,1.0,synthetic,scenario,Synthetic scenario assumption for FinalFlow demonstration; not observed event operations.
rail_capacity_boost,2026-07-19T18:10:00Z,190,post_match,meadowlands_stadium_walk,meadowlands_access,stadium_egress,35,8.0,1.3,1092,1.0,synthetic,scenario,Synthetic scenario assumption for FinalFlow demonstration; not observed event operations.
rail_capacity_boost,2026-07-19T18:10:00Z,190,post_match,stadium_egress_walk,stadium_egress,meadowlands_access,35,10.0,1.3,1365,1.0,synthetic,scenario,Synthetic scenario assumption for FinalFlow demonstration; not observed event operations.
rail_capacity_boost,2026-07-19T18:15:00Z,195,post_match,midtown_penn_walk,midtown_access,penn_station_access,0,7.0,1.3,955,1.0,synthetic,scenario,Synthetic scenario assumption for FinalFlow demonstration; not observed event operations.
rail_capacity_boost,2026-07-19T18:15:00Z,195,post_match,penn_concourse,penn_station_access,penn_station_access,0,9.0,1.3,1228,1.0,synthetic,scenario,Synthetic scenario assumption for FinalFlow demonstration; not observed event operations.
rail_capacity_boost,2026-07-19T18:15:00Z,195,post_match,secaucus_transfer,secaucus_transfer,secaucus_transfer,0,8.0,1.3,1092,1.0,synthetic,scenario,Synthetic scenario assumption for FinalFlow demonstration; not observed event operations.
rail_capacity_boost,2026-07-19T18:15:00Z,195,post_match,meadowlands_platform,meadowlands_access,meadowlands_access,0,6.0,1.3,819,1.0,synthetic,scenario,Synthetic scenario assumption for FinalFlow demonstration; not observed event operations.
rail_capacity_boost,2026-07-19T18:15:00Z,195,post_match,meadowlands_stadium_walk,meadowlands_access,stadium_egress,0,8.0,1.3,1092,1.0,synthetic,scenario,Synthetic scenario assumption for FinalFlow demonstration; not observed event operations.
rail_capacity_boost,2026-07-19T18:15:00Z,195,post_match,stadium_egress_walk,stadium_egress,meadowlands_access,0,10.0,1.3,1365,1.0,synthetic,scenario,Synthetic scenario assumption for FinalFlow demonstration; not observed event operations.
rail_capacity_boost,2026-07-19T18:20:00Z,200,post_match,midtown_penn_walk,midtown_access,penn_station_access,0,7.0,1.3,955,1.0,synthetic,scenario,Synthetic scenario assumption for FinalFlow demonstration; not observed event operations.
rail_capacity_boost,2026-07-19T18:20:00Z,200,post_match,penn_concourse,penn_station_access,penn_station_access,0,9.0,1.3,1228,1.0,synthetic,scenario,Synthetic scenario assumption for FinalFlow demonstration; not observed event operations.
rail_capacity_boost,2026-07-19T18:20:00Z,200,post_match,secaucus_transfer,secaucus_transfer,secaucus_transfer,0,8.0,1.3,1092,1.0,synthetic,scenario,Synthetic scenario assumption for FinalFlow demonstration; not observed event operations.
rail_capacity_boost,2026-07-19T18:20:00Z,200,post_match,meadowlands_platform,meadowlands_access,meadowlands_access,0,6.0,1.3,819,1.0,synthetic,scenario,Synthetic scenario assumption for FinalFlow demonstration; not observed event operations.
rail_capacity_boost,2026-07-19T18:20:00Z,200,post_match,meadowlands_stadium_walk,meadowlands_access,stadium_egress,0,8.0,1.3,1092,1.0,synthetic,scenario,Synthetic scenario assumption for FinalFlow demonstration; not observed event operations.
rail_capacity_boost,2026-07-19T18:20:00Z,200,post_match,stadium_egress_walk,stadium_egress,meadowlands_access,0,10.0,1.3,1365,1.0,synthetic,scenario,Synthetic scenario assumption for FinalFlow demonstration; not observed event operations.
rail_capacity_boost,2026-07-19T18:25:00Z,205,post_match,midtown_penn_walk,midtown_access,penn_station_access,0,7.0,1.3,955,1.0,synthetic,scenario,Synthetic scenario assumption for FinalFlow demonstration; not observed event operations.
rail_capacity_boost,2026-07-19T18:25:00Z,205,post_match,penn_concourse,penn_station_access,penn_station_access,0,9.0,1.3,1228,1.0,synthetic,scenario,Synthetic scenario assumption for FinalFlow demonstration; not observed event operations.
rail_capacity_boost,2026-07-19T18:25:00Z,205,post_match,secaucus_transfer,secaucus_transfer,secaucus_transfer,0,8.0,1.3,1092,1.0,synthetic,scenario,Synthetic scenario assumption for FinalFlow demonstration; not observed event operations.
rail_capacity_boost,2026-07-19T18:25:00Z,205,post_match,meadowlands_platform,meadowlands_access,meadowlands_access,0,6.0,1.3,819,1.0,synthetic,scenario,Synthetic scenario assumption for FinalFlow demonstration; not observed event operations.
rail_capacity_boost,2026-07-19T18:25:00Z,205,post_match,meadowlands_stadium_walk,meadowlands_access,stadium_egress,0,8.0,1.3,1092,1.0,synthetic,scenario,Synthetic scenario assumption for FinalFlow demonstration; not observed event operations.
rail_capacity_boost,2026-07-19T18:25:00Z,205,post_match,stadium_egress_walk,stadium_egress,meadowlands_access,0,10.0,1.3,1365,1.0,synthetic,scenario,Synthetic scenario assumption for FinalFlow demonstration; not observed event operations.
rail_capacity_boost,2026-07-19T18:30:00Z,210,post_match,midtown_penn_walk,midtown_access,penn_station_access,0,7.0,1.3,955,1.0,synthetic,scenario,Synthetic scenario assumption for FinalFlow demonstration; not observed event operations.
rail_capacity_boost,2026-07-19T18:30:00Z,210,post_match,penn_concourse,penn_station_access,penn_station_access,0,9.0,1.3,1228,1.0,synthetic,scenario,Synthetic scenario assumption for FinalFlow demonstration; not observed event operations.
rail_capacity_boost,2026-07-19T18:30:00Z,210,post_match,secaucus_transfer,secaucus_transfer,secaucus_transfer,0,8.0,1.3,1092,1.0,synthetic,scenario,Synthetic scenario assumption for FinalFlow demonstration; not observed event operations.
rail_capacity_boost,2026-07-19T18:30:00Z,210,post_match,meadowlands_platform,meadowlands_access,meadowlands_access,0,6.0,1.3,819,1.0,synthetic,scenario,Synthetic scenario assumption for FinalFlow demonstration; not observed event operations.
rail_capacity_boost,2026-07-19T18:30:00Z,210,post_match,meadowlands_stadium_walk,meadowlands_access,stadium_egress,0,8.0,1.3,1092,1.0,synthetic,scenario,Synthetic scenario assumption for FinalFlow demonstration; not observed event operations.
rail_capacity_boost,2026-07-19T18:30:00Z,210,post_match,stadium_egress_walk,stadium_egress,meadowlands_access,0,10.0,1.3,1365,1.0,synthetic,scenario,Synthetic scenario assumption for FinalFlow demonstration; not observed event operations.
rail_capacity_boost,2026-07-19T18:35:00Z,215,post_match,midtown_penn_walk,midtown_access,penn_station_access,0,7.0,1.3,955,1.0,synthetic,scenario,Synthetic scenario assumption for FinalFlow demonstration; not observed event operations.
rail_capacity_boost,2026-07-19T18:35:00Z,215,post_match,penn_concourse,penn_station_access,penn_station_access,0,9.0,1.3,1228,1.0,synthetic,scenario,Synthetic scenario assumption for FinalFlow demonstration; not observed event operations.
rail_capacity_boost,2026-07-19T18:35:00Z,215,post_match,secaucus_transfer,secaucus_transfer,secaucus_transfer,0,8.0,1.3,1092,1.0,synthetic,scenario,Synthetic scenario assumption for FinalFlow demonstration; not observed event operations.
rail_capacity_boost,2026-07-19T18:35:00Z,215,post_match,meadowlands_platform,meadowlands_access,meadowlands_access,0,6.0,1.3,819,1.0,synthetic,scenario,Synthetic scenario assumption for FinalFlow demonstration; not observed event operations.
rail_capacity_boost,2026-07-19T18:35:00Z,215,post_match,meadowlands_stadium_walk,meadowlands_access,stadium_egress,0,8.0,1.3,1092,1.0,synthetic,scenario,Synthetic scenario assumption for FinalFlow demonstration; not observed event operations.
rail_capacity_boost,2026-07-19T18:35:00Z,215,post_match,stadium_egress_walk,stadium_egress,meadowlands_access,0,10.0,1.3,1365,1.0,synthetic,scenario,Synthetic scenario assumption for FinalFlow demonstration; not observed event operations.
rail_capacity_boost,2026-07-19T18:40:00Z,220,post_match,midtown_penn_walk,midtown_access,penn_station_access,0,7.0,1.3,955,1.0,synthetic,scenario,Synthetic scenario assumption for FinalFlow demonstration; not observed event operations.
rail_capacity_boost,2026-07-19T18:40:00Z,220,post_match,penn_concourse,penn_station_access,penn_station_access,0,9.0,1.3,1228,1.0,synthetic,scenario,Synthetic scenario assumption for FinalFlow demonstration; not observed event operations.
rail_capacity_boost,2026-07-19T18:40:00Z,220,post_match,secaucus_transfer,secaucus_transfer,secaucus_transfer,0,8.0,1.3,1092,1.0,synthetic,scenario,Synthetic scenario assumption for FinalFlow demonstration; not observed event operations.
rail_capacity_boost,2026-07-19T18:40:00Z,220,post_match,meadowlands_platform,meadowlands_access,meadowlands_access,0,6.0,1.3,819,1.0,synthetic,scenario,Synthetic scenario assumption for FinalFlow demonstration; not observed event operations.
rail_capacity_boost,2026-07-19T18:40:00Z,220,post_match,meadowlands_stadium_walk,meadowlands_access,stadium_egress,0,8.0,1.3,1092,1.0,synthetic,scenario,Synthetic scenario assumption for FinalFlow demonstration; not observed event operations.
rail_capacity_boost,2026-07-19T18:40:00Z,220,post_match,stadium_egress_walk,stadium_egress,meadowlands_access,0,10.0,1.3,1365,1.0,synthetic,scenario,Synthetic scenario assumption for FinalFlow demonstration; not observed event operations.
rail_capacity_boost,2026-07-19T18:45:00Z,225,post_match,midtown_penn_walk,midtown_access,penn_station_access,0,7.0,1.3,955,1.0,synthetic,scenario,Synthetic scenario assumption for FinalFlow demonstration; not observed event operations.
rail_capacity_boost,2026-07-19T18:45:00Z,225,post_match,penn_concourse,penn_station_access,penn_station_access,0,9.0,1.3,1228,1.0,synthetic,scenario,Synthetic scenario assumption for FinalFlow demonstration; not observed event operations.
rail_capacity_boost,2026-07-19T18:45:00Z,225,post_match,secaucus_transfer,secaucus_transfer,secaucus_transfer,0,8.0,1.3,1092,1.0,synthetic,scenario,Synthetic scenario assumption for FinalFlow demonstration; not observed event operations.
rail_capacity_boost,2026-07-19T18:45:00Z,225,post_match,meadowlands_platform,meadowlands_access,meadowlands_access,0,6.0,1.3,819,1.0,synthetic,scenario,Synthetic scenario assumption for FinalFlow demonstration; not observed event operations.
rail_capacity_boost,2026-07-19T18:45:00Z,225,post_match,meadowlands_stadium_walk,meadowlands_access,stadium_egress,0,8.0,1.3,1092,1.0,synthetic,scenario,Synthetic scenario assumption for FinalFlow demonstration; not observed event operations.
rail_capacity_boost,2026-07-19T18:45:00Z,225,post_match,stadium_egress_walk,stadium_egress,meadowlands_access,0,10.0,1.3,1365,1.0,synthetic,scenario,Synthetic scenario assumption for FinalFlow demonstration; not observed event operations.
rail_capacity_boost,2026-07-19T18:50:00Z,230,post_match,midtown_penn_walk,midtown_access,penn_station_access,0,7.0,1.3,955,1.0,synthetic,scenario,Synthetic scenario assumption for FinalFlow demonstration; not observed event operations.
rail_capacity_boost,2026-07-19T18:50:00Z,230,post_match,penn_concourse,penn_station_access,penn_station_access,0,9.0,1.3,1228,1.0,synthetic,scenario,Synthetic scenario assumption for FinalFlow demonstration; not observed event operations.
rail_capacity_boost,2026-07-19T18:50:00Z,230,post_match,secaucus_transfer,secaucus_transfer,secaucus_transfer,0,8.0,1.3,1092,1.0,synthetic,scenario,Synthetic scenario assumption for FinalFlow demonstration; not observed event operations.
rail_capacity_boost,2026-07-19T18:50:00Z,230,post_match,meadowlands_platform,meadowlands_access,meadowlands_access,0,6.0,1.3,819,1.0,synthetic,scenario,Synthetic scenario assumption for FinalFlow demonstration; not observed event operations.
rail_capacity_boost,2026-07-19T18:50:00Z,230,post_match,meadowlands_stadium_walk,meadowlands_access,stadium_egress,0,8.0,1.3,1092,1.0,synthetic,scenario,Synthetic scenario assumption for FinalFlow demonstration; not observed event operations.
rail_capacity_boost,2026-07-19T18:50:00Z,230,post_match,stadium_egress_walk,stadium_egress,meadowlands_access,0,10.0,1.3,1365,1.0,synthetic,scenario,Synthetic scenario assumption for FinalFlow demonstration; not observed event operations.
rail_capacity_boost,2026-07-19T18:55:00Z,235,post_match,midtown_penn_walk,midtown_access,penn_station_access,0,7.0,1.3,955,1.0,synthetic,scenario,Synthetic scenario assumption for FinalFlow demonstration; not observed event operations.
rail_capacity_boost,2026-07-19T18:55:00Z,235,post_match,penn_concourse,penn_station_access,penn_station_access,0,9.0,1.3,1228,1.0,synthetic,scenario,Synthetic scenario assumption for FinalFlow demonstration; not observed event operations.
rail_capacity_boost,2026-07-19T18:55:00Z,235,post_match,secaucus_transfer,secaucus_transfer,secaucus_transfer,0,8.0,1.3,1092,1.0,synthetic,scenario,Synthetic scenario assumption for FinalFlow demonstration; not observed event operations.
rail_capacity_boost,2026-07-19T18:55:00Z,235,post_match,meadowlands_platform,meadowlands_access,meadowlands_access,0,6.0,1.3,819,1.0,synthetic,scenario,Synthetic scenario assumption for FinalFlow demonstration; not observed event operations.
rail_capacity_boost,2026-07-19T18:55:00Z,235,post_match,meadowlands_stadium_walk,meadowlands_access,stadium_egress,0,8.0,1.3,1092,1.0,synthetic,scenario,Synthetic scenario assumption for FinalFlow demonstration; not observed event operations.
rail_capacity_boost,2026-07-19T18:55:00Z,235,post_match,stadium_egress_walk,stadium_egress,meadowlands_access,0,10.0,1.3,1365,1.0,synthetic,scenario,Synthetic scenario assumption for FinalFlow demonstration; not observed event operations.
rail_capacity_boost,2026-07-19T19:00:00Z,240,post_match,midtown_penn_walk,midtown_access,penn_station_access,0,7.0,1.3,955,1.0,synthetic,scenario,Synthetic scenario assumption for FinalFlow demonstration; not observed event operations.
rail_capacity_boost,2026-07-19T19:00:00Z,240,post_match,penn_concourse,penn_station_access,penn_station_access,0,9.0,1.3,1228,1.0,synthetic,scenario,Synthetic scenario assumption for FinalFlow demonstration; not observed event operations.
rail_capacity_boost,2026-07-19T19:00:00Z,240,post_match,secaucus_transfer,secaucus_transfer,secaucus_transfer,0,8.0,1.3,1092,1.0,synthetic,scenario,Synthetic scenario assumption for FinalFlow demonstration; not observed event operations.
rail_capacity_boost,2026-07-19T19:00:00Z,240,post_match,meadowlands_platform,meadowlands_access,meadowlands_access,0,6.0,1.3,819,1.0,synthetic,scenario,Synthetic scenario assumption for FinalFlow demonstration; not observed event operations.
rail_capacity_boost,2026-07-19T19:00:00Z,240,post_match,meadowlands_stadium_walk,meadowlands_access,stadium_egress,0,8.0,1.3,1092,1.0,synthetic,scenario,Synthetic scenario assumption for FinalFlow demonstration; not observed event operations.
rail_capacity_boost,2026-07-19T19:00:00Z,240,post_match,stadium_egress_walk,stadium_egress,meadowlands_access,0,10.0,1.3,1365,1.0,synthetic,scenario,Synthetic scenario assumption for FinalFlow demonstration; not observed event operations.
rail_capacity_boost,2026-07-19T19:05:00Z,245,post_match,midtown_penn_walk,midtown_access,penn_station_access,0,7.0,1.3,955,1.0,synthetic,scenario,Synthetic scenario assumption for FinalFlow demonstration; not observed event operations.
rail_capacity_boost,2026-07-19T19:05:00Z,245,post_match,penn_concourse,penn_station_access,penn_station_access,0,9.0,1.3,1228,1.0,synthetic,scenario,Synthetic scenario assumption for FinalFlow demonstration; not observed event operations.
rail_capacity_boost,2026-07-19T19:05:00Z,245,post_match,secaucus_transfer,secaucus_transfer,secaucus_transfer,0,8.0,1.3,1092,1.0,synthetic,scenario,Synthetic scenario assumption for FinalFlow demonstration; not observed event operations.
rail_capacity_boost,2026-07-19T19:05:00Z,245,post_match,meadowlands_platform,meadowlands_access,meadowlands_access,0,6.0,1.3,819,1.0,synthetic,scenario,Synthetic scenario assumption for FinalFlow demonstration; not observed event operations.
rail_capacity_boost,2026-07-19T19:05:00Z,245,post_match,meadowlands_stadium_walk,meadowlands_access,stadium_egress,0,8.0,1.3,1092,1.0,synthetic,scenario,Synthetic scenario assumption for FinalFlow demonstration; not observed event operations.
rail_capacity_boost,2026-07-19T19:05:00Z,245,post_match,stadium_egress_walk,stadium_egress,meadowlands_access,0,10.0,1.3,1365,1.0,synthetic,scenario,Synthetic scenario assumption for FinalFlow demonstration; not observed event operations.
rail_capacity_boost,2026-07-19T19:10:00Z,250,post_match,midtown_penn_walk,midtown_access,penn_station_access,0,7.0,1.3,955,1.0,synthetic,scenario,Synthetic scenario assumption for FinalFlow demonstration; not observed event operations.
rail_capacity_boost,2026-07-19T19:10:00Z,250,post_match,penn_concourse,penn_station_access,penn_station_access,0,9.0,1.3,1228,1.0,synthetic,scenario,Synthetic scenario assumption for FinalFlow demonstration; not observed event operations.
rail_capacity_boost,2026-07-19T19:10:00Z,250,post_match,secaucus_transfer,secaucus_transfer,secaucus_transfer,0,8.0,1.3,1092,1.0,synthetic,scenario,Synthetic scenario assumption for FinalFlow demonstration; not observed event operations.
rail_capacity_boost,2026-07-19T19:10:00Z,250,post_match,meadowlands_platform,meadowlands_access,meadowlands_access,0,6.0,1.3,819,1.0,synthetic,scenario,Synthetic scenario assumption for FinalFlow demonstration; not observed event operations.
rail_capacity_boost,2026-07-19T19:10:00Z,250,post_match,meadowlands_stadium_walk,meadowlands_access,stadium_egress,0,8.0,1.3,1092,1.0,synthetic,scenario,Synthetic scenario assumption for FinalFlow demonstration; not observed event operations.
rail_capacity_boost,2026-07-19T19:10:00Z,250,post_match,stadium_egress_walk,stadium_egress,meadowlands_access,0,10.0,1.3,1365,1.0,synthetic,scenario,Synthetic scenario assumption for FinalFlow demonstration; not observed event operations.
rail_capacity_boost,2026-07-19T19:15:00Z,255,post_match,midtown_penn_walk,midtown_access,penn_station_access,0,7.0,1.3,955,1.0,synthetic,scenario,Synthetic scenario assumption for FinalFlow demonstration; not observed event operations.
rail_capacity_boost,2026-07-19T19:15:00Z,255,post_match,penn_concourse,penn_station_access,penn_station_access,0,9.0,1.3,1228,1.0,synthetic,scenario,Synthetic scenario assumption for FinalFlow demonstration; not observed event operations.
rail_capacity_boost,2026-07-19T19:15:00Z,255,post_match,secaucus_transfer,secaucus_transfer,secaucus_transfer,0,8.0,1.3,1092,1.0,synthetic,scenario,Synthetic scenario assumption for FinalFlow demonstration; not observed event operations.
rail_capacity_boost,2026-07-19T19:15:00Z,255,post_match,meadowlands_platform,meadowlands_access,meadowlands_access,0,6.0,1.3,819,1.0,synthetic,scenario,Synthetic scenario assumption for FinalFlow demonstration; not observed event operations.
rail_capacity_boost,2026-07-19T19:15:00Z,255,post_match,meadowlands_stadium_walk,meadowlands_access,stadium_egress,0,8.0,1.3,1092,1.0,synthetic,scenario,Synthetic scenario assumption for FinalFlow demonstration; not observed event operations.
rail_capacity_boost,2026-07-19T19:15:00Z,255,post_match,stadium_egress_walk,stadium_egress,meadowlands_access,0,10.0,1.3,1365,1.0,synthetic,scenario,Synthetic scenario assumption for FinalFlow demonstration; not observed event operations.
rail_capacity_boost,2026-07-19T19:20:00Z,260,post_match,midtown_penn_walk,midtown_access,penn_station_access,0,7.0,1.3,955,1.0,synthetic,scenario,Synthetic scenario assumption for FinalFlow demonstration; not observed event operations.
rail_capacity_boost,2026-07-19T19:20:00Z,260,post_match,penn_concourse,penn_station_access,penn_station_access,0,9.0,1.3,1228,1.0,synthetic,scenario,Synthetic scenario assumption for FinalFlow demonstration; not observed event operations.
rail_capacity_boost,2026-07-19T19:20:00Z,260,post_match,secaucus_transfer,secaucus_transfer,secaucus_transfer,0,8.0,1.3,1092,1.0,synthetic,scenario,Synthetic scenario assumption for FinalFlow demonstration; not observed event operations.
rail_capacity_boost,2026-07-19T19:20:00Z,260,post_match,meadowlands_platform,meadowlands_access,meadowlands_access,0,6.0,1.3,819,1.0,synthetic,scenario,Synthetic scenario assumption for FinalFlow demonstration; not observed event operations.
rail_capacity_boost,2026-07-19T19:20:00Z,260,post_match,meadowlands_stadium_walk,meadowlands_access,stadium_egress,0,8.0,1.3,1092,1.0,synthetic,scenario,Synthetic scenario assumption for FinalFlow demonstration; not observed event operations.
rail_capacity_boost,2026-07-19T19:20:00Z,260,post_match,stadium_egress_walk,stadium_egress,meadowlands_access,0,10.0,1.3,1365,1.0,synthetic,scenario,Synthetic scenario assumption for FinalFlow demonstration; not observed event operations.
rail_capacity_boost,2026-07-19T19:25:00Z,265,post_match,midtown_penn_walk,midtown_access,penn_station_access,0,7.0,1.3,955,1.0,synthetic,scenario,Synthetic scenario assumption for FinalFlow demonstration; not observed event operations.
rail_capacity_boost,2026-07-19T19:25:00Z,265,post_match,penn_concourse,penn_station_access,penn_station_access,0,9.0,1.3,1228,1.0,synthetic,scenario,Synthetic scenario assumption for FinalFlow demonstration; not observed event operations.
rail_capacity_boost,2026-07-19T19:25:00Z,265,post_match,secaucus_transfer,secaucus_transfer,secaucus_transfer,0,8.0,1.3,1092,1.0,synthetic,scenario,Synthetic scenario assumption for FinalFlow demonstration; not observed event operations.
rail_capacity_boost,2026-07-19T19:25:00Z,265,post_match,meadowlands_platform,meadowlands_access,meadowlands_access,0,6.0,1.3,819,1.0,synthetic,scenario,Synthetic scenario assumption for FinalFlow demonstration; not observed event operations.
rail_capacity_boost,2026-07-19T19:25:00Z,265,post_match,meadowlands_stadium_walk,meadowlands_access,stadium_egress,0,8.0,1.3,1092,1.0,synthetic,scenario,Synthetic scenario assumption for FinalFlow demonstration; not observed event operations.
rail_capacity_boost,2026-07-19T19:25:00Z,265,post_match,stadium_egress_walk,stadium_egress,meadowlands_access,0,10.0,1.3,1365,1.0,synthetic,scenario,Synthetic scenario assumption for FinalFlow demonstration; not observed event operations.
rail_capacity_boost,2026-07-19T19:30:00Z,270,post_match,midtown_penn_walk,midtown_access,penn_station_access,0,7.0,1.3,955,1.0,synthetic,scenario,Synthetic scenario assumption for FinalFlow demonstration; not observed event operations.
rail_capacity_boost,2026-07-19T19:30:00Z,270,post_match,penn_concourse,penn_station_access,penn_station_access,0,9.0,1.3,1228,1.0,synthetic,scenario,Synthetic scenario assumption for FinalFlow demonstration; not observed event operations.
rail_capacity_boost,2026-07-19T19:30:00Z,270,post_match,secaucus_transfer,secaucus_transfer,secaucus_transfer,0,8.0,1.3,1092,1.0,synthetic,scenario,Synthetic scenario assumption for FinalFlow demonstration; not observed event operations.
rail_capacity_boost,2026-07-19T19:30:00Z,270,post_match,meadowlands_platform,meadowlands_access,meadowlands_access,0,6.0,1.3,819,1.0,synthetic,scenario,Synthetic scenario assumption for FinalFlow demonstration; not observed event operations.
rail_capacity_boost,2026-07-19T19:30:00Z,270,post_match,meadowlands_stadium_walk,meadowlands_access,stadium_egress,0,8.0,1.3,1092,1.0,synthetic,scenario,Synthetic scenario assumption for FinalFlow demonstration; not observed event operations.
rail_capacity_boost,2026-07-19T19:30:00Z,270,post_match,stadium_egress_walk,stadium_egress,meadowlands_access,0,10.0,1.3,1365,1.0,synthetic,scenario,Synthetic scenario assumption for FinalFlow demonstration; not observed event operations.
rail_capacity_boost,2026-07-19T19:35:00Z,275,post_match,midtown_penn_walk,midtown_access,penn_station_access,0,7.0,1.3,955,1.0,synthetic,scenario,Synthetic scenario assumption for FinalFlow demonstration; not observed event operations.
rail_capacity_boost,2026-07-19T19:35:00Z,275,post_match,penn_concourse,penn_station_access,penn_station_access,0,9.0,1.3,1228,1.0,synthetic,scenario,Synthetic scenario assumption for FinalFlow demonstration; not observed event operations.
rail_capacity_boost,2026-07-19T19:35:00Z,275,post_match,secaucus_transfer,secaucus_transfer,secaucus_transfer,0,8.0,1.3,1092,1.0,synthetic,scenario,Synthetic scenario assumption for FinalFlow demonstration; not observed event operations.
rail_capacity_boost,2026-07-19T19:35:00Z,275,post_match,meadowlands_platform,meadowlands_access,meadowlands_access,0,6.0,1.3,819,1.0,synthetic,scenario,Synthetic scenario assumption for FinalFlow demonstration; not observed event operations.
rail_capacity_boost,2026-07-19T19:35:00Z,275,post_match,meadowlands_stadium_walk,meadowlands_access,stadium_egress,0,8.0,1.3,1092,1.0,synthetic,scenario,Synthetic scenario assumption for FinalFlow demonstration; not observed event operations.
rail_capacity_boost,2026-07-19T19:35:00Z,275,post_match,stadium_egress_walk,stadium_egress,meadowlands_access,0,10.0,1.3,1365,1.0,synthetic,scenario,Synthetic scenario assumption for FinalFlow demonstration; not observed event operations.
rail_capacity_boost,2026-07-19T19:40:00Z,280,post_match,midtown_penn_walk,midtown_access,penn_station_access,0,7.0,1.3,955,1.0,synthetic,scenario,Synthetic scenario assumption for FinalFlow demonstration; not observed event operations.
rail_capacity_boost,2026-07-19T19:40:00Z,280,post_match,penn_concourse,penn_station_access,penn_station_access,0,9.0,1.3,1228,1.0,synthetic,scenario,Synthetic scenario assumption for FinalFlow demonstration; not observed event operations.
rail_capacity_boost,2026-07-19T19:40:00Z,280,post_match,secaucus_transfer,secaucus_transfer,secaucus_transfer,0,8.0,1.3,1092,1.0,synthetic,scenario,Synthetic scenario assumption for FinalFlow demonstration; not observed event operations.
rail_capacity_boost,2026-07-19T19:40:00Z,280,post_match,meadowlands_platform,meadowlands_access,meadowlands_access,0,6.0,1.3,819,1.0,synthetic,scenario,Synthetic scenario assumption for FinalFlow demonstration; not observed event operations.
rail_capacity_boost,2026-07-19T19:40:00Z,280,post_match,meadowlands_stadium_walk,meadowlands_access,stadium_egress,0,8.0,1.3,1092,1.0,synthetic,scenario,Synthetic scenario assumption for FinalFlow demonstration; not observed event operations.
rail_capacity_boost,2026-07-19T19:40:00Z,280,post_match,stadium_egress_walk,stadium_egress,meadowlands_access,0,10.0,1.3,1365,1.0,synthetic,scenario,Synthetic scenario assumption for FinalFlow demonstration; not observed event operations.
rail_capacity_boost,2026-07-19T19:45:00Z,285,post_match,midtown_penn_walk,midtown_access,penn_station_access,0,7.0,1.3,955,1.0,synthetic,scenario,Synthetic scenario assumption for FinalFlow demonstration; not observed event operations.
rail_capacity_boost,2026-07-19T19:45:00Z,285,post_match,penn_concourse,penn_station_access,penn_station_access,0,9.0,1.3,1228,1.0,synthetic,scenario,Synthetic scenario assumption for FinalFlow demonstration; not observed event operations.
rail_capacity_boost,2026-07-19T19:45:00Z,285,post_match,secaucus_transfer,secaucus_transfer,secaucus_transfer,0,8.0,1.3,1092,1.0,synthetic,scenario,Synthetic scenario assumption for FinalFlow demonstration; not observed event operations.
rail_capacity_boost,2026-07-19T19:45:00Z,285,post_match,meadowlands_platform,meadowlands_access,meadowlands_access,0,6.0,1.3,819,1.0,synthetic,scenario,Synthetic scenario assumption for FinalFlow demonstration; not observed event operations.
rail_capacity_boost,2026-07-19T19:45:00Z,285,post_match,meadowlands_stadium_walk,meadowlands_access,stadium_egress,0,8.0,1.3,1092,1.0,synthetic,scenario,Synthetic scenario assumption for FinalFlow demonstration; not observed event operations.
rail_capacity_boost,2026-07-19T19:45:00Z,285,post_match,stadium_egress_walk,stadium_egress,meadowlands_access,0,10.0,1.3,1365,1.0,synthetic,scenario,Synthetic scenario assumption for FinalFlow demonstration; not observed event operations.
rail_capacity_boost,2026-07-19T19:50:00Z,290,post_match,midtown_penn_walk,midtown_access,penn_station_access,0,7.0,1.3,955,1.0,synthetic,scenario,Synthetic scenario assumption for FinalFlow demonstration; not observed event operations.
rail_capacity_boost,2026-07-19T19:50:00Z,290,post_match,penn_concourse,penn_station_access,penn_station_access,0,9.0,1.3,1228,1.0,synthetic,scenario,Synthetic scenario assumption for FinalFlow demonstration; not observed event operations.
rail_capacity_boost,2026-07-19T19:50:00Z,290,post_match,secaucus_transfer,secaucus_transfer,secaucus_transfer,0,8.0,1.3,1092,1.0,synthetic,scenario,Synthetic scenario assumption for FinalFlow demonstration; not observed event operations.
rail_capacity_boost,2026-07-19T19:50:00Z,290,post_match,meadowlands_platform,meadowlands_access,meadowlands_access,0,6.0,1.3,819,1.0,synthetic,scenario,Synthetic scenario assumption for FinalFlow demonstration; not observed event operations.
rail_capacity_boost,2026-07-19T19:50:00Z,290,post_match,meadowlands_stadium_walk,meadowlands_access,stadium_egress,0,8.0,1.3,1092,1.0,synthetic,scenario,Synthetic scenario assumption for FinalFlow demonstration; not observed event operations.
rail_capacity_boost,2026-07-19T19:50:00Z,290,post_match,stadium_egress_walk,stadium_egress,meadowlands_access,0,10.0,1.3,1365,1.0,synthetic,scenario,Synthetic scenario assumption for FinalFlow demonstration; not observed event operations.
rail_capacity_boost,2026-07-19T19:55:00Z,295,post_match,midtown_penn_walk,midtown_access,penn_station_access,0,7.0,1.3,955,1.0,synthetic,scenario,Synthetic scenario assumption for FinalFlow demonstration; not observed event operations.
rail_capacity_boost,2026-07-19T19:55:00Z,295,post_match,penn_concourse,penn_station_access,penn_station_access,0,9.0,1.3,1228,1.0,synthetic,scenario,Synthetic scenario assumption for FinalFlow demonstration; not observed event operations.
rail_capacity_boost,2026-07-19T19:55:00Z,295,post_match,secaucus_transfer,secaucus_transfer,secaucus_transfer,0,8.0,1.3,1092,1.0,synthetic,scenario,Synthetic scenario assumption for FinalFlow demonstration; not observed event operations.
rail_capacity_boost,2026-07-19T19:55:00Z,295,post_match,meadowlands_platform,meadowlands_access,meadowlands_access,0,6.0,1.3,819,1.0,synthetic,scenario,Synthetic scenario assumption for FinalFlow demonstration; not observed event operations.
rail_capacity_boost,2026-07-19T19:55:00Z,295,post_match,meadowlands_stadium_walk,meadowlands_access,stadium_egress,0,8.0,1.3,1092,1.0,synthetic,scenario,Synthetic scenario assumption for FinalFlow demonstration; not observed event operations.
rail_capacity_boost,2026-07-19T19:55:00Z,295,post_match,stadium_egress_walk,stadium_egress,meadowlands_access,0,10.0,1.3,1365,1.0,synthetic,scenario,Synthetic scenario assumption for FinalFlow demonstration; not observed event operations.
rail_capacity_boost,2026-07-19T20:00:00Z,300,post_match,midtown_penn_walk,midtown_access,penn_station_access,0,7.0,1.3,955,1.0,synthetic,scenario,Synthetic scenario assumption for FinalFlow demonstration; not observed event operations.
rail_capacity_boost,2026-07-19T20:00:00Z,300,post_match,penn_concourse,penn_station_access,penn_station_access,0,9.0,1.3,1228,1.0,synthetic,scenario,Synthetic scenario assumption for FinalFlow demonstration; not observed event operations.
rail_capacity_boost,2026-07-19T20:00:00Z,300,post_match,secaucus_transfer,secaucus_transfer,secaucus_transfer,0,8.0,1.3,1092,1.0,synthetic,scenario,Synthetic scenario assumption for FinalFlow demonstration; not observed event operations.
rail_capacity_boost,2026-07-19T20:00:00Z,300,post_match,meadowlands_platform,meadowlands_access,meadowlands_access,0,6.0,1.3,819,1.0,synthetic,scenario,Synthetic scenario assumption for FinalFlow demonstration; not observed event operations.
rail_capacity_boost,2026-07-19T20:00:00Z,300,post_match,meadowlands_stadium_walk,meadowlands_access,stadium_egress,0,8.0,1.3,1092,1.0,synthetic,scenario,Synthetic scenario assumption for FinalFlow demonstration; not observed event operations.
rail_capacity_boost,2026-07-19T20:00:00Z,300,post_match,stadium_egress_walk,stadium_egress,meadowlands_access,0,10.0,1.3,1365,1.0,synthetic,scenario,Synthetic scenario assumption for FinalFlow demonstration; not observed event operations.
rail_capacity_boost,2026-07-19T20:05:00Z,305,post_match,midtown_penn_walk,midtown_access,penn_station_access,0,7.0,1.3,955,1.0,synthetic,scenario,Synthetic scenario assumption for FinalFlow demonstration; not observed event operations.
rail_capacity_boost,2026-07-19T20:05:00Z,305,post_match,penn_concourse,penn_station_access,penn_station_access,0,9.0,1.3,1228,1.0,synthetic,scenario,Synthetic scenario assumption for FinalFlow demonstration; not observed event operations.
rail_capacity_boost,2026-07-19T20:05:00Z,305,post_match,secaucus_transfer,secaucus_transfer,secaucus_transfer,0,8.0,1.3,1092,1.0,synthetic,scenario,Synthetic scenario assumption for FinalFlow demonstration; not observed event operations.
rail_capacity_boost,2026-07-19T20:05:00Z,305,post_match,meadowlands_platform,meadowlands_access,meadowlands_access,0,6.0,1.3,819,1.0,synthetic,scenario,Synthetic scenario assumption for FinalFlow demonstration; not observed event operations.
rail_capacity_boost,2026-07-19T20:05:00Z,305,post_match,meadowlands_stadium_walk,meadowlands_access,stadium_egress,0,8.0,1.3,1092,1.0,synthetic,scenario,Synthetic scenario assumption for FinalFlow demonstration; not observed event operations.
rail_capacity_boost,2026-07-19T20:05:00Z,305,post_match,stadium_egress_walk,stadium_egress,meadowlands_access,0,10.0,1.3,1365,1.0,synthetic,scenario,Synthetic scenario assumption for FinalFlow demonstration; not observed event operations.
rail_capacity_boost,2026-07-19T20:10:00Z,310,post_match,midtown_penn_walk,midtown_access,penn_station_access,0,7.0,1.3,955,1.0,synthetic,scenario,Synthetic scenario assumption for FinalFlow demonstration; not observed event operations.
rail_capacity_boost,2026-07-19T20:10:00Z,310,post_match,penn_concourse,penn_station_access,penn_station_access,0,9.0,1.3,1228,1.0,synthetic,scenario,Synthetic scenario assumption for FinalFlow demonstration; not observed event operations.
rail_capacity_boost,2026-07-19T20:10:00Z,310,post_match,secaucus_transfer,secaucus_transfer,secaucus_transfer,0,8.0,1.3,1092,1.0,synthetic,scenario,Synthetic scenario assumption for FinalFlow demonstration; not observed event operations.
rail_capacity_boost,2026-07-19T20:10:00Z,310,post_match,meadowlands_platform,meadowlands_access,meadowlands_access,0,6.0,1.3,819,1.0,synthetic,scenario,Synthetic scenario assumption for FinalFlow demonstration; not observed event operations.
rail_capacity_boost,2026-07-19T20:10:00Z,310,post_match,meadowlands_stadium_walk,meadowlands_access,stadium_egress,0,8.0,1.3,1092,1.0,synthetic,scenario,Synthetic scenario assumption for FinalFlow demonstration; not observed event operations.
rail_capacity_boost,2026-07-19T20:10:00Z,310,post_match,stadium_egress_walk,stadium_egress,meadowlands_access,0,10.0,1.3,1365,1.0,synthetic,scenario,Synthetic scenario assumption for FinalFlow demonstration; not observed event operations.
rail_capacity_boost,2026-07-19T20:15:00Z,315,post_match,midtown_penn_walk,midtown_access,penn_station_access,0,7.0,1.3,955,1.0,synthetic,scenario,Synthetic scenario assumption for FinalFlow demonstration; not observed event operations.
rail_capacity_boost,2026-07-19T20:15:00Z,315,post_match,penn_concourse,penn_station_access,penn_station_access,0,9.0,1.3,1228,1.0,synthetic,scenario,Synthetic scenario assumption for FinalFlow demonstration; not observed event operations.
rail_capacity_boost,2026-07-19T20:15:00Z,315,post_match,secaucus_transfer,secaucus_transfer,secaucus_transfer,0,8.0,1.3,1092,1.0,synthetic,scenario,Synthetic scenario assumption for FinalFlow demonstration; not observed event operations.
rail_capacity_boost,2026-07-19T20:15:00Z,315,post_match,meadowlands_platform,meadowlands_access,meadowlands_access,0,6.0,1.3,819,1.0,synthetic,scenario,Synthetic scenario assumption for FinalFlow demonstration; not observed event operations.
rail_capacity_boost,2026-07-19T20:15:00Z,315,post_match,meadowlands_stadium_walk,meadowlands_access,stadium_egress,0,8.0,1.3,1092,1.0,synthetic,scenario,Synthetic scenario assumption for FinalFlow demonstration; not observed event operations.
rail_capacity_boost,2026-07-19T20:15:00Z,315,post_match,stadium_egress_walk,stadium_egress,meadowlands_access,0,10.0,1.3,1365,1.0,synthetic,scenario,Synthetic scenario assumption for FinalFlow demonstration; not observed event operations.
rain,2026-07-19T12:00:00Z,-180,pre_match,midtown_penn_walk,midtown_access,penn_station_access,0,7.0,1.04,611,0.8,synthetic,scenario,Synthetic scenario assumption for FinalFlow demonstration; not observed event operations.
rain,2026-07-19T12:00:00Z,-180,pre_match,penn_concourse,penn_station_access,penn_station_access,0,9.0,1.04,786,0.8,synthetic,scenario,Synthetic scenario assumption for FinalFlow demonstration; not observed event operations.
rain,2026-07-19T12:00:00Z,-180,pre_match,secaucus_transfer,secaucus_transfer,secaucus_transfer,0,8.0,1.04,698,0.8,synthetic,scenario,Synthetic scenario assumption for FinalFlow demonstration; not observed event operations.
rain,2026-07-19T12:00:00Z,-180,pre_match,meadowlands_platform,meadowlands_access,meadowlands_access,0,6.0,1.04,524,0.8,synthetic,scenario,Synthetic scenario assumption for FinalFlow demonstration; not observed event operations.
rain,2026-07-19T12:00:00Z,-180,pre_match,meadowlands_stadium_walk,meadowlands_access,stadium_egress,0,8.0,1.04,698,0.8,synthetic,scenario,Synthetic scenario assumption for FinalFlow demonstration; not observed event operations.
rain,2026-07-19T12:00:00Z,-180,pre_match,stadium_egress_walk,stadium_egress,meadowlands_access,0,10.0,1.04,873,0.8,synthetic,scenario,Synthetic scenario assumption for FinalFlow demonstration; not observed event operations.
rain,2026-07-19T12:05:00Z,-175,pre_match,midtown_penn_walk,midtown_access,penn_station_access,0,7.0,1.04,611,0.8,synthetic,scenario,Synthetic scenario assumption for FinalFlow demonstration; not observed event operations.
rain,2026-07-19T12:05:00Z,-175,pre_match,penn_concourse,penn_station_access,penn_station_access,0,9.0,1.04,786,0.8,synthetic,scenario,Synthetic scenario assumption for FinalFlow demonstration; not observed event operations.
rain,2026-07-19T12:05:00Z,-175,pre_match,secaucus_transfer,secaucus_transfer,secaucus_transfer,0,8.0,1.04,698,0.8,synthetic,scenario,Synthetic scenario assumption for FinalFlow demonstration; not observed event operations.
rain,2026-07-19T12:05:00Z,-175,pre_match,meadowlands_platform,meadowlands_access,meadowlands_access,0,6.0,1.04,524,0.8,synthetic,scenario,Synthetic scenario assumption for FinalFlow demonstration; not observed event operations.
rain,2026-07-19T12:05:00Z,-175,pre_match,meadowlands_stadium_walk,meadowlands_access,stadium_egress,0,8.0,1.04,698,0.8,synthetic,scenario,Synthetic scenario assumption for FinalFlow demonstration; not observed event operations.
rain,2026-07-19T12:05:00Z,-175,pre_match,stadium_egress_walk,stadium_egress,meadowlands_access,0,10.0,1.04,873,0.8,synthetic,scenario,Synthetic scenario assumption for FinalFlow demonstration; not observed event operations.
rain,2026-07-19T12:10:00Z,-170,pre_match,midtown_penn_walk,midtown_access,penn_station_access,0,7.0,1.04,611,0.8,synthetic,scenario,Synthetic scenario assumption for FinalFlow demonstration; not observed event operations.
rain,2026-07-19T12:10:00Z,-170,pre_match,penn_concourse,penn_station_access,penn_station_access,0,9.0,1.04,786,0.8,synthetic,scenario,Synthetic scenario assumption for FinalFlow demonstration; not observed event operations.
rain,2026-07-19T12:10:00Z,-170,pre_match,secaucus_transfer,secaucus_transfer,secaucus_transfer,0,8.0,1.04,698,0.8,synthetic,scenario,Synthetic scenario assumption for FinalFlow demonstration; not observed event operations.
rain,2026-07-19T12:10:00Z,-170,pre_match,meadowlands_platform,meadowlands_access,meadowlands_access,0,6.0,1.04,524,0.8,synthetic,scenario,Synthetic scenario assumption for FinalFlow demonstration; not observed event operations.
rain,2026-07-19T12:10:00Z,-170,pre_match,meadowlands_stadium_walk,meadowlands_access,stadium_egress,0,8.0,1.04,698,0.8,synthetic,scenario,Synthetic scenario assumption for FinalFlow demonstration; not observed event operations.
rain,2026-07-19T12:10:00Z,-170,pre_match,stadium_egress_walk,stadium_egress,meadowlands_access,0,10.0,1.04,873,0.8,synthetic,scenario,Synthetic scenario assumption for FinalFlow demonstration; not observed event operations.
rain,2026-07-19T12:15:00Z,-165,pre_match,midtown_penn_walk,midtown_access,penn_station_access,0,7.0,1.04,611,0.8,synthetic,scenario,Synthetic scenario assumption for FinalFlow demonstration; not observed event operations.
rain,2026-07-19T12:15:00Z,-165,pre_match,penn_concourse,penn_station_access,penn_station_access,0,9.0,1.04,786,0.8,synthetic,scenario,Synthetic scenario assumption for FinalFlow demonstration; not observed event operations.
rain,2026-07-19T12:15:00Z,-165,pre_match,secaucus_transfer,secaucus_transfer,secaucus_transfer,0,8.0,1.04,698,0.8,synthetic,scenario,Synthetic scenario assumption for FinalFlow demonstration; not observed event operations.
rain,2026-07-19T12:15:00Z,-165,pre_match,meadowlands_platform,meadowlands_access,meadowlands_access,0,6.0,1.04,524,0.8,synthetic,scenario,Synthetic scenario assumption for FinalFlow demonstration; not observed event operations.
rain,2026-07-19T12:15:00Z,-165,pre_match,meadowlands_stadium_walk,meadowlands_access,stadium_egress,0,8.0,1.04,698,0.8,synthetic,scenario,Synthetic scenario assumption for FinalFlow demonstration; not observed event operations.
rain,2026-07-19T12:15:00Z,-165,pre_match,stadium_egress_walk,stadium_egress,meadowlands_access,0,10.0,1.04,873,0.8,synthetic,scenario,Synthetic scenario assumption for FinalFlow demonstration; not observed event operations.
rain,2026-07-19T12:20:00Z,-160,pre_match,midtown_penn_walk,midtown_access,penn_station_access,0,7.0,1.04,611,0.8,synthetic,scenario,Synthetic scenario assumption for FinalFlow demonstration; not observed event operations.
rain,2026-07-19T12:20:00Z,-160,pre_match,penn_concourse,penn_station_access,penn_station_access,0,9.0,1.04,786,0.8,synthetic,scenario,Synthetic scenario assumption for FinalFlow demonstration; not observed event operations.
rain,2026-07-19T12:20:00Z,-160,pre_match,secaucus_transfer,secaucus_transfer,secaucus_transfer,0,8.0,1.04,698,0.8,synthetic,scenario,Synthetic scenario assumption for FinalFlow demonstration; not observed event operations.
rain,2026-07-19T12:20:00Z,-160,pre_match,meadowlands_platform,meadowlands_access,meadowlands_access,0,6.0,1.04,524,0.8,synthetic,scenario,Synthetic scenario assumption for FinalFlow demonstration; not observed event operations.
rain,2026-07-19T12:20:00Z,-160,pre_match,meadowlands_stadium_walk,meadowlands_access,stadium_egress,0,8.0,1.04,698,0.8,synthetic,scenario,Synthetic scenario assumption for FinalFlow demonstration; not observed event operations.
rain,2026-07-19T12:20:00Z,-160,pre_match,stadium_egress_walk,stadium_egress,meadowlands_access,0,10.0,1.04,873,0.8,synthetic,scenario,Synthetic scenario assumption for FinalFlow demonstration; not observed event operations.
rain,2026-07-19T12:25:00Z,-155,pre_match,midtown_penn_walk,midtown_access,penn_station_access,0,7.0,1.04,611,0.8,synthetic,scenario,Synthetic scenario assumption for FinalFlow demonstration; not observed event operations.
rain,2026-07-19T12:25:00Z,-155,pre_match,penn_concourse,penn_station_access,penn_station_access,0,9.0,1.04,786,0.8,synthetic,scenario,Synthetic scenario assumption for FinalFlow demonstration; not observed event operations.
rain,2026-07-19T12:25:00Z,-155,pre_match,secaucus_transfer,secaucus_transfer,secaucus_transfer,0,8.0,1.04,698,0.8,synthetic,scenario,Synthetic scenario assumption for FinalFlow demonstration; not observed event operations.
rain,2026-07-19T12:25:00Z,-155,pre_match,meadowlands_platform,meadowlands_access,meadowlands_access,0,6.0,1.04,524,0.8,synthetic,scenario,Synthetic scenario assumption for FinalFlow demonstration; not observed event operations.
rain,2026-07-19T12:25:00Z,-155,pre_match,meadowlands_stadium_walk,meadowlands_access,stadium_egress,0,8.0,1.04,698,0.8,synthetic,scenario,Synthetic scenario assumption for FinalFlow demonstration; not observed event operations.
rain,2026-07-19T12:25:00Z,-155,pre_match,stadium_egress_walk,stadium_egress,meadowlands_access,0,10.0,1.04,873,0.8,synthetic,scenario,Synthetic scenario assumption for FinalFlow demonstration; not observed event operations.
rain,2026-07-19T12:30:00Z,-150,pre_match,midtown_penn_walk,midtown_access,penn_station_access,2,7.0,1.04,611,0.8,synthetic,scenario,Synthetic scenario assumption for FinalFlow demonstration; not observed event operations.
rain,2026-07-19T12:30:00Z,-150,pre_match,penn_concourse,penn_station_access,penn_station_access,2,9.0,1.04,786,0.8,synthetic,scenario,Synthetic scenario assumption for FinalFlow demonstration; not observed event operations.
rain,2026-07-19T12:30:00Z,-150,pre_match,secaucus_transfer,secaucus_transfer,secaucus_transfer,2,8.0,1.04,698,0.8,synthetic,scenario,Synthetic scenario assumption for FinalFlow demonstration; not observed event operations.
rain,2026-07-19T12:30:00Z,-150,pre_match,meadowlands_platform,meadowlands_access,meadowlands_access,2,6.0,1.04,524,0.8,synthetic,scenario,Synthetic scenario assumption for FinalFlow demonstration; not observed event operations.
rain,2026-07-19T12:30:00Z,-150,pre_match,meadowlands_stadium_walk,meadowlands_access,stadium_egress,2,8.0,1.04,698,0.8,synthetic,scenario,Synthetic scenario assumption for FinalFlow demonstration; not observed event operations.
rain,2026-07-19T12:30:00Z,-150,pre_match,stadium_egress_walk,stadium_egress,meadowlands_access,2,10.0,1.04,873,0.8,synthetic,scenario,Synthetic scenario assumption for FinalFlow demonstration; not observed event operations.
rain,2026-07-19T12:35:00Z,-145,pre_match,midtown_penn_walk,midtown_access,penn_station_access,2,7.0,1.04,611,0.8,synthetic,scenario,Synthetic scenario assumption for FinalFlow demonstration; not observed event operations.
rain,2026-07-19T12:35:00Z,-145,pre_match,penn_concourse,penn_station_access,penn_station_access,2,9.0,1.04,786,0.8,synthetic,scenario,Synthetic scenario assumption for FinalFlow demonstration; not observed event operations.
rain,2026-07-19T12:35:00Z,-145,pre_match,secaucus_transfer,secaucus_transfer,secaucus_transfer,2,8.0,1.04,698,0.8,synthetic,scenario,Synthetic scenario assumption for FinalFlow demonstration; not observed event operations.
rain,2026-07-19T12:35:00Z,-145,pre_match,meadowlands_platform,meadowlands_access,meadowlands_access,2,6.0,1.04,524,0.8,synthetic,scenario,Synthetic scenario assumption for FinalFlow demonstration; not observed event operations.
rain,2026-07-19T12:35:00Z,-145,pre_match,meadowlands_stadium_walk,meadowlands_access,stadium_egress,2,8.0,1.04,698,0.8,synthetic,scenario,Synthetic scenario assumption for FinalFlow demonstration; not observed event operations.
rain,2026-07-19T12:35:00Z,-145,pre_match,stadium_egress_walk,stadium_egress,meadowlands_access,2,10.0,1.04,873,0.8,synthetic,scenario,Synthetic scenario assumption for FinalFlow demonstration; not observed event operations.
rain,2026-07-19T12:40:00Z,-140,pre_match,midtown_penn_walk,midtown_access,penn_station_access,2,7.0,1.04,611,0.8,synthetic,scenario,Synthetic scenario assumption for FinalFlow demonstration; not observed event operations.
rain,2026-07-19T12:40:00Z,-140,pre_match,penn_concourse,penn_station_access,penn_station_access,2,9.0,1.04,786,0.8,synthetic,scenario,Synthetic scenario assumption for FinalFlow demonstration; not observed event operations.
rain,2026-07-19T12:40:00Z,-140,pre_match,secaucus_transfer,secaucus_transfer,secaucus_transfer,2,8.0,1.04,698,0.8,synthetic,scenario,Synthetic scenario assumption for FinalFlow demonstration; not observed event operations.
rain,2026-07-19T12:40:00Z,-140,pre_match,meadowlands_platform,meadowlands_access,meadowlands_access,2,6.0,1.04,524,0.8,synthetic,scenario,Synthetic scenario assumption for FinalFlow demonstration; not observed event operations.
rain,2026-07-19T12:40:00Z,-140,pre_match,meadowlands_stadium_walk,meadowlands_access,stadium_egress,2,8.0,1.04,698,0.8,synthetic,scenario,Synthetic scenario assumption for FinalFlow demonstration; not observed event operations.
rain,2026-07-19T12:40:00Z,-140,pre_match,stadium_egress_walk,stadium_egress,meadowlands_access,2,10.0,1.04,873,0.8,synthetic,scenario,Synthetic scenario assumption for FinalFlow demonstration; not observed event operations.
rain,2026-07-19T12:45:00Z,-135,pre_match,midtown_penn_walk,midtown_access,penn_station_access,5,7.0,1.04,611,0.8,synthetic,scenario,Synthetic scenario assumption for FinalFlow demonstration; not observed event operations.
rain,2026-07-19T12:45:00Z,-135,pre_match,penn_concourse,penn_station_access,penn_station_access,5,9.0,1.04,786,0.8,synthetic,scenario,Synthetic scenario assumption for FinalFlow demonstration; not observed event operations.
rain,2026-07-19T12:45:00Z,-135,pre_match,secaucus_transfer,secaucus_transfer,secaucus_transfer,5,8.0,1.04,698,0.8,synthetic,scenario,Synthetic scenario assumption for FinalFlow demonstration; not observed event operations.
rain,2026-07-19T12:45:00Z,-135,pre_match,meadowlands_platform,meadowlands_access,meadowlands_access,5,6.0,1.04,524,0.8,synthetic,scenario,Synthetic scenario assumption for FinalFlow demonstration; not observed event operations.
rain,2026-07-19T12:45:00Z,-135,pre_match,meadowlands_stadium_walk,meadowlands_access,stadium_egress,5,8.0,1.04,698,0.8,synthetic,scenario,Synthetic scenario assumption for FinalFlow demonstration; not observed event operations.
rain,2026-07-19T12:45:00Z,-135,pre_match,stadium_egress_walk,stadium_egress,meadowlands_access,5,10.0,1.04,873,0.8,synthetic,scenario,Synthetic scenario assumption for FinalFlow demonstration; not observed event operations.
rain,2026-07-19T12:50:00Z,-130,pre_match,midtown_penn_walk,midtown_access,penn_station_access,5,7.0,1.04,611,0.8,synthetic,scenario,Synthetic scenario assumption for FinalFlow demonstration; not observed event operations.
rain,2026-07-19T12:50:00Z,-130,pre_match,penn_concourse,penn_station_access,penn_station_access,5,9.0,1.04,786,0.8,synthetic,scenario,Synthetic scenario assumption for FinalFlow demonstration; not observed event operations.
rain,2026-07-19T12:50:00Z,-130,pre_match,secaucus_transfer,secaucus_transfer,secaucus_transfer,5,8.0,1.04,698,0.8,synthetic,scenario,Synthetic scenario assumption for FinalFlow demonstration; not observed event operations.
rain,2026-07-19T12:50:00Z,-130,pre_match,meadowlands_platform,meadowlands_access,meadowlands_access,5,6.0,1.04,524,0.8,synthetic,scenario,Synthetic scenario assumption for FinalFlow demonstration; not observed event operations.
rain,2026-07-19T12:50:00Z,-130,pre_match,meadowlands_stadium_walk,meadowlands_access,stadium_egress,5,8.0,1.04,698,0.8,synthetic,scenario,Synthetic scenario assumption for FinalFlow demonstration; not observed event operations.
rain,2026-07-19T12:50:00Z,-130,pre_match,stadium_egress_walk,stadium_egress,meadowlands_access,5,10.0,1.04,873,0.8,synthetic,scenario,Synthetic scenario assumption for FinalFlow demonstration; not observed event operations.
rain,2026-07-19T12:55:00Z,-125,pre_match,midtown_penn_walk,midtown_access,penn_station_access,8,7.0,1.04,611,0.8,synthetic,scenario,Synthetic scenario assumption for FinalFlow demonstration; not observed event operations.
rain,2026-07-19T12:55:00Z,-125,pre_match,penn_concourse,penn_station_access,penn_station_access,8,9.0,1.04,786,0.8,synthetic,scenario,Synthetic scenario assumption for FinalFlow demonstration; not observed event operations.
rain,2026-07-19T12:55:00Z,-125,pre_match,secaucus_transfer,secaucus_transfer,secaucus_transfer,8,8.0,1.04,698,0.8,synthetic,scenario,Synthetic scenario assumption for FinalFlow demonstration; not observed event operations.
rain,2026-07-19T12:55:00Z,-125,pre_match,meadowlands_platform,meadowlands_access,meadowlands_access,8,6.0,1.04,524,0.8,synthetic,scenario,Synthetic scenario assumption for FinalFlow demonstration; not observed event operations.
rain,2026-07-19T12:55:00Z,-125,pre_match,meadowlands_stadium_walk,meadowlands_access,stadium_egress,8,8.0,1.04,698,0.8,synthetic,scenario,Synthetic scenario assumption for FinalFlow demonstration; not observed event operations.
rain,2026-07-19T12:55:00Z,-125,pre_match,stadium_egress_walk,stadium_egress,meadowlands_access,8,10.0,1.04,873,0.8,synthetic,scenario,Synthetic scenario assumption for FinalFlow demonstration; not observed event operations.
rain,2026-07-19T13:00:00Z,-120,gates_open,midtown_penn_walk,midtown_access,penn_station_access,8,7.0,1.04,611,0.8,synthetic,scenario,Synthetic scenario assumption for FinalFlow demonstration; not observed event operations.
rain,2026-07-19T13:00:00Z,-120,gates_open,penn_concourse,penn_station_access,penn_station_access,8,9.0,1.04,786,0.8,synthetic,scenario,Synthetic scenario assumption for FinalFlow demonstration; not observed event operations.
rain,2026-07-19T13:00:00Z,-120,gates_open,secaucus_transfer,secaucus_transfer,secaucus_transfer,8,8.0,1.04,698,0.8,synthetic,scenario,Synthetic scenario assumption for FinalFlow demonstration; not observed event operations.
rain,2026-07-19T13:00:00Z,-120,gates_open,meadowlands_platform,meadowlands_access,meadowlands_access,8,6.0,1.04,524,0.8,synthetic,scenario,Synthetic scenario assumption for FinalFlow demonstration; not observed event operations.
rain,2026-07-19T13:00:00Z,-120,gates_open,meadowlands_stadium_walk,meadowlands_access,stadium_egress,8,8.0,1.04,698,0.8,synthetic,scenario,Synthetic scenario assumption for FinalFlow demonstration; not observed event operations.
rain,2026-07-19T13:00:00Z,-120,gates_open,stadium_egress_walk,stadium_egress,meadowlands_access,8,10.0,1.04,873,0.8,synthetic,scenario,Synthetic scenario assumption for FinalFlow demonstration; not observed event operations.
rain,2026-07-19T13:05:00Z,-115,pre_match,midtown_penn_walk,midtown_access,penn_station_access,10,7.0,1.04,611,0.8,synthetic,scenario,Synthetic scenario assumption for FinalFlow demonstration; not observed event operations.
rain,2026-07-19T13:05:00Z,-115,pre_match,penn_concourse,penn_station_access,penn_station_access,10,9.0,1.04,786,0.8,synthetic,scenario,Synthetic scenario assumption for FinalFlow demonstration; not observed event operations.
rain,2026-07-19T13:05:00Z,-115,pre_match,secaucus_transfer,secaucus_transfer,secaucus_transfer,10,8.0,1.04,698,0.8,synthetic,scenario,Synthetic scenario assumption for FinalFlow demonstration; not observed event operations.
rain,2026-07-19T13:05:00Z,-115,pre_match,meadowlands_platform,meadowlands_access,meadowlands_access,10,6.0,1.04,524,0.8,synthetic,scenario,Synthetic scenario assumption for FinalFlow demonstration; not observed event operations.
rain,2026-07-19T13:05:00Z,-115,pre_match,meadowlands_stadium_walk,meadowlands_access,stadium_egress,10,8.0,1.04,698,0.8,synthetic,scenario,Synthetic scenario assumption for FinalFlow demonstration; not observed event operations.
rain,2026-07-19T13:05:00Z,-115,pre_match,stadium_egress_walk,stadium_egress,meadowlands_access,10,10.0,1.04,873,0.8,synthetic,scenario,Synthetic scenario assumption for FinalFlow demonstration; not observed event operations.
rain,2026-07-19T13:10:00Z,-110,pre_match,midtown_penn_walk,midtown_access,penn_station_access,13,7.0,1.04,611,0.8,synthetic,scenario,Synthetic scenario assumption for FinalFlow demonstration; not observed event operations.
rain,2026-07-19T13:10:00Z,-110,pre_match,penn_concourse,penn_station_access,penn_station_access,13,9.0,1.04,786,0.8,synthetic,scenario,Synthetic scenario assumption for FinalFlow demonstration; not observed event operations.
rain,2026-07-19T13:10:00Z,-110,pre_match,secaucus_transfer,secaucus_transfer,secaucus_transfer,13,8.0,1.04,698,0.8,synthetic,scenario,Synthetic scenario assumption for FinalFlow demonstration; not observed event operations.
rain,2026-07-19T13:10:00Z,-110,pre_match,meadowlands_platform,meadowlands_access,meadowlands_access,13,6.0,1.04,524,0.8,synthetic,scenario,Synthetic scenario assumption for FinalFlow demonstration; not observed event operations.
rain,2026-07-19T13:10:00Z,-110,pre_match,meadowlands_stadium_walk,meadowlands_access,stadium_egress,13,8.0,1.04,698,0.8,synthetic,scenario,Synthetic scenario assumption for FinalFlow demonstration; not observed event operations.
rain,2026-07-19T13:10:00Z,-110,pre_match,stadium_egress_walk,stadium_egress,meadowlands_access,13,10.0,1.04,873,0.8,synthetic,scenario,Synthetic scenario assumption for FinalFlow demonstration; not observed event operations.
rain,2026-07-19T13:15:00Z,-105,pre_match,midtown_penn_walk,midtown_access,penn_station_access,14,7.0,1.04,611,0.8,synthetic,scenario,Synthetic scenario assumption for FinalFlow demonstration; not observed event operations.
rain,2026-07-19T13:15:00Z,-105,pre_match,penn_concourse,penn_station_access,penn_station_access,14,9.0,1.04,786,0.8,synthetic,scenario,Synthetic scenario assumption for FinalFlow demonstration; not observed event operations.
rain,2026-07-19T13:15:00Z,-105,pre_match,secaucus_transfer,secaucus_transfer,secaucus_transfer,14,8.0,1.04,698,0.8,synthetic,scenario,Synthetic scenario assumption for FinalFlow demonstration; not observed event operations.
rain,2026-07-19T13:15:00Z,-105,pre_match,meadowlands_platform,meadowlands_access,meadowlands_access,14,6.0,1.04,524,0.8,synthetic,scenario,Synthetic scenario assumption for FinalFlow demonstration; not observed event operations.
rain,2026-07-19T13:15:00Z,-105,pre_match,meadowlands_stadium_walk,meadowlands_access,stadium_egress,14,8.0,1.04,698,0.8,synthetic,scenario,Synthetic scenario assumption for FinalFlow demonstration; not observed event operations.
rain,2026-07-19T13:15:00Z,-105,pre_match,stadium_egress_walk,stadium_egress,meadowlands_access,14,10.0,1.04,873,0.8,synthetic,scenario,Synthetic scenario assumption for FinalFlow demonstration; not observed event operations.
rain,2026-07-19T13:20:00Z,-100,pre_match,midtown_penn_walk,midtown_access,penn_station_access,17,7.0,1.04,611,0.8,synthetic,scenario,Synthetic scenario assumption for FinalFlow demonstration; not observed event operations.
rain,2026-07-19T13:20:00Z,-100,pre_match,penn_concourse,penn_station_access,penn_station_access,17,9.0,1.04,786,0.8,synthetic,scenario,Synthetic scenario assumption for FinalFlow demonstration; not observed event operations.
rain,2026-07-19T13:20:00Z,-100,pre_match,secaucus_transfer,secaucus_transfer,secaucus_transfer,17,8.0,1.04,698,0.8,synthetic,scenario,Synthetic scenario assumption for FinalFlow demonstration; not observed event operations.
rain,2026-07-19T13:20:00Z,-100,pre_match,meadowlands_platform,meadowlands_access,meadowlands_access,17,6.0,1.04,524,0.8,synthetic,scenario,Synthetic scenario assumption for FinalFlow demonstration; not observed event operations.
rain,2026-07-19T13:20:00Z,-100,pre_match,meadowlands_stadium_walk,meadowlands_access,stadium_egress,17,8.0,1.04,698,0.8,synthetic,scenario,Synthetic scenario assumption for FinalFlow demonstration; not observed event operations.
rain,2026-07-19T13:20:00Z,-100,pre_match,stadium_egress_walk,stadium_egress,meadowlands_access,17,10.0,1.04,873,0.8,synthetic,scenario,Synthetic scenario assumption for FinalFlow demonstration; not observed event operations.
rain,2026-07-19T13:25:00Z,-95,pre_match,midtown_penn_walk,midtown_access,penn_station_access,18,7.0,1.04,611,0.8,synthetic,scenario,Synthetic scenario assumption for FinalFlow demonstration; not observed event operations.
rain,2026-07-19T13:25:00Z,-95,pre_match,penn_concourse,penn_station_access,penn_station_access,18,9.0,1.04,786,0.8,synthetic,scenario,Synthetic scenario assumption for FinalFlow demonstration; not observed event operations.
rain,2026-07-19T13:25:00Z,-95,pre_match,secaucus_transfer,secaucus_transfer,secaucus_transfer,18,8.0,1.04,698,0.8,synthetic,scenario,Synthetic scenario assumption for FinalFlow demonstration; not observed event operations.
rain,2026-07-19T13:25:00Z,-95,pre_match,meadowlands_platform,meadowlands_access,meadowlands_access,18,6.0,1.04,524,0.8,synthetic,scenario,Synthetic scenario assumption for FinalFlow demonstration; not observed event operations.
rain,2026-07-19T13:25:00Z,-95,pre_match,meadowlands_stadium_walk,meadowlands_access,stadium_egress,18,8.0,1.04,698,0.8,synthetic,scenario,Synthetic scenario assumption for FinalFlow demonstration; not observed event operations.
rain,2026-07-19T13:25:00Z,-95,pre_match,stadium_egress_walk,stadium_egress,meadowlands_access,18,10.0,1.04,873,0.8,synthetic,scenario,Synthetic scenario assumption for FinalFlow demonstration; not observed event operations.
rain,2026-07-19T13:30:00Z,-90,pre_match,midtown_penn_walk,midtown_access,penn_station_access,22,7.0,1.04,611,0.8,synthetic,scenario,Synthetic scenario assumption for FinalFlow demonstration; not observed event operations.
rain,2026-07-19T13:30:00Z,-90,pre_match,penn_concourse,penn_station_access,penn_station_access,22,9.0,1.04,786,0.8,synthetic,scenario,Synthetic scenario assumption for FinalFlow demonstration; not observed event operations.
rain,2026-07-19T13:30:00Z,-90,pre_match,secaucus_transfer,secaucus_transfer,secaucus_transfer,22,8.0,1.04,698,0.8,synthetic,scenario,Synthetic scenario assumption for FinalFlow demonstration; not observed event operations.
rain,2026-07-19T13:30:00Z,-90,pre_match,meadowlands_platform,meadowlands_access,meadowlands_access,22,6.0,1.04,524,0.8,synthetic,scenario,Synthetic scenario assumption for FinalFlow demonstration; not observed event operations.
rain,2026-07-19T13:30:00Z,-90,pre_match,meadowlands_stadium_walk,meadowlands_access,stadium_egress,22,8.0,1.04,698,0.8,synthetic,scenario,Synthetic scenario assumption for FinalFlow demonstration; not observed event operations.
rain,2026-07-19T13:30:00Z,-90,pre_match,stadium_egress_walk,stadium_egress,meadowlands_access,22,10.0,1.04,873,0.8,synthetic,scenario,Synthetic scenario assumption for FinalFlow demonstration; not observed event operations.
rain,2026-07-19T13:35:00Z,-85,pre_match,midtown_penn_walk,midtown_access,penn_station_access,25,7.0,1.04,611,0.8,synthetic,scenario,Synthetic scenario assumption for FinalFlow demonstration; not observed event operations.
rain,2026-07-19T13:35:00Z,-85,pre_match,penn_concourse,penn_station_access,penn_station_access,25,9.0,1.04,786,0.8,synthetic,scenario,Synthetic scenario assumption for FinalFlow demonstration; not observed event operations.
rain,2026-07-19T13:35:00Z,-85,pre_match,secaucus_transfer,secaucus_transfer,secaucus_transfer,25,8.0,1.04,698,0.8,synthetic,scenario,Synthetic scenario assumption for FinalFlow demonstration; not observed event operations.
rain,2026-07-19T13:35:00Z,-85,pre_match,meadowlands_platform,meadowlands_access,meadowlands_access,25,6.0,1.04,524,0.8,synthetic,scenario,Synthetic scenario assumption for FinalFlow demonstration; not observed event operations.
rain,2026-07-19T13:35:00Z,-85,pre_match,meadowlands_stadium_walk,meadowlands_access,stadium_egress,25,8.0,1.04,698,0.8,synthetic,scenario,Synthetic scenario assumption for FinalFlow demonstration; not observed event operations.
rain,2026-07-19T13:35:00Z,-85,pre_match,stadium_egress_walk,stadium_egress,meadowlands_access,25,10.0,1.04,873,0.8,synthetic,scenario,Synthetic scenario assumption for FinalFlow demonstration; not observed event operations.
rain,2026-07-19T13:40:00Z,-80,pre_match,midtown_penn_walk,midtown_access,penn_station_access,26,7.0,1.04,611,0.8,synthetic,scenario,Synthetic scenario assumption for FinalFlow demonstration; not observed event operations.
rain,2026-07-19T13:40:00Z,-80,pre_match,penn_concourse,penn_station_access,penn_station_access,26,9.0,1.04,786,0.8,synthetic,scenario,Synthetic scenario assumption for FinalFlow demonstration; not observed event operations.
rain,2026-07-19T13:40:00Z,-80,pre_match,secaucus_transfer,secaucus_transfer,secaucus_transfer,26,8.0,1.04,698,0.8,synthetic,scenario,Synthetic scenario assumption for FinalFlow demonstration; not observed event operations.
rain,2026-07-19T13:40:00Z,-80,pre_match,meadowlands_platform,meadowlands_access,meadowlands_access,26,6.0,1.04,524,0.8,synthetic,scenario,Synthetic scenario assumption for FinalFlow demonstration; not observed event operations.
rain,2026-07-19T13:40:00Z,-80,pre_match,meadowlands_stadium_walk,meadowlands_access,stadium_egress,26,8.0,1.04,698,0.8,synthetic,scenario,Synthetic scenario assumption for FinalFlow demonstration; not observed event operations.
rain,2026-07-19T13:40:00Z,-80,pre_match,stadium_egress_walk,stadium_egress,meadowlands_access,26,10.0,1.04,873,0.8,synthetic,scenario,Synthetic scenario assumption for FinalFlow demonstration; not observed event operations.
rain,2026-07-19T13:45:00Z,-75,pre_match,midtown_penn_walk,midtown_access,penn_station_access,30,7.0,1.04,611,0.8,synthetic,scenario,Synthetic scenario assumption for FinalFlow demonstration; not observed event operations.
rain,2026-07-19T13:45:00Z,-75,pre_match,penn_concourse,penn_station_access,penn_station_access,30,9.0,1.04,786,0.8,synthetic,scenario,Synthetic scenario assumption for FinalFlow demonstration; not observed event operations.
rain,2026-07-19T13:45:00Z,-75,pre_match,secaucus_transfer,secaucus_transfer,secaucus_transfer,30,8.0,1.04,698,0.8,synthetic,scenario,Synthetic scenario assumption for FinalFlow demonstration; not observed event operations.
rain,2026-07-19T13:45:00Z,-75,pre_match,meadowlands_platform,meadowlands_access,meadowlands_access,30,6.0,1.04,524,0.8,synthetic,scenario,Synthetic scenario assumption for FinalFlow demonstration; not observed event operations.
rain,2026-07-19T13:45:00Z,-75,pre_match,meadowlands_stadium_walk,meadowlands_access,stadium_egress,30,8.0,1.04,698,0.8,synthetic,scenario,Synthetic scenario assumption for FinalFlow demonstration; not observed event operations.
rain,2026-07-19T13:45:00Z,-75,pre_match,stadium_egress_walk,stadium_egress,meadowlands_access,30,10.0,1.04,873,0.8,synthetic,scenario,Synthetic scenario assumption for FinalFlow demonstration; not observed event operations.
rain,2026-07-19T13:50:00Z,-70,pre_match,midtown_penn_walk,midtown_access,penn_station_access,33,7.0,1.04,611,0.8,synthetic,scenario,Synthetic scenario assumption for FinalFlow demonstration; not observed event operations.
rain,2026-07-19T13:50:00Z,-70,pre_match,penn_concourse,penn_station_access,penn_station_access,33,9.0,1.04,786,0.8,synthetic,scenario,Synthetic scenario assumption for FinalFlow demonstration; not observed event operations.
rain,2026-07-19T13:50:00Z,-70,pre_match,secaucus_transfer,secaucus_transfer,secaucus_transfer,33,8.0,1.04,698,0.8,synthetic,scenario,Synthetic scenario assumption for FinalFlow demonstration; not observed event operations.
rain,2026-07-19T13:50:00Z,-70,pre_match,meadowlands_platform,meadowlands_access,meadowlands_access,33,6.0,1.04,524,0.8,synthetic,scenario,Synthetic scenario assumption for FinalFlow demonstration; not observed event operations.
rain,2026-07-19T13:50:00Z,-70,pre_match,meadowlands_stadium_walk,meadowlands_access,stadium_egress,33,8.0,1.04,698,0.8,synthetic,scenario,Synthetic scenario assumption for FinalFlow demonstration; not observed event operations.
rain,2026-07-19T13:50:00Z,-70,pre_match,stadium_egress_walk,stadium_egress,meadowlands_access,33,10.0,1.04,873,0.8,synthetic,scenario,Synthetic scenario assumption for FinalFlow demonstration; not observed event operations.
rain,2026-07-19T13:55:00Z,-65,pre_match,midtown_penn_walk,midtown_access,penn_station_access,34,7.0,1.04,611,0.8,synthetic,scenario,Synthetic scenario assumption for FinalFlow demonstration; not observed event operations.
rain,2026-07-19T13:55:00Z,-65,pre_match,penn_concourse,penn_station_access,penn_station_access,34,9.0,1.04,786,0.8,synthetic,scenario,Synthetic scenario assumption for FinalFlow demonstration; not observed event operations.
rain,2026-07-19T13:55:00Z,-65,pre_match,secaucus_transfer,secaucus_transfer,secaucus_transfer,34,8.0,1.04,698,0.8,synthetic,scenario,Synthetic scenario assumption for FinalFlow demonstration; not observed event operations.
rain,2026-07-19T13:55:00Z,-65,pre_match,meadowlands_platform,meadowlands_access,meadowlands_access,34,6.0,1.04,524,0.8,synthetic,scenario,Synthetic scenario assumption for FinalFlow demonstration; not observed event operations.
rain,2026-07-19T13:55:00Z,-65,pre_match,meadowlands_stadium_walk,meadowlands_access,stadium_egress,34,8.0,1.04,698,0.8,synthetic,scenario,Synthetic scenario assumption for FinalFlow demonstration; not observed event operations.
rain,2026-07-19T13:55:00Z,-65,pre_match,stadium_egress_walk,stadium_egress,meadowlands_access,34,10.0,1.04,873,0.8,synthetic,scenario,Synthetic scenario assumption for FinalFlow demonstration; not observed event operations.
rain,2026-07-19T14:00:00Z,-60,pre_match,midtown_penn_walk,midtown_access,penn_station_access,36,7.0,1.04,611,0.8,synthetic,scenario,Synthetic scenario assumption for FinalFlow demonstration; not observed event operations.
rain,2026-07-19T14:00:00Z,-60,pre_match,penn_concourse,penn_station_access,penn_station_access,36,9.0,1.04,786,0.8,synthetic,scenario,Synthetic scenario assumption for FinalFlow demonstration; not observed event operations.
rain,2026-07-19T14:00:00Z,-60,pre_match,secaucus_transfer,secaucus_transfer,secaucus_transfer,36,8.0,1.04,698,0.8,synthetic,scenario,Synthetic scenario assumption for FinalFlow demonstration; not observed event operations.
rain,2026-07-19T14:00:00Z,-60,pre_match,meadowlands_platform,meadowlands_access,meadowlands_access,36,6.0,1.04,524,0.8,synthetic,scenario,Synthetic scenario assumption for FinalFlow demonstration; not observed event operations.
rain,2026-07-19T14:00:00Z,-60,pre_match,meadowlands_stadium_walk,meadowlands_access,stadium_egress,36,8.0,1.04,698,0.8,synthetic,scenario,Synthetic scenario assumption for FinalFlow demonstration; not observed event operations.
rain,2026-07-19T14:00:00Z,-60,pre_match,stadium_egress_walk,stadium_egress,meadowlands_access,36,10.0,1.04,873,0.8,synthetic,scenario,Synthetic scenario assumption for FinalFlow demonstration; not observed event operations.
rain,2026-07-19T14:05:00Z,-55,pre_match,midtown_penn_walk,midtown_access,penn_station_access,39,7.0,1.04,611,0.8,synthetic,scenario,Synthetic scenario assumption for FinalFlow demonstration; not observed event operations.
rain,2026-07-19T14:05:00Z,-55,pre_match,penn_concourse,penn_station_access,penn_station_access,39,9.0,1.04,786,0.8,synthetic,scenario,Synthetic scenario assumption for FinalFlow demonstration; not observed event operations.
rain,2026-07-19T14:05:00Z,-55,pre_match,secaucus_transfer,secaucus_transfer,secaucus_transfer,39,8.0,1.04,698,0.8,synthetic,scenario,Synthetic scenario assumption for FinalFlow demonstration; not observed event operations.
rain,2026-07-19T14:05:00Z,-55,pre_match,meadowlands_platform,meadowlands_access,meadowlands_access,39,6.0,1.04,524,0.8,synthetic,scenario,Synthetic scenario assumption for FinalFlow demonstration; not observed event operations.
rain,2026-07-19T14:05:00Z,-55,pre_match,meadowlands_stadium_walk,meadowlands_access,stadium_egress,39,8.0,1.04,698,0.8,synthetic,scenario,Synthetic scenario assumption for FinalFlow demonstration; not observed event operations.
rain,2026-07-19T14:05:00Z,-55,pre_match,stadium_egress_walk,stadium_egress,meadowlands_access,39,10.0,1.04,873,0.8,synthetic,scenario,Synthetic scenario assumption for FinalFlow demonstration; not observed event operations.
rain,2026-07-19T14:10:00Z,-50,pre_match,midtown_penn_walk,midtown_access,penn_station_access,39,7.0,1.04,611,0.8,synthetic,scenario,Synthetic scenario assumption for FinalFlow demonstration; not observed event operations.
rain,2026-07-19T14:10:00Z,-50,pre_match,penn_concourse,penn_station_access,penn_station_access,39,9.0,1.04,786,0.8,synthetic,scenario,Synthetic scenario assumption for FinalFlow demonstration; not observed event operations.
rain,2026-07-19T14:10:00Z,-50,pre_match,secaucus_transfer,secaucus_transfer,secaucus_transfer,39,8.0,1.04,698,0.8,synthetic,scenario,Synthetic scenario assumption for FinalFlow demonstration; not observed event operations.
rain,2026-07-19T14:10:00Z,-50,pre_match,meadowlands_platform,meadowlands_access,meadowlands_access,39,6.0,1.04,524,0.8,synthetic,scenario,Synthetic scenario assumption for FinalFlow demonstration; not observed event operations.
rain,2026-07-19T14:10:00Z,-50,pre_match,meadowlands_stadium_walk,meadowlands_access,stadium_egress,39,8.0,1.04,698,0.8,synthetic,scenario,Synthetic scenario assumption for FinalFlow demonstration; not observed event operations.
rain,2026-07-19T14:10:00Z,-50,pre_match,stadium_egress_walk,stadium_egress,meadowlands_access,39,10.0,1.04,873,0.8,synthetic,scenario,Synthetic scenario assumption for FinalFlow demonstration; not observed event operations.
rain,2026-07-19T14:15:00Z,-45,pre_match,midtown_penn_walk,midtown_access,penn_station_access,36,7.0,1.04,611,0.8,synthetic,scenario,Synthetic scenario assumption for FinalFlow demonstration; not observed event operations.
rain,2026-07-19T14:15:00Z,-45,pre_match,penn_concourse,penn_station_access,penn_station_access,36,9.0,1.04,786,0.8,synthetic,scenario,Synthetic scenario assumption for FinalFlow demonstration; not observed event operations.
rain,2026-07-19T14:15:00Z,-45,pre_match,secaucus_transfer,secaucus_transfer,secaucus_transfer,36,8.0,1.04,698,0.8,synthetic,scenario,Synthetic scenario assumption for FinalFlow demonstration; not observed event operations.
rain,2026-07-19T14:15:00Z,-45,pre_match,meadowlands_platform,meadowlands_access,meadowlands_access,36,6.0,1.04,524,0.8,synthetic,scenario,Synthetic scenario assumption for FinalFlow demonstration; not observed event operations.
rain,2026-07-19T14:15:00Z,-45,pre_match,meadowlands_stadium_walk,meadowlands_access,stadium_egress,36,8.0,1.04,698,0.8,synthetic,scenario,Synthetic scenario assumption for FinalFlow demonstration; not observed event operations.
rain,2026-07-19T14:15:00Z,-45,pre_match,stadium_egress_walk,stadium_egress,meadowlands_access,36,10.0,1.04,873,0.8,synthetic,scenario,Synthetic scenario assumption for FinalFlow demonstration; not observed event operations.
rain,2026-07-19T14:20:00Z,-40,pre_match,midtown_penn_walk,midtown_access,penn_station_access,34,7.0,1.04,611,0.8,synthetic,scenario,Synthetic scenario assumption for FinalFlow demonstration; not observed event operations.
rain,2026-07-19T14:20:00Z,-40,pre_match,penn_concourse,penn_station_access,penn_station_access,34,9.0,1.04,786,0.8,synthetic,scenario,Synthetic scenario assumption for FinalFlow demonstration; not observed event operations.
rain,2026-07-19T14:20:00Z,-40,pre_match,secaucus_transfer,secaucus_transfer,secaucus_transfer,34,8.0,1.04,698,0.8,synthetic,scenario,Synthetic scenario assumption for FinalFlow demonstration; not observed event operations.
rain,2026-07-19T14:20:00Z,-40,pre_match,meadowlands_platform,meadowlands_access,meadowlands_access,34,6.0,1.04,524,0.8,synthetic,scenario,Synthetic scenario assumption for FinalFlow demonstration; not observed event operations.
rain,2026-07-19T14:20:00Z,-40,pre_match,meadowlands_stadium_walk,meadowlands_access,stadium_egress,34,8.0,1.04,698,0.8,synthetic,scenario,Synthetic scenario assumption for FinalFlow demonstration; not observed event operations.
rain,2026-07-19T14:20:00Z,-40,pre_match,stadium_egress_walk,stadium_egress,meadowlands_access,34,10.0,1.04,873,0.8,synthetic,scenario,Synthetic scenario assumption for FinalFlow demonstration; not observed event operations.
rain,2026-07-19T14:25:00Z,-35,pre_match,midtown_penn_walk,midtown_access,penn_station_access,30,7.0,1.04,611,0.8,synthetic,scenario,Synthetic scenario assumption for FinalFlow demonstration; not observed event operations.
rain,2026-07-19T14:25:00Z,-35,pre_match,penn_concourse,penn_station_access,penn_station_access,30,9.0,1.04,786,0.8,synthetic,scenario,Synthetic scenario assumption for FinalFlow demonstration; not observed event operations.
rain,2026-07-19T14:25:00Z,-35,pre_match,secaucus_transfer,secaucus_transfer,secaucus_transfer,30,8.0,1.04,698,0.8,synthetic,scenario,Synthetic scenario assumption for FinalFlow demonstration; not observed event operations.
rain,2026-07-19T14:25:00Z,-35,pre_match,meadowlands_platform,meadowlands_access,meadowlands_access,30,6.0,1.04,524,0.8,synthetic,scenario,Synthetic scenario assumption for FinalFlow demonstration; not observed event operations.
rain,2026-07-19T14:25:00Z,-35,pre_match,meadowlands_stadium_walk,meadowlands_access,stadium_egress,30,8.0,1.04,698,0.8,synthetic,scenario,Synthetic scenario assumption for FinalFlow demonstration; not observed event operations.
rain,2026-07-19T14:25:00Z,-35,pre_match,stadium_egress_walk,stadium_egress,meadowlands_access,30,10.0,1.04,873,0.8,synthetic,scenario,Synthetic scenario assumption for FinalFlow demonstration; not observed event operations.
rain,2026-07-19T14:30:00Z,-30,ceremony,midtown_penn_walk,midtown_access,penn_station_access,0,7.0,1.04,611,0.8,synthetic,scenario,Synthetic scenario assumption for FinalFlow demonstration; not observed event operations.
rain,2026-07-19T14:30:00Z,-30,ceremony,penn_concourse,penn_station_access,penn_station_access,0,9.0,1.04,786,0.8,synthetic,scenario,Synthetic scenario assumption for FinalFlow demonstration; not observed event operations.
rain,2026-07-19T14:30:00Z,-30,ceremony,secaucus_transfer,secaucus_transfer,secaucus_transfer,0,8.0,1.04,698,0.8,synthetic,scenario,Synthetic scenario assumption for FinalFlow demonstration; not observed event operations.
rain,2026-07-19T14:30:00Z,-30,ceremony,meadowlands_platform,meadowlands_access,meadowlands_access,0,6.0,1.04,524,0.8,synthetic,scenario,Synthetic scenario assumption for FinalFlow demonstration; not observed event operations.
rain,2026-07-19T14:30:00Z,-30,ceremony,meadowlands_stadium_walk,meadowlands_access,stadium_egress,0,8.0,1.04,698,0.8,synthetic,scenario,Synthetic scenario assumption for FinalFlow demonstration; not observed event operations.
rain,2026-07-19T14:30:00Z,-30,ceremony,stadium_egress_walk,stadium_egress,meadowlands_access,0,10.0,1.04,873,0.8,synthetic,scenario,Synthetic scenario assumption for FinalFlow demonstration; not observed event operations.
rain,2026-07-19T14:35:00Z,-25,ceremony,midtown_penn_walk,midtown_access,penn_station_access,0,7.0,1.04,611,0.8,synthetic,scenario,Synthetic scenario assumption for FinalFlow demonstration; not observed event operations.
rain,2026-07-19T14:35:00Z,-25,ceremony,penn_concourse,penn_station_access,penn_station_access,0,9.0,1.04,786,0.8,synthetic,scenario,Synthetic scenario assumption for FinalFlow demonstration; not observed event operations.
rain,2026-07-19T14:35:00Z,-25,ceremony,secaucus_transfer,secaucus_transfer,secaucus_transfer,0,8.0,1.04,698,0.8,synthetic,scenario,Synthetic scenario assumption for FinalFlow demonstration; not observed event operations.
rain,2026-07-19T14:35:00Z,-25,ceremony,meadowlands_platform,meadowlands_access,meadowlands_access,0,6.0,1.04,524,0.8,synthetic,scenario,Synthetic scenario assumption for FinalFlow demonstration; not observed event operations.
rain,2026-07-19T14:35:00Z,-25,ceremony,meadowlands_stadium_walk,meadowlands_access,stadium_egress,0,8.0,1.04,698,0.8,synthetic,scenario,Synthetic scenario assumption for FinalFlow demonstration; not observed event operations.
rain,2026-07-19T14:35:00Z,-25,ceremony,stadium_egress_walk,stadium_egress,meadowlands_access,0,10.0,1.04,873,0.8,synthetic,scenario,Synthetic scenario assumption for FinalFlow demonstration; not observed event operations.
rain,2026-07-19T14:40:00Z,-20,ceremony,midtown_penn_walk,midtown_access,penn_station_access,0,7.0,1.04,611,0.8,synthetic,scenario,Synthetic scenario assumption for FinalFlow demonstration; not observed event operations.
rain,2026-07-19T14:40:00Z,-20,ceremony,penn_concourse,penn_station_access,penn_station_access,0,9.0,1.04,786,0.8,synthetic,scenario,Synthetic scenario assumption for FinalFlow demonstration; not observed event operations.
rain,2026-07-19T14:40:00Z,-20,ceremony,secaucus_transfer,secaucus_transfer,secaucus_transfer,0,8.0,1.04,698,0.8,synthetic,scenario,Synthetic scenario assumption for FinalFlow demonstration; not observed event operations.
rain,2026-07-19T14:40:00Z,-20,ceremony,meadowlands_platform,meadowlands_access,meadowlands_access,0,6.0,1.04,524,0.8,synthetic,scenario,Synthetic scenario assumption for FinalFlow demonstration; not observed event operations.
rain,2026-07-19T14:40:00Z,-20,ceremony,meadowlands_stadium_walk,meadowlands_access,stadium_egress,0,8.0,1.04,698,0.8,synthetic,scenario,Synthetic scenario assumption for FinalFlow demonstration; not observed event operations.
rain,2026-07-19T14:40:00Z,-20,ceremony,stadium_egress_walk,stadium_egress,meadowlands_access,0,10.0,1.04,873,0.8,synthetic,scenario,Synthetic scenario assumption for FinalFlow demonstration; not observed event operations.
rain,2026-07-19T14:45:00Z,-15,ceremony,midtown_penn_walk,midtown_access,penn_station_access,0,7.0,1.04,611,0.8,synthetic,scenario,Synthetic scenario assumption for FinalFlow demonstration; not observed event operations.
rain,2026-07-19T14:45:00Z,-15,ceremony,penn_concourse,penn_station_access,penn_station_access,0,9.0,1.04,786,0.8,synthetic,scenario,Synthetic scenario assumption for FinalFlow demonstration; not observed event operations.
rain,2026-07-19T14:45:00Z,-15,ceremony,secaucus_transfer,secaucus_transfer,secaucus_transfer,0,8.0,1.04,698,0.8,synthetic,scenario,Synthetic scenario assumption for FinalFlow demonstration; not observed event operations.
rain,2026-07-19T14:45:00Z,-15,ceremony,meadowlands_platform,meadowlands_access,meadowlands_access,0,6.0,1.04,524,0.8,synthetic,scenario,Synthetic scenario assumption for FinalFlow demonstration; not observed event operations.
rain,2026-07-19T14:45:00Z,-15,ceremony,meadowlands_stadium_walk,meadowlands_access,stadium_egress,0,8.0,1.04,698,0.8,synthetic,scenario,Synthetic scenario assumption for FinalFlow demonstration; not observed event operations.
rain,2026-07-19T14:45:00Z,-15,ceremony,stadium_egress_walk,stadium_egress,meadowlands_access,0,10.0,1.04,873,0.8,synthetic,scenario,Synthetic scenario assumption for FinalFlow demonstration; not observed event operations.
rain,2026-07-19T14:50:00Z,-10,ceremony,midtown_penn_walk,midtown_access,penn_station_access,0,7.0,1.04,611,0.8,synthetic,scenario,Synthetic scenario assumption for FinalFlow demonstration; not observed event operations.
rain,2026-07-19T14:50:00Z,-10,ceremony,penn_concourse,penn_station_access,penn_station_access,0,9.0,1.04,786,0.8,synthetic,scenario,Synthetic scenario assumption for FinalFlow demonstration; not observed event operations.
rain,2026-07-19T14:50:00Z,-10,ceremony,secaucus_transfer,secaucus_transfer,secaucus_transfer,0,8.0,1.04,698,0.8,synthetic,scenario,Synthetic scenario assumption for FinalFlow demonstration; not observed event operations.
rain,2026-07-19T14:50:00Z,-10,ceremony,meadowlands_platform,meadowlands_access,meadowlands_access,0,6.0,1.04,524,0.8,synthetic,scenario,Synthetic scenario assumption for FinalFlow demonstration; not observed event operations.
rain,2026-07-19T14:50:00Z,-10,ceremony,meadowlands_stadium_walk,meadowlands_access,stadium_egress,0,8.0,1.04,698,0.8,synthetic,scenario,Synthetic scenario assumption for FinalFlow demonstration; not observed event operations.
rain,2026-07-19T14:50:00Z,-10,ceremony,stadium_egress_walk,stadium_egress,meadowlands_access,0,10.0,1.04,873,0.8,synthetic,scenario,Synthetic scenario assumption for FinalFlow demonstration; not observed event operations.
rain,2026-07-19T14:55:00Z,-5,ceremony,midtown_penn_walk,midtown_access,penn_station_access,0,7.0,1.04,611,0.8,synthetic,scenario,Synthetic scenario assumption for FinalFlow demonstration; not observed event operations.
rain,2026-07-19T14:55:00Z,-5,ceremony,penn_concourse,penn_station_access,penn_station_access,0,9.0,1.04,786,0.8,synthetic,scenario,Synthetic scenario assumption for FinalFlow demonstration; not observed event operations.
rain,2026-07-19T14:55:00Z,-5,ceremony,secaucus_transfer,secaucus_transfer,secaucus_transfer,0,8.0,1.04,698,0.8,synthetic,scenario,Synthetic scenario assumption for FinalFlow demonstration; not observed event operations.
rain,2026-07-19T14:55:00Z,-5,ceremony,meadowlands_platform,meadowlands_access,meadowlands_access,0,6.0,1.04,524,0.8,synthetic,scenario,Synthetic scenario assumption for FinalFlow demonstration; not observed event operations.
rain,2026-07-19T14:55:00Z,-5,ceremony,meadowlands_stadium_walk,meadowlands_access,stadium_egress,0,8.0,1.04,698,0.8,synthetic,scenario,Synthetic scenario assumption for FinalFlow demonstration; not observed event operations.
rain,2026-07-19T14:55:00Z,-5,ceremony,stadium_egress_walk,stadium_egress,meadowlands_access,0,10.0,1.04,873,0.8,synthetic,scenario,Synthetic scenario assumption for FinalFlow demonstration; not observed event operations.
rain,2026-07-19T15:00:00Z,0,kickoff,midtown_penn_walk,midtown_access,penn_station_access,0,7.0,1.04,611,0.8,synthetic,scenario,Synthetic scenario assumption for FinalFlow demonstration; not observed event operations.
rain,2026-07-19T15:00:00Z,0,kickoff,penn_concourse,penn_station_access,penn_station_access,0,9.0,1.04,786,0.8,synthetic,scenario,Synthetic scenario assumption for FinalFlow demonstration; not observed event operations.
rain,2026-07-19T15:00:00Z,0,kickoff,secaucus_transfer,secaucus_transfer,secaucus_transfer,0,8.0,1.04,698,0.8,synthetic,scenario,Synthetic scenario assumption for FinalFlow demonstration; not observed event operations.
rain,2026-07-19T15:00:00Z,0,kickoff,meadowlands_platform,meadowlands_access,meadowlands_access,0,6.0,1.04,524,0.8,synthetic,scenario,Synthetic scenario assumption for FinalFlow demonstration; not observed event operations.
rain,2026-07-19T15:00:00Z,0,kickoff,meadowlands_stadium_walk,meadowlands_access,stadium_egress,0,8.0,1.04,698,0.8,synthetic,scenario,Synthetic scenario assumption for FinalFlow demonstration; not observed event operations.
rain,2026-07-19T15:00:00Z,0,kickoff,stadium_egress_walk,stadium_egress,meadowlands_access,0,10.0,1.04,873,0.8,synthetic,scenario,Synthetic scenario assumption for FinalFlow demonstration; not observed event operations.
rain,2026-07-19T15:05:00Z,5,first_half,midtown_penn_walk,midtown_access,penn_station_access,0,7.0,1.04,611,0.8,synthetic,scenario,Synthetic scenario assumption for FinalFlow demonstration; not observed event operations.
rain,2026-07-19T15:05:00Z,5,first_half,penn_concourse,penn_station_access,penn_station_access,0,9.0,1.04,786,0.8,synthetic,scenario,Synthetic scenario assumption for FinalFlow demonstration; not observed event operations.
rain,2026-07-19T15:05:00Z,5,first_half,secaucus_transfer,secaucus_transfer,secaucus_transfer,0,8.0,1.04,698,0.8,synthetic,scenario,Synthetic scenario assumption for FinalFlow demonstration; not observed event operations.
rain,2026-07-19T15:05:00Z,5,first_half,meadowlands_platform,meadowlands_access,meadowlands_access,0,6.0,1.04,524,0.8,synthetic,scenario,Synthetic scenario assumption for FinalFlow demonstration; not observed event operations.
rain,2026-07-19T15:05:00Z,5,first_half,meadowlands_stadium_walk,meadowlands_access,stadium_egress,0,8.0,1.04,698,0.8,synthetic,scenario,Synthetic scenario assumption for FinalFlow demonstration; not observed event operations.
rain,2026-07-19T15:05:00Z,5,first_half,stadium_egress_walk,stadium_egress,meadowlands_access,0,10.0,1.04,873,0.8,synthetic,scenario,Synthetic scenario assumption for FinalFlow demonstration; not observed event operations.
rain,2026-07-19T15:10:00Z,10,first_half,midtown_penn_walk,midtown_access,penn_station_access,0,7.0,1.04,611,0.8,synthetic,scenario,Synthetic scenario assumption for FinalFlow demonstration; not observed event operations.
rain,2026-07-19T15:10:00Z,10,first_half,penn_concourse,penn_station_access,penn_station_access,0,9.0,1.04,786,0.8,synthetic,scenario,Synthetic scenario assumption for FinalFlow demonstration; not observed event operations.
rain,2026-07-19T15:10:00Z,10,first_half,secaucus_transfer,secaucus_transfer,secaucus_transfer,0,8.0,1.04,698,0.8,synthetic,scenario,Synthetic scenario assumption for FinalFlow demonstration; not observed event operations.
rain,2026-07-19T15:10:00Z,10,first_half,meadowlands_platform,meadowlands_access,meadowlands_access,0,6.0,1.04,524,0.8,synthetic,scenario,Synthetic scenario assumption for FinalFlow demonstration; not observed event operations.
rain,2026-07-19T15:10:00Z,10,first_half,meadowlands_stadium_walk,meadowlands_access,stadium_egress,0,8.0,1.04,698,0.8,synthetic,scenario,Synthetic scenario assumption for FinalFlow demonstration; not observed event operations.
rain,2026-07-19T15:10:00Z,10,first_half,stadium_egress_walk,stadium_egress,meadowlands_access,0,10.0,1.04,873,0.8,synthetic,scenario,Synthetic scenario assumption for FinalFlow demonstration; not observed event operations.
rain,2026-07-19T15:15:00Z,15,first_half,midtown_penn_walk,midtown_access,penn_station_access,0,7.0,1.04,611,0.8,synthetic,scenario,Synthetic scenario assumption for FinalFlow demonstration; not observed event operations.
rain,2026-07-19T15:15:00Z,15,first_half,penn_concourse,penn_station_access,penn_station_access,0,9.0,1.04,786,0.8,synthetic,scenario,Synthetic scenario assumption for FinalFlow demonstration; not observed event operations.
rain,2026-07-19T15:15:00Z,15,first_half,secaucus_transfer,secaucus_transfer,secaucus_transfer,0,8.0,1.04,698,0.8,synthetic,scenario,Synthetic scenario assumption for FinalFlow demonstration; not observed event operations.
rain,2026-07-19T15:15:00Z,15,first_half,meadowlands_platform,meadowlands_access,meadowlands_access,0,6.0,1.04,524,0.8,synthetic,scenario,Synthetic scenario assumption for FinalFlow demonstration; not observed event operations.
rain,2026-07-19T15:15:00Z,15,first_half,meadowlands_stadium_walk,meadowlands_access,stadium_egress,0,8.0,1.04,698,0.8,synthetic,scenario,Synthetic scenario assumption for FinalFlow demonstration; not observed event operations.
rain,2026-07-19T15:15:00Z,15,first_half,stadium_egress_walk,stadium_egress,meadowlands_access,0,10.0,1.04,873,0.8,synthetic,scenario,Synthetic scenario assumption for FinalFlow demonstration; not observed event operations.
rain,2026-07-19T15:20:00Z,20,first_half,midtown_penn_walk,midtown_access,penn_station_access,0,7.0,1.04,611,0.8,synthetic,scenario,Synthetic scenario assumption for FinalFlow demonstration; not observed event operations.
rain,2026-07-19T15:20:00Z,20,first_half,penn_concourse,penn_station_access,penn_station_access,0,9.0,1.04,786,0.8,synthetic,scenario,Synthetic scenario assumption for FinalFlow demonstration; not observed event operations.
rain,2026-07-19T15:20:00Z,20,first_half,secaucus_transfer,secaucus_transfer,secaucus_transfer,0,8.0,1.04,698,0.8,synthetic,scenario,Synthetic scenario assumption for FinalFlow demonstration; not observed event operations.
rain,2026-07-19T15:20:00Z,20,first_half,meadowlands_platform,meadowlands_access,meadowlands_access,0,6.0,1.04,524,0.8,synthetic,scenario,Synthetic scenario assumption for FinalFlow demonstration; not observed event operations.
rain,2026-07-19T15:20:00Z,20,first_half,meadowlands_stadium_walk,meadowlands_access,stadium_egress,0,8.0,1.04,698,0.8,synthetic,scenario,Synthetic scenario assumption for FinalFlow demonstration; not observed event operations.
rain,2026-07-19T15:20:00Z,20,first_half,stadium_egress_walk,stadium_egress,meadowlands_access,0,10.0,1.04,873,0.8,synthetic,scenario,Synthetic scenario assumption for FinalFlow demonstration; not observed event operations.
rain,2026-07-19T15:25:00Z,25,first_half,midtown_penn_walk,midtown_access,penn_station_access,0,7.0,1.04,611,0.8,synthetic,scenario,Synthetic scenario assumption for FinalFlow demonstration; not observed event operations.
rain,2026-07-19T15:25:00Z,25,first_half,penn_concourse,penn_station_access,penn_station_access,0,9.0,1.04,786,0.8,synthetic,scenario,Synthetic scenario assumption for FinalFlow demonstration; not observed event operations.
rain,2026-07-19T15:25:00Z,25,first_half,secaucus_transfer,secaucus_transfer,secaucus_transfer,0,8.0,1.04,698,0.8,synthetic,scenario,Synthetic scenario assumption for FinalFlow demonstration; not observed event operations.
rain,2026-07-19T15:25:00Z,25,first_half,meadowlands_platform,meadowlands_access,meadowlands_access,0,6.0,1.04,524,0.8,synthetic,scenario,Synthetic scenario assumption for FinalFlow demonstration; not observed event operations.
rain,2026-07-19T15:25:00Z,25,first_half,meadowlands_stadium_walk,meadowlands_access,stadium_egress,0,8.0,1.04,698,0.8,synthetic,scenario,Synthetic scenario assumption for FinalFlow demonstration; not observed event operations.
rain,2026-07-19T15:25:00Z,25,first_half,stadium_egress_walk,stadium_egress,meadowlands_access,0,10.0,1.04,873,0.8,synthetic,scenario,Synthetic scenario assumption for FinalFlow demonstration; not observed event operations.
rain,2026-07-19T15:30:00Z,30,first_half,midtown_penn_walk,midtown_access,penn_station_access,0,7.0,1.04,611,0.8,synthetic,scenario,Synthetic scenario assumption for FinalFlow demonstration; not observed event operations.
rain,2026-07-19T15:30:00Z,30,first_half,penn_concourse,penn_station_access,penn_station_access,0,9.0,1.04,786,0.8,synthetic,scenario,Synthetic scenario assumption for FinalFlow demonstration; not observed event operations.
rain,2026-07-19T15:30:00Z,30,first_half,secaucus_transfer,secaucus_transfer,secaucus_transfer,0,8.0,1.04,698,0.8,synthetic,scenario,Synthetic scenario assumption for FinalFlow demonstration; not observed event operations.
rain,2026-07-19T15:30:00Z,30,first_half,meadowlands_platform,meadowlands_access,meadowlands_access,0,6.0,1.04,524,0.8,synthetic,scenario,Synthetic scenario assumption for FinalFlow demonstration; not observed event operations.
rain,2026-07-19T15:30:00Z,30,first_half,meadowlands_stadium_walk,meadowlands_access,stadium_egress,0,8.0,1.04,698,0.8,synthetic,scenario,Synthetic scenario assumption for FinalFlow demonstration; not observed event operations.
rain,2026-07-19T15:30:00Z,30,first_half,stadium_egress_walk,stadium_egress,meadowlands_access,0,10.0,1.04,873,0.8,synthetic,scenario,Synthetic scenario assumption for FinalFlow demonstration; not observed event operations.
rain,2026-07-19T15:35:00Z,35,first_half,midtown_penn_walk,midtown_access,penn_station_access,0,7.0,1.04,611,0.8,synthetic,scenario,Synthetic scenario assumption for FinalFlow demonstration; not observed event operations.
rain,2026-07-19T15:35:00Z,35,first_half,penn_concourse,penn_station_access,penn_station_access,0,9.0,1.04,786,0.8,synthetic,scenario,Synthetic scenario assumption for FinalFlow demonstration; not observed event operations.
rain,2026-07-19T15:35:00Z,35,first_half,secaucus_transfer,secaucus_transfer,secaucus_transfer,0,8.0,1.04,698,0.8,synthetic,scenario,Synthetic scenario assumption for FinalFlow demonstration; not observed event operations.
rain,2026-07-19T15:35:00Z,35,first_half,meadowlands_platform,meadowlands_access,meadowlands_access,0,6.0,1.04,524,0.8,synthetic,scenario,Synthetic scenario assumption for FinalFlow demonstration; not observed event operations.
rain,2026-07-19T15:35:00Z,35,first_half,meadowlands_stadium_walk,meadowlands_access,stadium_egress,0,8.0,1.04,698,0.8,synthetic,scenario,Synthetic scenario assumption for FinalFlow demonstration; not observed event operations.
rain,2026-07-19T15:35:00Z,35,first_half,stadium_egress_walk,stadium_egress,meadowlands_access,0,10.0,1.04,873,0.8,synthetic,scenario,Synthetic scenario assumption for FinalFlow demonstration; not observed event operations.
rain,2026-07-19T15:40:00Z,40,first_half,midtown_penn_walk,midtown_access,penn_station_access,0,7.0,1.04,611,0.8,synthetic,scenario,Synthetic scenario assumption for FinalFlow demonstration; not observed event operations.
rain,2026-07-19T15:40:00Z,40,first_half,penn_concourse,penn_station_access,penn_station_access,0,9.0,1.04,786,0.8,synthetic,scenario,Synthetic scenario assumption for FinalFlow demonstration; not observed event operations.
rain,2026-07-19T15:40:00Z,40,first_half,secaucus_transfer,secaucus_transfer,secaucus_transfer,0,8.0,1.04,698,0.8,synthetic,scenario,Synthetic scenario assumption for FinalFlow demonstration; not observed event operations.
rain,2026-07-19T15:40:00Z,40,first_half,meadowlands_platform,meadowlands_access,meadowlands_access,0,6.0,1.04,524,0.8,synthetic,scenario,Synthetic scenario assumption for FinalFlow demonstration; not observed event operations.
rain,2026-07-19T15:40:00Z,40,first_half,meadowlands_stadium_walk,meadowlands_access,stadium_egress,0,8.0,1.04,698,0.8,synthetic,scenario,Synthetic scenario assumption for FinalFlow demonstration; not observed event operations.
rain,2026-07-19T15:40:00Z,40,first_half,stadium_egress_walk,stadium_egress,meadowlands_access,0,10.0,1.04,873,0.8,synthetic,scenario,Synthetic scenario assumption for FinalFlow demonstration; not observed event operations.
rain,2026-07-19T15:45:00Z,45,first_half_end,midtown_penn_walk,midtown_access,penn_station_access,0,7.0,1.04,611,0.8,synthetic,scenario,Synthetic scenario assumption for FinalFlow demonstration; not observed event operations.
rain,2026-07-19T15:45:00Z,45,first_half_end,penn_concourse,penn_station_access,penn_station_access,0,9.0,1.04,786,0.8,synthetic,scenario,Synthetic scenario assumption for FinalFlow demonstration; not observed event operations.
rain,2026-07-19T15:45:00Z,45,first_half_end,secaucus_transfer,secaucus_transfer,secaucus_transfer,0,8.0,1.04,698,0.8,synthetic,scenario,Synthetic scenario assumption for FinalFlow demonstration; not observed event operations.
rain,2026-07-19T15:45:00Z,45,first_half_end,meadowlands_platform,meadowlands_access,meadowlands_access,0,6.0,1.04,524,0.8,synthetic,scenario,Synthetic scenario assumption for FinalFlow demonstration; not observed event operations.
rain,2026-07-19T15:45:00Z,45,first_half_end,meadowlands_stadium_walk,meadowlands_access,stadium_egress,0,8.0,1.04,698,0.8,synthetic,scenario,Synthetic scenario assumption for FinalFlow demonstration; not observed event operations.
rain,2026-07-19T15:45:00Z,45,first_half_end,stadium_egress_walk,stadium_egress,meadowlands_access,0,10.0,1.04,873,0.8,synthetic,scenario,Synthetic scenario assumption for FinalFlow demonstration; not observed event operations.
rain,2026-07-19T15:50:00Z,50,halftime,midtown_penn_walk,midtown_access,penn_station_access,0,7.0,1.04,611,0.8,synthetic,scenario,Synthetic scenario assumption for FinalFlow demonstration; not observed event operations.
rain,2026-07-19T15:50:00Z,50,halftime,penn_concourse,penn_station_access,penn_station_access,0,9.0,1.04,786,0.8,synthetic,scenario,Synthetic scenario assumption for FinalFlow demonstration; not observed event operations.
rain,2026-07-19T15:50:00Z,50,halftime,secaucus_transfer,secaucus_transfer,secaucus_transfer,0,8.0,1.04,698,0.8,synthetic,scenario,Synthetic scenario assumption for FinalFlow demonstration; not observed event operations.
rain,2026-07-19T15:50:00Z,50,halftime,meadowlands_platform,meadowlands_access,meadowlands_access,0,6.0,1.04,524,0.8,synthetic,scenario,Synthetic scenario assumption for FinalFlow demonstration; not observed event operations.
rain,2026-07-19T15:50:00Z,50,halftime,meadowlands_stadium_walk,meadowlands_access,stadium_egress,0,8.0,1.04,698,0.8,synthetic,scenario,Synthetic scenario assumption for FinalFlow demonstration; not observed event operations.
rain,2026-07-19T15:50:00Z,50,halftime,stadium_egress_walk,stadium_egress,meadowlands_access,0,10.0,1.04,873,0.8,synthetic,scenario,Synthetic scenario assumption for FinalFlow demonstration; not observed event operations.
rain,2026-07-19T15:55:00Z,55,halftime,midtown_penn_walk,midtown_access,penn_station_access,0,7.0,1.04,611,0.8,synthetic,scenario,Synthetic scenario assumption for FinalFlow demonstration; not observed event operations.
rain,2026-07-19T15:55:00Z,55,halftime,penn_concourse,penn_station_access,penn_station_access,0,9.0,1.04,786,0.8,synthetic,scenario,Synthetic scenario assumption for FinalFlow demonstration; not observed event operations.
rain,2026-07-19T15:55:00Z,55,halftime,secaucus_transfer,secaucus_transfer,secaucus_transfer,0,8.0,1.04,698,0.8,synthetic,scenario,Synthetic scenario assumption for FinalFlow demonstration; not observed event operations.
rain,2026-07-19T15:55:00Z,55,halftime,meadowlands_platform,meadowlands_access,meadowlands_access,0,6.0,1.04,524,0.8,synthetic,scenario,Synthetic scenario assumption for FinalFlow demonstration; not observed event operations.
rain,2026-07-19T15:55:00Z,55,halftime,meadowlands_stadium_walk,meadowlands_access,stadium_egress,0,8.0,1.04,698,0.8,synthetic,scenario,Synthetic scenario assumption for FinalFlow demonstration; not observed event operations.
rain,2026-07-19T15:55:00Z,55,halftime,stadium_egress_walk,stadium_egress,meadowlands_access,0,10.0,1.04,873,0.8,synthetic,scenario,Synthetic scenario assumption for FinalFlow demonstration; not observed event operations.
rain,2026-07-19T16:00:00Z,60,second_half,midtown_penn_walk,midtown_access,penn_station_access,0,7.0,1.04,611,0.8,synthetic,scenario,Synthetic scenario assumption for FinalFlow demonstration; not observed event operations.
rain,2026-07-19T16:00:00Z,60,second_half,penn_concourse,penn_station_access,penn_station_access,0,9.0,1.04,786,0.8,synthetic,scenario,Synthetic scenario assumption for FinalFlow demonstration; not observed event operations.
rain,2026-07-19T16:00:00Z,60,second_half,secaucus_transfer,secaucus_transfer,secaucus_transfer,0,8.0,1.04,698,0.8,synthetic,scenario,Synthetic scenario assumption for FinalFlow demonstration; not observed event operations.
rain,2026-07-19T16:00:00Z,60,second_half,meadowlands_platform,meadowlands_access,meadowlands_access,0,6.0,1.04,524,0.8,synthetic,scenario,Synthetic scenario assumption for FinalFlow demonstration; not observed event operations.
rain,2026-07-19T16:00:00Z,60,second_half,meadowlands_stadium_walk,meadowlands_access,stadium_egress,0,8.0,1.04,698,0.8,synthetic,scenario,Synthetic scenario assumption for FinalFlow demonstration; not observed event operations.
rain,2026-07-19T16:00:00Z,60,second_half,stadium_egress_walk,stadium_egress,meadowlands_access,0,10.0,1.04,873,0.8,synthetic,scenario,Synthetic scenario assumption for FinalFlow demonstration; not observed event operations.
rain,2026-07-19T16:05:00Z,65,second_half,midtown_penn_walk,midtown_access,penn_station_access,0,7.0,1.04,611,0.8,synthetic,scenario,Synthetic scenario assumption for FinalFlow demonstration; not observed event operations.
rain,2026-07-19T16:05:00Z,65,second_half,penn_concourse,penn_station_access,penn_station_access,0,9.0,1.04,786,0.8,synthetic,scenario,Synthetic scenario assumption for FinalFlow demonstration; not observed event operations.
rain,2026-07-19T16:05:00Z,65,second_half,secaucus_transfer,secaucus_transfer,secaucus_transfer,0,8.0,1.04,698,0.8,synthetic,scenario,Synthetic scenario assumption for FinalFlow demonstration; not observed event operations.
rain,2026-07-19T16:05:00Z,65,second_half,meadowlands_platform,meadowlands_access,meadowlands_access,0,6.0,1.04,524,0.8,synthetic,scenario,Synthetic scenario assumption for FinalFlow demonstration; not observed event operations.
rain,2026-07-19T16:05:00Z,65,second_half,meadowlands_stadium_walk,meadowlands_access,stadium_egress,0,8.0,1.04,698,0.8,synthetic,scenario,Synthetic scenario assumption for FinalFlow demonstration; not observed event operations.
rain,2026-07-19T16:05:00Z,65,second_half,stadium_egress_walk,stadium_egress,meadowlands_access,0,10.0,1.04,873,0.8,synthetic,scenario,Synthetic scenario assumption for FinalFlow demonstration; not observed event operations.
rain,2026-07-19T16:10:00Z,70,second_half,midtown_penn_walk,midtown_access,penn_station_access,0,7.0,1.04,611,0.8,synthetic,scenario,Synthetic scenario assumption for FinalFlow demonstration; not observed event operations.
rain,2026-07-19T16:10:00Z,70,second_half,penn_concourse,penn_station_access,penn_station_access,0,9.0,1.04,786,0.8,synthetic,scenario,Synthetic scenario assumption for FinalFlow demonstration; not observed event operations.
rain,2026-07-19T16:10:00Z,70,second_half,secaucus_transfer,secaucus_transfer,secaucus_transfer,0,8.0,1.04,698,0.8,synthetic,scenario,Synthetic scenario assumption for FinalFlow demonstration; not observed event operations.
rain,2026-07-19T16:10:00Z,70,second_half,meadowlands_platform,meadowlands_access,meadowlands_access,0,6.0,1.04,524,0.8,synthetic,scenario,Synthetic scenario assumption for FinalFlow demonstration; not observed event operations.
rain,2026-07-19T16:10:00Z,70,second_half,meadowlands_stadium_walk,meadowlands_access,stadium_egress,0,8.0,1.04,698,0.8,synthetic,scenario,Synthetic scenario assumption for FinalFlow demonstration; not observed event operations.
rain,2026-07-19T16:10:00Z,70,second_half,stadium_egress_walk,stadium_egress,meadowlands_access,0,10.0,1.04,873,0.8,synthetic,scenario,Synthetic scenario assumption for FinalFlow demonstration; not observed event operations.
rain,2026-07-19T16:15:00Z,75,second_half,midtown_penn_walk,midtown_access,penn_station_access,0,7.0,1.04,611,0.8,synthetic,scenario,Synthetic scenario assumption for FinalFlow demonstration; not observed event operations.
rain,2026-07-19T16:15:00Z,75,second_half,penn_concourse,penn_station_access,penn_station_access,0,9.0,1.04,786,0.8,synthetic,scenario,Synthetic scenario assumption for FinalFlow demonstration; not observed event operations.
rain,2026-07-19T16:15:00Z,75,second_half,secaucus_transfer,secaucus_transfer,secaucus_transfer,0,8.0,1.04,698,0.8,synthetic,scenario,Synthetic scenario assumption for FinalFlow demonstration; not observed event operations.
rain,2026-07-19T16:15:00Z,75,second_half,meadowlands_platform,meadowlands_access,meadowlands_access,0,6.0,1.04,524,0.8,synthetic,scenario,Synthetic scenario assumption for FinalFlow demonstration; not observed event operations.
rain,2026-07-19T16:15:00Z,75,second_half,meadowlands_stadium_walk,meadowlands_access,stadium_egress,0,8.0,1.04,698,0.8,synthetic,scenario,Synthetic scenario assumption for FinalFlow demonstration; not observed event operations.
rain,2026-07-19T16:15:00Z,75,second_half,stadium_egress_walk,stadium_egress,meadowlands_access,0,10.0,1.04,873,0.8,synthetic,scenario,Synthetic scenario assumption for FinalFlow demonstration; not observed event operations.
rain,2026-07-19T16:20:00Z,80,second_half,midtown_penn_walk,midtown_access,penn_station_access,0,7.0,1.04,611,0.8,synthetic,scenario,Synthetic scenario assumption for FinalFlow demonstration; not observed event operations.
rain,2026-07-19T16:20:00Z,80,second_half,penn_concourse,penn_station_access,penn_station_access,0,9.0,1.04,786,0.8,synthetic,scenario,Synthetic scenario assumption for FinalFlow demonstration; not observed event operations.
rain,2026-07-19T16:20:00Z,80,second_half,secaucus_transfer,secaucus_transfer,secaucus_transfer,0,8.0,1.04,698,0.8,synthetic,scenario,Synthetic scenario assumption for FinalFlow demonstration; not observed event operations.
rain,2026-07-19T16:20:00Z,80,second_half,meadowlands_platform,meadowlands_access,meadowlands_access,0,6.0,1.04,524,0.8,synthetic,scenario,Synthetic scenario assumption for FinalFlow demonstration; not observed event operations.
rain,2026-07-19T16:20:00Z,80,second_half,meadowlands_stadium_walk,meadowlands_access,stadium_egress,0,8.0,1.04,698,0.8,synthetic,scenario,Synthetic scenario assumption for FinalFlow demonstration; not observed event operations.
rain,2026-07-19T16:20:00Z,80,second_half,stadium_egress_walk,stadium_egress,meadowlands_access,0,10.0,1.04,873,0.8,synthetic,scenario,Synthetic scenario assumption for FinalFlow demonstration; not observed event operations.
rain,2026-07-19T16:25:00Z,85,second_half,midtown_penn_walk,midtown_access,penn_station_access,0,7.0,1.04,611,0.8,synthetic,scenario,Synthetic scenario assumption for FinalFlow demonstration; not observed event operations.
rain,2026-07-19T16:25:00Z,85,second_half,penn_concourse,penn_station_access,penn_station_access,0,9.0,1.04,786,0.8,synthetic,scenario,Synthetic scenario assumption for FinalFlow demonstration; not observed event operations.
rain,2026-07-19T16:25:00Z,85,second_half,secaucus_transfer,secaucus_transfer,secaucus_transfer,0,8.0,1.04,698,0.8,synthetic,scenario,Synthetic scenario assumption for FinalFlow demonstration; not observed event operations.
rain,2026-07-19T16:25:00Z,85,second_half,meadowlands_platform,meadowlands_access,meadowlands_access,0,6.0,1.04,524,0.8,synthetic,scenario,Synthetic scenario assumption for FinalFlow demonstration; not observed event operations.
rain,2026-07-19T16:25:00Z,85,second_half,meadowlands_stadium_walk,meadowlands_access,stadium_egress,0,8.0,1.04,698,0.8,synthetic,scenario,Synthetic scenario assumption for FinalFlow demonstration; not observed event operations.
rain,2026-07-19T16:25:00Z,85,second_half,stadium_egress_walk,stadium_egress,meadowlands_access,0,10.0,1.04,873,0.8,synthetic,scenario,Synthetic scenario assumption for FinalFlow demonstration; not observed event operations.
rain,2026-07-19T16:30:00Z,90,second_half,midtown_penn_walk,midtown_access,penn_station_access,0,7.0,1.04,611,0.8,synthetic,scenario,Synthetic scenario assumption for FinalFlow demonstration; not observed event operations.
rain,2026-07-19T16:30:00Z,90,second_half,penn_concourse,penn_station_access,penn_station_access,0,9.0,1.04,786,0.8,synthetic,scenario,Synthetic scenario assumption for FinalFlow demonstration; not observed event operations.
rain,2026-07-19T16:30:00Z,90,second_half,secaucus_transfer,secaucus_transfer,secaucus_transfer,0,8.0,1.04,698,0.8,synthetic,scenario,Synthetic scenario assumption for FinalFlow demonstration; not observed event operations.
rain,2026-07-19T16:30:00Z,90,second_half,meadowlands_platform,meadowlands_access,meadowlands_access,0,6.0,1.04,524,0.8,synthetic,scenario,Synthetic scenario assumption for FinalFlow demonstration; not observed event operations.
rain,2026-07-19T16:30:00Z,90,second_half,meadowlands_stadium_walk,meadowlands_access,stadium_egress,0,8.0,1.04,698,0.8,synthetic,scenario,Synthetic scenario assumption for FinalFlow demonstration; not observed event operations.
rain,2026-07-19T16:30:00Z,90,second_half,stadium_egress_walk,stadium_egress,meadowlands_access,0,10.0,1.04,873,0.8,synthetic,scenario,Synthetic scenario assumption for FinalFlow demonstration; not observed event operations.
rain,2026-07-19T16:35:00Z,95,second_half,midtown_penn_walk,midtown_access,penn_station_access,0,7.0,1.04,611,0.8,synthetic,scenario,Synthetic scenario assumption for FinalFlow demonstration; not observed event operations.
rain,2026-07-19T16:35:00Z,95,second_half,penn_concourse,penn_station_access,penn_station_access,0,9.0,1.04,786,0.8,synthetic,scenario,Synthetic scenario assumption for FinalFlow demonstration; not observed event operations.
rain,2026-07-19T16:35:00Z,95,second_half,secaucus_transfer,secaucus_transfer,secaucus_transfer,0,8.0,1.04,698,0.8,synthetic,scenario,Synthetic scenario assumption for FinalFlow demonstration; not observed event operations.
rain,2026-07-19T16:35:00Z,95,second_half,meadowlands_platform,meadowlands_access,meadowlands_access,0,6.0,1.04,524,0.8,synthetic,scenario,Synthetic scenario assumption for FinalFlow demonstration; not observed event operations.
rain,2026-07-19T16:35:00Z,95,second_half,meadowlands_stadium_walk,meadowlands_access,stadium_egress,0,8.0,1.04,698,0.8,synthetic,scenario,Synthetic scenario assumption for FinalFlow demonstration; not observed event operations.
rain,2026-07-19T16:35:00Z,95,second_half,stadium_egress_walk,stadium_egress,meadowlands_access,0,10.0,1.04,873,0.8,synthetic,scenario,Synthetic scenario assumption for FinalFlow demonstration; not observed event operations.
rain,2026-07-19T16:40:00Z,100,second_half,midtown_penn_walk,midtown_access,penn_station_access,0,7.0,1.04,611,0.8,synthetic,scenario,Synthetic scenario assumption for FinalFlow demonstration; not observed event operations.
rain,2026-07-19T16:40:00Z,100,second_half,penn_concourse,penn_station_access,penn_station_access,0,9.0,1.04,786,0.8,synthetic,scenario,Synthetic scenario assumption for FinalFlow demonstration; not observed event operations.
rain,2026-07-19T16:40:00Z,100,second_half,secaucus_transfer,secaucus_transfer,secaucus_transfer,0,8.0,1.04,698,0.8,synthetic,scenario,Synthetic scenario assumption for FinalFlow demonstration; not observed event operations.
rain,2026-07-19T16:40:00Z,100,second_half,meadowlands_platform,meadowlands_access,meadowlands_access,0,6.0,1.04,524,0.8,synthetic,scenario,Synthetic scenario assumption for FinalFlow demonstration; not observed event operations.
rain,2026-07-19T16:40:00Z,100,second_half,meadowlands_stadium_walk,meadowlands_access,stadium_egress,0,8.0,1.04,698,0.8,synthetic,scenario,Synthetic scenario assumption for FinalFlow demonstration; not observed event operations.
rain,2026-07-19T16:40:00Z,100,second_half,stadium_egress_walk,stadium_egress,meadowlands_access,0,10.0,1.04,873,0.8,synthetic,scenario,Synthetic scenario assumption for FinalFlow demonstration; not observed event operations.
rain,2026-07-19T16:45:00Z,105,regulation_end,midtown_penn_walk,midtown_access,penn_station_access,0,7.0,1.04,611,0.8,synthetic,scenario,Synthetic scenario assumption for FinalFlow demonstration; not observed event operations.
rain,2026-07-19T16:45:00Z,105,regulation_end,penn_concourse,penn_station_access,penn_station_access,0,9.0,1.04,786,0.8,synthetic,scenario,Synthetic scenario assumption for FinalFlow demonstration; not observed event operations.
rain,2026-07-19T16:45:00Z,105,regulation_end,secaucus_transfer,secaucus_transfer,secaucus_transfer,0,8.0,1.04,698,0.8,synthetic,scenario,Synthetic scenario assumption for FinalFlow demonstration; not observed event operations.
rain,2026-07-19T16:45:00Z,105,regulation_end,meadowlands_platform,meadowlands_access,meadowlands_access,0,6.0,1.04,524,0.8,synthetic,scenario,Synthetic scenario assumption for FinalFlow demonstration; not observed event operations.
rain,2026-07-19T16:45:00Z,105,regulation_end,meadowlands_stadium_walk,meadowlands_access,stadium_egress,0,8.0,1.04,698,0.8,synthetic,scenario,Synthetic scenario assumption for FinalFlow demonstration; not observed event operations.
rain,2026-07-19T16:45:00Z,105,regulation_end,stadium_egress_walk,stadium_egress,meadowlands_access,0,10.0,1.04,873,0.8,synthetic,scenario,Synthetic scenario assumption for FinalFlow demonstration; not observed event operations.
rain,2026-07-19T16:50:00Z,110,extra_time,midtown_penn_walk,midtown_access,penn_station_access,0,7.0,1.04,611,0.8,synthetic,scenario,Synthetic scenario assumption for FinalFlow demonstration; not observed event operations.
rain,2026-07-19T16:50:00Z,110,extra_time,penn_concourse,penn_station_access,penn_station_access,0,9.0,1.04,786,0.8,synthetic,scenario,Synthetic scenario assumption for FinalFlow demonstration; not observed event operations.
rain,2026-07-19T16:50:00Z,110,extra_time,secaucus_transfer,secaucus_transfer,secaucus_transfer,0,8.0,1.04,698,0.8,synthetic,scenario,Synthetic scenario assumption for FinalFlow demonstration; not observed event operations.
rain,2026-07-19T16:50:00Z,110,extra_time,meadowlands_platform,meadowlands_access,meadowlands_access,0,6.0,1.04,524,0.8,synthetic,scenario,Synthetic scenario assumption for FinalFlow demonstration; not observed event operations.
rain,2026-07-19T16:50:00Z,110,extra_time,meadowlands_stadium_walk,meadowlands_access,stadium_egress,0,8.0,1.04,698,0.8,synthetic,scenario,Synthetic scenario assumption for FinalFlow demonstration; not observed event operations.
rain,2026-07-19T16:50:00Z,110,extra_time,stadium_egress_walk,stadium_egress,meadowlands_access,0,10.0,1.04,873,0.8,synthetic,scenario,Synthetic scenario assumption for FinalFlow demonstration; not observed event operations.
rain,2026-07-19T16:55:00Z,115,extra_time,midtown_penn_walk,midtown_access,penn_station_access,0,7.0,1.04,611,0.8,synthetic,scenario,Synthetic scenario assumption for FinalFlow demonstration; not observed event operations.
rain,2026-07-19T16:55:00Z,115,extra_time,penn_concourse,penn_station_access,penn_station_access,0,9.0,1.04,786,0.8,synthetic,scenario,Synthetic scenario assumption for FinalFlow demonstration; not observed event operations.
rain,2026-07-19T16:55:00Z,115,extra_time,secaucus_transfer,secaucus_transfer,secaucus_transfer,0,8.0,1.04,698,0.8,synthetic,scenario,Synthetic scenario assumption for FinalFlow demonstration; not observed event operations.
rain,2026-07-19T16:55:00Z,115,extra_time,meadowlands_platform,meadowlands_access,meadowlands_access,0,6.0,1.04,524,0.8,synthetic,scenario,Synthetic scenario assumption for FinalFlow demonstration; not observed event operations.
rain,2026-07-19T16:55:00Z,115,extra_time,meadowlands_stadium_walk,meadowlands_access,stadium_egress,0,8.0,1.04,698,0.8,synthetic,scenario,Synthetic scenario assumption for FinalFlow demonstration; not observed event operations.
rain,2026-07-19T16:55:00Z,115,extra_time,stadium_egress_walk,stadium_egress,meadowlands_access,0,10.0,1.04,873,0.8,synthetic,scenario,Synthetic scenario assumption for FinalFlow demonstration; not observed event operations.
rain,2026-07-19T17:00:00Z,120,extra_time,midtown_penn_walk,midtown_access,penn_station_access,0,7.0,1.04,611,0.8,synthetic,scenario,Synthetic scenario assumption for FinalFlow demonstration; not observed event operations.
rain,2026-07-19T17:00:00Z,120,extra_time,penn_concourse,penn_station_access,penn_station_access,0,9.0,1.04,786,0.8,synthetic,scenario,Synthetic scenario assumption for FinalFlow demonstration; not observed event operations.
rain,2026-07-19T17:00:00Z,120,extra_time,secaucus_transfer,secaucus_transfer,secaucus_transfer,0,8.0,1.04,698,0.8,synthetic,scenario,Synthetic scenario assumption for FinalFlow demonstration; not observed event operations.
rain,2026-07-19T17:00:00Z,120,extra_time,meadowlands_platform,meadowlands_access,meadowlands_access,0,6.0,1.04,524,0.8,synthetic,scenario,Synthetic scenario assumption for FinalFlow demonstration; not observed event operations.
rain,2026-07-19T17:00:00Z,120,extra_time,meadowlands_stadium_walk,meadowlands_access,stadium_egress,0,8.0,1.04,698,0.8,synthetic,scenario,Synthetic scenario assumption for FinalFlow demonstration; not observed event operations.
rain,2026-07-19T17:00:00Z,120,extra_time,stadium_egress_walk,stadium_egress,meadowlands_access,0,10.0,1.04,873,0.8,synthetic,scenario,Synthetic scenario assumption for FinalFlow demonstration; not observed event operations.
rain,2026-07-19T17:05:00Z,125,extra_time,midtown_penn_walk,midtown_access,penn_station_access,0,7.0,1.04,611,0.8,synthetic,scenario,Synthetic scenario assumption for FinalFlow demonstration; not observed event operations.
rain,2026-07-19T17:05:00Z,125,extra_time,penn_concourse,penn_station_access,penn_station_access,0,9.0,1.04,786,0.8,synthetic,scenario,Synthetic scenario assumption for FinalFlow demonstration; not observed event operations.
rain,2026-07-19T17:05:00Z,125,extra_time,secaucus_transfer,secaucus_transfer,secaucus_transfer,0,8.0,1.04,698,0.8,synthetic,scenario,Synthetic scenario assumption for FinalFlow demonstration; not observed event operations.
rain,2026-07-19T17:05:00Z,125,extra_time,meadowlands_platform,meadowlands_access,meadowlands_access,0,6.0,1.04,524,0.8,synthetic,scenario,Synthetic scenario assumption for FinalFlow demonstration; not observed event operations.
rain,2026-07-19T17:05:00Z,125,extra_time,meadowlands_stadium_walk,meadowlands_access,stadium_egress,0,8.0,1.04,698,0.8,synthetic,scenario,Synthetic scenario assumption for FinalFlow demonstration; not observed event operations.
rain,2026-07-19T17:05:00Z,125,extra_time,stadium_egress_walk,stadium_egress,meadowlands_access,0,10.0,1.04,873,0.8,synthetic,scenario,Synthetic scenario assumption for FinalFlow demonstration; not observed event operations.
rain,2026-07-19T17:10:00Z,130,extra_time,midtown_penn_walk,midtown_access,penn_station_access,0,7.0,1.04,611,0.8,synthetic,scenario,Synthetic scenario assumption for FinalFlow demonstration; not observed event operations.
rain,2026-07-19T17:10:00Z,130,extra_time,penn_concourse,penn_station_access,penn_station_access,0,9.0,1.04,786,0.8,synthetic,scenario,Synthetic scenario assumption for FinalFlow demonstration; not observed event operations.
rain,2026-07-19T17:10:00Z,130,extra_time,secaucus_transfer,secaucus_transfer,secaucus_transfer,0,8.0,1.04,698,0.8,synthetic,scenario,Synthetic scenario assumption for FinalFlow demonstration; not observed event operations.
rain,2026-07-19T17:10:00Z,130,extra_time,meadowlands_platform,meadowlands_access,meadowlands_access,0,6.0,1.04,524,0.8,synthetic,scenario,Synthetic scenario assumption for FinalFlow demonstration; not observed event operations.
rain,2026-07-19T17:10:00Z,130,extra_time,meadowlands_stadium_walk,meadowlands_access,stadium_egress,0,8.0,1.04,698,0.8,synthetic,scenario,Synthetic scenario assumption for FinalFlow demonstration; not observed event operations.
rain,2026-07-19T17:10:00Z,130,extra_time,stadium_egress_walk,stadium_egress,meadowlands_access,0,10.0,1.04,873,0.8,synthetic,scenario,Synthetic scenario assumption for FinalFlow demonstration; not observed event operations.
rain,2026-07-19T17:15:00Z,135,final_whistle,midtown_penn_walk,midtown_access,penn_station_access,30,7.0,1.04,611,0.8,synthetic,scenario,Synthetic scenario assumption for FinalFlow demonstration; not observed event operations.
rain,2026-07-19T17:15:00Z,135,final_whistle,penn_concourse,penn_station_access,penn_station_access,30,9.0,1.04,786,0.8,synthetic,scenario,Synthetic scenario assumption for FinalFlow demonstration; not observed event operations.
rain,2026-07-19T17:15:00Z,135,final_whistle,secaucus_transfer,secaucus_transfer,secaucus_transfer,30,8.0,1.04,698,0.8,synthetic,scenario,Synthetic scenario assumption for FinalFlow demonstration; not observed event operations.
rain,2026-07-19T17:15:00Z,135,final_whistle,meadowlands_platform,meadowlands_access,meadowlands_access,30,6.0,1.04,524,0.8,synthetic,scenario,Synthetic scenario assumption for FinalFlow demonstration; not observed event operations.
rain,2026-07-19T17:15:00Z,135,final_whistle,meadowlands_stadium_walk,meadowlands_access,stadium_egress,30,8.0,1.04,698,0.8,synthetic,scenario,Synthetic scenario assumption for FinalFlow demonstration; not observed event operations.
rain,2026-07-19T17:15:00Z,135,final_whistle,stadium_egress_walk,stadium_egress,meadowlands_access,30,10.0,1.04,873,0.8,synthetic,scenario,Synthetic scenario assumption for FinalFlow demonstration; not observed event operations.
rain,2026-07-19T17:20:00Z,140,post_match,midtown_penn_walk,midtown_access,penn_station_access,28,7.0,1.04,611,0.8,synthetic,scenario,Synthetic scenario assumption for FinalFlow demonstration; not observed event operations.
rain,2026-07-19T17:20:00Z,140,post_match,penn_concourse,penn_station_access,penn_station_access,28,9.0,1.04,786,0.8,synthetic,scenario,Synthetic scenario assumption for FinalFlow demonstration; not observed event operations.
rain,2026-07-19T17:20:00Z,140,post_match,secaucus_transfer,secaucus_transfer,secaucus_transfer,28,8.0,1.04,698,0.8,synthetic,scenario,Synthetic scenario assumption for FinalFlow demonstration; not observed event operations.
rain,2026-07-19T17:20:00Z,140,post_match,meadowlands_platform,meadowlands_access,meadowlands_access,28,6.0,1.04,524,0.8,synthetic,scenario,Synthetic scenario assumption for FinalFlow demonstration; not observed event operations.
rain,2026-07-19T17:20:00Z,140,post_match,meadowlands_stadium_walk,meadowlands_access,stadium_egress,28,8.0,1.04,698,0.8,synthetic,scenario,Synthetic scenario assumption for FinalFlow demonstration; not observed event operations.
rain,2026-07-19T17:20:00Z,140,post_match,stadium_egress_walk,stadium_egress,meadowlands_access,28,10.0,1.04,873,0.8,synthetic,scenario,Synthetic scenario assumption for FinalFlow demonstration; not observed event operations.
rain,2026-07-19T17:25:00Z,145,post_match,midtown_penn_walk,midtown_access,penn_station_access,53,7.0,1.04,611,0.8,synthetic,scenario,Synthetic scenario assumption for FinalFlow demonstration; not observed event operations.
rain,2026-07-19T17:25:00Z,145,post_match,penn_concourse,penn_station_access,penn_station_access,53,9.0,1.04,786,0.8,synthetic,scenario,Synthetic scenario assumption for FinalFlow demonstration; not observed event operations.
rain,2026-07-19T17:25:00Z,145,post_match,secaucus_transfer,secaucus_transfer,secaucus_transfer,53,8.0,1.04,698,0.8,synthetic,scenario,Synthetic scenario assumption for FinalFlow demonstration; not observed event operations.
rain,2026-07-19T17:25:00Z,145,post_match,meadowlands_platform,meadowlands_access,meadowlands_access,53,6.0,1.04,524,0.8,synthetic,scenario,Synthetic scenario assumption for FinalFlow demonstration; not observed event operations.
rain,2026-07-19T17:25:00Z,145,post_match,meadowlands_stadium_walk,meadowlands_access,stadium_egress,53,8.0,1.04,698,0.8,synthetic,scenario,Synthetic scenario assumption for FinalFlow demonstration; not observed event operations.
rain,2026-07-19T17:25:00Z,145,post_match,stadium_egress_walk,stadium_egress,meadowlands_access,53,10.0,1.04,873,0.8,synthetic,scenario,Synthetic scenario assumption for FinalFlow demonstration; not observed event operations.
rain,2026-07-19T17:30:00Z,150,post_match,midtown_penn_walk,midtown_access,penn_station_access,49,7.0,1.04,611,0.8,synthetic,scenario,Synthetic scenario assumption for FinalFlow demonstration; not observed event operations.
rain,2026-07-19T17:30:00Z,150,post_match,penn_concourse,penn_station_access,penn_station_access,49,9.0,1.04,786,0.8,synthetic,scenario,Synthetic scenario assumption for FinalFlow demonstration; not observed event operations.
rain,2026-07-19T17:30:00Z,150,post_match,secaucus_transfer,secaucus_transfer,secaucus_transfer,49,8.0,1.04,698,0.8,synthetic,scenario,Synthetic scenario assumption for FinalFlow demonstration; not observed event operations.
rain,2026-07-19T17:30:00Z,150,post_match,meadowlands_platform,meadowlands_access,meadowlands_access,49,6.0,1.04,524,0.8,synthetic,scenario,Synthetic scenario assumption for FinalFlow demonstration; not observed event operations.
rain,2026-07-19T17:30:00Z,150,post_match,meadowlands_stadium_walk,meadowlands_access,stadium_egress,49,8.0,1.04,698,0.8,synthetic,scenario,Synthetic scenario assumption for FinalFlow demonstration; not observed event operations.
rain,2026-07-19T17:30:00Z,150,post_match,stadium_egress_walk,stadium_egress,meadowlands_access,49,10.0,1.04,873,0.8,synthetic,scenario,Synthetic scenario assumption for FinalFlow demonstration; not observed event operations.
rain,2026-07-19T17:35:00Z,155,post_match,midtown_penn_walk,midtown_access,penn_station_access,45,7.0,1.04,611,0.8,synthetic,scenario,Synthetic scenario assumption for FinalFlow demonstration; not observed event operations.
rain,2026-07-19T17:35:00Z,155,post_match,penn_concourse,penn_station_access,penn_station_access,45,9.0,1.04,786,0.8,synthetic,scenario,Synthetic scenario assumption for FinalFlow demonstration; not observed event operations.
rain,2026-07-19T17:35:00Z,155,post_match,secaucus_transfer,secaucus_transfer,secaucus_transfer,45,8.0,1.04,698,0.8,synthetic,scenario,Synthetic scenario assumption for FinalFlow demonstration; not observed event operations.
rain,2026-07-19T17:35:00Z,155,post_match,meadowlands_platform,meadowlands_access,meadowlands_access,45,6.0,1.04,524,0.8,synthetic,scenario,Synthetic scenario assumption for FinalFlow demonstration; not observed event operations.
rain,2026-07-19T17:35:00Z,155,post_match,meadowlands_stadium_walk,meadowlands_access,stadium_egress,45,8.0,1.04,698,0.8,synthetic,scenario,Synthetic scenario assumption for FinalFlow demonstration; not observed event operations.
rain,2026-07-19T17:35:00Z,155,post_match,stadium_egress_walk,stadium_egress,meadowlands_access,45,10.0,1.04,873,0.8,synthetic,scenario,Synthetic scenario assumption for FinalFlow demonstration; not observed event operations.
rain,2026-07-19T17:40:00Z,160,post_match,midtown_penn_walk,midtown_access,penn_station_access,41,7.0,1.04,611,0.8,synthetic,scenario,Synthetic scenario assumption for FinalFlow demonstration; not observed event operations.
rain,2026-07-19T17:40:00Z,160,post_match,penn_concourse,penn_station_access,penn_station_access,41,9.0,1.04,786,0.8,synthetic,scenario,Synthetic scenario assumption for FinalFlow demonstration; not observed event operations.
rain,2026-07-19T17:40:00Z,160,post_match,secaucus_transfer,secaucus_transfer,secaucus_transfer,41,8.0,1.04,698,0.8,synthetic,scenario,Synthetic scenario assumption for FinalFlow demonstration; not observed event operations.
rain,2026-07-19T17:40:00Z,160,post_match,meadowlands_platform,meadowlands_access,meadowlands_access,41,6.0,1.04,524,0.8,synthetic,scenario,Synthetic scenario assumption for FinalFlow demonstration; not observed event operations.
rain,2026-07-19T17:40:00Z,160,post_match,meadowlands_stadium_walk,meadowlands_access,stadium_egress,41,8.0,1.04,698,0.8,synthetic,scenario,Synthetic scenario assumption for FinalFlow demonstration; not observed event operations.
rain,2026-07-19T17:40:00Z,160,post_match,stadium_egress_walk,stadium_egress,meadowlands_access,41,10.0,1.04,873,0.8,synthetic,scenario,Synthetic scenario assumption for FinalFlow demonstration; not observed event operations.
rain,2026-07-19T17:45:00Z,165,post_match,midtown_penn_walk,midtown_access,penn_station_access,38,7.0,1.04,611,0.8,synthetic,scenario,Synthetic scenario assumption for FinalFlow demonstration; not observed event operations.
rain,2026-07-19T17:45:00Z,165,post_match,penn_concourse,penn_station_access,penn_station_access,38,9.0,1.04,786,0.8,synthetic,scenario,Synthetic scenario assumption for FinalFlow demonstration; not observed event operations.
rain,2026-07-19T17:45:00Z,165,post_match,secaucus_transfer,secaucus_transfer,secaucus_transfer,38,8.0,1.04,698,0.8,synthetic,scenario,Synthetic scenario assumption for FinalFlow demonstration; not observed event operations.
rain,2026-07-19T17:45:00Z,165,post_match,meadowlands_platform,meadowlands_access,meadowlands_access,38,6.0,1.04,524,0.8,synthetic,scenario,Synthetic scenario assumption for FinalFlow demonstration; not observed event operations.
rain,2026-07-19T17:45:00Z,165,post_match,meadowlands_stadium_walk,meadowlands_access,stadium_egress,38,8.0,1.04,698,0.8,synthetic,scenario,Synthetic scenario assumption for FinalFlow demonstration; not observed event operations.
rain,2026-07-19T17:45:00Z,165,post_match,stadium_egress_walk,stadium_egress,meadowlands_access,38,10.0,1.04,873,0.8,synthetic,scenario,Synthetic scenario assumption for FinalFlow demonstration; not observed event operations.
rain,2026-07-19T17:50:00Z,170,post_match,midtown_penn_walk,midtown_access,penn_station_access,34,7.0,1.04,611,0.8,synthetic,scenario,Synthetic scenario assumption for FinalFlow demonstration; not observed event operations.
rain,2026-07-19T17:50:00Z,170,post_match,penn_concourse,penn_station_access,penn_station_access,34,9.0,1.04,786,0.8,synthetic,scenario,Synthetic scenario assumption for FinalFlow demonstration; not observed event operations.
rain,2026-07-19T17:50:00Z,170,post_match,secaucus_transfer,secaucus_transfer,secaucus_transfer,34,8.0,1.04,698,0.8,synthetic,scenario,Synthetic scenario assumption for FinalFlow demonstration; not observed event operations.
rain,2026-07-19T17:50:00Z,170,post_match,meadowlands_platform,meadowlands_access,meadowlands_access,34,6.0,1.04,524,0.8,synthetic,scenario,Synthetic scenario assumption for FinalFlow demonstration; not observed event operations.
rain,2026-07-19T17:50:00Z,170,post_match,meadowlands_stadium_walk,meadowlands_access,stadium_egress,34,8.0,1.04,698,0.8,synthetic,scenario,Synthetic scenario assumption for FinalFlow demonstration; not observed event operations.
rain,2026-07-19T17:50:00Z,170,post_match,stadium_egress_walk,stadium_egress,meadowlands_access,34,10.0,1.04,873,0.8,synthetic,scenario,Synthetic scenario assumption for FinalFlow demonstration; not observed event operations.
rain,2026-07-19T17:55:00Z,175,post_match,midtown_penn_walk,midtown_access,penn_station_access,29,7.0,1.04,611,0.8,synthetic,scenario,Synthetic scenario assumption for FinalFlow demonstration; not observed event operations.
rain,2026-07-19T17:55:00Z,175,post_match,penn_concourse,penn_station_access,penn_station_access,29,9.0,1.04,786,0.8,synthetic,scenario,Synthetic scenario assumption for FinalFlow demonstration; not observed event operations.
rain,2026-07-19T17:55:00Z,175,post_match,secaucus_transfer,secaucus_transfer,secaucus_transfer,29,8.0,1.04,698,0.8,synthetic,scenario,Synthetic scenario assumption for FinalFlow demonstration; not observed event operations.
rain,2026-07-19T17:55:00Z,175,post_match,meadowlands_platform,meadowlands_access,meadowlands_access,29,6.0,1.04,524,0.8,synthetic,scenario,Synthetic scenario assumption for FinalFlow demonstration; not observed event operations.
rain,2026-07-19T17:55:00Z,175,post_match,meadowlands_stadium_walk,meadowlands_access,stadium_egress,29,8.0,1.04,698,0.8,synthetic,scenario,Synthetic scenario assumption for FinalFlow demonstration; not observed event operations.
rain,2026-07-19T17:55:00Z,175,post_match,stadium_egress_walk,stadium_egress,meadowlands_access,29,10.0,1.04,873,0.8,synthetic,scenario,Synthetic scenario assumption for FinalFlow demonstration; not observed event operations.
rain,2026-07-19T18:00:00Z,180,post_match,midtown_penn_walk,midtown_access,penn_station_access,26,7.0,1.04,611,0.8,synthetic,scenario,Synthetic scenario assumption for FinalFlow demonstration; not observed event operations.
rain,2026-07-19T18:00:00Z,180,post_match,penn_concourse,penn_station_access,penn_station_access,26,9.0,1.04,786,0.8,synthetic,scenario,Synthetic scenario assumption for FinalFlow demonstration; not observed event operations.
rain,2026-07-19T18:00:00Z,180,post_match,secaucus_transfer,secaucus_transfer,secaucus_transfer,26,8.0,1.04,698,0.8,synthetic,scenario,Synthetic scenario assumption for FinalFlow demonstration; not observed event operations.
rain,2026-07-19T18:00:00Z,180,post_match,meadowlands_platform,meadowlands_access,meadowlands_access,26,6.0,1.04,524,0.8,synthetic,scenario,Synthetic scenario assumption for FinalFlow demonstration; not observed event operations.
rain,2026-07-19T18:00:00Z,180,post_match,meadowlands_stadium_walk,meadowlands_access,stadium_egress,26,8.0,1.04,698,0.8,synthetic,scenario,Synthetic scenario assumption for FinalFlow demonstration; not observed event operations.
rain,2026-07-19T18:00:00Z,180,post_match,stadium_egress_walk,stadium_egress,meadowlands_access,26,10.0,1.04,873,0.8,synthetic,scenario,Synthetic scenario assumption for FinalFlow demonstration; not observed event operations.
rain,2026-07-19T18:05:00Z,185,post_match,midtown_penn_walk,midtown_access,penn_station_access,24,7.0,1.04,611,0.8,synthetic,scenario,Synthetic scenario assumption for FinalFlow demonstration; not observed event operations.
rain,2026-07-19T18:05:00Z,185,post_match,penn_concourse,penn_station_access,penn_station_access,24,9.0,1.04,786,0.8,synthetic,scenario,Synthetic scenario assumption for FinalFlow demonstration; not observed event operations.
rain,2026-07-19T18:05:00Z,185,post_match,secaucus_transfer,secaucus_transfer,secaucus_transfer,24,8.0,1.04,698,0.8,synthetic,scenario,Synthetic scenario assumption for FinalFlow demonstration; not observed event operations.
rain,2026-07-19T18:05:00Z,185,post_match,meadowlands_platform,meadowlands_access,meadowlands_access,24,6.0,1.04,524,0.8,synthetic,scenario,Synthetic scenario assumption for FinalFlow demonstration; not observed event operations.
rain,2026-07-19T18:05:00Z,185,post_match,meadowlands_stadium_walk,meadowlands_access,stadium_egress,24,8.0,1.04,698,0.8,synthetic,scenario,Synthetic scenario assumption for FinalFlow demonstration; not observed event operations.
rain,2026-07-19T18:05:00Z,185,post_match,stadium_egress_walk,stadium_egress,meadowlands_access,24,10.0,1.04,873,0.8,synthetic,scenario,Synthetic scenario assumption for FinalFlow demonstration; not observed event operations.
rain,2026-07-19T18:10:00Z,190,post_match,midtown_penn_walk,midtown_access,penn_station_access,18,7.0,1.04,611,0.8,synthetic,scenario,Synthetic scenario assumption for FinalFlow demonstration; not observed event operations.
rain,2026-07-19T18:10:00Z,190,post_match,penn_concourse,penn_station_access,penn_station_access,18,9.0,1.04,786,0.8,synthetic,scenario,Synthetic scenario assumption for FinalFlow demonstration; not observed event operations.
rain,2026-07-19T18:10:00Z,190,post_match,secaucus_transfer,secaucus_transfer,secaucus_transfer,18,8.0,1.04,698,0.8,synthetic,scenario,Synthetic scenario assumption for FinalFlow demonstration; not observed event operations.
rain,2026-07-19T18:10:00Z,190,post_match,meadowlands_platform,meadowlands_access,meadowlands_access,18,6.0,1.04,524,0.8,synthetic,scenario,Synthetic scenario assumption for FinalFlow demonstration; not observed event operations.
rain,2026-07-19T18:10:00Z,190,post_match,meadowlands_stadium_walk,meadowlands_access,stadium_egress,18,8.0,1.04,698,0.8,synthetic,scenario,Synthetic scenario assumption for FinalFlow demonstration; not observed event operations.
rain,2026-07-19T18:10:00Z,190,post_match,stadium_egress_walk,stadium_egress,meadowlands_access,18,10.0,1.04,873,0.8,synthetic,scenario,Synthetic scenario assumption for FinalFlow demonstration; not observed event operations.
rain,2026-07-19T18:15:00Z,195,post_match,midtown_penn_walk,midtown_access,penn_station_access,0,7.0,1.04,611,0.8,synthetic,scenario,Synthetic scenario assumption for FinalFlow demonstration; not observed event operations.
rain,2026-07-19T18:15:00Z,195,post_match,penn_concourse,penn_station_access,penn_station_access,0,9.0,1.04,786,0.8,synthetic,scenario,Synthetic scenario assumption for FinalFlow demonstration; not observed event operations.
rain,2026-07-19T18:15:00Z,195,post_match,secaucus_transfer,secaucus_transfer,secaucus_transfer,0,8.0,1.04,698,0.8,synthetic,scenario,Synthetic scenario assumption for FinalFlow demonstration; not observed event operations.
rain,2026-07-19T18:15:00Z,195,post_match,meadowlands_platform,meadowlands_access,meadowlands_access,0,6.0,1.04,524,0.8,synthetic,scenario,Synthetic scenario assumption for FinalFlow demonstration; not observed event operations.
rain,2026-07-19T18:15:00Z,195,post_match,meadowlands_stadium_walk,meadowlands_access,stadium_egress,0,8.0,1.04,698,0.8,synthetic,scenario,Synthetic scenario assumption for FinalFlow demonstration; not observed event operations.
rain,2026-07-19T18:15:00Z,195,post_match,stadium_egress_walk,stadium_egress,meadowlands_access,0,10.0,1.04,873,0.8,synthetic,scenario,Synthetic scenario assumption for FinalFlow demonstration; not observed event operations.
rain,2026-07-19T18:20:00Z,200,post_match,midtown_penn_walk,midtown_access,penn_station_access,0,7.0,1.04,611,0.8,synthetic,scenario,Synthetic scenario assumption for FinalFlow demonstration; not observed event operations.
rain,2026-07-19T18:20:00Z,200,post_match,penn_concourse,penn_station_access,penn_station_access,0,9.0,1.04,786,0.8,synthetic,scenario,Synthetic scenario assumption for FinalFlow demonstration; not observed event operations.
rain,2026-07-19T18:20:00Z,200,post_match,secaucus_transfer,secaucus_transfer,secaucus_transfer,0,8.0,1.04,698,0.8,synthetic,scenario,Synthetic scenario assumption for FinalFlow demonstration; not observed event operations.
rain,2026-07-19T18:20:00Z,200,post_match,meadowlands_platform,meadowlands_access,meadowlands_access,0,6.0,1.04,524,0.8,synthetic,scenario,Synthetic scenario assumption for FinalFlow demonstration; not observed event operations.
rain,2026-07-19T18:20:00Z,200,post_match,meadowlands_stadium_walk,meadowlands_access,stadium_egress,0,8.0,1.04,698,0.8,synthetic,scenario,Synthetic scenario assumption for FinalFlow demonstration; not observed event operations.
rain,2026-07-19T18:20:00Z,200,post_match,stadium_egress_walk,stadium_egress,meadowlands_access,0,10.0,1.04,873,0.8,synthetic,scenario,Synthetic scenario assumption for FinalFlow demonstration; not observed event operations.
rain,2026-07-19T18:25:00Z,205,post_match,midtown_penn_walk,midtown_access,penn_station_access,0,7.0,1.04,611,0.8,synthetic,scenario,Synthetic scenario assumption for FinalFlow demonstration; not observed event operations.
rain,2026-07-19T18:25:00Z,205,post_match,penn_concourse,penn_station_access,penn_station_access,0,9.0,1.04,786,0.8,synthetic,scenario,Synthetic scenario assumption for FinalFlow demonstration; not observed event operations.
rain,2026-07-19T18:25:00Z,205,post_match,secaucus_transfer,secaucus_transfer,secaucus_transfer,0,8.0,1.04,698,0.8,synthetic,scenario,Synthetic scenario assumption for FinalFlow demonstration; not observed event operations.
rain,2026-07-19T18:25:00Z,205,post_match,meadowlands_platform,meadowlands_access,meadowlands_access,0,6.0,1.04,524,0.8,synthetic,scenario,Synthetic scenario assumption for FinalFlow demonstration; not observed event operations.
rain,2026-07-19T18:25:00Z,205,post_match,meadowlands_stadium_walk,meadowlands_access,stadium_egress,0,8.0,1.04,698,0.8,synthetic,scenario,Synthetic scenario assumption for FinalFlow demonstration; not observed event operations.
rain,2026-07-19T18:25:00Z,205,post_match,stadium_egress_walk,stadium_egress,meadowlands_access,0,10.0,1.04,873,0.8,synthetic,scenario,Synthetic scenario assumption for FinalFlow demonstration; not observed event operations.
rain,2026-07-19T18:30:00Z,210,post_match,midtown_penn_walk,midtown_access,penn_station_access,0,7.0,1.04,611,0.8,synthetic,scenario,Synthetic scenario assumption for FinalFlow demonstration; not observed event operations.
rain,2026-07-19T18:30:00Z,210,post_match,penn_concourse,penn_station_access,penn_station_access,0,9.0,1.04,786,0.8,synthetic,scenario,Synthetic scenario assumption for FinalFlow demonstration; not observed event operations.
rain,2026-07-19T18:30:00Z,210,post_match,secaucus_transfer,secaucus_transfer,secaucus_transfer,0,8.0,1.04,698,0.8,synthetic,scenario,Synthetic scenario assumption for FinalFlow demonstration; not observed event operations.
rain,2026-07-19T18:30:00Z,210,post_match,meadowlands_platform,meadowlands_access,meadowlands_access,0,6.0,1.04,524,0.8,synthetic,scenario,Synthetic scenario assumption for FinalFlow demonstration; not observed event operations.
rain,2026-07-19T18:30:00Z,210,post_match,meadowlands_stadium_walk,meadowlands_access,stadium_egress,0,8.0,1.04,698,0.8,synthetic,scenario,Synthetic scenario assumption for FinalFlow demonstration; not observed event operations.
rain,2026-07-19T18:30:00Z,210,post_match,stadium_egress_walk,stadium_egress,meadowlands_access,0,10.0,1.04,873,0.8,synthetic,scenario,Synthetic scenario assumption for FinalFlow demonstration; not observed event operations.
rain,2026-07-19T18:35:00Z,215,post_match,midtown_penn_walk,midtown_access,penn_station_access,0,7.0,1.04,611,0.8,synthetic,scenario,Synthetic scenario assumption for FinalFlow demonstration; not observed event operations.
rain,2026-07-19T18:35:00Z,215,post_match,penn_concourse,penn_station_access,penn_station_access,0,9.0,1.04,786,0.8,synthetic,scenario,Synthetic scenario assumption for FinalFlow demonstration; not observed event operations.
rain,2026-07-19T18:35:00Z,215,post_match,secaucus_transfer,secaucus_transfer,secaucus_transfer,0,8.0,1.04,698,0.8,synthetic,scenario,Synthetic scenario assumption for FinalFlow demonstration; not observed event operations.
rain,2026-07-19T18:35:00Z,215,post_match,meadowlands_platform,meadowlands_access,meadowlands_access,0,6.0,1.04,524,0.8,synthetic,scenario,Synthetic scenario assumption for FinalFlow demonstration; not observed event operations.
rain,2026-07-19T18:35:00Z,215,post_match,meadowlands_stadium_walk,meadowlands_access,stadium_egress,0,8.0,1.04,698,0.8,synthetic,scenario,Synthetic scenario assumption for FinalFlow demonstration; not observed event operations.
rain,2026-07-19T18:35:00Z,215,post_match,stadium_egress_walk,stadium_egress,meadowlands_access,0,10.0,1.04,873,0.8,synthetic,scenario,Synthetic scenario assumption for FinalFlow demonstration; not observed event operations.
rain,2026-07-19T18:40:00Z,220,post_match,midtown_penn_walk,midtown_access,penn_station_access,0,7.0,1.04,611,0.8,synthetic,scenario,Synthetic scenario assumption for FinalFlow demonstration; not observed event operations.
rain,2026-07-19T18:40:00Z,220,post_match,penn_concourse,penn_station_access,penn_station_access,0,9.0,1.04,786,0.8,synthetic,scenario,Synthetic scenario assumption for FinalFlow demonstration; not observed event operations.
rain,2026-07-19T18:40:00Z,220,post_match,secaucus_transfer,secaucus_transfer,secaucus_transfer,0,8.0,1.04,698,0.8,synthetic,scenario,Synthetic scenario assumption for FinalFlow demonstration; not observed event operations.
rain,2026-07-19T18:40:00Z,220,post_match,meadowlands_platform,meadowlands_access,meadowlands_access,0,6.0,1.04,524,0.8,synthetic,scenario,Synthetic scenario assumption for FinalFlow demonstration; not observed event operations.
rain,2026-07-19T18:40:00Z,220,post_match,meadowlands_stadium_walk,meadowlands_access,stadium_egress,0,8.0,1.04,698,0.8,synthetic,scenario,Synthetic scenario assumption for FinalFlow demonstration; not observed event operations.
rain,2026-07-19T18:40:00Z,220,post_match,stadium_egress_walk,stadium_egress,meadowlands_access,0,10.0,1.04,873,0.8,synthetic,scenario,Synthetic scenario assumption for FinalFlow demonstration; not observed event operations.
rain,2026-07-19T18:45:00Z,225,post_match,midtown_penn_walk,midtown_access,penn_station_access,0,7.0,1.04,611,0.8,synthetic,scenario,Synthetic scenario assumption for FinalFlow demonstration; not observed event operations.
rain,2026-07-19T18:45:00Z,225,post_match,penn_concourse,penn_station_access,penn_station_access,0,9.0,1.04,786,0.8,synthetic,scenario,Synthetic scenario assumption for FinalFlow demonstration; not observed event operations.
rain,2026-07-19T18:45:00Z,225,post_match,secaucus_transfer,secaucus_transfer,secaucus_transfer,0,8.0,1.04,698,0.8,synthetic,scenario,Synthetic scenario assumption for FinalFlow demonstration; not observed event operations.
rain,2026-07-19T18:45:00Z,225,post_match,meadowlands_platform,meadowlands_access,meadowlands_access,0,6.0,1.04,524,0.8,synthetic,scenario,Synthetic scenario assumption for FinalFlow demonstration; not observed event operations.
rain,2026-07-19T18:45:00Z,225,post_match,meadowlands_stadium_walk,meadowlands_access,stadium_egress,0,8.0,1.04,698,0.8,synthetic,scenario,Synthetic scenario assumption for FinalFlow demonstration; not observed event operations.
rain,2026-07-19T18:45:00Z,225,post_match,stadium_egress_walk,stadium_egress,meadowlands_access,0,10.0,1.04,873,0.8,synthetic,scenario,Synthetic scenario assumption for FinalFlow demonstration; not observed event operations.
rain,2026-07-19T18:50:00Z,230,post_match,midtown_penn_walk,midtown_access,penn_station_access,0,7.0,1.04,611,0.8,synthetic,scenario,Synthetic scenario assumption for FinalFlow demonstration; not observed event operations.
rain,2026-07-19T18:50:00Z,230,post_match,penn_concourse,penn_station_access,penn_station_access,0,9.0,1.04,786,0.8,synthetic,scenario,Synthetic scenario assumption for FinalFlow demonstration; not observed event operations.
rain,2026-07-19T18:50:00Z,230,post_match,secaucus_transfer,secaucus_transfer,secaucus_transfer,0,8.0,1.04,698,0.8,synthetic,scenario,Synthetic scenario assumption for FinalFlow demonstration; not observed event operations.
rain,2026-07-19T18:50:00Z,230,post_match,meadowlands_platform,meadowlands_access,meadowlands_access,0,6.0,1.04,524,0.8,synthetic,scenario,Synthetic scenario assumption for FinalFlow demonstration; not observed event operations.
rain,2026-07-19T18:50:00Z,230,post_match,meadowlands_stadium_walk,meadowlands_access,stadium_egress,0,8.0,1.04,698,0.8,synthetic,scenario,Synthetic scenario assumption for FinalFlow demonstration; not observed event operations.
rain,2026-07-19T18:50:00Z,230,post_match,stadium_egress_walk,stadium_egress,meadowlands_access,0,10.0,1.04,873,0.8,synthetic,scenario,Synthetic scenario assumption for FinalFlow demonstration; not observed event operations.
rain,2026-07-19T18:55:00Z,235,post_match,midtown_penn_walk,midtown_access,penn_station_access,0,7.0,1.04,611,0.8,synthetic,scenario,Synthetic scenario assumption for FinalFlow demonstration; not observed event operations.
rain,2026-07-19T18:55:00Z,235,post_match,penn_concourse,penn_station_access,penn_station_access,0,9.0,1.04,786,0.8,synthetic,scenario,Synthetic scenario assumption for FinalFlow demonstration; not observed event operations.
rain,2026-07-19T18:55:00Z,235,post_match,secaucus_transfer,secaucus_transfer,secaucus_transfer,0,8.0,1.04,698,0.8,synthetic,scenario,Synthetic scenario assumption for FinalFlow demonstration; not observed event operations.
rain,2026-07-19T18:55:00Z,235,post_match,meadowlands_platform,meadowlands_access,meadowlands_access,0,6.0,1.04,524,0.8,synthetic,scenario,Synthetic scenario assumption for FinalFlow demonstration; not observed event operations.
rain,2026-07-19T18:55:00Z,235,post_match,meadowlands_stadium_walk,meadowlands_access,stadium_egress,0,8.0,1.04,698,0.8,synthetic,scenario,Synthetic scenario assumption for FinalFlow demonstration; not observed event operations.
rain,2026-07-19T18:55:00Z,235,post_match,stadium_egress_walk,stadium_egress,meadowlands_access,0,10.0,1.04,873,0.8,synthetic,scenario,Synthetic scenario assumption for FinalFlow demonstration; not observed event operations.
rain,2026-07-19T19:00:00Z,240,post_match,midtown_penn_walk,midtown_access,penn_station_access,0,7.0,1.04,611,0.8,synthetic,scenario,Synthetic scenario assumption for FinalFlow demonstration; not observed event operations.
rain,2026-07-19T19:00:00Z,240,post_match,penn_concourse,penn_station_access,penn_station_access,0,9.0,1.04,786,0.8,synthetic,scenario,Synthetic scenario assumption for FinalFlow demonstration; not observed event operations.
rain,2026-07-19T19:00:00Z,240,post_match,secaucus_transfer,secaucus_transfer,secaucus_transfer,0,8.0,1.04,698,0.8,synthetic,scenario,Synthetic scenario assumption for FinalFlow demonstration; not observed event operations.
rain,2026-07-19T19:00:00Z,240,post_match,meadowlands_platform,meadowlands_access,meadowlands_access,0,6.0,1.04,524,0.8,synthetic,scenario,Synthetic scenario assumption for FinalFlow demonstration; not observed event operations.
rain,2026-07-19T19:00:00Z,240,post_match,meadowlands_stadium_walk,meadowlands_access,stadium_egress,0,8.0,1.04,698,0.8,synthetic,scenario,Synthetic scenario assumption for FinalFlow demonstration; not observed event operations.
rain,2026-07-19T19:00:00Z,240,post_match,stadium_egress_walk,stadium_egress,meadowlands_access,0,10.0,1.04,873,0.8,synthetic,scenario,Synthetic scenario assumption for FinalFlow demonstration; not observed event operations.
rain,2026-07-19T19:05:00Z,245,post_match,midtown_penn_walk,midtown_access,penn_station_access,0,7.0,1.04,611,0.8,synthetic,scenario,Synthetic scenario assumption for FinalFlow demonstration; not observed event operations.
rain,2026-07-19T19:05:00Z,245,post_match,penn_concourse,penn_station_access,penn_station_access,0,9.0,1.04,786,0.8,synthetic,scenario,Synthetic scenario assumption for FinalFlow demonstration; not observed event operations.
rain,2026-07-19T19:05:00Z,245,post_match,secaucus_transfer,secaucus_transfer,secaucus_transfer,0,8.0,1.04,698,0.8,synthetic,scenario,Synthetic scenario assumption for FinalFlow demonstration; not observed event operations.
rain,2026-07-19T19:05:00Z,245,post_match,meadowlands_platform,meadowlands_access,meadowlands_access,0,6.0,1.04,524,0.8,synthetic,scenario,Synthetic scenario assumption for FinalFlow demonstration; not observed event operations.
rain,2026-07-19T19:05:00Z,245,post_match,meadowlands_stadium_walk,meadowlands_access,stadium_egress,0,8.0,1.04,698,0.8,synthetic,scenario,Synthetic scenario assumption for FinalFlow demonstration; not observed event operations.
rain,2026-07-19T19:05:00Z,245,post_match,stadium_egress_walk,stadium_egress,meadowlands_access,0,10.0,1.04,873,0.8,synthetic,scenario,Synthetic scenario assumption for FinalFlow demonstration; not observed event operations.
rain,2026-07-19T19:10:00Z,250,post_match,midtown_penn_walk,midtown_access,penn_station_access,0,7.0,1.04,611,0.8,synthetic,scenario,Synthetic scenario assumption for FinalFlow demonstration; not observed event operations.
rain,2026-07-19T19:10:00Z,250,post_match,penn_concourse,penn_station_access,penn_station_access,0,9.0,1.04,786,0.8,synthetic,scenario,Synthetic scenario assumption for FinalFlow demonstration; not observed event operations.
rain,2026-07-19T19:10:00Z,250,post_match,secaucus_transfer,secaucus_transfer,secaucus_transfer,0,8.0,1.04,698,0.8,synthetic,scenario,Synthetic scenario assumption for FinalFlow demonstration; not observed event operations.
rain,2026-07-19T19:10:00Z,250,post_match,meadowlands_platform,meadowlands_access,meadowlands_access,0,6.0,1.04,524,0.8,synthetic,scenario,Synthetic scenario assumption for FinalFlow demonstration; not observed event operations.
rain,2026-07-19T19:10:00Z,250,post_match,meadowlands_stadium_walk,meadowlands_access,stadium_egress,0,8.0,1.04,698,0.8,synthetic,scenario,Synthetic scenario assumption for FinalFlow demonstration; not observed event operations.
rain,2026-07-19T19:10:00Z,250,post_match,stadium_egress_walk,stadium_egress,meadowlands_access,0,10.0,1.04,873,0.8,synthetic,scenario,Synthetic scenario assumption for FinalFlow demonstration; not observed event operations.
rain,2026-07-19T19:15:00Z,255,post_match,midtown_penn_walk,midtown_access,penn_station_access,0,7.0,1.04,611,0.8,synthetic,scenario,Synthetic scenario assumption for FinalFlow demonstration; not observed event operations.
rain,2026-07-19T19:15:00Z,255,post_match,penn_concourse,penn_station_access,penn_station_access,0,9.0,1.04,786,0.8,synthetic,scenario,Synthetic scenario assumption for FinalFlow demonstration; not observed event operations.
rain,2026-07-19T19:15:00Z,255,post_match,secaucus_transfer,secaucus_transfer,secaucus_transfer,0,8.0,1.04,698,0.8,synthetic,scenario,Synthetic scenario assumption for FinalFlow demonstration; not observed event operations.
rain,2026-07-19T19:15:00Z,255,post_match,meadowlands_platform,meadowlands_access,meadowlands_access,0,6.0,1.04,524,0.8,synthetic,scenario,Synthetic scenario assumption for FinalFlow demonstration; not observed event operations.
rain,2026-07-19T19:15:00Z,255,post_match,meadowlands_stadium_walk,meadowlands_access,stadium_egress,0,8.0,1.04,698,0.8,synthetic,scenario,Synthetic scenario assumption for FinalFlow demonstration; not observed event operations.
rain,2026-07-19T19:15:00Z,255,post_match,stadium_egress_walk,stadium_egress,meadowlands_access,0,10.0,1.04,873,0.8,synthetic,scenario,Synthetic scenario assumption for FinalFlow demonstration; not observed event operations.
rain,2026-07-19T19:20:00Z,260,post_match,midtown_penn_walk,midtown_access,penn_station_access,0,7.0,1.04,611,0.8,synthetic,scenario,Synthetic scenario assumption for FinalFlow demonstration; not observed event operations.
rain,2026-07-19T19:20:00Z,260,post_match,penn_concourse,penn_station_access,penn_station_access,0,9.0,1.04,786,0.8,synthetic,scenario,Synthetic scenario assumption for FinalFlow demonstration; not observed event operations.
rain,2026-07-19T19:20:00Z,260,post_match,secaucus_transfer,secaucus_transfer,secaucus_transfer,0,8.0,1.04,698,0.8,synthetic,scenario,Synthetic scenario assumption for FinalFlow demonstration; not observed event operations.
rain,2026-07-19T19:20:00Z,260,post_match,meadowlands_platform,meadowlands_access,meadowlands_access,0,6.0,1.04,524,0.8,synthetic,scenario,Synthetic scenario assumption for FinalFlow demonstration; not observed event operations.
rain,2026-07-19T19:20:00Z,260,post_match,meadowlands_stadium_walk,meadowlands_access,stadium_egress,0,8.0,1.04,698,0.8,synthetic,scenario,Synthetic scenario assumption for FinalFlow demonstration; not observed event operations.
rain,2026-07-19T19:20:00Z,260,post_match,stadium_egress_walk,stadium_egress,meadowlands_access,0,10.0,1.04,873,0.8,synthetic,scenario,Synthetic scenario assumption for FinalFlow demonstration; not observed event operations.
rain,2026-07-19T19:25:00Z,265,post_match,midtown_penn_walk,midtown_access,penn_station_access,0,7.0,1.04,611,0.8,synthetic,scenario,Synthetic scenario assumption for FinalFlow demonstration; not observed event operations.
rain,2026-07-19T19:25:00Z,265,post_match,penn_concourse,penn_station_access,penn_station_access,0,9.0,1.04,786,0.8,synthetic,scenario,Synthetic scenario assumption for FinalFlow demonstration; not observed event operations.
rain,2026-07-19T19:25:00Z,265,post_match,secaucus_transfer,secaucus_transfer,secaucus_transfer,0,8.0,1.04,698,0.8,synthetic,scenario,Synthetic scenario assumption for FinalFlow demonstration; not observed event operations.
rain,2026-07-19T19:25:00Z,265,post_match,meadowlands_platform,meadowlands_access,meadowlands_access,0,6.0,1.04,524,0.8,synthetic,scenario,Synthetic scenario assumption for FinalFlow demonstration; not observed event operations.
rain,2026-07-19T19:25:00Z,265,post_match,meadowlands_stadium_walk,meadowlands_access,stadium_egress,0,8.0,1.04,698,0.8,synthetic,scenario,Synthetic scenario assumption for FinalFlow demonstration; not observed event operations.
rain,2026-07-19T19:25:00Z,265,post_match,stadium_egress_walk,stadium_egress,meadowlands_access,0,10.0,1.04,873,0.8,synthetic,scenario,Synthetic scenario assumption for FinalFlow demonstration; not observed event operations.
rain,2026-07-19T19:30:00Z,270,post_match,midtown_penn_walk,midtown_access,penn_station_access,0,7.0,1.04,611,0.8,synthetic,scenario,Synthetic scenario assumption for FinalFlow demonstration; not observed event operations.
rain,2026-07-19T19:30:00Z,270,post_match,penn_concourse,penn_station_access,penn_station_access,0,9.0,1.04,786,0.8,synthetic,scenario,Synthetic scenario assumption for FinalFlow demonstration; not observed event operations.
rain,2026-07-19T19:30:00Z,270,post_match,secaucus_transfer,secaucus_transfer,secaucus_transfer,0,8.0,1.04,698,0.8,synthetic,scenario,Synthetic scenario assumption for FinalFlow demonstration; not observed event operations.
rain,2026-07-19T19:30:00Z,270,post_match,meadowlands_platform,meadowlands_access,meadowlands_access,0,6.0,1.04,524,0.8,synthetic,scenario,Synthetic scenario assumption for FinalFlow demonstration; not observed event operations.
rain,2026-07-19T19:30:00Z,270,post_match,meadowlands_stadium_walk,meadowlands_access,stadium_egress,0,8.0,1.04,698,0.8,synthetic,scenario,Synthetic scenario assumption for FinalFlow demonstration; not observed event operations.
rain,2026-07-19T19:30:00Z,270,post_match,stadium_egress_walk,stadium_egress,meadowlands_access,0,10.0,1.04,873,0.8,synthetic,scenario,Synthetic scenario assumption for FinalFlow demonstration; not observed event operations.
rain,2026-07-19T19:35:00Z,275,post_match,midtown_penn_walk,midtown_access,penn_station_access,0,7.0,1.04,611,0.8,synthetic,scenario,Synthetic scenario assumption for FinalFlow demonstration; not observed event operations.
rain,2026-07-19T19:35:00Z,275,post_match,penn_concourse,penn_station_access,penn_station_access,0,9.0,1.04,786,0.8,synthetic,scenario,Synthetic scenario assumption for FinalFlow demonstration; not observed event operations.
rain,2026-07-19T19:35:00Z,275,post_match,secaucus_transfer,secaucus_transfer,secaucus_transfer,0,8.0,1.04,698,0.8,synthetic,scenario,Synthetic scenario assumption for FinalFlow demonstration; not observed event operations.
rain,2026-07-19T19:35:00Z,275,post_match,meadowlands_platform,meadowlands_access,meadowlands_access,0,6.0,1.04,524,0.8,synthetic,scenario,Synthetic scenario assumption for FinalFlow demonstration; not observed event operations.
rain,2026-07-19T19:35:00Z,275,post_match,meadowlands_stadium_walk,meadowlands_access,stadium_egress,0,8.0,1.04,698,0.8,synthetic,scenario,Synthetic scenario assumption for FinalFlow demonstration; not observed event operations.
rain,2026-07-19T19:35:00Z,275,post_match,stadium_egress_walk,stadium_egress,meadowlands_access,0,10.0,1.04,873,0.8,synthetic,scenario,Synthetic scenario assumption for FinalFlow demonstration; not observed event operations.
rain,2026-07-19T19:40:00Z,280,post_match,midtown_penn_walk,midtown_access,penn_station_access,0,7.0,1.04,611,0.8,synthetic,scenario,Synthetic scenario assumption for FinalFlow demonstration; not observed event operations.
rain,2026-07-19T19:40:00Z,280,post_match,penn_concourse,penn_station_access,penn_station_access,0,9.0,1.04,786,0.8,synthetic,scenario,Synthetic scenario assumption for FinalFlow demonstration; not observed event operations.
rain,2026-07-19T19:40:00Z,280,post_match,secaucus_transfer,secaucus_transfer,secaucus_transfer,0,8.0,1.04,698,0.8,synthetic,scenario,Synthetic scenario assumption for FinalFlow demonstration; not observed event operations.
rain,2026-07-19T19:40:00Z,280,post_match,meadowlands_platform,meadowlands_access,meadowlands_access,0,6.0,1.04,524,0.8,synthetic,scenario,Synthetic scenario assumption for FinalFlow demonstration; not observed event operations.
rain,2026-07-19T19:40:00Z,280,post_match,meadowlands_stadium_walk,meadowlands_access,stadium_egress,0,8.0,1.04,698,0.8,synthetic,scenario,Synthetic scenario assumption for FinalFlow demonstration; not observed event operations.
rain,2026-07-19T19:40:00Z,280,post_match,stadium_egress_walk,stadium_egress,meadowlands_access,0,10.0,1.04,873,0.8,synthetic,scenario,Synthetic scenario assumption for FinalFlow demonstration; not observed event operations.
rain,2026-07-19T19:45:00Z,285,post_match,midtown_penn_walk,midtown_access,penn_station_access,0,7.0,1.04,611,0.8,synthetic,scenario,Synthetic scenario assumption for FinalFlow demonstration; not observed event operations.
rain,2026-07-19T19:45:00Z,285,post_match,penn_concourse,penn_station_access,penn_station_access,0,9.0,1.04,786,0.8,synthetic,scenario,Synthetic scenario assumption for FinalFlow demonstration; not observed event operations.
rain,2026-07-19T19:45:00Z,285,post_match,secaucus_transfer,secaucus_transfer,secaucus_transfer,0,8.0,1.04,698,0.8,synthetic,scenario,Synthetic scenario assumption for FinalFlow demonstration; not observed event operations.
rain,2026-07-19T19:45:00Z,285,post_match,meadowlands_platform,meadowlands_access,meadowlands_access,0,6.0,1.04,524,0.8,synthetic,scenario,Synthetic scenario assumption for FinalFlow demonstration; not observed event operations.
rain,2026-07-19T19:45:00Z,285,post_match,meadowlands_stadium_walk,meadowlands_access,stadium_egress,0,8.0,1.04,698,0.8,synthetic,scenario,Synthetic scenario assumption for FinalFlow demonstration; not observed event operations.
rain,2026-07-19T19:45:00Z,285,post_match,stadium_egress_walk,stadium_egress,meadowlands_access,0,10.0,1.04,873,0.8,synthetic,scenario,Synthetic scenario assumption for FinalFlow demonstration; not observed event operations.
rain,2026-07-19T19:50:00Z,290,post_match,midtown_penn_walk,midtown_access,penn_station_access,0,7.0,1.04,611,0.8,synthetic,scenario,Synthetic scenario assumption for FinalFlow demonstration; not observed event operations.
rain,2026-07-19T19:50:00Z,290,post_match,penn_concourse,penn_station_access,penn_station_access,0,9.0,1.04,786,0.8,synthetic,scenario,Synthetic scenario assumption for FinalFlow demonstration; not observed event operations.
rain,2026-07-19T19:50:00Z,290,post_match,secaucus_transfer,secaucus_transfer,secaucus_transfer,0,8.0,1.04,698,0.8,synthetic,scenario,Synthetic scenario assumption for FinalFlow demonstration; not observed event operations.
rain,2026-07-19T19:50:00Z,290,post_match,meadowlands_platform,meadowlands_access,meadowlands_access,0,6.0,1.04,524,0.8,synthetic,scenario,Synthetic scenario assumption for FinalFlow demonstration; not observed event operations.
rain,2026-07-19T19:50:00Z,290,post_match,meadowlands_stadium_walk,meadowlands_access,stadium_egress,0,8.0,1.04,698,0.8,synthetic,scenario,Synthetic scenario assumption for FinalFlow demonstration; not observed event operations.
rain,2026-07-19T19:50:00Z,290,post_match,stadium_egress_walk,stadium_egress,meadowlands_access,0,10.0,1.04,873,0.8,synthetic,scenario,Synthetic scenario assumption for FinalFlow demonstration; not observed event operations.
rain,2026-07-19T19:55:00Z,295,post_match,midtown_penn_walk,midtown_access,penn_station_access,0,7.0,1.04,611,0.8,synthetic,scenario,Synthetic scenario assumption for FinalFlow demonstration; not observed event operations.
rain,2026-07-19T19:55:00Z,295,post_match,penn_concourse,penn_station_access,penn_station_access,0,9.0,1.04,786,0.8,synthetic,scenario,Synthetic scenario assumption for FinalFlow demonstration; not observed event operations.
rain,2026-07-19T19:55:00Z,295,post_match,secaucus_transfer,secaucus_transfer,secaucus_transfer,0,8.0,1.04,698,0.8,synthetic,scenario,Synthetic scenario assumption for FinalFlow demonstration; not observed event operations.
rain,2026-07-19T19:55:00Z,295,post_match,meadowlands_platform,meadowlands_access,meadowlands_access,0,6.0,1.04,524,0.8,synthetic,scenario,Synthetic scenario assumption for FinalFlow demonstration; not observed event operations.
rain,2026-07-19T19:55:00Z,295,post_match,meadowlands_stadium_walk,meadowlands_access,stadium_egress,0,8.0,1.04,698,0.8,synthetic,scenario,Synthetic scenario assumption for FinalFlow demonstration; not observed event operations.
rain,2026-07-19T19:55:00Z,295,post_match,stadium_egress_walk,stadium_egress,meadowlands_access,0,10.0,1.04,873,0.8,synthetic,scenario,Synthetic scenario assumption for FinalFlow demonstration; not observed event operations.
rain,2026-07-19T20:00:00Z,300,post_match,midtown_penn_walk,midtown_access,penn_station_access,0,7.0,1.04,611,0.8,synthetic,scenario,Synthetic scenario assumption for FinalFlow demonstration; not observed event operations.
rain,2026-07-19T20:00:00Z,300,post_match,penn_concourse,penn_station_access,penn_station_access,0,9.0,1.04,786,0.8,synthetic,scenario,Synthetic scenario assumption for FinalFlow demonstration; not observed event operations.
rain,2026-07-19T20:00:00Z,300,post_match,secaucus_transfer,secaucus_transfer,secaucus_transfer,0,8.0,1.04,698,0.8,synthetic,scenario,Synthetic scenario assumption for FinalFlow demonstration; not observed event operations.
rain,2026-07-19T20:00:00Z,300,post_match,meadowlands_platform,meadowlands_access,meadowlands_access,0,6.0,1.04,524,0.8,synthetic,scenario,Synthetic scenario assumption for FinalFlow demonstration; not observed event operations.
rain,2026-07-19T20:00:00Z,300,post_match,meadowlands_stadium_walk,meadowlands_access,stadium_egress,0,8.0,1.04,698,0.8,synthetic,scenario,Synthetic scenario assumption for FinalFlow demonstration; not observed event operations.
rain,2026-07-19T20:00:00Z,300,post_match,stadium_egress_walk,stadium_egress,meadowlands_access,0,10.0,1.04,873,0.8,synthetic,scenario,Synthetic scenario assumption for FinalFlow demonstration; not observed event operations.
rain,2026-07-19T20:05:00Z,305,post_match,midtown_penn_walk,midtown_access,penn_station_access,0,7.0,1.04,611,0.8,synthetic,scenario,Synthetic scenario assumption for FinalFlow demonstration; not observed event operations.
rain,2026-07-19T20:05:00Z,305,post_match,penn_concourse,penn_station_access,penn_station_access,0,9.0,1.04,786,0.8,synthetic,scenario,Synthetic scenario assumption for FinalFlow demonstration; not observed event operations.
rain,2026-07-19T20:05:00Z,305,post_match,secaucus_transfer,secaucus_transfer,secaucus_transfer,0,8.0,1.04,698,0.8,synthetic,scenario,Synthetic scenario assumption for FinalFlow demonstration; not observed event operations.
rain,2026-07-19T20:05:00Z,305,post_match,meadowlands_platform,meadowlands_access,meadowlands_access,0,6.0,1.04,524,0.8,synthetic,scenario,Synthetic scenario assumption for FinalFlow demonstration; not observed event operations.
rain,2026-07-19T20:05:00Z,305,post_match,meadowlands_stadium_walk,meadowlands_access,stadium_egress,0,8.0,1.04,698,0.8,synthetic,scenario,Synthetic scenario assumption for FinalFlow demonstration; not observed event operations.
rain,2026-07-19T20:05:00Z,305,post_match,stadium_egress_walk,stadium_egress,meadowlands_access,0,10.0,1.04,873,0.8,synthetic,scenario,Synthetic scenario assumption for FinalFlow demonstration; not observed event operations.
rain,2026-07-19T20:10:00Z,310,post_match,midtown_penn_walk,midtown_access,penn_station_access,0,7.0,1.04,611,0.8,synthetic,scenario,Synthetic scenario assumption for FinalFlow demonstration; not observed event operations.
rain,2026-07-19T20:10:00Z,310,post_match,penn_concourse,penn_station_access,penn_station_access,0,9.0,1.04,786,0.8,synthetic,scenario,Synthetic scenario assumption for FinalFlow demonstration; not observed event operations.
rain,2026-07-19T20:10:00Z,310,post_match,secaucus_transfer,secaucus_transfer,secaucus_transfer,0,8.0,1.04,698,0.8,synthetic,scenario,Synthetic scenario assumption for FinalFlow demonstration; not observed event operations.
rain,2026-07-19T20:10:00Z,310,post_match,meadowlands_platform,meadowlands_access,meadowlands_access,0,6.0,1.04,524,0.8,synthetic,scenario,Synthetic scenario assumption for FinalFlow demonstration; not observed event operations.
rain,2026-07-19T20:10:00Z,310,post_match,meadowlands_stadium_walk,meadowlands_access,stadium_egress,0,8.0,1.04,698,0.8,synthetic,scenario,Synthetic scenario assumption for FinalFlow demonstration; not observed event operations.
rain,2026-07-19T20:10:00Z,310,post_match,stadium_egress_walk,stadium_egress,meadowlands_access,0,10.0,1.04,873,0.8,synthetic,scenario,Synthetic scenario assumption for FinalFlow demonstration; not observed event operations.
rain,2026-07-19T20:15:00Z,315,post_match,midtown_penn_walk,midtown_access,penn_station_access,0,7.0,1.04,611,0.8,synthetic,scenario,Synthetic scenario assumption for FinalFlow demonstration; not observed event operations.
rain,2026-07-19T20:15:00Z,315,post_match,penn_concourse,penn_station_access,penn_station_access,0,9.0,1.04,786,0.8,synthetic,scenario,Synthetic scenario assumption for FinalFlow demonstration; not observed event operations.
rain,2026-07-19T20:15:00Z,315,post_match,secaucus_transfer,secaucus_transfer,secaucus_transfer,0,8.0,1.04,698,0.8,synthetic,scenario,Synthetic scenario assumption for FinalFlow demonstration; not observed event operations.
rain,2026-07-19T20:15:00Z,315,post_match,meadowlands_platform,meadowlands_access,meadowlands_access,0,6.0,1.04,524,0.8,synthetic,scenario,Synthetic scenario assumption for FinalFlow demonstration; not observed event operations.
rain,2026-07-19T20:15:00Z,315,post_match,meadowlands_stadium_walk,meadowlands_access,stadium_egress,0,8.0,1.04,698,0.8,synthetic,scenario,Synthetic scenario assumption for FinalFlow demonstration; not observed event operations.
rain,2026-07-19T20:15:00Z,315,post_match,stadium_egress_walk,stadium_egress,meadowlands_access,0,10.0,1.04,873,0.8,synthetic,scenario,Synthetic scenario assumption for FinalFlow demonstration; not observed event operations.
staggered_departure,2026-07-19T12:00:00Z,-180,pre_match,midtown_penn_walk,midtown_access,penn_station_access,0,7.0,1.3,955,1.0,synthetic,scenario,Synthetic scenario assumption for FinalFlow demonstration; not observed event operations.
staggered_departure,2026-07-19T12:00:00Z,-180,pre_match,penn_concourse,penn_station_access,penn_station_access,0,9.0,1.3,1228,1.0,synthetic,scenario,Synthetic scenario assumption for FinalFlow demonstration; not observed event operations.
staggered_departure,2026-07-19T12:00:00Z,-180,pre_match,secaucus_transfer,secaucus_transfer,secaucus_transfer,0,8.0,1.3,1092,1.0,synthetic,scenario,Synthetic scenario assumption for FinalFlow demonstration; not observed event operations.
staggered_departure,2026-07-19T12:00:00Z,-180,pre_match,meadowlands_platform,meadowlands_access,meadowlands_access,0,6.0,1.3,819,1.0,synthetic,scenario,Synthetic scenario assumption for FinalFlow demonstration; not observed event operations.
staggered_departure,2026-07-19T12:00:00Z,-180,pre_match,meadowlands_stadium_walk,meadowlands_access,stadium_egress,0,8.0,1.3,1092,1.0,synthetic,scenario,Synthetic scenario assumption for FinalFlow demonstration; not observed event operations.
staggered_departure,2026-07-19T12:00:00Z,-180,pre_match,stadium_egress_walk,stadium_egress,meadowlands_access,0,10.0,1.3,1365,1.0,synthetic,scenario,Synthetic scenario assumption for FinalFlow demonstration; not observed event operations.
staggered_departure,2026-07-19T12:05:00Z,-175,pre_match,midtown_penn_walk,midtown_access,penn_station_access,0,7.0,1.3,955,1.0,synthetic,scenario,Synthetic scenario assumption for FinalFlow demonstration; not observed event operations.
staggered_departure,2026-07-19T12:05:00Z,-175,pre_match,penn_concourse,penn_station_access,penn_station_access,0,9.0,1.3,1228,1.0,synthetic,scenario,Synthetic scenario assumption for FinalFlow demonstration; not observed event operations.
staggered_departure,2026-07-19T12:05:00Z,-175,pre_match,secaucus_transfer,secaucus_transfer,secaucus_transfer,0,8.0,1.3,1092,1.0,synthetic,scenario,Synthetic scenario assumption for FinalFlow demonstration; not observed event operations.
staggered_departure,2026-07-19T12:05:00Z,-175,pre_match,meadowlands_platform,meadowlands_access,meadowlands_access,0,6.0,1.3,819,1.0,synthetic,scenario,Synthetic scenario assumption for FinalFlow demonstration; not observed event operations.
staggered_departure,2026-07-19T12:05:00Z,-175,pre_match,meadowlands_stadium_walk,meadowlands_access,stadium_egress,0,8.0,1.3,1092,1.0,synthetic,scenario,Synthetic scenario assumption for FinalFlow demonstration; not observed event operations.
staggered_departure,2026-07-19T12:05:00Z,-175,pre_match,stadium_egress_walk,stadium_egress,meadowlands_access,0,10.0,1.3,1365,1.0,synthetic,scenario,Synthetic scenario assumption for FinalFlow demonstration; not observed event operations.
staggered_departure,2026-07-19T12:10:00Z,-170,pre_match,midtown_penn_walk,midtown_access,penn_station_access,0,7.0,1.3,955,1.0,synthetic,scenario,Synthetic scenario assumption for FinalFlow demonstration; not observed event operations.
staggered_departure,2026-07-19T12:10:00Z,-170,pre_match,penn_concourse,penn_station_access,penn_station_access,0,9.0,1.3,1228,1.0,synthetic,scenario,Synthetic scenario assumption for FinalFlow demonstration; not observed event operations.
staggered_departure,2026-07-19T12:10:00Z,-170,pre_match,secaucus_transfer,secaucus_transfer,secaucus_transfer,0,8.0,1.3,1092,1.0,synthetic,scenario,Synthetic scenario assumption for FinalFlow demonstration; not observed event operations.
staggered_departure,2026-07-19T12:10:00Z,-170,pre_match,meadowlands_platform,meadowlands_access,meadowlands_access,0,6.0,1.3,819,1.0,synthetic,scenario,Synthetic scenario assumption for FinalFlow demonstration; not observed event operations.
staggered_departure,2026-07-19T12:10:00Z,-170,pre_match,meadowlands_stadium_walk,meadowlands_access,stadium_egress,0,8.0,1.3,1092,1.0,synthetic,scenario,Synthetic scenario assumption for FinalFlow demonstration; not observed event operations.
staggered_departure,2026-07-19T12:10:00Z,-170,pre_match,stadium_egress_walk,stadium_egress,meadowlands_access,0,10.0,1.3,1365,1.0,synthetic,scenario,Synthetic scenario assumption for FinalFlow demonstration; not observed event operations.
staggered_departure,2026-07-19T12:15:00Z,-165,pre_match,midtown_penn_walk,midtown_access,penn_station_access,0,7.0,1.3,955,1.0,synthetic,scenario,Synthetic scenario assumption for FinalFlow demonstration; not observed event operations.
staggered_departure,2026-07-19T12:15:00Z,-165,pre_match,penn_concourse,penn_station_access,penn_station_access,0,9.0,1.3,1228,1.0,synthetic,scenario,Synthetic scenario assumption for FinalFlow demonstration; not observed event operations.
staggered_departure,2026-07-19T12:15:00Z,-165,pre_match,secaucus_transfer,secaucus_transfer,secaucus_transfer,0,8.0,1.3,1092,1.0,synthetic,scenario,Synthetic scenario assumption for FinalFlow demonstration; not observed event operations.
staggered_departure,2026-07-19T12:15:00Z,-165,pre_match,meadowlands_platform,meadowlands_access,meadowlands_access,0,6.0,1.3,819,1.0,synthetic,scenario,Synthetic scenario assumption for FinalFlow demonstration; not observed event operations.
staggered_departure,2026-07-19T12:15:00Z,-165,pre_match,meadowlands_stadium_walk,meadowlands_access,stadium_egress,0,8.0,1.3,1092,1.0,synthetic,scenario,Synthetic scenario assumption for FinalFlow demonstration; not observed event operations.
staggered_departure,2026-07-19T12:15:00Z,-165,pre_match,stadium_egress_walk,stadium_egress,meadowlands_access,0,10.0,1.3,1365,1.0,synthetic,scenario,Synthetic scenario assumption for FinalFlow demonstration; not observed event operations.
staggered_departure,2026-07-19T12:20:00Z,-160,pre_match,midtown_penn_walk,midtown_access,penn_station_access,0,7.0,1.3,955,1.0,synthetic,scenario,Synthetic scenario assumption for FinalFlow demonstration; not observed event operations.
staggered_departure,2026-07-19T12:20:00Z,-160,pre_match,penn_concourse,penn_station_access,penn_station_access,0,9.0,1.3,1228,1.0,synthetic,scenario,Synthetic scenario assumption for FinalFlow demonstration; not observed event operations.
staggered_departure,2026-07-19T12:20:00Z,-160,pre_match,secaucus_transfer,secaucus_transfer,secaucus_transfer,0,8.0,1.3,1092,1.0,synthetic,scenario,Synthetic scenario assumption for FinalFlow demonstration; not observed event operations.
staggered_departure,2026-07-19T12:20:00Z,-160,pre_match,meadowlands_platform,meadowlands_access,meadowlands_access,0,6.0,1.3,819,1.0,synthetic,scenario,Synthetic scenario assumption for FinalFlow demonstration; not observed event operations.
staggered_departure,2026-07-19T12:20:00Z,-160,pre_match,meadowlands_stadium_walk,meadowlands_access,stadium_egress,0,8.0,1.3,1092,1.0,synthetic,scenario,Synthetic scenario assumption for FinalFlow demonstration; not observed event operations.
staggered_departure,2026-07-19T12:20:00Z,-160,pre_match,stadium_egress_walk,stadium_egress,meadowlands_access,0,10.0,1.3,1365,1.0,synthetic,scenario,Synthetic scenario assumption for FinalFlow demonstration; not observed event operations.
staggered_departure,2026-07-19T12:25:00Z,-155,pre_match,midtown_penn_walk,midtown_access,penn_station_access,0,7.0,1.3,955,1.0,synthetic,scenario,Synthetic scenario assumption for FinalFlow demonstration; not observed event operations.
staggered_departure,2026-07-19T12:25:00Z,-155,pre_match,penn_concourse,penn_station_access,penn_station_access,0,9.0,1.3,1228,1.0,synthetic,scenario,Synthetic scenario assumption for FinalFlow demonstration; not observed event operations.
staggered_departure,2026-07-19T12:25:00Z,-155,pre_match,secaucus_transfer,secaucus_transfer,secaucus_transfer,0,8.0,1.3,1092,1.0,synthetic,scenario,Synthetic scenario assumption for FinalFlow demonstration; not observed event operations.
staggered_departure,2026-07-19T12:25:00Z,-155,pre_match,meadowlands_platform,meadowlands_access,meadowlands_access,0,6.0,1.3,819,1.0,synthetic,scenario,Synthetic scenario assumption for FinalFlow demonstration; not observed event operations.
staggered_departure,2026-07-19T12:25:00Z,-155,pre_match,meadowlands_stadium_walk,meadowlands_access,stadium_egress,0,8.0,1.3,1092,1.0,synthetic,scenario,Synthetic scenario assumption for FinalFlow demonstration; not observed event operations.
staggered_departure,2026-07-19T12:25:00Z,-155,pre_match,stadium_egress_walk,stadium_egress,meadowlands_access,0,10.0,1.3,1365,1.0,synthetic,scenario,Synthetic scenario assumption for FinalFlow demonstration; not observed event operations.
staggered_departure,2026-07-19T12:30:00Z,-150,pre_match,midtown_penn_walk,midtown_access,penn_station_access,5,7.0,1.3,955,1.0,synthetic,scenario,Synthetic scenario assumption for FinalFlow demonstration; not observed event operations.
staggered_departure,2026-07-19T12:30:00Z,-150,pre_match,penn_concourse,penn_station_access,penn_station_access,5,9.0,1.3,1228,1.0,synthetic,scenario,Synthetic scenario assumption for FinalFlow demonstration; not observed event operations.
staggered_departure,2026-07-19T12:30:00Z,-150,pre_match,secaucus_transfer,secaucus_transfer,secaucus_transfer,5,8.0,1.3,1092,1.0,synthetic,scenario,Synthetic scenario assumption for FinalFlow demonstration; not observed event operations.
staggered_departure,2026-07-19T12:30:00Z,-150,pre_match,meadowlands_platform,meadowlands_access,meadowlands_access,5,6.0,1.3,819,1.0,synthetic,scenario,Synthetic scenario assumption for FinalFlow demonstration; not observed event operations.
staggered_departure,2026-07-19T12:30:00Z,-150,pre_match,meadowlands_stadium_walk,meadowlands_access,stadium_egress,5,8.0,1.3,1092,1.0,synthetic,scenario,Synthetic scenario assumption for FinalFlow demonstration; not observed event operations.
staggered_departure,2026-07-19T12:30:00Z,-150,pre_match,stadium_egress_walk,stadium_egress,meadowlands_access,5,10.0,1.3,1365,1.0,synthetic,scenario,Synthetic scenario assumption for FinalFlow demonstration; not observed event operations.
staggered_departure,2026-07-19T12:35:00Z,-145,pre_match,midtown_penn_walk,midtown_access,penn_station_access,5,7.0,1.3,955,1.0,synthetic,scenario,Synthetic scenario assumption for FinalFlow demonstration; not observed event operations.
staggered_departure,2026-07-19T12:35:00Z,-145,pre_match,penn_concourse,penn_station_access,penn_station_access,5,9.0,1.3,1228,1.0,synthetic,scenario,Synthetic scenario assumption for FinalFlow demonstration; not observed event operations.
staggered_departure,2026-07-19T12:35:00Z,-145,pre_match,secaucus_transfer,secaucus_transfer,secaucus_transfer,5,8.0,1.3,1092,1.0,synthetic,scenario,Synthetic scenario assumption for FinalFlow demonstration; not observed event operations.
staggered_departure,2026-07-19T12:35:00Z,-145,pre_match,meadowlands_platform,meadowlands_access,meadowlands_access,5,6.0,1.3,819,1.0,synthetic,scenario,Synthetic scenario assumption for FinalFlow demonstration; not observed event operations.
staggered_departure,2026-07-19T12:35:00Z,-145,pre_match,meadowlands_stadium_walk,meadowlands_access,stadium_egress,5,8.0,1.3,1092,1.0,synthetic,scenario,Synthetic scenario assumption for FinalFlow demonstration; not observed event operations.
staggered_departure,2026-07-19T12:35:00Z,-145,pre_match,stadium_egress_walk,stadium_egress,meadowlands_access,5,10.0,1.3,1365,1.0,synthetic,scenario,Synthetic scenario assumption for FinalFlow demonstration; not observed event operations.
staggered_departure,2026-07-19T12:40:00Z,-140,pre_match,midtown_penn_walk,midtown_access,penn_station_access,5,7.0,1.3,955,1.0,synthetic,scenario,Synthetic scenario assumption for FinalFlow demonstration; not observed event operations.
staggered_departure,2026-07-19T12:40:00Z,-140,pre_match,penn_concourse,penn_station_access,penn_station_access,5,9.0,1.3,1228,1.0,synthetic,scenario,Synthetic scenario assumption for FinalFlow demonstration; not observed event operations.
staggered_departure,2026-07-19T12:40:00Z,-140,pre_match,secaucus_transfer,secaucus_transfer,secaucus_transfer,5,8.0,1.3,1092,1.0,synthetic,scenario,Synthetic scenario assumption for FinalFlow demonstration; not observed event operations.
staggered_departure,2026-07-19T12:40:00Z,-140,pre_match,meadowlands_platform,meadowlands_access,meadowlands_access,5,6.0,1.3,819,1.0,synthetic,scenario,Synthetic scenario assumption for FinalFlow demonstration; not observed event operations.
staggered_departure,2026-07-19T12:40:00Z,-140,pre_match,meadowlands_stadium_walk,meadowlands_access,stadium_egress,5,8.0,1.3,1092,1.0,synthetic,scenario,Synthetic scenario assumption for FinalFlow demonstration; not observed event operations.
staggered_departure,2026-07-19T12:40:00Z,-140,pre_match,stadium_egress_walk,stadium_egress,meadowlands_access,5,10.0,1.3,1365,1.0,synthetic,scenario,Synthetic scenario assumption for FinalFlow demonstration; not observed event operations.
staggered_departure,2026-07-19T12:45:00Z,-135,pre_match,midtown_penn_walk,midtown_access,penn_station_access,9,7.0,1.3,955,1.0,synthetic,scenario,Synthetic scenario assumption for FinalFlow demonstration; not observed event operations.
staggered_departure,2026-07-19T12:45:00Z,-135,pre_match,penn_concourse,penn_station_access,penn_station_access,9,9.0,1.3,1228,1.0,synthetic,scenario,Synthetic scenario assumption for FinalFlow demonstration; not observed event operations.
staggered_departure,2026-07-19T12:45:00Z,-135,pre_match,secaucus_transfer,secaucus_transfer,secaucus_transfer,9,8.0,1.3,1092,1.0,synthetic,scenario,Synthetic scenario assumption for FinalFlow demonstration; not observed event operations.
staggered_departure,2026-07-19T12:45:00Z,-135,pre_match,meadowlands_platform,meadowlands_access,meadowlands_access,9,6.0,1.3,819,1.0,synthetic,scenario,Synthetic scenario assumption for FinalFlow demonstration; not observed event operations.
staggered_departure,2026-07-19T12:45:00Z,-135,pre_match,meadowlands_stadium_walk,meadowlands_access,stadium_egress,9,8.0,1.3,1092,1.0,synthetic,scenario,Synthetic scenario assumption for FinalFlow demonstration; not observed event operations.
staggered_departure,2026-07-19T12:45:00Z,-135,pre_match,stadium_egress_walk,stadium_egress,meadowlands_access,9,10.0,1.3,1365,1.0,synthetic,scenario,Synthetic scenario assumption for FinalFlow demonstration; not observed event operations.
staggered_departure,2026-07-19T12:50:00Z,-130,pre_match,midtown_penn_walk,midtown_access,penn_station_access,9,7.0,1.3,955,1.0,synthetic,scenario,Synthetic scenario assumption for FinalFlow demonstration; not observed event operations.
staggered_departure,2026-07-19T12:50:00Z,-130,pre_match,penn_concourse,penn_station_access,penn_station_access,9,9.0,1.3,1228,1.0,synthetic,scenario,Synthetic scenario assumption for FinalFlow demonstration; not observed event operations.
staggered_departure,2026-07-19T12:50:00Z,-130,pre_match,secaucus_transfer,secaucus_transfer,secaucus_transfer,9,8.0,1.3,1092,1.0,synthetic,scenario,Synthetic scenario assumption for FinalFlow demonstration; not observed event operations.
staggered_departure,2026-07-19T12:50:00Z,-130,pre_match,meadowlands_platform,meadowlands_access,meadowlands_access,9,6.0,1.3,819,1.0,synthetic,scenario,Synthetic scenario assumption for FinalFlow demonstration; not observed event operations.
staggered_departure,2026-07-19T12:50:00Z,-130,pre_match,meadowlands_stadium_walk,meadowlands_access,stadium_egress,9,8.0,1.3,1092,1.0,synthetic,scenario,Synthetic scenario assumption for FinalFlow demonstration; not observed event operations.
staggered_departure,2026-07-19T12:50:00Z,-130,pre_match,stadium_egress_walk,stadium_egress,meadowlands_access,9,10.0,1.3,1365,1.0,synthetic,scenario,Synthetic scenario assumption for FinalFlow demonstration; not observed event operations.
staggered_departure,2026-07-19T12:55:00Z,-125,pre_match,midtown_penn_walk,midtown_access,penn_station_access,14,7.0,1.3,955,1.0,synthetic,scenario,Synthetic scenario assumption for FinalFlow demonstration; not observed event operations.
staggered_departure,2026-07-19T12:55:00Z,-125,pre_match,penn_concourse,penn_station_access,penn_station_access,14,9.0,1.3,1228,1.0,synthetic,scenario,Synthetic scenario assumption for FinalFlow demonstration; not observed event operations.
staggered_departure,2026-07-19T12:55:00Z,-125,pre_match,secaucus_transfer,secaucus_transfer,secaucus_transfer,14,8.0,1.3,1092,1.0,synthetic,scenario,Synthetic scenario assumption for FinalFlow demonstration; not observed event operations.
staggered_departure,2026-07-19T12:55:00Z,-125,pre_match,meadowlands_platform,meadowlands_access,meadowlands_access,14,6.0,1.3,819,1.0,synthetic,scenario,Synthetic scenario assumption for FinalFlow demonstration; not observed event operations.
staggered_departure,2026-07-19T12:55:00Z,-125,pre_match,meadowlands_stadium_walk,meadowlands_access,stadium_egress,14,8.0,1.3,1092,1.0,synthetic,scenario,Synthetic scenario assumption for FinalFlow demonstration; not observed event operations.
staggered_departure,2026-07-19T12:55:00Z,-125,pre_match,stadium_egress_walk,stadium_egress,meadowlands_access,14,10.0,1.3,1365,1.0,synthetic,scenario,Synthetic scenario assumption for FinalFlow demonstration; not observed event operations.
staggered_departure,2026-07-19T13:00:00Z,-120,gates_open,midtown_penn_walk,midtown_access,penn_station_access,14,7.0,1.3,955,1.0,synthetic,scenario,Synthetic scenario assumption for FinalFlow demonstration; not observed event operations.
staggered_departure,2026-07-19T13:00:00Z,-120,gates_open,penn_concourse,penn_station_access,penn_station_access,14,9.0,1.3,1228,1.0,synthetic,scenario,Synthetic scenario assumption for FinalFlow demonstration; not observed event operations.
staggered_departure,2026-07-19T13:00:00Z,-120,gates_open,secaucus_transfer,secaucus_transfer,secaucus_transfer,14,8.0,1.3,1092,1.0,synthetic,scenario,Synthetic scenario assumption for FinalFlow demonstration; not observed event operations.
staggered_departure,2026-07-19T13:00:00Z,-120,gates_open,meadowlands_platform,meadowlands_access,meadowlands_access,14,6.0,1.3,819,1.0,synthetic,scenario,Synthetic scenario assumption for FinalFlow demonstration; not observed event operations.
staggered_departure,2026-07-19T13:00:00Z,-120,gates_open,meadowlands_stadium_walk,meadowlands_access,stadium_egress,14,8.0,1.3,1092,1.0,synthetic,scenario,Synthetic scenario assumption for FinalFlow demonstration; not observed event operations.
staggered_departure,2026-07-19T13:00:00Z,-120,gates_open,stadium_egress_walk,stadium_egress,meadowlands_access,14,10.0,1.3,1365,1.0,synthetic,scenario,Synthetic scenario assumption for FinalFlow demonstration; not observed event operations.
staggered_departure,2026-07-19T13:05:00Z,-115,pre_match,midtown_penn_walk,midtown_access,penn_station_access,18,7.0,1.3,955,1.0,synthetic,scenario,Synthetic scenario assumption for FinalFlow demonstration; not observed event operations.
staggered_departure,2026-07-19T13:05:00Z,-115,pre_match,penn_concourse,penn_station_access,penn_station_access,18,9.0,1.3,1228,1.0,synthetic,scenario,Synthetic scenario assumption for FinalFlow demonstration; not observed event operations.
staggered_departure,2026-07-19T13:05:00Z,-115,pre_match,secaucus_transfer,secaucus_transfer,secaucus_transfer,18,8.0,1.3,1092,1.0,synthetic,scenario,Synthetic scenario assumption for FinalFlow demonstration; not observed event operations.
staggered_departure,2026-07-19T13:05:00Z,-115,pre_match,meadowlands_platform,meadowlands_access,meadowlands_access,18,6.0,1.3,819,1.0,synthetic,scenario,Synthetic scenario assumption for FinalFlow demonstration; not observed event operations.
staggered_departure,2026-07-19T13:05:00Z,-115,pre_match,meadowlands_stadium_walk,meadowlands_access,stadium_egress,18,8.0,1.3,1092,1.0,synthetic,scenario,Synthetic scenario assumption for FinalFlow demonstration; not observed event operations.
staggered_departure,2026-07-19T13:05:00Z,-115,pre_match,stadium_egress_walk,stadium_egress,meadowlands_access,18,10.0,1.3,1365,1.0,synthetic,scenario,Synthetic scenario assumption for FinalFlow demonstration; not observed event operations.
staggered_departure,2026-07-19T13:10:00Z,-110,pre_match,midtown_penn_walk,midtown_access,penn_station_access,23,7.0,1.3,955,1.0,synthetic,scenario,Synthetic scenario assumption for FinalFlow demonstration; not observed event operations.
staggered_departure,2026-07-19T13:10:00Z,-110,pre_match,penn_concourse,penn_station_access,penn_station_access,23,9.0,1.3,1228,1.0,synthetic,scenario,Synthetic scenario assumption for FinalFlow demonstration; not observed event operations.
staggered_departure,2026-07-19T13:10:00Z,-110,pre_match,secaucus_transfer,secaucus_transfer,secaucus_transfer,23,8.0,1.3,1092,1.0,synthetic,scenario,Synthetic scenario assumption for FinalFlow demonstration; not observed event operations.
staggered_departure,2026-07-19T13:10:00Z,-110,pre_match,meadowlands_platform,meadowlands_access,meadowlands_access,23,6.0,1.3,819,1.0,synthetic,scenario,Synthetic scenario assumption for FinalFlow demonstration; not observed event operations.
staggered_departure,2026-07-19T13:10:00Z,-110,pre_match,meadowlands_stadium_walk,meadowlands_access,stadium_egress,23,8.0,1.3,1092,1.0,synthetic,scenario,Synthetic scenario assumption for FinalFlow demonstration; not observed event operations.
staggered_departure,2026-07-19T13:10:00Z,-110,pre_match,stadium_egress_walk,stadium_egress,meadowlands_access,23,10.0,1.3,1365,1.0,synthetic,scenario,Synthetic scenario assumption for FinalFlow demonstration; not observed event operations.
staggered_departure,2026-07-19T13:15:00Z,-105,pre_match,midtown_penn_walk,midtown_access,penn_station_access,26,7.0,1.3,955,1.0,synthetic,scenario,Synthetic scenario assumption for FinalFlow demonstration; not observed event operations.
staggered_departure,2026-07-19T13:15:00Z,-105,pre_match,penn_concourse,penn_station_access,penn_station_access,26,9.0,1.3,1228,1.0,synthetic,scenario,Synthetic scenario assumption for FinalFlow demonstration; not observed event operations.
staggered_departure,2026-07-19T13:15:00Z,-105,pre_match,secaucus_transfer,secaucus_transfer,secaucus_transfer,26,8.0,1.3,1092,1.0,synthetic,scenario,Synthetic scenario assumption for FinalFlow demonstration; not observed event operations.
staggered_departure,2026-07-19T13:15:00Z,-105,pre_match,meadowlands_platform,meadowlands_access,meadowlands_access,26,6.0,1.3,819,1.0,synthetic,scenario,Synthetic scenario assumption for FinalFlow demonstration; not observed event operations.
staggered_departure,2026-07-19T13:15:00Z,-105,pre_match,meadowlands_stadium_walk,meadowlands_access,stadium_egress,26,8.0,1.3,1092,1.0,synthetic,scenario,Synthetic scenario assumption for FinalFlow demonstration; not observed event operations.
staggered_departure,2026-07-19T13:15:00Z,-105,pre_match,stadium_egress_walk,stadium_egress,meadowlands_access,26,10.0,1.3,1365,1.0,synthetic,scenario,Synthetic scenario assumption for FinalFlow demonstration; not observed event operations.
staggered_departure,2026-07-19T13:20:00Z,-100,pre_match,midtown_penn_walk,midtown_access,penn_station_access,31,7.0,1.3,955,1.0,synthetic,scenario,Synthetic scenario assumption for FinalFlow demonstration; not observed event operations.
staggered_departure,2026-07-19T13:20:00Z,-100,pre_match,penn_concourse,penn_station_access,penn_station_access,31,9.0,1.3,1228,1.0,synthetic,scenario,Synthetic scenario assumption for FinalFlow demonstration; not observed event operations.
staggered_departure,2026-07-19T13:20:00Z,-100,pre_match,secaucus_transfer,secaucus_transfer,secaucus_transfer,31,8.0,1.3,1092,1.0,synthetic,scenario,Synthetic scenario assumption for FinalFlow demonstration; not observed event operations.
staggered_departure,2026-07-19T13:20:00Z,-100,pre_match,meadowlands_platform,meadowlands_access,meadowlands_access,31,6.0,1.3,819,1.0,synthetic,scenario,Synthetic scenario assumption for FinalFlow demonstration; not observed event operations.
staggered_departure,2026-07-19T13:20:00Z,-100,pre_match,meadowlands_stadium_walk,meadowlands_access,stadium_egress,31,8.0,1.3,1092,1.0,synthetic,scenario,Synthetic scenario assumption for FinalFlow demonstration; not observed event operations.
staggered_departure,2026-07-19T13:20:00Z,-100,pre_match,stadium_egress_walk,stadium_egress,meadowlands_access,31,10.0,1.3,1365,1.0,synthetic,scenario,Synthetic scenario assumption for FinalFlow demonstration; not observed event operations.
staggered_departure,2026-07-19T13:25:00Z,-95,pre_match,midtown_penn_walk,midtown_access,penn_station_access,35,7.0,1.3,955,1.0,synthetic,scenario,Synthetic scenario assumption for FinalFlow demonstration; not observed event operations.
staggered_departure,2026-07-19T13:25:00Z,-95,pre_match,penn_concourse,penn_station_access,penn_station_access,35,9.0,1.3,1228,1.0,synthetic,scenario,Synthetic scenario assumption for FinalFlow demonstration; not observed event operations.
staggered_departure,2026-07-19T13:25:00Z,-95,pre_match,secaucus_transfer,secaucus_transfer,secaucus_transfer,35,8.0,1.3,1092,1.0,synthetic,scenario,Synthetic scenario assumption for FinalFlow demonstration; not observed event operations.
staggered_departure,2026-07-19T13:25:00Z,-95,pre_match,meadowlands_platform,meadowlands_access,meadowlands_access,35,6.0,1.3,819,1.0,synthetic,scenario,Synthetic scenario assumption for FinalFlow demonstration; not observed event operations.
staggered_departure,2026-07-19T13:25:00Z,-95,pre_match,meadowlands_stadium_walk,meadowlands_access,stadium_egress,35,8.0,1.3,1092,1.0,synthetic,scenario,Synthetic scenario assumption for FinalFlow demonstration; not observed event operations.
staggered_departure,2026-07-19T13:25:00Z,-95,pre_match,stadium_egress_walk,stadium_egress,meadowlands_access,35,10.0,1.3,1365,1.0,synthetic,scenario,Synthetic scenario assumption for FinalFlow demonstration; not observed event operations.
staggered_departure,2026-07-19T13:30:00Z,-90,pre_match,midtown_penn_walk,midtown_access,penn_station_access,40,7.0,1.3,955,1.0,synthetic,scenario,Synthetic scenario assumption for FinalFlow demonstration; not observed event operations.
staggered_departure,2026-07-19T13:30:00Z,-90,pre_match,penn_concourse,penn_station_access,penn_station_access,40,9.0,1.3,1228,1.0,synthetic,scenario,Synthetic scenario assumption for FinalFlow demonstration; not observed event operations.
staggered_departure,2026-07-19T13:30:00Z,-90,pre_match,secaucus_transfer,secaucus_transfer,secaucus_transfer,40,8.0,1.3,1092,1.0,synthetic,scenario,Synthetic scenario assumption for FinalFlow demonstration; not observed event operations.
staggered_departure,2026-07-19T13:30:00Z,-90,pre_match,meadowlands_platform,meadowlands_access,meadowlands_access,40,6.0,1.3,819,1.0,synthetic,scenario,Synthetic scenario assumption for FinalFlow demonstration; not observed event operations.
staggered_departure,2026-07-19T13:30:00Z,-90,pre_match,meadowlands_stadium_walk,meadowlands_access,stadium_egress,40,8.0,1.3,1092,1.0,synthetic,scenario,Synthetic scenario assumption for FinalFlow demonstration; not observed event operations.
staggered_departure,2026-07-19T13:30:00Z,-90,pre_match,stadium_egress_walk,stadium_egress,meadowlands_access,40,10.0,1.3,1365,1.0,synthetic,scenario,Synthetic scenario assumption for FinalFlow demonstration; not observed event operations.
staggered_departure,2026-07-19T13:35:00Z,-85,pre_match,midtown_penn_walk,midtown_access,penn_station_access,45,7.0,1.3,955,1.0,synthetic,scenario,Synthetic scenario assumption for FinalFlow demonstration; not observed event operations.
staggered_departure,2026-07-19T13:35:00Z,-85,pre_match,penn_concourse,penn_station_access,penn_station_access,45,9.0,1.3,1228,1.0,synthetic,scenario,Synthetic scenario assumption for FinalFlow demonstration; not observed event operations.
staggered_departure,2026-07-19T13:35:00Z,-85,pre_match,secaucus_transfer,secaucus_transfer,secaucus_transfer,45,8.0,1.3,1092,1.0,synthetic,scenario,Synthetic scenario assumption for FinalFlow demonstration; not observed event operations.
staggered_departure,2026-07-19T13:35:00Z,-85,pre_match,meadowlands_platform,meadowlands_access,meadowlands_access,45,6.0,1.3,819,1.0,synthetic,scenario,Synthetic scenario assumption for FinalFlow demonstration; not observed event operations.
staggered_departure,2026-07-19T13:35:00Z,-85,pre_match,meadowlands_stadium_walk,meadowlands_access,stadium_egress,45,8.0,1.3,1092,1.0,synthetic,scenario,Synthetic scenario assumption for FinalFlow demonstration; not observed event operations.
staggered_departure,2026-07-19T13:35:00Z,-85,pre_match,stadium_egress_walk,stadium_egress,meadowlands_access,45,10.0,1.3,1365,1.0,synthetic,scenario,Synthetic scenario assumption for FinalFlow demonstration; not observed event operations.
staggered_departure,2026-07-19T13:40:00Z,-80,pre_match,midtown_penn_walk,midtown_access,penn_station_access,49,7.0,1.3,955,1.0,synthetic,scenario,Synthetic scenario assumption for FinalFlow demonstration; not observed event operations.
staggered_departure,2026-07-19T13:40:00Z,-80,pre_match,penn_concourse,penn_station_access,penn_station_access,49,9.0,1.3,1228,1.0,synthetic,scenario,Synthetic scenario assumption for FinalFlow demonstration; not observed event operations.
staggered_departure,2026-07-19T13:40:00Z,-80,pre_match,secaucus_transfer,secaucus_transfer,secaucus_transfer,49,8.0,1.3,1092,1.0,synthetic,scenario,Synthetic scenario assumption for FinalFlow demonstration; not observed event operations.
staggered_departure,2026-07-19T13:40:00Z,-80,pre_match,meadowlands_platform,meadowlands_access,meadowlands_access,49,6.0,1.3,819,1.0,synthetic,scenario,Synthetic scenario assumption for FinalFlow demonstration; not observed event operations.
staggered_departure,2026-07-19T13:40:00Z,-80,pre_match,meadowlands_stadium_walk,meadowlands_access,stadium_egress,49,8.0,1.3,1092,1.0,synthetic,scenario,Synthetic scenario assumption for FinalFlow demonstration; not observed event operations.
staggered_departure,2026-07-19T13:40:00Z,-80,pre_match,stadium_egress_walk,stadium_egress,meadowlands_access,49,10.0,1.3,1365,1.0,synthetic,scenario,Synthetic scenario assumption for FinalFlow demonstration; not observed event operations.
staggered_departure,2026-07-19T13:45:00Z,-75,pre_match,midtown_penn_walk,midtown_access,penn_station_access,54,7.0,1.3,955,1.0,synthetic,scenario,Synthetic scenario assumption for FinalFlow demonstration; not observed event operations.
staggered_departure,2026-07-19T13:45:00Z,-75,pre_match,penn_concourse,penn_station_access,penn_station_access,54,9.0,1.3,1228,1.0,synthetic,scenario,Synthetic scenario assumption for FinalFlow demonstration; not observed event operations.
staggered_departure,2026-07-19T13:45:00Z,-75,pre_match,secaucus_transfer,secaucus_transfer,secaucus_transfer,54,8.0,1.3,1092,1.0,synthetic,scenario,Synthetic scenario assumption for FinalFlow demonstration; not observed event operations.
staggered_departure,2026-07-19T13:45:00Z,-75,pre_match,meadowlands_platform,meadowlands_access,meadowlands_access,54,6.0,1.3,819,1.0,synthetic,scenario,Synthetic scenario assumption for FinalFlow demonstration; not observed event operations.
staggered_departure,2026-07-19T13:45:00Z,-75,pre_match,meadowlands_stadium_walk,meadowlands_access,stadium_egress,54,8.0,1.3,1092,1.0,synthetic,scenario,Synthetic scenario assumption for FinalFlow demonstration; not observed event operations.
staggered_departure,2026-07-19T13:45:00Z,-75,pre_match,stadium_egress_walk,stadium_egress,meadowlands_access,54,10.0,1.3,1365,1.0,synthetic,scenario,Synthetic scenario assumption for FinalFlow demonstration; not observed event operations.
staggered_departure,2026-07-19T13:50:00Z,-70,pre_match,midtown_penn_walk,midtown_access,penn_station_access,59,7.0,1.3,955,1.0,synthetic,scenario,Synthetic scenario assumption for FinalFlow demonstration; not observed event operations.
staggered_departure,2026-07-19T13:50:00Z,-70,pre_match,penn_concourse,penn_station_access,penn_station_access,59,9.0,1.3,1228,1.0,synthetic,scenario,Synthetic scenario assumption for FinalFlow demonstration; not observed event operations.
staggered_departure,2026-07-19T13:50:00Z,-70,pre_match,secaucus_transfer,secaucus_transfer,secaucus_transfer,59,8.0,1.3,1092,1.0,synthetic,scenario,Synthetic scenario assumption for FinalFlow demonstration; not observed event operations.
staggered_departure,2026-07-19T13:50:00Z,-70,pre_match,meadowlands_platform,meadowlands_access,meadowlands_access,59,6.0,1.3,819,1.0,synthetic,scenario,Synthetic scenario assumption for FinalFlow demonstration; not observed event operations.
staggered_departure,2026-07-19T13:50:00Z,-70,pre_match,meadowlands_stadium_walk,meadowlands_access,stadium_egress,59,8.0,1.3,1092,1.0,synthetic,scenario,Synthetic scenario assumption for FinalFlow demonstration; not observed event operations.
staggered_departure,2026-07-19T13:50:00Z,-70,pre_match,stadium_egress_walk,stadium_egress,meadowlands_access,59,10.0,1.3,1365,1.0,synthetic,scenario,Synthetic scenario assumption for FinalFlow demonstration; not observed event operations.
staggered_departure,2026-07-19T13:55:00Z,-65,pre_match,midtown_penn_walk,midtown_access,penn_station_access,63,7.0,1.3,955,1.0,synthetic,scenario,Synthetic scenario assumption for FinalFlow demonstration; not observed event operations.
staggered_departure,2026-07-19T13:55:00Z,-65,pre_match,penn_concourse,penn_station_access,penn_station_access,63,9.0,1.3,1228,1.0,synthetic,scenario,Synthetic scenario assumption for FinalFlow demonstration; not observed event operations.
staggered_departure,2026-07-19T13:55:00Z,-65,pre_match,secaucus_transfer,secaucus_transfer,secaucus_transfer,63,8.0,1.3,1092,1.0,synthetic,scenario,Synthetic scenario assumption for FinalFlow demonstration; not observed event operations.
staggered_departure,2026-07-19T13:55:00Z,-65,pre_match,meadowlands_platform,meadowlands_access,meadowlands_access,63,6.0,1.3,819,1.0,synthetic,scenario,Synthetic scenario assumption for FinalFlow demonstration; not observed event operations.
staggered_departure,2026-07-19T13:55:00Z,-65,pre_match,meadowlands_stadium_walk,meadowlands_access,stadium_egress,63,8.0,1.3,1092,1.0,synthetic,scenario,Synthetic scenario assumption for FinalFlow demonstration; not observed event operations.
staggered_departure,2026-07-19T13:55:00Z,-65,pre_match,stadium_egress_walk,stadium_egress,meadowlands_access,63,10.0,1.3,1365,1.0,synthetic,scenario,Synthetic scenario assumption for FinalFlow demonstration; not observed event operations.
staggered_departure,2026-07-19T14:00:00Z,-60,pre_match,midtown_penn_walk,midtown_access,penn_station_access,67,7.0,1.3,955,1.0,synthetic,scenario,Synthetic scenario assumption for FinalFlow demonstration; not observed event operations.
staggered_departure,2026-07-19T14:00:00Z,-60,pre_match,penn_concourse,penn_station_access,penn_station_access,67,9.0,1.3,1228,1.0,synthetic,scenario,Synthetic scenario assumption for FinalFlow demonstration; not observed event operations.
staggered_departure,2026-07-19T14:00:00Z,-60,pre_match,secaucus_transfer,secaucus_transfer,secaucus_transfer,67,8.0,1.3,1092,1.0,synthetic,scenario,Synthetic scenario assumption for FinalFlow demonstration; not observed event operations.
staggered_departure,2026-07-19T14:00:00Z,-60,pre_match,meadowlands_platform,meadowlands_access,meadowlands_access,67,6.0,1.3,819,1.0,synthetic,scenario,Synthetic scenario assumption for FinalFlow demonstration; not observed event operations.
staggered_departure,2026-07-19T14:00:00Z,-60,pre_match,meadowlands_stadium_walk,meadowlands_access,stadium_egress,67,8.0,1.3,1092,1.0,synthetic,scenario,Synthetic scenario assumption for FinalFlow demonstration; not observed event operations.
staggered_departure,2026-07-19T14:00:00Z,-60,pre_match,stadium_egress_walk,stadium_egress,meadowlands_access,67,10.0,1.3,1365,1.0,synthetic,scenario,Synthetic scenario assumption for FinalFlow demonstration; not observed event operations.
staggered_departure,2026-07-19T14:05:00Z,-55,pre_match,midtown_penn_walk,midtown_access,penn_station_access,73,7.0,1.3,955,1.0,synthetic,scenario,Synthetic scenario assumption for FinalFlow demonstration; not observed event operations.
staggered_departure,2026-07-19T14:05:00Z,-55,pre_match,penn_concourse,penn_station_access,penn_station_access,73,9.0,1.3,1228,1.0,synthetic,scenario,Synthetic scenario assumption for FinalFlow demonstration; not observed event operations.
staggered_departure,2026-07-19T14:05:00Z,-55,pre_match,secaucus_transfer,secaucus_transfer,secaucus_transfer,73,8.0,1.3,1092,1.0,synthetic,scenario,Synthetic scenario assumption for FinalFlow demonstration; not observed event operations.
staggered_departure,2026-07-19T14:05:00Z,-55,pre_match,meadowlands_platform,meadowlands_access,meadowlands_access,73,6.0,1.3,819,1.0,synthetic,scenario,Synthetic scenario assumption for FinalFlow demonstration; not observed event operations.
staggered_departure,2026-07-19T14:05:00Z,-55,pre_match,meadowlands_stadium_walk,meadowlands_access,stadium_egress,73,8.0,1.3,1092,1.0,synthetic,scenario,Synthetic scenario assumption for FinalFlow demonstration; not observed event operations.
staggered_departure,2026-07-19T14:05:00Z,-55,pre_match,stadium_egress_walk,stadium_egress,meadowlands_access,73,10.0,1.3,1365,1.0,synthetic,scenario,Synthetic scenario assumption for FinalFlow demonstration; not observed event operations.
staggered_departure,2026-07-19T14:10:00Z,-50,pre_match,midtown_penn_walk,midtown_access,penn_station_access,73,7.0,1.3,955,1.0,synthetic,scenario,Synthetic scenario assumption for FinalFlow demonstration; not observed event operations.
staggered_departure,2026-07-19T14:10:00Z,-50,pre_match,penn_concourse,penn_station_access,penn_station_access,73,9.0,1.3,1228,1.0,synthetic,scenario,Synthetic scenario assumption for FinalFlow demonstration; not observed event operations.
staggered_departure,2026-07-19T14:10:00Z,-50,pre_match,secaucus_transfer,secaucus_transfer,secaucus_transfer,73,8.0,1.3,1092,1.0,synthetic,scenario,Synthetic scenario assumption for FinalFlow demonstration; not observed event operations.
staggered_departure,2026-07-19T14:10:00Z,-50,pre_match,meadowlands_platform,meadowlands_access,meadowlands_access,73,6.0,1.3,819,1.0,synthetic,scenario,Synthetic scenario assumption for FinalFlow demonstration; not observed event operations.
staggered_departure,2026-07-19T14:10:00Z,-50,pre_match,meadowlands_stadium_walk,meadowlands_access,stadium_egress,73,8.0,1.3,1092,1.0,synthetic,scenario,Synthetic scenario assumption for FinalFlow demonstration; not observed event operations.
staggered_departure,2026-07-19T14:10:00Z,-50,pre_match,stadium_egress_walk,stadium_egress,meadowlands_access,73,10.0,1.3,1365,1.0,synthetic,scenario,Synthetic scenario assumption for FinalFlow demonstration; not observed event operations.
staggered_departure,2026-07-19T14:15:00Z,-45,pre_match,midtown_penn_walk,midtown_access,penn_station_access,67,7.0,1.3,955,1.0,synthetic,scenario,Synthetic scenario assumption for FinalFlow demonstration; not observed event operations.
staggered_departure,2026-07-19T14:15:00Z,-45,pre_match,penn_concourse,penn_station_access,penn_station_access,67,9.0,1.3,1228,1.0,synthetic,scenario,Synthetic scenario assumption for FinalFlow demonstration; not observed event operations.
staggered_departure,2026-07-19T14:15:00Z,-45,pre_match,secaucus_transfer,secaucus_transfer,secaucus_transfer,67,8.0,1.3,1092,1.0,synthetic,scenario,Synthetic scenario assumption for FinalFlow demonstration; not observed event operations.
staggered_departure,2026-07-19T14:15:00Z,-45,pre_match,meadowlands_platform,meadowlands_access,meadowlands_access,67,6.0,1.3,819,1.0,synthetic,scenario,Synthetic scenario assumption for FinalFlow demonstration; not observed event operations.
staggered_departure,2026-07-19T14:15:00Z,-45,pre_match,meadowlands_stadium_walk,meadowlands_access,stadium_egress,67,8.0,1.3,1092,1.0,synthetic,scenario,Synthetic scenario assumption for FinalFlow demonstration; not observed event operations.
staggered_departure,2026-07-19T14:15:00Z,-45,pre_match,stadium_egress_walk,stadium_egress,meadowlands_access,67,10.0,1.3,1365,1.0,synthetic,scenario,Synthetic scenario assumption for FinalFlow demonstration; not observed event operations.
staggered_departure,2026-07-19T14:20:00Z,-40,pre_match,midtown_penn_walk,midtown_access,penn_station_access,63,7.0,1.3,955,1.0,synthetic,scenario,Synthetic scenario assumption for FinalFlow demonstration; not observed event operations.
staggered_departure,2026-07-19T14:20:00Z,-40,pre_match,penn_concourse,penn_station_access,penn_station_access,63,9.0,1.3,1228,1.0,synthetic,scenario,Synthetic scenario assumption for FinalFlow demonstration; not observed event operations.
staggered_departure,2026-07-19T14:20:00Z,-40,pre_match,secaucus_transfer,secaucus_transfer,secaucus_transfer,63,8.0,1.3,1092,1.0,synthetic,scenario,Synthetic scenario assumption for FinalFlow demonstration; not observed event operations.
staggered_departure,2026-07-19T14:20:00Z,-40,pre_match,meadowlands_platform,meadowlands_access,meadowlands_access,63,6.0,1.3,819,1.0,synthetic,scenario,Synthetic scenario assumption for FinalFlow demonstration; not observed event operations.
staggered_departure,2026-07-19T14:20:00Z,-40,pre_match,meadowlands_stadium_walk,meadowlands_access,stadium_egress,63,8.0,1.3,1092,1.0,synthetic,scenario,Synthetic scenario assumption for FinalFlow demonstration; not observed event operations.
staggered_departure,2026-07-19T14:20:00Z,-40,pre_match,stadium_egress_walk,stadium_egress,meadowlands_access,63,10.0,1.3,1365,1.0,synthetic,scenario,Synthetic scenario assumption for FinalFlow demonstration; not observed event operations.
staggered_departure,2026-07-19T14:25:00Z,-35,pre_match,midtown_penn_walk,midtown_access,penn_station_access,54,7.0,1.3,955,1.0,synthetic,scenario,Synthetic scenario assumption for FinalFlow demonstration; not observed event operations.
staggered_departure,2026-07-19T14:25:00Z,-35,pre_match,penn_concourse,penn_station_access,penn_station_access,54,9.0,1.3,1228,1.0,synthetic,scenario,Synthetic scenario assumption for FinalFlow demonstration; not observed event operations.
staggered_departure,2026-07-19T14:25:00Z,-35,pre_match,secaucus_transfer,secaucus_transfer,secaucus_transfer,54,8.0,1.3,1092,1.0,synthetic,scenario,Synthetic scenario assumption for FinalFlow demonstration; not observed event operations.
staggered_departure,2026-07-19T14:25:00Z,-35,pre_match,meadowlands_platform,meadowlands_access,meadowlands_access,54,6.0,1.3,819,1.0,synthetic,scenario,Synthetic scenario assumption for FinalFlow demonstration; not observed event operations.
staggered_departure,2026-07-19T14:25:00Z,-35,pre_match,meadowlands_stadium_walk,meadowlands_access,stadium_egress,54,8.0,1.3,1092,1.0,synthetic,scenario,Synthetic scenario assumption for FinalFlow demonstration; not observed event operations.
staggered_departure,2026-07-19T14:25:00Z,-35,pre_match,stadium_egress_walk,stadium_egress,meadowlands_access,54,10.0,1.3,1365,1.0,synthetic,scenario,Synthetic scenario assumption for FinalFlow demonstration; not observed event operations.
staggered_departure,2026-07-19T14:30:00Z,-30,ceremony,midtown_penn_walk,midtown_access,penn_station_access,0,7.0,1.3,955,1.0,synthetic,scenario,Synthetic scenario assumption for FinalFlow demonstration; not observed event operations.
staggered_departure,2026-07-19T14:30:00Z,-30,ceremony,penn_concourse,penn_station_access,penn_station_access,0,9.0,1.3,1228,1.0,synthetic,scenario,Synthetic scenario assumption for FinalFlow demonstration; not observed event operations.
staggered_departure,2026-07-19T14:30:00Z,-30,ceremony,secaucus_transfer,secaucus_transfer,secaucus_transfer,0,8.0,1.3,1092,1.0,synthetic,scenario,Synthetic scenario assumption for FinalFlow demonstration; not observed event operations.
staggered_departure,2026-07-19T14:30:00Z,-30,ceremony,meadowlands_platform,meadowlands_access,meadowlands_access,0,6.0,1.3,819,1.0,synthetic,scenario,Synthetic scenario assumption for FinalFlow demonstration; not observed event operations.
staggered_departure,2026-07-19T14:30:00Z,-30,ceremony,meadowlands_stadium_walk,meadowlands_access,stadium_egress,0,8.0,1.3,1092,1.0,synthetic,scenario,Synthetic scenario assumption for FinalFlow demonstration; not observed event operations.
staggered_departure,2026-07-19T14:30:00Z,-30,ceremony,stadium_egress_walk,stadium_egress,meadowlands_access,0,10.0,1.3,1365,1.0,synthetic,scenario,Synthetic scenario assumption for FinalFlow demonstration; not observed event operations.
staggered_departure,2026-07-19T14:35:00Z,-25,ceremony,midtown_penn_walk,midtown_access,penn_station_access,0,7.0,1.3,955,1.0,synthetic,scenario,Synthetic scenario assumption for FinalFlow demonstration; not observed event operations.
staggered_departure,2026-07-19T14:35:00Z,-25,ceremony,penn_concourse,penn_station_access,penn_station_access,0,9.0,1.3,1228,1.0,synthetic,scenario,Synthetic scenario assumption for FinalFlow demonstration; not observed event operations.
staggered_departure,2026-07-19T14:35:00Z,-25,ceremony,secaucus_transfer,secaucus_transfer,secaucus_transfer,0,8.0,1.3,1092,1.0,synthetic,scenario,Synthetic scenario assumption for FinalFlow demonstration; not observed event operations.
staggered_departure,2026-07-19T14:35:00Z,-25,ceremony,meadowlands_platform,meadowlands_access,meadowlands_access,0,6.0,1.3,819,1.0,synthetic,scenario,Synthetic scenario assumption for FinalFlow demonstration; not observed event operations.
staggered_departure,2026-07-19T14:35:00Z,-25,ceremony,meadowlands_stadium_walk,meadowlands_access,stadium_egress,0,8.0,1.3,1092,1.0,synthetic,scenario,Synthetic scenario assumption for FinalFlow demonstration; not observed event operations.
staggered_departure,2026-07-19T14:35:00Z,-25,ceremony,stadium_egress_walk,stadium_egress,meadowlands_access,0,10.0,1.3,1365,1.0,synthetic,scenario,Synthetic scenario assumption for FinalFlow demonstration; not observed event operations.
staggered_departure,2026-07-19T14:40:00Z,-20,ceremony,midtown_penn_walk,midtown_access,penn_station_access,0,7.0,1.3,955,1.0,synthetic,scenario,Synthetic scenario assumption for FinalFlow demonstration; not observed event operations.
staggered_departure,2026-07-19T14:40:00Z,-20,ceremony,penn_concourse,penn_station_access,penn_station_access,0,9.0,1.3,1228,1.0,synthetic,scenario,Synthetic scenario assumption for FinalFlow demonstration; not observed event operations.
staggered_departure,2026-07-19T14:40:00Z,-20,ceremony,secaucus_transfer,secaucus_transfer,secaucus_transfer,0,8.0,1.3,1092,1.0,synthetic,scenario,Synthetic scenario assumption for FinalFlow demonstration; not observed event operations.
staggered_departure,2026-07-19T14:40:00Z,-20,ceremony,meadowlands_platform,meadowlands_access,meadowlands_access,0,6.0,1.3,819,1.0,synthetic,scenario,Synthetic scenario assumption for FinalFlow demonstration; not observed event operations.
staggered_departure,2026-07-19T14:40:00Z,-20,ceremony,meadowlands_stadium_walk,meadowlands_access,stadium_egress,0,8.0,1.3,1092,1.0,synthetic,scenario,Synthetic scenario assumption for FinalFlow demonstration; not observed event operations.
staggered_departure,2026-07-19T14:40:00Z,-20,ceremony,stadium_egress_walk,stadium_egress,meadowlands_access,0,10.0,1.3,1365,1.0,synthetic,scenario,Synthetic scenario assumption for FinalFlow demonstration; not observed event operations.
staggered_departure,2026-07-19T14:45:00Z,-15,ceremony,midtown_penn_walk,midtown_access,penn_station_access,0,7.0,1.3,955,1.0,synthetic,scenario,Synthetic scenario assumption for FinalFlow demonstration; not observed event operations.
staggered_departure,2026-07-19T14:45:00Z,-15,ceremony,penn_concourse,penn_station_access,penn_station_access,0,9.0,1.3,1228,1.0,synthetic,scenario,Synthetic scenario assumption for FinalFlow demonstration; not observed event operations.
staggered_departure,2026-07-19T14:45:00Z,-15,ceremony,secaucus_transfer,secaucus_transfer,secaucus_transfer,0,8.0,1.3,1092,1.0,synthetic,scenario,Synthetic scenario assumption for FinalFlow demonstration; not observed event operations.
staggered_departure,2026-07-19T14:45:00Z,-15,ceremony,meadowlands_platform,meadowlands_access,meadowlands_access,0,6.0,1.3,819,1.0,synthetic,scenario,Synthetic scenario assumption for FinalFlow demonstration; not observed event operations.
staggered_departure,2026-07-19T14:45:00Z,-15,ceremony,meadowlands_stadium_walk,meadowlands_access,stadium_egress,0,8.0,1.3,1092,1.0,synthetic,scenario,Synthetic scenario assumption for FinalFlow demonstration; not observed event operations.
staggered_departure,2026-07-19T14:45:00Z,-15,ceremony,stadium_egress_walk,stadium_egress,meadowlands_access,0,10.0,1.3,1365,1.0,synthetic,scenario,Synthetic scenario assumption for FinalFlow demonstration; not observed event operations.
staggered_departure,2026-07-19T14:50:00Z,-10,ceremony,midtown_penn_walk,midtown_access,penn_station_access,0,7.0,1.3,955,1.0,synthetic,scenario,Synthetic scenario assumption for FinalFlow demonstration; not observed event operations.
staggered_departure,2026-07-19T14:50:00Z,-10,ceremony,penn_concourse,penn_station_access,penn_station_access,0,9.0,1.3,1228,1.0,synthetic,scenario,Synthetic scenario assumption for FinalFlow demonstration; not observed event operations.
staggered_departure,2026-07-19T14:50:00Z,-10,ceremony,secaucus_transfer,secaucus_transfer,secaucus_transfer,0,8.0,1.3,1092,1.0,synthetic,scenario,Synthetic scenario assumption for FinalFlow demonstration; not observed event operations.
staggered_departure,2026-07-19T14:50:00Z,-10,ceremony,meadowlands_platform,meadowlands_access,meadowlands_access,0,6.0,1.3,819,1.0,synthetic,scenario,Synthetic scenario assumption for FinalFlow demonstration; not observed event operations.
staggered_departure,2026-07-19T14:50:00Z,-10,ceremony,meadowlands_stadium_walk,meadowlands_access,stadium_egress,0,8.0,1.3,1092,1.0,synthetic,scenario,Synthetic scenario assumption for FinalFlow demonstration; not observed event operations.
staggered_departure,2026-07-19T14:50:00Z,-10,ceremony,stadium_egress_walk,stadium_egress,meadowlands_access,0,10.0,1.3,1365,1.0,synthetic,scenario,Synthetic scenario assumption for FinalFlow demonstration; not observed event operations.
staggered_departure,2026-07-19T14:55:00Z,-5,ceremony,midtown_penn_walk,midtown_access,penn_station_access,0,7.0,1.3,955,1.0,synthetic,scenario,Synthetic scenario assumption for FinalFlow demonstration; not observed event operations.
staggered_departure,2026-07-19T14:55:00Z,-5,ceremony,penn_concourse,penn_station_access,penn_station_access,0,9.0,1.3,1228,1.0,synthetic,scenario,Synthetic scenario assumption for FinalFlow demonstration; not observed event operations.
staggered_departure,2026-07-19T14:55:00Z,-5,ceremony,secaucus_transfer,secaucus_transfer,secaucus_transfer,0,8.0,1.3,1092,1.0,synthetic,scenario,Synthetic scenario assumption for FinalFlow demonstration; not observed event operations.
staggered_departure,2026-07-19T14:55:00Z,-5,ceremony,meadowlands_platform,meadowlands_access,meadowlands_access,0,6.0,1.3,819,1.0,synthetic,scenario,Synthetic scenario assumption for FinalFlow demonstration; not observed event operations.
staggered_departure,2026-07-19T14:55:00Z,-5,ceremony,meadowlands_stadium_walk,meadowlands_access,stadium_egress,0,8.0,1.3,1092,1.0,synthetic,scenario,Synthetic scenario assumption for FinalFlow demonstration; not observed event operations.
staggered_departure,2026-07-19T14:55:00Z,-5,ceremony,stadium_egress_walk,stadium_egress,meadowlands_access,0,10.0,1.3,1365,1.0,synthetic,scenario,Synthetic scenario assumption for FinalFlow demonstration; not observed event operations.
staggered_departure,2026-07-19T15:00:00Z,0,kickoff,midtown_penn_walk,midtown_access,penn_station_access,0,7.0,1.3,955,1.0,synthetic,scenario,Synthetic scenario assumption for FinalFlow demonstration; not observed event operations.
staggered_departure,2026-07-19T15:00:00Z,0,kickoff,penn_concourse,penn_station_access,penn_station_access,0,9.0,1.3,1228,1.0,synthetic,scenario,Synthetic scenario assumption for FinalFlow demonstration; not observed event operations.
staggered_departure,2026-07-19T15:00:00Z,0,kickoff,secaucus_transfer,secaucus_transfer,secaucus_transfer,0,8.0,1.3,1092,1.0,synthetic,scenario,Synthetic scenario assumption for FinalFlow demonstration; not observed event operations.
staggered_departure,2026-07-19T15:00:00Z,0,kickoff,meadowlands_platform,meadowlands_access,meadowlands_access,0,6.0,1.3,819,1.0,synthetic,scenario,Synthetic scenario assumption for FinalFlow demonstration; not observed event operations.
staggered_departure,2026-07-19T15:00:00Z,0,kickoff,meadowlands_stadium_walk,meadowlands_access,stadium_egress,0,8.0,1.3,1092,1.0,synthetic,scenario,Synthetic scenario assumption for FinalFlow demonstration; not observed event operations.
staggered_departure,2026-07-19T15:00:00Z,0,kickoff,stadium_egress_walk,stadium_egress,meadowlands_access,0,10.0,1.3,1365,1.0,synthetic,scenario,Synthetic scenario assumption for FinalFlow demonstration; not observed event operations.
staggered_departure,2026-07-19T15:05:00Z,5,first_half,midtown_penn_walk,midtown_access,penn_station_access,0,7.0,1.3,955,1.0,synthetic,scenario,Synthetic scenario assumption for FinalFlow demonstration; not observed event operations.
staggered_departure,2026-07-19T15:05:00Z,5,first_half,penn_concourse,penn_station_access,penn_station_access,0,9.0,1.3,1228,1.0,synthetic,scenario,Synthetic scenario assumption for FinalFlow demonstration; not observed event operations.
staggered_departure,2026-07-19T15:05:00Z,5,first_half,secaucus_transfer,secaucus_transfer,secaucus_transfer,0,8.0,1.3,1092,1.0,synthetic,scenario,Synthetic scenario assumption for FinalFlow demonstration; not observed event operations.
staggered_departure,2026-07-19T15:05:00Z,5,first_half,meadowlands_platform,meadowlands_access,meadowlands_access,0,6.0,1.3,819,1.0,synthetic,scenario,Synthetic scenario assumption for FinalFlow demonstration; not observed event operations.
staggered_departure,2026-07-19T15:05:00Z,5,first_half,meadowlands_stadium_walk,meadowlands_access,stadium_egress,0,8.0,1.3,1092,1.0,synthetic,scenario,Synthetic scenario assumption for FinalFlow demonstration; not observed event operations.
staggered_departure,2026-07-19T15:05:00Z,5,first_half,stadium_egress_walk,stadium_egress,meadowlands_access,0,10.0,1.3,1365,1.0,synthetic,scenario,Synthetic scenario assumption for FinalFlow demonstration; not observed event operations.
staggered_departure,2026-07-19T15:10:00Z,10,first_half,midtown_penn_walk,midtown_access,penn_station_access,0,7.0,1.3,955,1.0,synthetic,scenario,Synthetic scenario assumption for FinalFlow demonstration; not observed event operations.
staggered_departure,2026-07-19T15:10:00Z,10,first_half,penn_concourse,penn_station_access,penn_station_access,0,9.0,1.3,1228,1.0,synthetic,scenario,Synthetic scenario assumption for FinalFlow demonstration; not observed event operations.
staggered_departure,2026-07-19T15:10:00Z,10,first_half,secaucus_transfer,secaucus_transfer,secaucus_transfer,0,8.0,1.3,1092,1.0,synthetic,scenario,Synthetic scenario assumption for FinalFlow demonstration; not observed event operations.
staggered_departure,2026-07-19T15:10:00Z,10,first_half,meadowlands_platform,meadowlands_access,meadowlands_access,0,6.0,1.3,819,1.0,synthetic,scenario,Synthetic scenario assumption for FinalFlow demonstration; not observed event operations.
staggered_departure,2026-07-19T15:10:00Z,10,first_half,meadowlands_stadium_walk,meadowlands_access,stadium_egress,0,8.0,1.3,1092,1.0,synthetic,scenario,Synthetic scenario assumption for FinalFlow demonstration; not observed event operations.
staggered_departure,2026-07-19T15:10:00Z,10,first_half,stadium_egress_walk,stadium_egress,meadowlands_access,0,10.0,1.3,1365,1.0,synthetic,scenario,Synthetic scenario assumption for FinalFlow demonstration; not observed event operations.
staggered_departure,2026-07-19T15:15:00Z,15,first_half,midtown_penn_walk,midtown_access,penn_station_access,0,7.0,1.3,955,1.0,synthetic,scenario,Synthetic scenario assumption for FinalFlow demonstration; not observed event operations.
staggered_departure,2026-07-19T15:15:00Z,15,first_half,penn_concourse,penn_station_access,penn_station_access,0,9.0,1.3,1228,1.0,synthetic,scenario,Synthetic scenario assumption for FinalFlow demonstration; not observed event operations.
staggered_departure,2026-07-19T15:15:00Z,15,first_half,secaucus_transfer,secaucus_transfer,secaucus_transfer,0,8.0,1.3,1092,1.0,synthetic,scenario,Synthetic scenario assumption for FinalFlow demonstration; not observed event operations.
staggered_departure,2026-07-19T15:15:00Z,15,first_half,meadowlands_platform,meadowlands_access,meadowlands_access,0,6.0,1.3,819,1.0,synthetic,scenario,Synthetic scenario assumption for FinalFlow demonstration; not observed event operations.
staggered_departure,2026-07-19T15:15:00Z,15,first_half,meadowlands_stadium_walk,meadowlands_access,stadium_egress,0,8.0,1.3,1092,1.0,synthetic,scenario,Synthetic scenario assumption for FinalFlow demonstration; not observed event operations.
staggered_departure,2026-07-19T15:15:00Z,15,first_half,stadium_egress_walk,stadium_egress,meadowlands_access,0,10.0,1.3,1365,1.0,synthetic,scenario,Synthetic scenario assumption for FinalFlow demonstration; not observed event operations.
staggered_departure,2026-07-19T15:20:00Z,20,first_half,midtown_penn_walk,midtown_access,penn_station_access,0,7.0,1.3,955,1.0,synthetic,scenario,Synthetic scenario assumption for FinalFlow demonstration; not observed event operations.
staggered_departure,2026-07-19T15:20:00Z,20,first_half,penn_concourse,penn_station_access,penn_station_access,0,9.0,1.3,1228,1.0,synthetic,scenario,Synthetic scenario assumption for FinalFlow demonstration; not observed event operations.
staggered_departure,2026-07-19T15:20:00Z,20,first_half,secaucus_transfer,secaucus_transfer,secaucus_transfer,0,8.0,1.3,1092,1.0,synthetic,scenario,Synthetic scenario assumption for FinalFlow demonstration; not observed event operations.
staggered_departure,2026-07-19T15:20:00Z,20,first_half,meadowlands_platform,meadowlands_access,meadowlands_access,0,6.0,1.3,819,1.0,synthetic,scenario,Synthetic scenario assumption for FinalFlow demonstration; not observed event operations.
staggered_departure,2026-07-19T15:20:00Z,20,first_half,meadowlands_stadium_walk,meadowlands_access,stadium_egress,0,8.0,1.3,1092,1.0,synthetic,scenario,Synthetic scenario assumption for FinalFlow demonstration; not observed event operations.
staggered_departure,2026-07-19T15:20:00Z,20,first_half,stadium_egress_walk,stadium_egress,meadowlands_access,0,10.0,1.3,1365,1.0,synthetic,scenario,Synthetic scenario assumption for FinalFlow demonstration; not observed event operations.
staggered_departure,2026-07-19T15:25:00Z,25,first_half,midtown_penn_walk,midtown_access,penn_station_access,0,7.0,1.3,955,1.0,synthetic,scenario,Synthetic scenario assumption for FinalFlow demonstration; not observed event operations.
staggered_departure,2026-07-19T15:25:00Z,25,first_half,penn_concourse,penn_station_access,penn_station_access,0,9.0,1.3,1228,1.0,synthetic,scenario,Synthetic scenario assumption for FinalFlow demonstration; not observed event operations.
staggered_departure,2026-07-19T15:25:00Z,25,first_half,secaucus_transfer,secaucus_transfer,secaucus_transfer,0,8.0,1.3,1092,1.0,synthetic,scenario,Synthetic scenario assumption for FinalFlow demonstration; not observed event operations.
staggered_departure,2026-07-19T15:25:00Z,25,first_half,meadowlands_platform,meadowlands_access,meadowlands_access,0,6.0,1.3,819,1.0,synthetic,scenario,Synthetic scenario assumption for FinalFlow demonstration; not observed event operations.
staggered_departure,2026-07-19T15:25:00Z,25,first_half,meadowlands_stadium_walk,meadowlands_access,stadium_egress,0,8.0,1.3,1092,1.0,synthetic,scenario,Synthetic scenario assumption for FinalFlow demonstration; not observed event operations.
staggered_departure,2026-07-19T15:25:00Z,25,first_half,stadium_egress_walk,stadium_egress,meadowlands_access,0,10.0,1.3,1365,1.0,synthetic,scenario,Synthetic scenario assumption for FinalFlow demonstration; not observed event operations.
staggered_departure,2026-07-19T15:30:00Z,30,first_half,midtown_penn_walk,midtown_access,penn_station_access,0,7.0,1.3,955,1.0,synthetic,scenario,Synthetic scenario assumption for FinalFlow demonstration; not observed event operations.
staggered_departure,2026-07-19T15:30:00Z,30,first_half,penn_concourse,penn_station_access,penn_station_access,0,9.0,1.3,1228,1.0,synthetic,scenario,Synthetic scenario assumption for FinalFlow demonstration; not observed event operations.
staggered_departure,2026-07-19T15:30:00Z,30,first_half,secaucus_transfer,secaucus_transfer,secaucus_transfer,0,8.0,1.3,1092,1.0,synthetic,scenario,Synthetic scenario assumption for FinalFlow demonstration; not observed event operations.
staggered_departure,2026-07-19T15:30:00Z,30,first_half,meadowlands_platform,meadowlands_access,meadowlands_access,0,6.0,1.3,819,1.0,synthetic,scenario,Synthetic scenario assumption for FinalFlow demonstration; not observed event operations.
staggered_departure,2026-07-19T15:30:00Z,30,first_half,meadowlands_stadium_walk,meadowlands_access,stadium_egress,0,8.0,1.3,1092,1.0,synthetic,scenario,Synthetic scenario assumption for FinalFlow demonstration; not observed event operations.
staggered_departure,2026-07-19T15:30:00Z,30,first_half,stadium_egress_walk,stadium_egress,meadowlands_access,0,10.0,1.3,1365,1.0,synthetic,scenario,Synthetic scenario assumption for FinalFlow demonstration; not observed event operations.
staggered_departure,2026-07-19T15:35:00Z,35,first_half,midtown_penn_walk,midtown_access,penn_station_access,0,7.0,1.3,955,1.0,synthetic,scenario,Synthetic scenario assumption for FinalFlow demonstration; not observed event operations.
staggered_departure,2026-07-19T15:35:00Z,35,first_half,penn_concourse,penn_station_access,penn_station_access,0,9.0,1.3,1228,1.0,synthetic,scenario,Synthetic scenario assumption for FinalFlow demonstration; not observed event operations.
staggered_departure,2026-07-19T15:35:00Z,35,first_half,secaucus_transfer,secaucus_transfer,secaucus_transfer,0,8.0,1.3,1092,1.0,synthetic,scenario,Synthetic scenario assumption for FinalFlow demonstration; not observed event operations.
staggered_departure,2026-07-19T15:35:00Z,35,first_half,meadowlands_platform,meadowlands_access,meadowlands_access,0,6.0,1.3,819,1.0,synthetic,scenario,Synthetic scenario assumption for FinalFlow demonstration; not observed event operations.
staggered_departure,2026-07-19T15:35:00Z,35,first_half,meadowlands_stadium_walk,meadowlands_access,stadium_egress,0,8.0,1.3,1092,1.0,synthetic,scenario,Synthetic scenario assumption for FinalFlow demonstration; not observed event operations.
staggered_departure,2026-07-19T15:35:00Z,35,first_half,stadium_egress_walk,stadium_egress,meadowlands_access,0,10.0,1.3,1365,1.0,synthetic,scenario,Synthetic scenario assumption for FinalFlow demonstration; not observed event operations.
staggered_departure,2026-07-19T15:40:00Z,40,first_half,midtown_penn_walk,midtown_access,penn_station_access,0,7.0,1.3,955,1.0,synthetic,scenario,Synthetic scenario assumption for FinalFlow demonstration; not observed event operations.
staggered_departure,2026-07-19T15:40:00Z,40,first_half,penn_concourse,penn_station_access,penn_station_access,0,9.0,1.3,1228,1.0,synthetic,scenario,Synthetic scenario assumption for FinalFlow demonstration; not observed event operations.
staggered_departure,2026-07-19T15:40:00Z,40,first_half,secaucus_transfer,secaucus_transfer,secaucus_transfer,0,8.0,1.3,1092,1.0,synthetic,scenario,Synthetic scenario assumption for FinalFlow demonstration; not observed event operations.
staggered_departure,2026-07-19T15:40:00Z,40,first_half,meadowlands_platform,meadowlands_access,meadowlands_access,0,6.0,1.3,819,1.0,synthetic,scenario,Synthetic scenario assumption for FinalFlow demonstration; not observed event operations.
staggered_departure,2026-07-19T15:40:00Z,40,first_half,meadowlands_stadium_walk,meadowlands_access,stadium_egress,0,8.0,1.3,1092,1.0,synthetic,scenario,Synthetic scenario assumption for FinalFlow demonstration; not observed event operations.
staggered_departure,2026-07-19T15:40:00Z,40,first_half,stadium_egress_walk,stadium_egress,meadowlands_access,0,10.0,1.3,1365,1.0,synthetic,scenario,Synthetic scenario assumption for FinalFlow demonstration; not observed event operations.
staggered_departure,2026-07-19T15:45:00Z,45,first_half_end,midtown_penn_walk,midtown_access,penn_station_access,0,7.0,1.3,955,1.0,synthetic,scenario,Synthetic scenario assumption for FinalFlow demonstration; not observed event operations.
staggered_departure,2026-07-19T15:45:00Z,45,first_half_end,penn_concourse,penn_station_access,penn_station_access,0,9.0,1.3,1228,1.0,synthetic,scenario,Synthetic scenario assumption for FinalFlow demonstration; not observed event operations.
staggered_departure,2026-07-19T15:45:00Z,45,first_half_end,secaucus_transfer,secaucus_transfer,secaucus_transfer,0,8.0,1.3,1092,1.0,synthetic,scenario,Synthetic scenario assumption for FinalFlow demonstration; not observed event operations.
staggered_departure,2026-07-19T15:45:00Z,45,first_half_end,meadowlands_platform,meadowlands_access,meadowlands_access,0,6.0,1.3,819,1.0,synthetic,scenario,Synthetic scenario assumption for FinalFlow demonstration; not observed event operations.
staggered_departure,2026-07-19T15:45:00Z,45,first_half_end,meadowlands_stadium_walk,meadowlands_access,stadium_egress,0,8.0,1.3,1092,1.0,synthetic,scenario,Synthetic scenario assumption for FinalFlow demonstration; not observed event operations.
staggered_departure,2026-07-19T15:45:00Z,45,first_half_end,stadium_egress_walk,stadium_egress,meadowlands_access,0,10.0,1.3,1365,1.0,synthetic,scenario,Synthetic scenario assumption for FinalFlow demonstration; not observed event operations.
staggered_departure,2026-07-19T15:50:00Z,50,halftime,midtown_penn_walk,midtown_access,penn_station_access,0,7.0,1.3,955,1.0,synthetic,scenario,Synthetic scenario assumption for FinalFlow demonstration; not observed event operations.
staggered_departure,2026-07-19T15:50:00Z,50,halftime,penn_concourse,penn_station_access,penn_station_access,0,9.0,1.3,1228,1.0,synthetic,scenario,Synthetic scenario assumption for FinalFlow demonstration; not observed event operations.
staggered_departure,2026-07-19T15:50:00Z,50,halftime,secaucus_transfer,secaucus_transfer,secaucus_transfer,0,8.0,1.3,1092,1.0,synthetic,scenario,Synthetic scenario assumption for FinalFlow demonstration; not observed event operations.
staggered_departure,2026-07-19T15:50:00Z,50,halftime,meadowlands_platform,meadowlands_access,meadowlands_access,0,6.0,1.3,819,1.0,synthetic,scenario,Synthetic scenario assumption for FinalFlow demonstration; not observed event operations.
staggered_departure,2026-07-19T15:50:00Z,50,halftime,meadowlands_stadium_walk,meadowlands_access,stadium_egress,0,8.0,1.3,1092,1.0,synthetic,scenario,Synthetic scenario assumption for FinalFlow demonstration; not observed event operations.
staggered_departure,2026-07-19T15:50:00Z,50,halftime,stadium_egress_walk,stadium_egress,meadowlands_access,0,10.0,1.3,1365,1.0,synthetic,scenario,Synthetic scenario assumption for FinalFlow demonstration; not observed event operations.
staggered_departure,2026-07-19T15:55:00Z,55,halftime,midtown_penn_walk,midtown_access,penn_station_access,0,7.0,1.3,955,1.0,synthetic,scenario,Synthetic scenario assumption for FinalFlow demonstration; not observed event operations.
staggered_departure,2026-07-19T15:55:00Z,55,halftime,penn_concourse,penn_station_access,penn_station_access,0,9.0,1.3,1228,1.0,synthetic,scenario,Synthetic scenario assumption for FinalFlow demonstration; not observed event operations.
staggered_departure,2026-07-19T15:55:00Z,55,halftime,secaucus_transfer,secaucus_transfer,secaucus_transfer,0,8.0,1.3,1092,1.0,synthetic,scenario,Synthetic scenario assumption for FinalFlow demonstration; not observed event operations.
staggered_departure,2026-07-19T15:55:00Z,55,halftime,meadowlands_platform,meadowlands_access,meadowlands_access,0,6.0,1.3,819,1.0,synthetic,scenario,Synthetic scenario assumption for FinalFlow demonstration; not observed event operations.
staggered_departure,2026-07-19T15:55:00Z,55,halftime,meadowlands_stadium_walk,meadowlands_access,stadium_egress,0,8.0,1.3,1092,1.0,synthetic,scenario,Synthetic scenario assumption for FinalFlow demonstration; not observed event operations.
staggered_departure,2026-07-19T15:55:00Z,55,halftime,stadium_egress_walk,stadium_egress,meadowlands_access,0,10.0,1.3,1365,1.0,synthetic,scenario,Synthetic scenario assumption for FinalFlow demonstration; not observed event operations.
staggered_departure,2026-07-19T16:00:00Z,60,second_half,midtown_penn_walk,midtown_access,penn_station_access,0,7.0,1.3,955,1.0,synthetic,scenario,Synthetic scenario assumption for FinalFlow demonstration; not observed event operations.
staggered_departure,2026-07-19T16:00:00Z,60,second_half,penn_concourse,penn_station_access,penn_station_access,0,9.0,1.3,1228,1.0,synthetic,scenario,Synthetic scenario assumption for FinalFlow demonstration; not observed event operations.
staggered_departure,2026-07-19T16:00:00Z,60,second_half,secaucus_transfer,secaucus_transfer,secaucus_transfer,0,8.0,1.3,1092,1.0,synthetic,scenario,Synthetic scenario assumption for FinalFlow demonstration; not observed event operations.
staggered_departure,2026-07-19T16:00:00Z,60,second_half,meadowlands_platform,meadowlands_access,meadowlands_access,0,6.0,1.3,819,1.0,synthetic,scenario,Synthetic scenario assumption for FinalFlow demonstration; not observed event operations.
staggered_departure,2026-07-19T16:00:00Z,60,second_half,meadowlands_stadium_walk,meadowlands_access,stadium_egress,0,8.0,1.3,1092,1.0,synthetic,scenario,Synthetic scenario assumption for FinalFlow demonstration; not observed event operations.
staggered_departure,2026-07-19T16:00:00Z,60,second_half,stadium_egress_walk,stadium_egress,meadowlands_access,0,10.0,1.3,1365,1.0,synthetic,scenario,Synthetic scenario assumption for FinalFlow demonstration; not observed event operations.
staggered_departure,2026-07-19T16:05:00Z,65,second_half,midtown_penn_walk,midtown_access,penn_station_access,0,7.0,1.3,955,1.0,synthetic,scenario,Synthetic scenario assumption for FinalFlow demonstration; not observed event operations.
staggered_departure,2026-07-19T16:05:00Z,65,second_half,penn_concourse,penn_station_access,penn_station_access,0,9.0,1.3,1228,1.0,synthetic,scenario,Synthetic scenario assumption for FinalFlow demonstration; not observed event operations.
staggered_departure,2026-07-19T16:05:00Z,65,second_half,secaucus_transfer,secaucus_transfer,secaucus_transfer,0,8.0,1.3,1092,1.0,synthetic,scenario,Synthetic scenario assumption for FinalFlow demonstration; not observed event operations.
staggered_departure,2026-07-19T16:05:00Z,65,second_half,meadowlands_platform,meadowlands_access,meadowlands_access,0,6.0,1.3,819,1.0,synthetic,scenario,Synthetic scenario assumption for FinalFlow demonstration; not observed event operations.
staggered_departure,2026-07-19T16:05:00Z,65,second_half,meadowlands_stadium_walk,meadowlands_access,stadium_egress,0,8.0,1.3,1092,1.0,synthetic,scenario,Synthetic scenario assumption for FinalFlow demonstration; not observed event operations.
staggered_departure,2026-07-19T16:05:00Z,65,second_half,stadium_egress_walk,stadium_egress,meadowlands_access,0,10.0,1.3,1365,1.0,synthetic,scenario,Synthetic scenario assumption for FinalFlow demonstration; not observed event operations.
staggered_departure,2026-07-19T16:10:00Z,70,second_half,midtown_penn_walk,midtown_access,penn_station_access,0,7.0,1.3,955,1.0,synthetic,scenario,Synthetic scenario assumption for FinalFlow demonstration; not observed event operations.
staggered_departure,2026-07-19T16:10:00Z,70,second_half,penn_concourse,penn_station_access,penn_station_access,0,9.0,1.3,1228,1.0,synthetic,scenario,Synthetic scenario assumption for FinalFlow demonstration; not observed event operations.
staggered_departure,2026-07-19T16:10:00Z,70,second_half,secaucus_transfer,secaucus_transfer,secaucus_transfer,0,8.0,1.3,1092,1.0,synthetic,scenario,Synthetic scenario assumption for FinalFlow demonstration; not observed event operations.
staggered_departure,2026-07-19T16:10:00Z,70,second_half,meadowlands_platform,meadowlands_access,meadowlands_access,0,6.0,1.3,819,1.0,synthetic,scenario,Synthetic scenario assumption for FinalFlow demonstration; not observed event operations.
staggered_departure,2026-07-19T16:10:00Z,70,second_half,meadowlands_stadium_walk,meadowlands_access,stadium_egress,0,8.0,1.3,1092,1.0,synthetic,scenario,Synthetic scenario assumption for FinalFlow demonstration; not observed event operations.
staggered_departure,2026-07-19T16:10:00Z,70,second_half,stadium_egress_walk,stadium_egress,meadowlands_access,0,10.0,1.3,1365,1.0,synthetic,scenario,Synthetic scenario assumption for FinalFlow demonstration; not observed event operations.
staggered_departure,2026-07-19T16:15:00Z,75,second_half,midtown_penn_walk,midtown_access,penn_station_access,0,7.0,1.3,955,1.0,synthetic,scenario,Synthetic scenario assumption for FinalFlow demonstration; not observed event operations.
staggered_departure,2026-07-19T16:15:00Z,75,second_half,penn_concourse,penn_station_access,penn_station_access,0,9.0,1.3,1228,1.0,synthetic,scenario,Synthetic scenario assumption for FinalFlow demonstration; not observed event operations.
staggered_departure,2026-07-19T16:15:00Z,75,second_half,secaucus_transfer,secaucus_transfer,secaucus_transfer,0,8.0,1.3,1092,1.0,synthetic,scenario,Synthetic scenario assumption for FinalFlow demonstration; not observed event operations.
staggered_departure,2026-07-19T16:15:00Z,75,second_half,meadowlands_platform,meadowlands_access,meadowlands_access,0,6.0,1.3,819,1.0,synthetic,scenario,Synthetic scenario assumption for FinalFlow demonstration; not observed event operations.
staggered_departure,2026-07-19T16:15:00Z,75,second_half,meadowlands_stadium_walk,meadowlands_access,stadium_egress,0,8.0,1.3,1092,1.0,synthetic,scenario,Synthetic scenario assumption for FinalFlow demonstration; not observed event operations.
staggered_departure,2026-07-19T16:15:00Z,75,second_half,stadium_egress_walk,stadium_egress,meadowlands_access,0,10.0,1.3,1365,1.0,synthetic,scenario,Synthetic scenario assumption for FinalFlow demonstration; not observed event operations.
staggered_departure,2026-07-19T16:20:00Z,80,second_half,midtown_penn_walk,midtown_access,penn_station_access,0,7.0,1.3,955,1.0,synthetic,scenario,Synthetic scenario assumption for FinalFlow demonstration; not observed event operations.
staggered_departure,2026-07-19T16:20:00Z,80,second_half,penn_concourse,penn_station_access,penn_station_access,0,9.0,1.3,1228,1.0,synthetic,scenario,Synthetic scenario assumption for FinalFlow demonstration; not observed event operations.
staggered_departure,2026-07-19T16:20:00Z,80,second_half,secaucus_transfer,secaucus_transfer,secaucus_transfer,0,8.0,1.3,1092,1.0,synthetic,scenario,Synthetic scenario assumption for FinalFlow demonstration; not observed event operations.
staggered_departure,2026-07-19T16:20:00Z,80,second_half,meadowlands_platform,meadowlands_access,meadowlands_access,0,6.0,1.3,819,1.0,synthetic,scenario,Synthetic scenario assumption for FinalFlow demonstration; not observed event operations.
staggered_departure,2026-07-19T16:20:00Z,80,second_half,meadowlands_stadium_walk,meadowlands_access,stadium_egress,0,8.0,1.3,1092,1.0,synthetic,scenario,Synthetic scenario assumption for FinalFlow demonstration; not observed event operations.
staggered_departure,2026-07-19T16:20:00Z,80,second_half,stadium_egress_walk,stadium_egress,meadowlands_access,0,10.0,1.3,1365,1.0,synthetic,scenario,Synthetic scenario assumption for FinalFlow demonstration; not observed event operations.
staggered_departure,2026-07-19T16:25:00Z,85,second_half,midtown_penn_walk,midtown_access,penn_station_access,0,7.0,1.3,955,1.0,synthetic,scenario,Synthetic scenario assumption for FinalFlow demonstration; not observed event operations.
staggered_departure,2026-07-19T16:25:00Z,85,second_half,penn_concourse,penn_station_access,penn_station_access,0,9.0,1.3,1228,1.0,synthetic,scenario,Synthetic scenario assumption for FinalFlow demonstration; not observed event operations.
staggered_departure,2026-07-19T16:25:00Z,85,second_half,secaucus_transfer,secaucus_transfer,secaucus_transfer,0,8.0,1.3,1092,1.0,synthetic,scenario,Synthetic scenario assumption for FinalFlow demonstration; not observed event operations.
staggered_departure,2026-07-19T16:25:00Z,85,second_half,meadowlands_platform,meadowlands_access,meadowlands_access,0,6.0,1.3,819,1.0,synthetic,scenario,Synthetic scenario assumption for FinalFlow demonstration; not observed event operations.
staggered_departure,2026-07-19T16:25:00Z,85,second_half,meadowlands_stadium_walk,meadowlands_access,stadium_egress,0,8.0,1.3,1092,1.0,synthetic,scenario,Synthetic scenario assumption for FinalFlow demonstration; not observed event operations.
staggered_departure,2026-07-19T16:25:00Z,85,second_half,stadium_egress_walk,stadium_egress,meadowlands_access,0,10.0,1.3,1365,1.0,synthetic,scenario,Synthetic scenario assumption for FinalFlow demonstration; not observed event operations.
staggered_departure,2026-07-19T16:30:00Z,90,second_half,midtown_penn_walk,midtown_access,penn_station_access,0,7.0,1.3,955,1.0,synthetic,scenario,Synthetic scenario assumption for FinalFlow demonstration; not observed event operations.
staggered_departure,2026-07-19T16:30:00Z,90,second_half,penn_concourse,penn_station_access,penn_station_access,0,9.0,1.3,1228,1.0,synthetic,scenario,Synthetic scenario assumption for FinalFlow demonstration; not observed event operations.
staggered_departure,2026-07-19T16:30:00Z,90,second_half,secaucus_transfer,secaucus_transfer,secaucus_transfer,0,8.0,1.3,1092,1.0,synthetic,scenario,Synthetic scenario assumption for FinalFlow demonstration; not observed event operations.
staggered_departure,2026-07-19T16:30:00Z,90,second_half,meadowlands_platform,meadowlands_access,meadowlands_access,0,6.0,1.3,819,1.0,synthetic,scenario,Synthetic scenario assumption for FinalFlow demonstration; not observed event operations.
staggered_departure,2026-07-19T16:30:00Z,90,second_half,meadowlands_stadium_walk,meadowlands_access,stadium_egress,0,8.0,1.3,1092,1.0,synthetic,scenario,Synthetic scenario assumption for FinalFlow demonstration; not observed event operations.
staggered_departure,2026-07-19T16:30:00Z,90,second_half,stadium_egress_walk,stadium_egress,meadowlands_access,0,10.0,1.3,1365,1.0,synthetic,scenario,Synthetic scenario assumption for FinalFlow demonstration; not observed event operations.
staggered_departure,2026-07-19T16:35:00Z,95,second_half,midtown_penn_walk,midtown_access,penn_station_access,0,7.0,1.3,955,1.0,synthetic,scenario,Synthetic scenario assumption for FinalFlow demonstration; not observed event operations.
staggered_departure,2026-07-19T16:35:00Z,95,second_half,penn_concourse,penn_station_access,penn_station_access,0,9.0,1.3,1228,1.0,synthetic,scenario,Synthetic scenario assumption for FinalFlow demonstration; not observed event operations.
staggered_departure,2026-07-19T16:35:00Z,95,second_half,secaucus_transfer,secaucus_transfer,secaucus_transfer,0,8.0,1.3,1092,1.0,synthetic,scenario,Synthetic scenario assumption for FinalFlow demonstration; not observed event operations.
staggered_departure,2026-07-19T16:35:00Z,95,second_half,meadowlands_platform,meadowlands_access,meadowlands_access,0,6.0,1.3,819,1.0,synthetic,scenario,Synthetic scenario assumption for FinalFlow demonstration; not observed event operations.
staggered_departure,2026-07-19T16:35:00Z,95,second_half,meadowlands_stadium_walk,meadowlands_access,stadium_egress,0,8.0,1.3,1092,1.0,synthetic,scenario,Synthetic scenario assumption for FinalFlow demonstration; not observed event operations.
staggered_departure,2026-07-19T16:35:00Z,95,second_half,stadium_egress_walk,stadium_egress,meadowlands_access,0,10.0,1.3,1365,1.0,synthetic,scenario,Synthetic scenario assumption for FinalFlow demonstration; not observed event operations.
staggered_departure,2026-07-19T16:40:00Z,100,second_half,midtown_penn_walk,midtown_access,penn_station_access,0,7.0,1.3,955,1.0,synthetic,scenario,Synthetic scenario assumption for FinalFlow demonstration; not observed event operations.
staggered_departure,2026-07-19T16:40:00Z,100,second_half,penn_concourse,penn_station_access,penn_station_access,0,9.0,1.3,1228,1.0,synthetic,scenario,Synthetic scenario assumption for FinalFlow demonstration; not observed event operations.
staggered_departure,2026-07-19T16:40:00Z,100,second_half,secaucus_transfer,secaucus_transfer,secaucus_transfer,0,8.0,1.3,1092,1.0,synthetic,scenario,Synthetic scenario assumption for FinalFlow demonstration; not observed event operations.
staggered_departure,2026-07-19T16:40:00Z,100,second_half,meadowlands_platform,meadowlands_access,meadowlands_access,0,6.0,1.3,819,1.0,synthetic,scenario,Synthetic scenario assumption for FinalFlow demonstration; not observed event operations.
staggered_departure,2026-07-19T16:40:00Z,100,second_half,meadowlands_stadium_walk,meadowlands_access,stadium_egress,0,8.0,1.3,1092,1.0,synthetic,scenario,Synthetic scenario assumption for FinalFlow demonstration; not observed event operations.
staggered_departure,2026-07-19T16:40:00Z,100,second_half,stadium_egress_walk,stadium_egress,meadowlands_access,0,10.0,1.3,1365,1.0,synthetic,scenario,Synthetic scenario assumption for FinalFlow demonstration; not observed event operations.
staggered_departure,2026-07-19T16:45:00Z,105,regulation_end,midtown_penn_walk,midtown_access,penn_station_access,0,7.0,1.3,955,1.0,synthetic,scenario,Synthetic scenario assumption for FinalFlow demonstration; not observed event operations.
staggered_departure,2026-07-19T16:45:00Z,105,regulation_end,penn_concourse,penn_station_access,penn_station_access,0,9.0,1.3,1228,1.0,synthetic,scenario,Synthetic scenario assumption for FinalFlow demonstration; not observed event operations.
staggered_departure,2026-07-19T16:45:00Z,105,regulation_end,secaucus_transfer,secaucus_transfer,secaucus_transfer,0,8.0,1.3,1092,1.0,synthetic,scenario,Synthetic scenario assumption for FinalFlow demonstration; not observed event operations.
staggered_departure,2026-07-19T16:45:00Z,105,regulation_end,meadowlands_platform,meadowlands_access,meadowlands_access,0,6.0,1.3,819,1.0,synthetic,scenario,Synthetic scenario assumption for FinalFlow demonstration; not observed event operations.
staggered_departure,2026-07-19T16:45:00Z,105,regulation_end,meadowlands_stadium_walk,meadowlands_access,stadium_egress,0,8.0,1.3,1092,1.0,synthetic,scenario,Synthetic scenario assumption for FinalFlow demonstration; not observed event operations.
staggered_departure,2026-07-19T16:45:00Z,105,regulation_end,stadium_egress_walk,stadium_egress,meadowlands_access,0,10.0,1.3,1365,1.0,synthetic,scenario,Synthetic scenario assumption for FinalFlow demonstration; not observed event operations.
staggered_departure,2026-07-19T16:50:00Z,110,extra_time,midtown_penn_walk,midtown_access,penn_station_access,0,7.0,1.3,955,1.0,synthetic,scenario,Synthetic scenario assumption for FinalFlow demonstration; not observed event operations.
staggered_departure,2026-07-19T16:50:00Z,110,extra_time,penn_concourse,penn_station_access,penn_station_access,0,9.0,1.3,1228,1.0,synthetic,scenario,Synthetic scenario assumption for FinalFlow demonstration; not observed event operations.
staggered_departure,2026-07-19T16:50:00Z,110,extra_time,secaucus_transfer,secaucus_transfer,secaucus_transfer,0,8.0,1.3,1092,1.0,synthetic,scenario,Synthetic scenario assumption for FinalFlow demonstration; not observed event operations.
staggered_departure,2026-07-19T16:50:00Z,110,extra_time,meadowlands_platform,meadowlands_access,meadowlands_access,0,6.0,1.3,819,1.0,synthetic,scenario,Synthetic scenario assumption for FinalFlow demonstration; not observed event operations.
staggered_departure,2026-07-19T16:50:00Z,110,extra_time,meadowlands_stadium_walk,meadowlands_access,stadium_egress,0,8.0,1.3,1092,1.0,synthetic,scenario,Synthetic scenario assumption for FinalFlow demonstration; not observed event operations.
staggered_departure,2026-07-19T16:50:00Z,110,extra_time,stadium_egress_walk,stadium_egress,meadowlands_access,0,10.0,1.3,1365,1.0,synthetic,scenario,Synthetic scenario assumption for FinalFlow demonstration; not observed event operations.
staggered_departure,2026-07-19T16:55:00Z,115,extra_time,midtown_penn_walk,midtown_access,penn_station_access,0,7.0,1.3,955,1.0,synthetic,scenario,Synthetic scenario assumption for FinalFlow demonstration; not observed event operations.
staggered_departure,2026-07-19T16:55:00Z,115,extra_time,penn_concourse,penn_station_access,penn_station_access,0,9.0,1.3,1228,1.0,synthetic,scenario,Synthetic scenario assumption for FinalFlow demonstration; not observed event operations.
staggered_departure,2026-07-19T16:55:00Z,115,extra_time,secaucus_transfer,secaucus_transfer,secaucus_transfer,0,8.0,1.3,1092,1.0,synthetic,scenario,Synthetic scenario assumption for FinalFlow demonstration; not observed event operations.
staggered_departure,2026-07-19T16:55:00Z,115,extra_time,meadowlands_platform,meadowlands_access,meadowlands_access,0,6.0,1.3,819,1.0,synthetic,scenario,Synthetic scenario assumption for FinalFlow demonstration; not observed event operations.
staggered_departure,2026-07-19T16:55:00Z,115,extra_time,meadowlands_stadium_walk,meadowlands_access,stadium_egress,0,8.0,1.3,1092,1.0,synthetic,scenario,Synthetic scenario assumption for FinalFlow demonstration; not observed event operations.
staggered_departure,2026-07-19T16:55:00Z,115,extra_time,stadium_egress_walk,stadium_egress,meadowlands_access,0,10.0,1.3,1365,1.0,synthetic,scenario,Synthetic scenario assumption for FinalFlow demonstration; not observed event operations.
staggered_departure,2026-07-19T17:00:00Z,120,extra_time,midtown_penn_walk,midtown_access,penn_station_access,0,7.0,1.3,955,1.0,synthetic,scenario,Synthetic scenario assumption for FinalFlow demonstration; not observed event operations.
staggered_departure,2026-07-19T17:00:00Z,120,extra_time,penn_concourse,penn_station_access,penn_station_access,0,9.0,1.3,1228,1.0,synthetic,scenario,Synthetic scenario assumption for FinalFlow demonstration; not observed event operations.
staggered_departure,2026-07-19T17:00:00Z,120,extra_time,secaucus_transfer,secaucus_transfer,secaucus_transfer,0,8.0,1.3,1092,1.0,synthetic,scenario,Synthetic scenario assumption for FinalFlow demonstration; not observed event operations.
staggered_departure,2026-07-19T17:00:00Z,120,extra_time,meadowlands_platform,meadowlands_access,meadowlands_access,0,6.0,1.3,819,1.0,synthetic,scenario,Synthetic scenario assumption for FinalFlow demonstration; not observed event operations.
staggered_departure,2026-07-19T17:00:00Z,120,extra_time,meadowlands_stadium_walk,meadowlands_access,stadium_egress,0,8.0,1.3,1092,1.0,synthetic,scenario,Synthetic scenario assumption for FinalFlow demonstration; not observed event operations.
staggered_departure,2026-07-19T17:00:00Z,120,extra_time,stadium_egress_walk,stadium_egress,meadowlands_access,0,10.0,1.3,1365,1.0,synthetic,scenario,Synthetic scenario assumption for FinalFlow demonstration; not observed event operations.
staggered_departure,2026-07-19T17:05:00Z,125,extra_time,midtown_penn_walk,midtown_access,penn_station_access,0,7.0,1.3,955,1.0,synthetic,scenario,Synthetic scenario assumption for FinalFlow demonstration; not observed event operations.
staggered_departure,2026-07-19T17:05:00Z,125,extra_time,penn_concourse,penn_station_access,penn_station_access,0,9.0,1.3,1228,1.0,synthetic,scenario,Synthetic scenario assumption for FinalFlow demonstration; not observed event operations.
staggered_departure,2026-07-19T17:05:00Z,125,extra_time,secaucus_transfer,secaucus_transfer,secaucus_transfer,0,8.0,1.3,1092,1.0,synthetic,scenario,Synthetic scenario assumption for FinalFlow demonstration; not observed event operations.
staggered_departure,2026-07-19T17:05:00Z,125,extra_time,meadowlands_platform,meadowlands_access,meadowlands_access,0,6.0,1.3,819,1.0,synthetic,scenario,Synthetic scenario assumption for FinalFlow demonstration; not observed event operations.
staggered_departure,2026-07-19T17:05:00Z,125,extra_time,meadowlands_stadium_walk,meadowlands_access,stadium_egress,0,8.0,1.3,1092,1.0,synthetic,scenario,Synthetic scenario assumption for FinalFlow demonstration; not observed event operations.
staggered_departure,2026-07-19T17:05:00Z,125,extra_time,stadium_egress_walk,stadium_egress,meadowlands_access,0,10.0,1.3,1365,1.0,synthetic,scenario,Synthetic scenario assumption for FinalFlow demonstration; not observed event operations.
staggered_departure,2026-07-19T17:10:00Z,130,extra_time,midtown_penn_walk,midtown_access,penn_station_access,0,7.0,1.3,955,1.0,synthetic,scenario,Synthetic scenario assumption for FinalFlow demonstration; not observed event operations.
staggered_departure,2026-07-19T17:10:00Z,130,extra_time,penn_concourse,penn_station_access,penn_station_access,0,9.0,1.3,1228,1.0,synthetic,scenario,Synthetic scenario assumption for FinalFlow demonstration; not observed event operations.
staggered_departure,2026-07-19T17:10:00Z,130,extra_time,secaucus_transfer,secaucus_transfer,secaucus_transfer,0,8.0,1.3,1092,1.0,synthetic,scenario,Synthetic scenario assumption for FinalFlow demonstration; not observed event operations.
staggered_departure,2026-07-19T17:10:00Z,130,extra_time,meadowlands_platform,meadowlands_access,meadowlands_access,0,6.0,1.3,819,1.0,synthetic,scenario,Synthetic scenario assumption for FinalFlow demonstration; not observed event operations.
staggered_departure,2026-07-19T17:10:00Z,130,extra_time,meadowlands_stadium_walk,meadowlands_access,stadium_egress,0,8.0,1.3,1092,1.0,synthetic,scenario,Synthetic scenario assumption for FinalFlow demonstration; not observed event operations.
staggered_departure,2026-07-19T17:10:00Z,130,extra_time,stadium_egress_walk,stadium_egress,meadowlands_access,0,10.0,1.3,1365,1.0,synthetic,scenario,Synthetic scenario assumption for FinalFlow demonstration; not observed event operations.
staggered_departure,2026-07-19T17:15:00Z,135,final_whistle,midtown_penn_walk,midtown_access,penn_station_access,2,7.0,1.3,955,1.0,synthetic,scenario,Synthetic scenario assumption for FinalFlow demonstration; not observed event operations.
staggered_departure,2026-07-19T17:15:00Z,135,final_whistle,penn_concourse,penn_station_access,penn_station_access,2,9.0,1.3,1228,1.0,synthetic,scenario,Synthetic scenario assumption for FinalFlow demonstration; not observed event operations.
staggered_departure,2026-07-19T17:15:00Z,135,final_whistle,secaucus_transfer,secaucus_transfer,secaucus_transfer,2,8.0,1.3,1092,1.0,synthetic,scenario,Synthetic scenario assumption for FinalFlow demonstration; not observed event operations.
staggered_departure,2026-07-19T17:15:00Z,135,final_whistle,meadowlands_platform,meadowlands_access,meadowlands_access,2,6.0,1.3,819,1.0,synthetic,scenario,Synthetic scenario assumption for FinalFlow demonstration; not observed event operations.
staggered_departure,2026-07-19T17:15:00Z,135,final_whistle,meadowlands_stadium_walk,meadowlands_access,stadium_egress,2,8.0,1.3,1092,1.0,synthetic,scenario,Synthetic scenario assumption for FinalFlow demonstration; not observed event operations.
staggered_departure,2026-07-19T17:15:00Z,135,final_whistle,stadium_egress_walk,stadium_egress,meadowlands_access,2,10.0,1.3,1365,1.0,synthetic,scenario,Synthetic scenario assumption for FinalFlow demonstration; not observed event operations.
staggered_departure,2026-07-19T17:20:00Z,140,post_match,midtown_penn_walk,midtown_access,penn_station_access,5,7.0,1.3,955,1.0,synthetic,scenario,Synthetic scenario assumption for FinalFlow demonstration; not observed event operations.
staggered_departure,2026-07-19T17:20:00Z,140,post_match,penn_concourse,penn_station_access,penn_station_access,5,9.0,1.3,1228,1.0,synthetic,scenario,Synthetic scenario assumption for FinalFlow demonstration; not observed event operations.
staggered_departure,2026-07-19T17:20:00Z,140,post_match,secaucus_transfer,secaucus_transfer,secaucus_transfer,5,8.0,1.3,1092,1.0,synthetic,scenario,Synthetic scenario assumption for FinalFlow demonstration; not observed event operations.
staggered_departure,2026-07-19T17:20:00Z,140,post_match,meadowlands_platform,meadowlands_access,meadowlands_access,5,6.0,1.3,819,1.0,synthetic,scenario,Synthetic scenario assumption for FinalFlow demonstration; not observed event operations.
staggered_departure,2026-07-19T17:20:00Z,140,post_match,meadowlands_stadium_walk,meadowlands_access,stadium_egress,5,8.0,1.3,1092,1.0,synthetic,scenario,Synthetic scenario assumption for FinalFlow demonstration; not observed event operations.
staggered_departure,2026-07-19T17:20:00Z,140,post_match,stadium_egress_walk,stadium_egress,meadowlands_access,5,10.0,1.3,1365,1.0,synthetic,scenario,Synthetic scenario assumption for FinalFlow demonstration; not observed event operations.
staggered_departure,2026-07-19T17:25:00Z,145,post_match,midtown_penn_walk,midtown_access,penn_station_access,15,7.0,1.3,955,1.0,synthetic,scenario,Synthetic scenario assumption for FinalFlow demonstration; not observed event operations.
staggered_departure,2026-07-19T17:25:00Z,145,post_match,penn_concourse,penn_station_access,penn_station_access,15,9.0,1.3,1228,1.0,synthetic,scenario,Synthetic scenario assumption for FinalFlow demonstration; not observed event operations.
staggered_departure,2026-07-19T17:25:00Z,145,post_match,secaucus_transfer,secaucus_transfer,secaucus_transfer,15,8.0,1.3,1092,1.0,synthetic,scenario,Synthetic scenario assumption for FinalFlow demonstration; not observed event operations.
staggered_departure,2026-07-19T17:25:00Z,145,post_match,meadowlands_platform,meadowlands_access,meadowlands_access,15,6.0,1.3,819,1.0,synthetic,scenario,Synthetic scenario assumption for FinalFlow demonstration; not observed event operations.
staggered_departure,2026-07-19T17:25:00Z,145,post_match,meadowlands_stadium_walk,meadowlands_access,stadium_egress,15,8.0,1.3,1092,1.0,synthetic,scenario,Synthetic scenario assumption for FinalFlow demonstration; not observed event operations.
staggered_departure,2026-07-19T17:25:00Z,145,post_match,stadium_egress_walk,stadium_egress,meadowlands_access,15,10.0,1.3,1365,1.0,synthetic,scenario,Synthetic scenario assumption for FinalFlow demonstration; not observed event operations.
staggered_departure,2026-07-19T17:30:00Z,150,post_match,midtown_penn_walk,midtown_access,penn_station_access,18,7.0,1.3,955,1.0,synthetic,scenario,Synthetic scenario assumption for FinalFlow demonstration; not observed event operations.
staggered_departure,2026-07-19T17:30:00Z,150,post_match,penn_concourse,penn_station_access,penn_station_access,18,9.0,1.3,1228,1.0,synthetic,scenario,Synthetic scenario assumption for FinalFlow demonstration; not observed event operations.
staggered_departure,2026-07-19T17:30:00Z,150,post_match,secaucus_transfer,secaucus_transfer,secaucus_transfer,18,8.0,1.3,1092,1.0,synthetic,scenario,Synthetic scenario assumption for FinalFlow demonstration; not observed event operations.
staggered_departure,2026-07-19T17:30:00Z,150,post_match,meadowlands_platform,meadowlands_access,meadowlands_access,18,6.0,1.3,819,1.0,synthetic,scenario,Synthetic scenario assumption for FinalFlow demonstration; not observed event operations.
staggered_departure,2026-07-19T17:30:00Z,150,post_match,meadowlands_stadium_walk,meadowlands_access,stadium_egress,18,8.0,1.3,1092,1.0,synthetic,scenario,Synthetic scenario assumption for FinalFlow demonstration; not observed event operations.
staggered_departure,2026-07-19T17:30:00Z,150,post_match,stadium_egress_walk,stadium_egress,meadowlands_access,18,10.0,1.3,1365,1.0,synthetic,scenario,Synthetic scenario assumption for FinalFlow demonstration; not observed event operations.
staggered_departure,2026-07-19T17:35:00Z,155,post_match,midtown_penn_walk,midtown_access,penn_station_access,21,7.0,1.3,955,1.0,synthetic,scenario,Synthetic scenario assumption for FinalFlow demonstration; not observed event operations.
staggered_departure,2026-07-19T17:35:00Z,155,post_match,penn_concourse,penn_station_access,penn_station_access,21,9.0,1.3,1228,1.0,synthetic,scenario,Synthetic scenario assumption for FinalFlow demonstration; not observed event operations.
staggered_departure,2026-07-19T17:35:00Z,155,post_match,secaucus_transfer,secaucus_transfer,secaucus_transfer,21,8.0,1.3,1092,1.0,synthetic,scenario,Synthetic scenario assumption for FinalFlow demonstration; not observed event operations.
staggered_departure,2026-07-19T17:35:00Z,155,post_match,meadowlands_platform,meadowlands_access,meadowlands_access,21,6.0,1.3,819,1.0,synthetic,scenario,Synthetic scenario assumption for FinalFlow demonstration; not observed event operations.
staggered_departure,2026-07-19T17:35:00Z,155,post_match,meadowlands_stadium_walk,meadowlands_access,stadium_egress,21,8.0,1.3,1092,1.0,synthetic,scenario,Synthetic scenario assumption for FinalFlow demonstration; not observed event operations.
staggered_departure,2026-07-19T17:35:00Z,155,post_match,stadium_egress_walk,stadium_egress,meadowlands_access,21,10.0,1.3,1365,1.0,synthetic,scenario,Synthetic scenario assumption for FinalFlow demonstration; not observed event operations.
staggered_departure,2026-07-19T17:40:00Z,160,post_match,midtown_penn_walk,midtown_access,penn_station_access,26,7.0,1.3,955,1.0,synthetic,scenario,Synthetic scenario assumption for FinalFlow demonstration; not observed event operations.
staggered_departure,2026-07-19T17:40:00Z,160,post_match,penn_concourse,penn_station_access,penn_station_access,26,9.0,1.3,1228,1.0,synthetic,scenario,Synthetic scenario assumption for FinalFlow demonstration; not observed event operations.
staggered_departure,2026-07-19T17:40:00Z,160,post_match,secaucus_transfer,secaucus_transfer,secaucus_transfer,26,8.0,1.3,1092,1.0,synthetic,scenario,Synthetic scenario assumption for FinalFlow demonstration; not observed event operations.
staggered_departure,2026-07-19T17:40:00Z,160,post_match,meadowlands_platform,meadowlands_access,meadowlands_access,26,6.0,1.3,819,1.0,synthetic,scenario,Synthetic scenario assumption for FinalFlow demonstration; not observed event operations.
staggered_departure,2026-07-19T17:40:00Z,160,post_match,meadowlands_stadium_walk,meadowlands_access,stadium_egress,26,8.0,1.3,1092,1.0,synthetic,scenario,Synthetic scenario assumption for FinalFlow demonstration; not observed event operations.
staggered_departure,2026-07-19T17:40:00Z,160,post_match,stadium_egress_walk,stadium_egress,meadowlands_access,26,10.0,1.3,1365,1.0,synthetic,scenario,Synthetic scenario assumption for FinalFlow demonstration; not observed event operations.
staggered_departure,2026-07-19T17:45:00Z,165,post_match,midtown_penn_walk,midtown_access,penn_station_access,29,7.0,1.3,955,1.0,synthetic,scenario,Synthetic scenario assumption for FinalFlow demonstration; not observed event operations.
staggered_departure,2026-07-19T17:45:00Z,165,post_match,penn_concourse,penn_station_access,penn_station_access,29,9.0,1.3,1228,1.0,synthetic,scenario,Synthetic scenario assumption for FinalFlow demonstration; not observed event operations.
staggered_departure,2026-07-19T17:45:00Z,165,post_match,secaucus_transfer,secaucus_transfer,secaucus_transfer,29,8.0,1.3,1092,1.0,synthetic,scenario,Synthetic scenario assumption for FinalFlow demonstration; not observed event operations.
staggered_departure,2026-07-19T17:45:00Z,165,post_match,meadowlands_platform,meadowlands_access,meadowlands_access,29,6.0,1.3,819,1.0,synthetic,scenario,Synthetic scenario assumption for FinalFlow demonstration; not observed event operations.
staggered_departure,2026-07-19T17:45:00Z,165,post_match,meadowlands_stadium_walk,meadowlands_access,stadium_egress,29,8.0,1.3,1092,1.0,synthetic,scenario,Synthetic scenario assumption for FinalFlow demonstration; not observed event operations.
staggered_departure,2026-07-19T17:45:00Z,165,post_match,stadium_egress_walk,stadium_egress,meadowlands_access,29,10.0,1.3,1365,1.0,synthetic,scenario,Synthetic scenario assumption for FinalFlow demonstration; not observed event operations.
staggered_departure,2026-07-19T17:50:00Z,170,post_match,midtown_penn_walk,midtown_access,penn_station_access,34,7.0,1.3,955,1.0,synthetic,scenario,Synthetic scenario assumption for FinalFlow demonstration; not observed event operations.
staggered_departure,2026-07-19T17:50:00Z,170,post_match,penn_concourse,penn_station_access,penn_station_access,34,9.0,1.3,1228,1.0,synthetic,scenario,Synthetic scenario assumption for FinalFlow demonstration; not observed event operations.
staggered_departure,2026-07-19T17:50:00Z,170,post_match,secaucus_transfer,secaucus_transfer,secaucus_transfer,34,8.0,1.3,1092,1.0,synthetic,scenario,Synthetic scenario assumption for FinalFlow demonstration; not observed event operations.
staggered_departure,2026-07-19T17:50:00Z,170,post_match,meadowlands_platform,meadowlands_access,meadowlands_access,34,6.0,1.3,819,1.0,synthetic,scenario,Synthetic scenario assumption for FinalFlow demonstration; not observed event operations.
staggered_departure,2026-07-19T17:50:00Z,170,post_match,meadowlands_stadium_walk,meadowlands_access,stadium_egress,34,8.0,1.3,1092,1.0,synthetic,scenario,Synthetic scenario assumption for FinalFlow demonstration; not observed event operations.
staggered_departure,2026-07-19T17:50:00Z,170,post_match,stadium_egress_walk,stadium_egress,meadowlands_access,34,10.0,1.3,1365,1.0,synthetic,scenario,Synthetic scenario assumption for FinalFlow demonstration; not observed event operations.
staggered_departure,2026-07-19T17:55:00Z,175,post_match,midtown_penn_walk,midtown_access,penn_station_access,36,7.0,1.3,955,1.0,synthetic,scenario,Synthetic scenario assumption for FinalFlow demonstration; not observed event operations.
staggered_departure,2026-07-19T17:55:00Z,175,post_match,penn_concourse,penn_station_access,penn_station_access,36,9.0,1.3,1228,1.0,synthetic,scenario,Synthetic scenario assumption for FinalFlow demonstration; not observed event operations.
staggered_departure,2026-07-19T17:55:00Z,175,post_match,secaucus_transfer,secaucus_transfer,secaucus_transfer,36,8.0,1.3,1092,1.0,synthetic,scenario,Synthetic scenario assumption for FinalFlow demonstration; not observed event operations.
staggered_departure,2026-07-19T17:55:00Z,175,post_match,meadowlands_platform,meadowlands_access,meadowlands_access,36,6.0,1.3,819,1.0,synthetic,scenario,Synthetic scenario assumption for FinalFlow demonstration; not observed event operations.
staggered_departure,2026-07-19T17:55:00Z,175,post_match,meadowlands_stadium_walk,meadowlands_access,stadium_egress,36,8.0,1.3,1092,1.0,synthetic,scenario,Synthetic scenario assumption for FinalFlow demonstration; not observed event operations.
staggered_departure,2026-07-19T17:55:00Z,175,post_match,stadium_egress_walk,stadium_egress,meadowlands_access,36,10.0,1.3,1365,1.0,synthetic,scenario,Synthetic scenario assumption for FinalFlow demonstration; not observed event operations.
staggered_departure,2026-07-19T18:00:00Z,180,post_match,midtown_penn_walk,midtown_access,penn_station_access,40,7.0,1.3,955,1.0,synthetic,scenario,Synthetic scenario assumption for FinalFlow demonstration; not observed event operations.
staggered_departure,2026-07-19T18:00:00Z,180,post_match,penn_concourse,penn_station_access,penn_station_access,40,9.0,1.3,1228,1.0,synthetic,scenario,Synthetic scenario assumption for FinalFlow demonstration; not observed event operations.
staggered_departure,2026-07-19T18:00:00Z,180,post_match,secaucus_transfer,secaucus_transfer,secaucus_transfer,40,8.0,1.3,1092,1.0,synthetic,scenario,Synthetic scenario assumption for FinalFlow demonstration; not observed event operations.
staggered_departure,2026-07-19T18:00:00Z,180,post_match,meadowlands_platform,meadowlands_access,meadowlands_access,40,6.0,1.3,819,1.0,synthetic,scenario,Synthetic scenario assumption for FinalFlow demonstration; not observed event operations.
staggered_departure,2026-07-19T18:00:00Z,180,post_match,meadowlands_stadium_walk,meadowlands_access,stadium_egress,40,8.0,1.3,1092,1.0,synthetic,scenario,Synthetic scenario assumption for FinalFlow demonstration; not observed event operations.
staggered_departure,2026-07-19T18:00:00Z,180,post_match,stadium_egress_walk,stadium_egress,meadowlands_access,40,10.0,1.3,1365,1.0,synthetic,scenario,Synthetic scenario assumption for FinalFlow demonstration; not observed event operations.
staggered_departure,2026-07-19T18:05:00Z,185,post_match,midtown_penn_walk,midtown_access,penn_station_access,45,7.0,1.3,955,1.0,synthetic,scenario,Synthetic scenario assumption for FinalFlow demonstration; not observed event operations.
staggered_departure,2026-07-19T18:05:00Z,185,post_match,penn_concourse,penn_station_access,penn_station_access,45,9.0,1.3,1228,1.0,synthetic,scenario,Synthetic scenario assumption for FinalFlow demonstration; not observed event operations.
staggered_departure,2026-07-19T18:05:00Z,185,post_match,secaucus_transfer,secaucus_transfer,secaucus_transfer,45,8.0,1.3,1092,1.0,synthetic,scenario,Synthetic scenario assumption for FinalFlow demonstration; not observed event operations.
staggered_departure,2026-07-19T18:05:00Z,185,post_match,meadowlands_platform,meadowlands_access,meadowlands_access,45,6.0,1.3,819,1.0,synthetic,scenario,Synthetic scenario assumption for FinalFlow demonstration; not observed event operations.
staggered_departure,2026-07-19T18:05:00Z,185,post_match,meadowlands_stadium_walk,meadowlands_access,stadium_egress,45,8.0,1.3,1092,1.0,synthetic,scenario,Synthetic scenario assumption for FinalFlow demonstration; not observed event operations.
staggered_departure,2026-07-19T18:05:00Z,185,post_match,stadium_egress_walk,stadium_egress,meadowlands_access,45,10.0,1.3,1365,1.0,synthetic,scenario,Synthetic scenario assumption for FinalFlow demonstration; not observed event operations.
staggered_departure,2026-07-19T18:10:00Z,190,post_match,midtown_penn_walk,midtown_access,penn_station_access,48,7.0,1.3,955,1.0,synthetic,scenario,Synthetic scenario assumption for FinalFlow demonstration; not observed event operations.
staggered_departure,2026-07-19T18:10:00Z,190,post_match,penn_concourse,penn_station_access,penn_station_access,48,9.0,1.3,1228,1.0,synthetic,scenario,Synthetic scenario assumption for FinalFlow demonstration; not observed event operations.
staggered_departure,2026-07-19T18:10:00Z,190,post_match,secaucus_transfer,secaucus_transfer,secaucus_transfer,48,8.0,1.3,1092,1.0,synthetic,scenario,Synthetic scenario assumption for FinalFlow demonstration; not observed event operations.
staggered_departure,2026-07-19T18:10:00Z,190,post_match,meadowlands_platform,meadowlands_access,meadowlands_access,48,6.0,1.3,819,1.0,synthetic,scenario,Synthetic scenario assumption for FinalFlow demonstration; not observed event operations.
staggered_departure,2026-07-19T18:10:00Z,190,post_match,meadowlands_stadium_walk,meadowlands_access,stadium_egress,48,8.0,1.3,1092,1.0,synthetic,scenario,Synthetic scenario assumption for FinalFlow demonstration; not observed event operations.
staggered_departure,2026-07-19T18:10:00Z,190,post_match,stadium_egress_walk,stadium_egress,meadowlands_access,48,10.0,1.3,1365,1.0,synthetic,scenario,Synthetic scenario assumption for FinalFlow demonstration; not observed event operations.
staggered_departure,2026-07-19T18:15:00Z,195,post_match,midtown_penn_walk,midtown_access,penn_station_access,48,7.0,1.3,955,1.0,synthetic,scenario,Synthetic scenario assumption for FinalFlow demonstration; not observed event operations.
staggered_departure,2026-07-19T18:15:00Z,195,post_match,penn_concourse,penn_station_access,penn_station_access,48,9.0,1.3,1228,1.0,synthetic,scenario,Synthetic scenario assumption for FinalFlow demonstration; not observed event operations.
staggered_departure,2026-07-19T18:15:00Z,195,post_match,secaucus_transfer,secaucus_transfer,secaucus_transfer,48,8.0,1.3,1092,1.0,synthetic,scenario,Synthetic scenario assumption for FinalFlow demonstration; not observed event operations.
staggered_departure,2026-07-19T18:15:00Z,195,post_match,meadowlands_platform,meadowlands_access,meadowlands_access,48,6.0,1.3,819,1.0,synthetic,scenario,Synthetic scenario assumption for FinalFlow demonstration; not observed event operations.
staggered_departure,2026-07-19T18:15:00Z,195,post_match,meadowlands_stadium_walk,meadowlands_access,stadium_egress,48,8.0,1.3,1092,1.0,synthetic,scenario,Synthetic scenario assumption for FinalFlow demonstration; not observed event operations.
staggered_departure,2026-07-19T18:15:00Z,195,post_match,stadium_egress_walk,stadium_egress,meadowlands_access,48,10.0,1.3,1365,1.0,synthetic,scenario,Synthetic scenario assumption for FinalFlow demonstration; not observed event operations.
staggered_departure,2026-07-19T18:20:00Z,200,post_match,midtown_penn_walk,midtown_access,penn_station_access,48,7.0,1.3,955,1.0,synthetic,scenario,Synthetic scenario assumption for FinalFlow demonstration; not observed event operations.
staggered_departure,2026-07-19T18:20:00Z,200,post_match,penn_concourse,penn_station_access,penn_station_access,48,9.0,1.3,1228,1.0,synthetic,scenario,Synthetic scenario assumption for FinalFlow demonstration; not observed event operations.
staggered_departure,2026-07-19T18:20:00Z,200,post_match,secaucus_transfer,secaucus_transfer,secaucus_transfer,48,8.0,1.3,1092,1.0,synthetic,scenario,Synthetic scenario assumption for FinalFlow demonstration; not observed event operations.
staggered_departure,2026-07-19T18:20:00Z,200,post_match,meadowlands_platform,meadowlands_access,meadowlands_access,48,6.0,1.3,819,1.0,synthetic,scenario,Synthetic scenario assumption for FinalFlow demonstration; not observed event operations.
staggered_departure,2026-07-19T18:20:00Z,200,post_match,meadowlands_stadium_walk,meadowlands_access,stadium_egress,48,8.0,1.3,1092,1.0,synthetic,scenario,Synthetic scenario assumption for FinalFlow demonstration; not observed event operations.
staggered_departure,2026-07-19T18:20:00Z,200,post_match,stadium_egress_walk,stadium_egress,meadowlands_access,48,10.0,1.3,1365,1.0,synthetic,scenario,Synthetic scenario assumption for FinalFlow demonstration; not observed event operations.
staggered_departure,2026-07-19T18:25:00Z,205,post_match,midtown_penn_walk,midtown_access,penn_station_access,48,7.0,1.3,955,1.0,synthetic,scenario,Synthetic scenario assumption for FinalFlow demonstration; not observed event operations.
staggered_departure,2026-07-19T18:25:00Z,205,post_match,penn_concourse,penn_station_access,penn_station_access,48,9.0,1.3,1228,1.0,synthetic,scenario,Synthetic scenario assumption for FinalFlow demonstration; not observed event operations.
staggered_departure,2026-07-19T18:25:00Z,205,post_match,secaucus_transfer,secaucus_transfer,secaucus_transfer,48,8.0,1.3,1092,1.0,synthetic,scenario,Synthetic scenario assumption for FinalFlow demonstration; not observed event operations.
staggered_departure,2026-07-19T18:25:00Z,205,post_match,meadowlands_platform,meadowlands_access,meadowlands_access,48,6.0,1.3,819,1.0,synthetic,scenario,Synthetic scenario assumption for FinalFlow demonstration; not observed event operations.
staggered_departure,2026-07-19T18:25:00Z,205,post_match,meadowlands_stadium_walk,meadowlands_access,stadium_egress,48,8.0,1.3,1092,1.0,synthetic,scenario,Synthetic scenario assumption for FinalFlow demonstration; not observed event operations.
staggered_departure,2026-07-19T18:25:00Z,205,post_match,stadium_egress_walk,stadium_egress,meadowlands_access,48,10.0,1.3,1365,1.0,synthetic,scenario,Synthetic scenario assumption for FinalFlow demonstration; not observed event operations.
staggered_departure,2026-07-19T18:30:00Z,210,post_match,midtown_penn_walk,midtown_access,penn_station_access,48,7.0,1.3,955,1.0,synthetic,scenario,Synthetic scenario assumption for FinalFlow demonstration; not observed event operations.
staggered_departure,2026-07-19T18:30:00Z,210,post_match,penn_concourse,penn_station_access,penn_station_access,48,9.0,1.3,1228,1.0,synthetic,scenario,Synthetic scenario assumption for FinalFlow demonstration; not observed event operations.
staggered_departure,2026-07-19T18:30:00Z,210,post_match,secaucus_transfer,secaucus_transfer,secaucus_transfer,48,8.0,1.3,1092,1.0,synthetic,scenario,Synthetic scenario assumption for FinalFlow demonstration; not observed event operations.
staggered_departure,2026-07-19T18:30:00Z,210,post_match,meadowlands_platform,meadowlands_access,meadowlands_access,48,6.0,1.3,819,1.0,synthetic,scenario,Synthetic scenario assumption for FinalFlow demonstration; not observed event operations.
staggered_departure,2026-07-19T18:30:00Z,210,post_match,meadowlands_stadium_walk,meadowlands_access,stadium_egress,48,8.0,1.3,1092,1.0,synthetic,scenario,Synthetic scenario assumption for FinalFlow demonstration; not observed event operations.
staggered_departure,2026-07-19T18:30:00Z,210,post_match,stadium_egress_walk,stadium_egress,meadowlands_access,48,10.0,1.3,1365,1.0,synthetic,scenario,Synthetic scenario assumption for FinalFlow demonstration; not observed event operations.
staggered_departure,2026-07-19T18:35:00Z,215,post_match,midtown_penn_walk,midtown_access,penn_station_access,48,7.0,1.3,955,1.0,synthetic,scenario,Synthetic scenario assumption for FinalFlow demonstration; not observed event operations.
staggered_departure,2026-07-19T18:35:00Z,215,post_match,penn_concourse,penn_station_access,penn_station_access,48,9.0,1.3,1228,1.0,synthetic,scenario,Synthetic scenario assumption for FinalFlow demonstration; not observed event operations.
staggered_departure,2026-07-19T18:35:00Z,215,post_match,secaucus_transfer,secaucus_transfer,secaucus_transfer,48,8.0,1.3,1092,1.0,synthetic,scenario,Synthetic scenario assumption for FinalFlow demonstration; not observed event operations.
staggered_departure,2026-07-19T18:35:00Z,215,post_match,meadowlands_platform,meadowlands_access,meadowlands_access,48,6.0,1.3,819,1.0,synthetic,scenario,Synthetic scenario assumption for FinalFlow demonstration; not observed event operations.
staggered_departure,2026-07-19T18:35:00Z,215,post_match,meadowlands_stadium_walk,meadowlands_access,stadium_egress,48,8.0,1.3,1092,1.0,synthetic,scenario,Synthetic scenario assumption for FinalFlow demonstration; not observed event operations.
staggered_departure,2026-07-19T18:35:00Z,215,post_match,stadium_egress_walk,stadium_egress,meadowlands_access,48,10.0,1.3,1365,1.0,synthetic,scenario,Synthetic scenario assumption for FinalFlow demonstration; not observed event operations.
staggered_departure,2026-07-19T18:40:00Z,220,post_match,midtown_penn_walk,midtown_access,penn_station_access,48,7.0,1.3,955,1.0,synthetic,scenario,Synthetic scenario assumption for FinalFlow demonstration; not observed event operations.
staggered_departure,2026-07-19T18:40:00Z,220,post_match,penn_concourse,penn_station_access,penn_station_access,48,9.0,1.3,1228,1.0,synthetic,scenario,Synthetic scenario assumption for FinalFlow demonstration; not observed event operations.
staggered_departure,2026-07-19T18:40:00Z,220,post_match,secaucus_transfer,secaucus_transfer,secaucus_transfer,48,8.0,1.3,1092,1.0,synthetic,scenario,Synthetic scenario assumption for FinalFlow demonstration; not observed event operations.
staggered_departure,2026-07-19T18:40:00Z,220,post_match,meadowlands_platform,meadowlands_access,meadowlands_access,48,6.0,1.3,819,1.0,synthetic,scenario,Synthetic scenario assumption for FinalFlow demonstration; not observed event operations.
staggered_departure,2026-07-19T18:40:00Z,220,post_match,meadowlands_stadium_walk,meadowlands_access,stadium_egress,48,8.0,1.3,1092,1.0,synthetic,scenario,Synthetic scenario assumption for FinalFlow demonstration; not observed event operations.
staggered_departure,2026-07-19T18:40:00Z,220,post_match,stadium_egress_walk,stadium_egress,meadowlands_access,48,10.0,1.3,1365,1.0,synthetic,scenario,Synthetic scenario assumption for FinalFlow demonstration; not observed event operations.
staggered_departure,2026-07-19T18:45:00Z,225,post_match,midtown_penn_walk,midtown_access,penn_station_access,48,7.0,1.3,955,1.0,synthetic,scenario,Synthetic scenario assumption for FinalFlow demonstration; not observed event operations.
staggered_departure,2026-07-19T18:45:00Z,225,post_match,penn_concourse,penn_station_access,penn_station_access,48,9.0,1.3,1228,1.0,synthetic,scenario,Synthetic scenario assumption for FinalFlow demonstration; not observed event operations.
staggered_departure,2026-07-19T18:45:00Z,225,post_match,secaucus_transfer,secaucus_transfer,secaucus_transfer,48,8.0,1.3,1092,1.0,synthetic,scenario,Synthetic scenario assumption for FinalFlow demonstration; not observed event operations.
staggered_departure,2026-07-19T18:45:00Z,225,post_match,meadowlands_platform,meadowlands_access,meadowlands_access,48,6.0,1.3,819,1.0,synthetic,scenario,Synthetic scenario assumption for FinalFlow demonstration; not observed event operations.
staggered_departure,2026-07-19T18:45:00Z,225,post_match,meadowlands_stadium_walk,meadowlands_access,stadium_egress,48,8.0,1.3,1092,1.0,synthetic,scenario,Synthetic scenario assumption for FinalFlow demonstration; not observed event operations.
staggered_departure,2026-07-19T18:45:00Z,225,post_match,stadium_egress_walk,stadium_egress,meadowlands_access,48,10.0,1.3,1365,1.0,synthetic,scenario,Synthetic scenario assumption for FinalFlow demonstration; not observed event operations.
staggered_departure,2026-07-19T18:50:00Z,230,post_match,midtown_penn_walk,midtown_access,penn_station_access,48,7.0,1.3,955,1.0,synthetic,scenario,Synthetic scenario assumption for FinalFlow demonstration; not observed event operations.
staggered_departure,2026-07-19T18:50:00Z,230,post_match,penn_concourse,penn_station_access,penn_station_access,48,9.0,1.3,1228,1.0,synthetic,scenario,Synthetic scenario assumption for FinalFlow demonstration; not observed event operations.
staggered_departure,2026-07-19T18:50:00Z,230,post_match,secaucus_transfer,secaucus_transfer,secaucus_transfer,48,8.0,1.3,1092,1.0,synthetic,scenario,Synthetic scenario assumption for FinalFlow demonstration; not observed event operations.
staggered_departure,2026-07-19T18:50:00Z,230,post_match,meadowlands_platform,meadowlands_access,meadowlands_access,48,6.0,1.3,819,1.0,synthetic,scenario,Synthetic scenario assumption for FinalFlow demonstration; not observed event operations.
staggered_departure,2026-07-19T18:50:00Z,230,post_match,meadowlands_stadium_walk,meadowlands_access,stadium_egress,48,8.0,1.3,1092,1.0,synthetic,scenario,Synthetic scenario assumption for FinalFlow demonstration; not observed event operations.
staggered_departure,2026-07-19T18:50:00Z,230,post_match,stadium_egress_walk,stadium_egress,meadowlands_access,48,10.0,1.3,1365,1.0,synthetic,scenario,Synthetic scenario assumption for FinalFlow demonstration; not observed event operations.
staggered_departure,2026-07-19T18:55:00Z,235,post_match,midtown_penn_walk,midtown_access,penn_station_access,48,7.0,1.3,955,1.0,synthetic,scenario,Synthetic scenario assumption for FinalFlow demonstration; not observed event operations.
staggered_departure,2026-07-19T18:55:00Z,235,post_match,penn_concourse,penn_station_access,penn_station_access,48,9.0,1.3,1228,1.0,synthetic,scenario,Synthetic scenario assumption for FinalFlow demonstration; not observed event operations.
staggered_departure,2026-07-19T18:55:00Z,235,post_match,secaucus_transfer,secaucus_transfer,secaucus_transfer,48,8.0,1.3,1092,1.0,synthetic,scenario,Synthetic scenario assumption for FinalFlow demonstration; not observed event operations.
staggered_departure,2026-07-19T18:55:00Z,235,post_match,meadowlands_platform,meadowlands_access,meadowlands_access,48,6.0,1.3,819,1.0,synthetic,scenario,Synthetic scenario assumption for FinalFlow demonstration; not observed event operations.
staggered_departure,2026-07-19T18:55:00Z,235,post_match,meadowlands_stadium_walk,meadowlands_access,stadium_egress,48,8.0,1.3,1092,1.0,synthetic,scenario,Synthetic scenario assumption for FinalFlow demonstration; not observed event operations.
staggered_departure,2026-07-19T18:55:00Z,235,post_match,stadium_egress_walk,stadium_egress,meadowlands_access,48,10.0,1.3,1365,1.0,synthetic,scenario,Synthetic scenario assumption for FinalFlow demonstration; not observed event operations.
staggered_departure,2026-07-19T19:00:00Z,240,post_match,midtown_penn_walk,midtown_access,penn_station_access,48,7.0,1.3,955,1.0,synthetic,scenario,Synthetic scenario assumption for FinalFlow demonstration; not observed event operations.
staggered_departure,2026-07-19T19:00:00Z,240,post_match,penn_concourse,penn_station_access,penn_station_access,48,9.0,1.3,1228,1.0,synthetic,scenario,Synthetic scenario assumption for FinalFlow demonstration; not observed event operations.
staggered_departure,2026-07-19T19:00:00Z,240,post_match,secaucus_transfer,secaucus_transfer,secaucus_transfer,48,8.0,1.3,1092,1.0,synthetic,scenario,Synthetic scenario assumption for FinalFlow demonstration; not observed event operations.
staggered_departure,2026-07-19T19:00:00Z,240,post_match,meadowlands_platform,meadowlands_access,meadowlands_access,48,6.0,1.3,819,1.0,synthetic,scenario,Synthetic scenario assumption for FinalFlow demonstration; not observed event operations.
staggered_departure,2026-07-19T19:00:00Z,240,post_match,meadowlands_stadium_walk,meadowlands_access,stadium_egress,48,8.0,1.3,1092,1.0,synthetic,scenario,Synthetic scenario assumption for FinalFlow demonstration; not observed event operations.
staggered_departure,2026-07-19T19:00:00Z,240,post_match,stadium_egress_walk,stadium_egress,meadowlands_access,48,10.0,1.3,1365,1.0,synthetic,scenario,Synthetic scenario assumption for FinalFlow demonstration; not observed event operations.
staggered_departure,2026-07-19T19:05:00Z,245,post_match,midtown_penn_walk,midtown_access,penn_station_access,48,7.0,1.3,955,1.0,synthetic,scenario,Synthetic scenario assumption for FinalFlow demonstration; not observed event operations.
staggered_departure,2026-07-19T19:05:00Z,245,post_match,penn_concourse,penn_station_access,penn_station_access,48,9.0,1.3,1228,1.0,synthetic,scenario,Synthetic scenario assumption for FinalFlow demonstration; not observed event operations.
staggered_departure,2026-07-19T19:05:00Z,245,post_match,secaucus_transfer,secaucus_transfer,secaucus_transfer,48,8.0,1.3,1092,1.0,synthetic,scenario,Synthetic scenario assumption for FinalFlow demonstration; not observed event operations.
staggered_departure,2026-07-19T19:05:00Z,245,post_match,meadowlands_platform,meadowlands_access,meadowlands_access,48,6.0,1.3,819,1.0,synthetic,scenario,Synthetic scenario assumption for FinalFlow demonstration; not observed event operations.
staggered_departure,2026-07-19T19:05:00Z,245,post_match,meadowlands_stadium_walk,meadowlands_access,stadium_egress,48,8.0,1.3,1092,1.0,synthetic,scenario,Synthetic scenario assumption for FinalFlow demonstration; not observed event operations.
staggered_departure,2026-07-19T19:05:00Z,245,post_match,stadium_egress_walk,stadium_egress,meadowlands_access,48,10.0,1.3,1365,1.0,synthetic,scenario,Synthetic scenario assumption for FinalFlow demonstration; not observed event operations.
staggered_departure,2026-07-19T19:10:00Z,250,post_match,midtown_penn_walk,midtown_access,penn_station_access,48,7.0,1.3,955,1.0,synthetic,scenario,Synthetic scenario assumption for FinalFlow demonstration; not observed event operations.
staggered_departure,2026-07-19T19:10:00Z,250,post_match,penn_concourse,penn_station_access,penn_station_access,48,9.0,1.3,1228,1.0,synthetic,scenario,Synthetic scenario assumption for FinalFlow demonstration; not observed event operations.
staggered_departure,2026-07-19T19:10:00Z,250,post_match,secaucus_transfer,secaucus_transfer,secaucus_transfer,48,8.0,1.3,1092,1.0,synthetic,scenario,Synthetic scenario assumption for FinalFlow demonstration; not observed event operations.
staggered_departure,2026-07-19T19:10:00Z,250,post_match,meadowlands_platform,meadowlands_access,meadowlands_access,48,6.0,1.3,819,1.0,synthetic,scenario,Synthetic scenario assumption for FinalFlow demonstration; not observed event operations.
staggered_departure,2026-07-19T19:10:00Z,250,post_match,meadowlands_stadium_walk,meadowlands_access,stadium_egress,48,8.0,1.3,1092,1.0,synthetic,scenario,Synthetic scenario assumption for FinalFlow demonstration; not observed event operations.
staggered_departure,2026-07-19T19:10:00Z,250,post_match,stadium_egress_walk,stadium_egress,meadowlands_access,48,10.0,1.3,1365,1.0,synthetic,scenario,Synthetic scenario assumption for FinalFlow demonstration; not observed event operations.
staggered_departure,2026-07-19T19:15:00Z,255,post_match,midtown_penn_walk,midtown_access,penn_station_access,0,7.0,1.3,955,1.0,synthetic,scenario,Synthetic scenario assumption for FinalFlow demonstration; not observed event operations.
staggered_departure,2026-07-19T19:15:00Z,255,post_match,penn_concourse,penn_station_access,penn_station_access,0,9.0,1.3,1228,1.0,synthetic,scenario,Synthetic scenario assumption for FinalFlow demonstration; not observed event operations.
staggered_departure,2026-07-19T19:15:00Z,255,post_match,secaucus_transfer,secaucus_transfer,secaucus_transfer,0,8.0,1.3,1092,1.0,synthetic,scenario,Synthetic scenario assumption for FinalFlow demonstration; not observed event operations.
staggered_departure,2026-07-19T19:15:00Z,255,post_match,meadowlands_platform,meadowlands_access,meadowlands_access,0,6.0,1.3,819,1.0,synthetic,scenario,Synthetic scenario assumption for FinalFlow demonstration; not observed event operations.
staggered_departure,2026-07-19T19:15:00Z,255,post_match,meadowlands_stadium_walk,meadowlands_access,stadium_egress,0,8.0,1.3,1092,1.0,synthetic,scenario,Synthetic scenario assumption for FinalFlow demonstration; not observed event operations.
staggered_departure,2026-07-19T19:15:00Z,255,post_match,stadium_egress_walk,stadium_egress,meadowlands_access,0,10.0,1.3,1365,1.0,synthetic,scenario,Synthetic scenario assumption for FinalFlow demonstration; not observed event operations.
staggered_departure,2026-07-19T19:20:00Z,260,post_match,midtown_penn_walk,midtown_access,penn_station_access,0,7.0,1.3,955,1.0,synthetic,scenario,Synthetic scenario assumption for FinalFlow demonstration; not observed event operations.
staggered_departure,2026-07-19T19:20:00Z,260,post_match,penn_concourse,penn_station_access,penn_station_access,0,9.0,1.3,1228,1.0,synthetic,scenario,Synthetic scenario assumption for FinalFlow demonstration; not observed event operations.
staggered_departure,2026-07-19T19:20:00Z,260,post_match,secaucus_transfer,secaucus_transfer,secaucus_transfer,0,8.0,1.3,1092,1.0,synthetic,scenario,Synthetic scenario assumption for FinalFlow demonstration; not observed event operations.
staggered_departure,2026-07-19T19:20:00Z,260,post_match,meadowlands_platform,meadowlands_access,meadowlands_access,0,6.0,1.3,819,1.0,synthetic,scenario,Synthetic scenario assumption for FinalFlow demonstration; not observed event operations.
staggered_departure,2026-07-19T19:20:00Z,260,post_match,meadowlands_stadium_walk,meadowlands_access,stadium_egress,0,8.0,1.3,1092,1.0,synthetic,scenario,Synthetic scenario assumption for FinalFlow demonstration; not observed event operations.
staggered_departure,2026-07-19T19:20:00Z,260,post_match,stadium_egress_walk,stadium_egress,meadowlands_access,0,10.0,1.3,1365,1.0,synthetic,scenario,Synthetic scenario assumption for FinalFlow demonstration; not observed event operations.
staggered_departure,2026-07-19T19:25:00Z,265,post_match,midtown_penn_walk,midtown_access,penn_station_access,0,7.0,1.3,955,1.0,synthetic,scenario,Synthetic scenario assumption for FinalFlow demonstration; not observed event operations.
staggered_departure,2026-07-19T19:25:00Z,265,post_match,penn_concourse,penn_station_access,penn_station_access,0,9.0,1.3,1228,1.0,synthetic,scenario,Synthetic scenario assumption for FinalFlow demonstration; not observed event operations.
staggered_departure,2026-07-19T19:25:00Z,265,post_match,secaucus_transfer,secaucus_transfer,secaucus_transfer,0,8.0,1.3,1092,1.0,synthetic,scenario,Synthetic scenario assumption for FinalFlow demonstration; not observed event operations.
staggered_departure,2026-07-19T19:25:00Z,265,post_match,meadowlands_platform,meadowlands_access,meadowlands_access,0,6.0,1.3,819,1.0,synthetic,scenario,Synthetic scenario assumption for FinalFlow demonstration; not observed event operations.
staggered_departure,2026-07-19T19:25:00Z,265,post_match,meadowlands_stadium_walk,meadowlands_access,stadium_egress,0,8.0,1.3,1092,1.0,synthetic,scenario,Synthetic scenario assumption for FinalFlow demonstration; not observed event operations.
staggered_departure,2026-07-19T19:25:00Z,265,post_match,stadium_egress_walk,stadium_egress,meadowlands_access,0,10.0,1.3,1365,1.0,synthetic,scenario,Synthetic scenario assumption for FinalFlow demonstration; not observed event operations.
staggered_departure,2026-07-19T19:30:00Z,270,post_match,midtown_penn_walk,midtown_access,penn_station_access,0,7.0,1.3,955,1.0,synthetic,scenario,Synthetic scenario assumption for FinalFlow demonstration; not observed event operations.
staggered_departure,2026-07-19T19:30:00Z,270,post_match,penn_concourse,penn_station_access,penn_station_access,0,9.0,1.3,1228,1.0,synthetic,scenario,Synthetic scenario assumption for FinalFlow demonstration; not observed event operations.
staggered_departure,2026-07-19T19:30:00Z,270,post_match,secaucus_transfer,secaucus_transfer,secaucus_transfer,0,8.0,1.3,1092,1.0,synthetic,scenario,Synthetic scenario assumption for FinalFlow demonstration; not observed event operations.
staggered_departure,2026-07-19T19:30:00Z,270,post_match,meadowlands_platform,meadowlands_access,meadowlands_access,0,6.0,1.3,819,1.0,synthetic,scenario,Synthetic scenario assumption for FinalFlow demonstration; not observed event operations.
staggered_departure,2026-07-19T19:30:00Z,270,post_match,meadowlands_stadium_walk,meadowlands_access,stadium_egress,0,8.0,1.3,1092,1.0,synthetic,scenario,Synthetic scenario assumption for FinalFlow demonstration; not observed event operations.
staggered_departure,2026-07-19T19:30:00Z,270,post_match,stadium_egress_walk,stadium_egress,meadowlands_access,0,10.0,1.3,1365,1.0,synthetic,scenario,Synthetic scenario assumption for FinalFlow demonstration; not observed event operations.
staggered_departure,2026-07-19T19:35:00Z,275,post_match,midtown_penn_walk,midtown_access,penn_station_access,0,7.0,1.3,955,1.0,synthetic,scenario,Synthetic scenario assumption for FinalFlow demonstration; not observed event operations.
staggered_departure,2026-07-19T19:35:00Z,275,post_match,penn_concourse,penn_station_access,penn_station_access,0,9.0,1.3,1228,1.0,synthetic,scenario,Synthetic scenario assumption for FinalFlow demonstration; not observed event operations.
staggered_departure,2026-07-19T19:35:00Z,275,post_match,secaucus_transfer,secaucus_transfer,secaucus_transfer,0,8.0,1.3,1092,1.0,synthetic,scenario,Synthetic scenario assumption for FinalFlow demonstration; not observed event operations.
staggered_departure,2026-07-19T19:35:00Z,275,post_match,meadowlands_platform,meadowlands_access,meadowlands_access,0,6.0,1.3,819,1.0,synthetic,scenario,Synthetic scenario assumption for FinalFlow demonstration; not observed event operations.
staggered_departure,2026-07-19T19:35:00Z,275,post_match,meadowlands_stadium_walk,meadowlands_access,stadium_egress,0,8.0,1.3,1092,1.0,synthetic,scenario,Synthetic scenario assumption for FinalFlow demonstration; not observed event operations.
staggered_departure,2026-07-19T19:35:00Z,275,post_match,stadium_egress_walk,stadium_egress,meadowlands_access,0,10.0,1.3,1365,1.0,synthetic,scenario,Synthetic scenario assumption for FinalFlow demonstration; not observed event operations.
staggered_departure,2026-07-19T19:40:00Z,280,post_match,midtown_penn_walk,midtown_access,penn_station_access,0,7.0,1.3,955,1.0,synthetic,scenario,Synthetic scenario assumption for FinalFlow demonstration; not observed event operations.
staggered_departure,2026-07-19T19:40:00Z,280,post_match,penn_concourse,penn_station_access,penn_station_access,0,9.0,1.3,1228,1.0,synthetic,scenario,Synthetic scenario assumption for FinalFlow demonstration; not observed event operations.
staggered_departure,2026-07-19T19:40:00Z,280,post_match,secaucus_transfer,secaucus_transfer,secaucus_transfer,0,8.0,1.3,1092,1.0,synthetic,scenario,Synthetic scenario assumption for FinalFlow demonstration; not observed event operations.
staggered_departure,2026-07-19T19:40:00Z,280,post_match,meadowlands_platform,meadowlands_access,meadowlands_access,0,6.0,1.3,819,1.0,synthetic,scenario,Synthetic scenario assumption for FinalFlow demonstration; not observed event operations.
staggered_departure,2026-07-19T19:40:00Z,280,post_match,meadowlands_stadium_walk,meadowlands_access,stadium_egress,0,8.0,1.3,1092,1.0,synthetic,scenario,Synthetic scenario assumption for FinalFlow demonstration; not observed event operations.
staggered_departure,2026-07-19T19:40:00Z,280,post_match,stadium_egress_walk,stadium_egress,meadowlands_access,0,10.0,1.3,1365,1.0,synthetic,scenario,Synthetic scenario assumption for FinalFlow demonstration; not observed event operations.
staggered_departure,2026-07-19T19:45:00Z,285,post_match,midtown_penn_walk,midtown_access,penn_station_access,0,7.0,1.3,955,1.0,synthetic,scenario,Synthetic scenario assumption for FinalFlow demonstration; not observed event operations.
staggered_departure,2026-07-19T19:45:00Z,285,post_match,penn_concourse,penn_station_access,penn_station_access,0,9.0,1.3,1228,1.0,synthetic,scenario,Synthetic scenario assumption for FinalFlow demonstration; not observed event operations.
staggered_departure,2026-07-19T19:45:00Z,285,post_match,secaucus_transfer,secaucus_transfer,secaucus_transfer,0,8.0,1.3,1092,1.0,synthetic,scenario,Synthetic scenario assumption for FinalFlow demonstration; not observed event operations.
staggered_departure,2026-07-19T19:45:00Z,285,post_match,meadowlands_platform,meadowlands_access,meadowlands_access,0,6.0,1.3,819,1.0,synthetic,scenario,Synthetic scenario assumption for FinalFlow demonstration; not observed event operations.
staggered_departure,2026-07-19T19:45:00Z,285,post_match,meadowlands_stadium_walk,meadowlands_access,stadium_egress,0,8.0,1.3,1092,1.0,synthetic,scenario,Synthetic scenario assumption for FinalFlow demonstration; not observed event operations.
staggered_departure,2026-07-19T19:45:00Z,285,post_match,stadium_egress_walk,stadium_egress,meadowlands_access,0,10.0,1.3,1365,1.0,synthetic,scenario,Synthetic scenario assumption for FinalFlow demonstration; not observed event operations.
staggered_departure,2026-07-19T19:50:00Z,290,post_match,midtown_penn_walk,midtown_access,penn_station_access,0,7.0,1.3,955,1.0,synthetic,scenario,Synthetic scenario assumption for FinalFlow demonstration; not observed event operations.
staggered_departure,2026-07-19T19:50:00Z,290,post_match,penn_concourse,penn_station_access,penn_station_access,0,9.0,1.3,1228,1.0,synthetic,scenario,Synthetic scenario assumption for FinalFlow demonstration; not observed event operations.
staggered_departure,2026-07-19T19:50:00Z,290,post_match,secaucus_transfer,secaucus_transfer,secaucus_transfer,0,8.0,1.3,1092,1.0,synthetic,scenario,Synthetic scenario assumption for FinalFlow demonstration; not observed event operations.
staggered_departure,2026-07-19T19:50:00Z,290,post_match,meadowlands_platform,meadowlands_access,meadowlands_access,0,6.0,1.3,819,1.0,synthetic,scenario,Synthetic scenario assumption for FinalFlow demonstration; not observed event operations.
staggered_departure,2026-07-19T19:50:00Z,290,post_match,meadowlands_stadium_walk,meadowlands_access,stadium_egress,0,8.0,1.3,1092,1.0,synthetic,scenario,Synthetic scenario assumption for FinalFlow demonstration; not observed event operations.
staggered_departure,2026-07-19T19:50:00Z,290,post_match,stadium_egress_walk,stadium_egress,meadowlands_access,0,10.0,1.3,1365,1.0,synthetic,scenario,Synthetic scenario assumption for FinalFlow demonstration; not observed event operations.
staggered_departure,2026-07-19T19:55:00Z,295,post_match,midtown_penn_walk,midtown_access,penn_station_access,0,7.0,1.3,955,1.0,synthetic,scenario,Synthetic scenario assumption for FinalFlow demonstration; not observed event operations.
staggered_departure,2026-07-19T19:55:00Z,295,post_match,penn_concourse,penn_station_access,penn_station_access,0,9.0,1.3,1228,1.0,synthetic,scenario,Synthetic scenario assumption for FinalFlow demonstration; not observed event operations.
staggered_departure,2026-07-19T19:55:00Z,295,post_match,secaucus_transfer,secaucus_transfer,secaucus_transfer,0,8.0,1.3,1092,1.0,synthetic,scenario,Synthetic scenario assumption for FinalFlow demonstration; not observed event operations.
staggered_departure,2026-07-19T19:55:00Z,295,post_match,meadowlands_platform,meadowlands_access,meadowlands_access,0,6.0,1.3,819,1.0,synthetic,scenario,Synthetic scenario assumption for FinalFlow demonstration; not observed event operations.
staggered_departure,2026-07-19T19:55:00Z,295,post_match,meadowlands_stadium_walk,meadowlands_access,stadium_egress,0,8.0,1.3,1092,1.0,synthetic,scenario,Synthetic scenario assumption for FinalFlow demonstration; not observed event operations.
staggered_departure,2026-07-19T19:55:00Z,295,post_match,stadium_egress_walk,stadium_egress,meadowlands_access,0,10.0,1.3,1365,1.0,synthetic,scenario,Synthetic scenario assumption for FinalFlow demonstration; not observed event operations.
staggered_departure,2026-07-19T20:00:00Z,300,post_match,midtown_penn_walk,midtown_access,penn_station_access,0,7.0,1.3,955,1.0,synthetic,scenario,Synthetic scenario assumption for FinalFlow demonstration; not observed event operations.
staggered_departure,2026-07-19T20:00:00Z,300,post_match,penn_concourse,penn_station_access,penn_station_access,0,9.0,1.3,1228,1.0,synthetic,scenario,Synthetic scenario assumption for FinalFlow demonstration; not observed event operations.
staggered_departure,2026-07-19T20:00:00Z,300,post_match,secaucus_transfer,secaucus_transfer,secaucus_transfer,0,8.0,1.3,1092,1.0,synthetic,scenario,Synthetic scenario assumption for FinalFlow demonstration; not observed event operations.
staggered_departure,2026-07-19T20:00:00Z,300,post_match,meadowlands_platform,meadowlands_access,meadowlands_access,0,6.0,1.3,819,1.0,synthetic,scenario,Synthetic scenario assumption for FinalFlow demonstration; not observed event operations.
staggered_departure,2026-07-19T20:00:00Z,300,post_match,meadowlands_stadium_walk,meadowlands_access,stadium_egress,0,8.0,1.3,1092,1.0,synthetic,scenario,Synthetic scenario assumption for FinalFlow demonstration; not observed event operations.
staggered_departure,2026-07-19T20:00:00Z,300,post_match,stadium_egress_walk,stadium_egress,meadowlands_access,0,10.0,1.3,1365,1.0,synthetic,scenario,Synthetic scenario assumption for FinalFlow demonstration; not observed event operations.
staggered_departure,2026-07-19T20:05:00Z,305,post_match,midtown_penn_walk,midtown_access,penn_station_access,0,7.0,1.3,955,1.0,synthetic,scenario,Synthetic scenario assumption for FinalFlow demonstration; not observed event operations.
staggered_departure,2026-07-19T20:05:00Z,305,post_match,penn_concourse,penn_station_access,penn_station_access,0,9.0,1.3,1228,1.0,synthetic,scenario,Synthetic scenario assumption for FinalFlow demonstration; not observed event operations.
staggered_departure,2026-07-19T20:05:00Z,305,post_match,secaucus_transfer,secaucus_transfer,secaucus_transfer,0,8.0,1.3,1092,1.0,synthetic,scenario,Synthetic scenario assumption for FinalFlow demonstration; not observed event operations.
staggered_departure,2026-07-19T20:05:00Z,305,post_match,meadowlands_platform,meadowlands_access,meadowlands_access,0,6.0,1.3,819,1.0,synthetic,scenario,Synthetic scenario assumption for FinalFlow demonstration; not observed event operations.
staggered_departure,2026-07-19T20:05:00Z,305,post_match,meadowlands_stadium_walk,meadowlands_access,stadium_egress,0,8.0,1.3,1092,1.0,synthetic,scenario,Synthetic scenario assumption for FinalFlow demonstration; not observed event operations.
staggered_departure,2026-07-19T20:05:00Z,305,post_match,stadium_egress_walk,stadium_egress,meadowlands_access,0,10.0,1.3,1365,1.0,synthetic,scenario,Synthetic scenario assumption for FinalFlow demonstration; not observed event operations.
staggered_departure,2026-07-19T20:10:00Z,310,post_match,midtown_penn_walk,midtown_access,penn_station_access,0,7.0,1.3,955,1.0,synthetic,scenario,Synthetic scenario assumption for FinalFlow demonstration; not observed event operations.
staggered_departure,2026-07-19T20:10:00Z,310,post_match,penn_concourse,penn_station_access,penn_station_access,0,9.0,1.3,1228,1.0,synthetic,scenario,Synthetic scenario assumption for FinalFlow demonstration; not observed event operations.
staggered_departure,2026-07-19T20:10:00Z,310,post_match,secaucus_transfer,secaucus_transfer,secaucus_transfer,0,8.0,1.3,1092,1.0,synthetic,scenario,Synthetic scenario assumption for FinalFlow demonstration; not observed event operations.
staggered_departure,2026-07-19T20:10:00Z,310,post_match,meadowlands_platform,meadowlands_access,meadowlands_access,0,6.0,1.3,819,1.0,synthetic,scenario,Synthetic scenario assumption for FinalFlow demonstration; not observed event operations.
staggered_departure,2026-07-19T20:10:00Z,310,post_match,meadowlands_stadium_walk,meadowlands_access,stadium_egress,0,8.0,1.3,1092,1.0,synthetic,scenario,Synthetic scenario assumption for FinalFlow demonstration; not observed event operations.
staggered_departure,2026-07-19T20:10:00Z,310,post_match,stadium_egress_walk,stadium_egress,meadowlands_access,0,10.0,1.3,1365,1.0,synthetic,scenario,Synthetic scenario assumption for FinalFlow demonstration; not observed event operations.
staggered_departure,2026-07-19T20:15:00Z,315,post_match,midtown_penn_walk,midtown_access,penn_station_access,0,7.0,1.3,955,1.0,synthetic,scenario,Synthetic scenario assumption for FinalFlow demonstration; not observed event operations.
staggered_departure,2026-07-19T20:15:00Z,315,post_match,penn_concourse,penn_station_access,penn_station_access,0,9.0,1.3,1228,1.0,synthetic,scenario,Synthetic scenario assumption for FinalFlow demonstration; not observed event operations.
staggered_departure,2026-07-19T20:15:00Z,315,post_match,secaucus_transfer,secaucus_transfer,secaucus_transfer,0,8.0,1.3,1092,1.0,synthetic,scenario,Synthetic scenario assumption for FinalFlow demonstration; not observed event operations.
staggered_departure,2026-07-19T20:15:00Z,315,post_match,meadowlands_platform,meadowlands_access,meadowlands_access,0,6.0,1.3,819,1.0,synthetic,scenario,Synthetic scenario assumption for FinalFlow demonstration; not observed event operations.
staggered_departure,2026-07-19T20:15:00Z,315,post_match,meadowlands_stadium_walk,meadowlands_access,stadium_egress,0,8.0,1.3,1092,1.0,synthetic,scenario,Synthetic scenario assumption for FinalFlow demonstration; not observed event operations.
staggered_departure,2026-07-19T20:15:00Z,315,post_match,stadium_egress_walk,stadium_egress,meadowlands_access,0,10.0,1.3,1365,1.0,synthetic,scenario,Synthetic scenario assumption for FinalFlow demonstration; not observed event operations.
