month,brand,total_visits,record_count,unique_stores,mean_daily_visits,data_type
2020-01-01,7-Eleven,13565927,34255,1105,396.03,derived
2020-02-01,7-Eleven,12542178,32045,1105,391.39,derived
2020-03-01,7-Eleven,9048892,34255,1105,264.16,derived
2020-04-01,7-Eleven,1488289,33150,1105,44.9,derived
2020-05-01,7-Eleven,3693052,34255,1105,107.81,derived
2020-06-01,7-Eleven,9506721,33150,1105,286.78,derived
2020-07-01,7-Eleven,9803022,34255,1105,286.18,derived
2020-08-01,7-Eleven,9754801,34255,1105,284.77,derived
2020-09-01,7-Eleven,10588296,33150,1105,319.41,derived
2020-10-01,7-Eleven,11228830,34441,1111,326.03,derived
2020-11-01,7-Eleven,11010578,33180,1106,331.84,derived
2020-12-01,7-Eleven,11582149,34224,1104,338.42,derived
2021-01-01,7-Eleven,9201958,34379,1109,267.66,derived
2021-02-01,7-Eleven,8047010,31052,1109,259.15,derived
2021-03-01,7-Eleven,11256555,35278,1138,319.08,derived
2021-04-01,7-Eleven,11368595,34170,1139,332.71,derived
2021-05-01,7-Eleven,11884574,35464,1144,335.12,derived
2021-06-01,7-Eleven,12108758,34440,1148,351.59,derived
2021-07-01,7-Eleven,12484726,35681,1151,349.9,derived
2021-08-01,7-Eleven,11736823,35650,1150,329.22,derived
2021-09-01,7-Eleven,11479640,34620,1154,331.59,derived
2021-10-01,7-Eleven,12143592,35836,1156,338.87,derived
2021-11-01,7-Eleven,12703921,34560,1152,367.59,derived
2021-12-01,7-Eleven,13847016,35650,1150,388.42,derived
2022-01-01,7-Eleven,11275052,35681,1151,316.0,derived
2022-02-01,7-Eleven,10568852,32256,1152,327.66,derived
2022-03-01,7-Eleven,11980072,35588,1148,336.63,derived
2022-04-01,7-Eleven,12042668,34500,1150,349.06,derived
2022-05-01,7-Eleven,12517149,35743,1153,350.2,derived
2022-06-01,7-Eleven,11855673,34890,1163,339.8,derived
2022-07-01,7-Eleven,12698962,36239,1169,350.42,derived
2022-08-01,7-Eleven,11803837,36301,1171,325.17,derived
2022-09-01,7-Eleven,11910780,35070,1169,339.63,derived
2022-10-01,7-Eleven,12446153,36177,1167,344.03,derived
2022-11-01,7-Eleven,12782690,34980,1166,365.43,derived
2022-12-01,7-Eleven,13855491,36084,1164,383.98,derived
2023-01-01,7-Eleven,12068930,36177,1167,333.61,derived
2023-02-01,7-Eleven,10917790,32704,1168,333.84,derived
2023-03-01,7-Eleven,11472685,36177,1167,317.13,derived
2023-04-01,7-Eleven,11824449,35010,1167,337.74,derived
2023-05-01,7-Eleven,12395471,36239,1169,342.05,derived
2023-06-01,7-Eleven,12684793,35130,1171,361.08,derived
2023-07-01,7-Eleven,13127888,36332,1172,361.33,derived
2023-08-01,7-Eleven,12038474,36332,1172,331.35,derived
2023-09-01,7-Eleven,11590693,35220,1174,329.09,derived
2023-10-01,7-Eleven,12133231,36518,1178,332.25,derived
2023-11-01,7-Eleven,12709717,35340,1178,359.64,derived
2023-12-01,7-Eleven,13919100,36518,1178,381.16,derived
2024-01-01,7-Eleven,12781005,36518,1178,349.99,derived
2024-02-01,7-Eleven,12003760,34162,1178,351.38,derived
2024-03-01,7-Eleven,12106623,36518,1178,331.52,derived
2024-04-01,7-Eleven,12091903,35130,1171,344.2,derived
2024-05-01,7-Eleven,12154301,36301,1171,334.82,derived
2024-06-01,7-Eleven,11961732,35130,1171,340.5,derived
2024-07-01,7-Eleven,14493099,41261,1331,351.25,derived
2024-08-01,7-Eleven,13556306,41230,1330,328.8,derived
2024-09-01,7-Eleven,12201019,39660,1322,307.64,derived
2024-10-01,7-Eleven,13123857,40548,1308,323.66,derived
2024-11-01,7-Eleven,13530568,38940,1298,347.47,derived
2024-12-01,7-Eleven,15075299,40176,1296,375.23,derived
2020-01-01,7-Eleven Fuel,18946429,12338,398,1535.62,derived
2020-02-01,7-Eleven Fuel,18592566,11542,398,1610.86,derived
2020-03-01,7-Eleven Fuel,13308861,12338,398,1078.69,derived
2020-04-01,7-Eleven Fuel,5641043,11940,398,472.45,derived
2020-05-01,7-Eleven Fuel,16397249,12338,398,1329.0,derived
2020-06-01,7-Eleven Fuel,21685685,11940,398,1816.22,derived
2020-07-01,7-Eleven Fuel,19253532,12338,398,1560.51,derived
2020-08-01,7-Eleven Fuel,17640457,12338,398,1429.77,derived
2020-09-01,7-Eleven Fuel,18483370,11940,398,1548.02,derived
2020-10-01,7-Eleven Fuel,18990216,12338,398,1539.16,derived
2020-11-01,7-Eleven Fuel,16402200,11940,398,1373.72,derived
2020-12-01,7-Eleven Fuel,15198903,12338,398,1231.88,derived
2021-01-01,7-Eleven Fuel,13196780,12338,398,1069.6,derived
2021-02-01,7-Eleven Fuel,11783747,11144,398,1057.41,derived
2021-03-01,7-Eleven Fuel,19909968,12338,398,1613.71,derived
2021-04-01,7-Eleven Fuel,20735262,11940,398,1736.62,derived
2021-05-01,7-Eleven Fuel,23032172,12338,398,1866.77,derived
2021-06-01,7-Eleven Fuel,22827360,11940,398,1911.84,derived
2021-07-01,7-Eleven Fuel,22633624,12338,398,1834.46,derived
2021-08-01,7-Eleven Fuel,19445115,12338,398,1576.03,derived
2021-09-01,7-Eleven Fuel,19087085,11940,398,1598.58,derived
2021-10-01,7-Eleven Fuel,19303768,12338,398,1564.58,derived
2021-11-01,7-Eleven Fuel,18346477,11940,398,1536.56,derived
2021-12-01,7-Eleven Fuel,18041956,12338,398,1462.31,derived
2022-01-01,7-Eleven Fuel,14360292,12338,398,1163.91,derived
2022-02-01,7-Eleven Fuel,14975550,11144,398,1343.82,derived
2022-03-01,7-Eleven Fuel,19573706,12338,398,1586.46,derived
2022-04-01,7-Eleven Fuel,20137768,11940,398,1686.58,derived
2022-05-01,7-Eleven Fuel,22346527,12338,398,1811.2,derived
2022-06-01,7-Eleven Fuel,23108264,11940,398,1935.37,derived
2022-07-01,7-Eleven Fuel,22941389,12338,398,1859.41,derived
2022-08-01,7-Eleven Fuel,20685698,12338,398,1676.58,derived
2022-09-01,7-Eleven Fuel,19719203,11940,398,1651.52,derived
2022-10-01,7-Eleven Fuel,20162582,12586,406,1601.98,derived
2022-11-01,7-Eleven Fuel,18404966,12180,406,1511.08,derived
2022-12-01,7-Eleven Fuel,17689151,12524,404,1412.42,derived
2023-01-01,7-Eleven Fuel,11517942,8122,262,1418.12,derived
2023-02-01,7-Eleven Fuel,11435688,7336,262,1558.85,derived
2023-03-01,7-Eleven Fuel,14017949,8122,262,1725.92,derived
2023-04-01,7-Eleven Fuel,14275494,7860,262,1816.22,derived
2023-05-01,7-Eleven Fuel,15994035,8122,262,1969.22,derived
2023-06-01,7-Eleven Fuel,16333230,7860,262,2078.02,derived
2023-07-01,7-Eleven Fuel,16582109,8122,262,2041.63,derived
2023-08-01,7-Eleven Fuel,14316129,8122,262,1762.64,derived
2023-09-01,7-Eleven Fuel,13780644,7860,262,1753.26,derived
2023-10-01,7-Eleven Fuel,14267294,8463,273,1685.84,derived
2023-11-01,7-Eleven Fuel,13354861,8190,273,1630.63,derived
2023-12-01,7-Eleven Fuel,12967614,8463,273,1532.27,derived
2024-01-01,7-Eleven Fuel,11873047,8463,273,1402.94,derived
2024-02-01,7-Eleven Fuel,12079127,7917,273,1525.72,derived
2024-03-01,7-Eleven Fuel,14173748,8463,273,1674.79,derived
2024-04-01,7-Eleven Fuel,14378487,8190,273,1755.62,derived
2024-05-01,7-Eleven Fuel,16706682,8463,273,1974.09,derived
2024-06-01,7-Eleven Fuel,16509785,8190,273,2015.85,derived
2024-07-01,7-Eleven Fuel,16552598,8463,273,1955.88,derived
2024-08-01,7-Eleven Fuel,15041375,8463,273,1777.31,derived
2024-09-01,7-Eleven Fuel,13621818,8190,273,1663.23,derived
2024-10-01,7-Eleven Fuel,13725266,8463,273,1621.8,derived
2024-11-01,7-Eleven Fuel,13241160,8190,273,1616.75,derived
2024-12-01,7-Eleven Fuel,13135175,8463,273,1552.07,derived
2020-01-01,ALDI,25401995,5456,176,4655.79,derived
2020-02-01,ALDI,23810257,5104,176,4665.02,derived
2020-03-01,ALDI,19159810,5456,176,3511.7,derived
2020-04-01,ALDI,12906471,5280,176,2444.41,derived
2020-05-01,ALDI,16653146,5456,176,3052.26,derived
2020-06-01,ALDI,19812364,5280,176,3752.34,derived
2020-07-01,ALDI,19188227,5456,176,3516.9,derived
2020-08-01,ALDI,18349076,5456,176,3363.1,derived
2020-09-01,ALDI,18958148,5280,176,3590.56,derived
2020-10-01,ALDI,20323085,5456,176,3724.91,derived
2020-11-01,ALDI,20511079,5280,176,3884.67,derived
2020-12-01,ALDI,21598541,5456,176,3958.68,derived
2021-01-01,ALDI,20272201,5456,176,3715.58,derived
2021-02-01,ALDI,17542019,4928,176,3559.66,derived
2021-03-01,ALDI,21489177,5456,176,3938.63,derived
2021-04-01,ALDI,21146904,5280,176,4005.1,derived
2021-05-01,ALDI,21548268,5456,176,3949.46,derived
2021-06-01,ALDI,20954820,5280,176,3968.72,derived
2021-07-01,ALDI,21928404,5549,179,3951.78,derived
2021-08-01,ALDI,20310019,5580,180,3639.79,derived
2021-09-01,ALDI,20694319,5400,180,3832.28,derived
2021-10-01,ALDI,22549899,5580,180,4041.2,derived
2021-11-01,ALDI,23090052,5400,180,4275.94,derived
2021-12-01,ALDI,24242121,5611,181,4320.46,derived
2022-01-01,ALDI,21283614,5642,182,3772.35,derived
2022-02-01,ALDI,19380224,5096,182,3803.03,derived
2022-03-01,ALDI,21618474,5673,183,3810.77,derived
2022-04-01,ALDI,22570411,5490,183,4111.19,derived
2022-05-01,ALDI,22475300,5673,183,3961.8,derived
2022-06-01,ALDI,22282535,5520,184,4036.69,derived
2022-07-01,ALDI,23440458,5704,184,4109.48,derived
2022-08-01,ALDI,22079659,5735,185,3849.98,derived
2022-09-01,ALDI,21739358,5580,186,3895.94,derived
2022-10-01,ALDI,23349969,5766,186,4049.6,derived
2022-11-01,ALDI,23823083,5610,187,4246.54,derived
2022-12-01,ALDI,24319030,5828,188,4172.79,derived
2023-01-01,ALDI,24354594,5828,188,4178.89,derived
2023-02-01,ALDI,22190872,5264,188,4215.59,derived
2023-03-01,ALDI,23158094,5859,189,3952.57,derived
2023-04-01,ALDI,23249472,5670,189,4100.44,derived
2023-05-01,ALDI,23756815,5859,189,4054.76,derived
2023-06-01,ALDI,24020834,5670,189,4236.48,derived
2023-07-01,ALDI,24671242,5859,189,4210.83,derived
2023-08-01,ALDI,23630726,5890,190,4012.01,derived
2023-09-01,ALDI,23581460,5730,191,4115.44,derived
2023-10-01,ALDI,25141631,5921,191,4246.18,derived
2023-11-01,ALDI,26121637,5790,193,4511.51,derived
2023-12-01,ALDI,29228035,5983,193,4885.18,derived
2024-01-01,ALDI,25103668,6014,194,4174.2,derived
2024-02-01,ALDI,23648728,5655,195,4181.91,derived
2024-03-01,ALDI,25023054,6107,197,4097.44,derived
2024-04-01,ALDI,24413971,5910,197,4130.96,derived
2024-05-01,ALDI,26800446,6107,197,4388.48,derived
2024-06-01,ALDI,26541646,5940,198,4468.29,derived
2024-07-01,ALDI,26593252,6138,198,4332.56,derived
2024-08-01,ALDI,26357183,6169,199,4272.52,derived
2024-09-01,ALDI,25192008,6000,200,4198.67,derived
2024-10-01,ALDI,26050780,6262,202,4160.14,derived
2024-11-01,ALDI,28408990,6150,205,4619.35,derived
2024-12-01,ALDI,35082033,6479,209,5414.73,derived
2020-01-01,ARCO,14600998,7936,256,1839.84,derived
2020-02-01,ARCO,14180414,7424,256,1910.08,derived
2020-03-01,ARCO,13037981,7936,256,1642.89,derived
2020-04-01,ARCO,8955094,7680,256,1166.03,derived
2020-05-01,ARCO,13664275,7936,256,1721.81,derived
2020-06-01,ARCO,17341641,7680,256,2258.03,derived
2020-07-01,ARCO,15735773,7936,256,1982.83,derived
2020-08-01,ARCO,14472254,7936,256,1823.62,derived
2020-09-01,ARCO,14583788,7680,256,1898.93,derived
2020-10-01,ARCO,15377384,7936,256,1937.67,derived
2020-11-01,ARCO,13250357,7680,256,1725.31,derived
2020-12-01,ARCO,11677488,7967,257,1465.73,derived
2021-01-01,ARCO,10510477,7967,257,1319.25,derived
2021-02-01,ARCO,10843233,7168,256,1512.73,derived
2021-03-01,ARCO,15347046,7936,256,1933.85,derived
2021-04-01,ARCO,16151783,7680,256,2103.1,derived
2021-05-01,ARCO,18179303,7936,256,2290.74,derived
2021-06-01,ARCO,18048208,7680,256,2350.03,derived
2021-07-01,ARCO,18062247,7967,257,2267.13,derived
2021-08-01,ARCO,15927290,7967,257,1999.16,derived
2021-09-01,ARCO,15446584,7710,257,2003.45,derived
2021-10-01,ARCO,15185189,7688,248,1975.18,derived
2021-11-01,ARCO,14168316,7440,248,1904.34,derived
2021-12-01,ARCO,12754008,7657,247,1665.67,derived
2022-01-01,ARCO,10495563,7688,248,1365.19,derived
2022-02-01,ARCO,11415552,6944,248,1643.94,derived
2022-03-01,ARCO,15592115,7719,249,2019.97,derived
2022-04-01,ARCO,15569178,7470,249,2084.23,derived
2022-05-01,ARCO,17518421,7719,249,2269.52,derived
2022-06-01,ARCO,18102686,7470,249,2423.39,derived
2022-07-01,ARCO,17711056,7781,251,2276.19,derived
2022-08-01,ARCO,15962868,7781,251,2051.52,derived
2022-09-01,ARCO,15783350,7560,252,2087.74,derived
2022-10-01,ARCO,16009603,7812,252,2049.36,derived
2022-11-01,ARCO,14121467,7530,251,1875.36,derived
2022-12-01,ARCO,13532461,7812,252,1732.27,derived
2023-01-01,ARCO,12800856,7812,252,1638.61,derived
2023-02-01,ARCO,12315594,7056,252,1745.41,derived
2023-03-01,ARCO,14925689,7812,252,1910.61,derived
2023-04-01,ARCO,16162761,7560,252,2137.93,derived
2023-05-01,ARCO,17842950,7812,252,2284.04,derived
2023-06-01,ARCO,17951299,7560,252,2374.51,derived
2023-07-01,ARCO,18041936,7843,253,2300.39,derived
2023-08-01,ARCO,15972194,7843,253,2036.49,derived
2023-09-01,ARCO,15608327,7590,253,2056.43,derived
2023-10-01,ARCO,15285879,7843,253,1948.98,derived
2023-11-01,ARCO,14565682,7650,255,1904.01,derived
2023-12-01,ARCO,13450645,7781,251,1728.65,derived
2024-01-01,ARCO,12988677,7781,251,1669.28,derived
2024-02-01,ARCO,12705380,7279,251,1745.48,derived
2024-03-01,ARCO,15137596,7781,251,1945.46,derived
2024-04-01,ARCO,15548586,7530,251,2064.89,derived
2024-05-01,ARCO,18018187,7781,251,2315.66,derived
2024-06-01,ARCO,18032444,7560,252,2385.24,derived
2024-07-01,ARCO,17969745,7812,252,2300.27,derived
2024-08-01,ARCO,17059017,8122,262,2100.35,derived
2024-09-01,ARCO,15732604,7860,262,2001.6,derived
2024-10-01,ARCO,15158350,8122,262,1866.33,derived
2024-11-01,ARCO,14496686,7860,262,1844.36,derived
2024-12-01,ARCO,13685546,8184,264,1672.23,derived
2020-01-01,Arby's,11649295,5952,192,1957.21,derived
2020-02-01,Arby's,11328166,5568,192,2034.51,derived
2020-03-01,Arby's,6650745,5952,192,1117.4,derived
2020-04-01,Arby's,2137019,5760,192,371.01,derived
2020-05-01,Arby's,5277629,5952,192,886.7,derived
2020-06-01,Arby's,8210146,5760,192,1425.37,derived
2020-07-01,Arby's,8493796,5952,192,1427.05,derived
2020-08-01,Arby's,7975475,5952,192,1339.97,derived
2020-09-01,Arby's,8640484,5850,195,1477.01,derived
2020-10-01,Arby's,9240030,6045,195,1528.54,derived
2020-11-01,Arby's,8518736,5850,195,1456.19,derived
2020-12-01,Arby's,7817372,6076,196,1286.6,derived
2021-01-01,Arby's,7612877,6076,196,1252.94,derived
2021-02-01,Arby's,6571014,5488,196,1197.34,derived
2021-03-01,Arby's,9243176,6076,196,1521.26,derived
2021-04-01,Arby's,10060051,5880,196,1710.89,derived
2021-05-01,Arby's,10265073,6076,196,1689.45,derived
2021-06-01,Arby's,11078182,6000,200,1846.36,derived
2021-07-01,Arby's,11686010,6200,200,1884.84,derived
2021-08-01,Arby's,11101603,6231,201,1781.67,derived
2021-09-01,Arby's,10728482,6000,200,1788.08,derived
2021-10-01,Arby's,11314976,6231,201,1815.92,derived
2021-11-01,Arby's,10830044,6030,201,1796.03,derived
2021-12-01,Arby's,10425541,6200,200,1681.54,derived
2022-01-01,Arby's,10363421,6169,199,1679.92,derived
2022-02-01,Arby's,9598096,5572,199,1722.56,derived
2022-03-01,Arby's,11026017,6200,200,1778.39,derived
2022-04-01,Arby's,11307258,5940,198,1903.58,derived
2022-05-01,Arby's,12067485,6169,199,1956.15,derived
2022-06-01,Arby's,12442044,5970,199,2084.09,derived
2022-07-01,Arby's,11695174,6169,199,1895.8,derived
2022-08-01,Arby's,11336540,6169,199,1837.66,derived
2022-09-01,Arby's,10519585,5970,199,1762.07,derived
2022-10-01,Arby's,10723338,6169,199,1738.26,derived
2022-11-01,Arby's,10092527,6000,200,1682.09,derived
2022-12-01,Arby's,10497407,6200,200,1693.13,derived
2023-01-01,Arby's,9153172,6200,200,1476.32,derived
2023-02-01,Arby's,10071480,5600,200,1798.48,derived
2023-03-01,Arby's,11323079,6200,200,1826.3,derived
2023-04-01,Arby's,11034714,5940,198,1857.7,derived
2023-05-01,Arby's,10948650,6138,198,1783.75,derived
2023-06-01,Arby's,10653586,5970,199,1784.52,derived
2023-07-01,Arby's,11282123,6169,199,1828.84,derived
2023-08-01,Arby's,10317908,6169,199,1672.54,derived
2023-09-01,Arby's,10005685,5970,199,1675.99,derived
2023-10-01,Arby's,9966697,6169,199,1615.61,derived
2023-11-01,Arby's,9706914,6030,201,1609.77,derived
2023-12-01,Arby's,10716503,6262,202,1711.35,derived
2024-01-01,Arby's,8172290,6231,201,1311.55,derived
2024-02-01,Arby's,9169368,5829,201,1573.06,derived
2024-03-01,Arby's,10219612,6200,200,1648.32,derived
2024-04-01,Arby's,10150565,6000,200,1691.76,derived
2024-05-01,Arby's,10646327,6200,200,1717.15,derived
2024-06-01,Arby's,10517307,6000,200,1752.88,derived
2024-07-01,Arby's,10825116,6200,200,1745.99,derived
2024-08-01,Arby's,10054582,6200,200,1621.71,derived
2024-09-01,Arby's,9232645,5970,199,1546.51,derived
2024-10-01,Arby's,9545855,6169,199,1547.39,derived
2024-11-01,Arby's,9695854,5910,197,1640.58,derived
2024-12-01,Arby's,9507907,6107,197,1556.89,derived
2020-01-01,Burger King,47395064,19654,634,2411.47,derived
2020-02-01,Burger King,47954624,18386,634,2608.21,derived
2020-03-01,Burger King,27589367,19654,634,1403.75,derived
2020-04-01,Burger King,6311164,19020,634,331.82,derived
2020-05-01,Burger King,19268987,19654,634,980.41,derived
2020-06-01,Burger King,33112315,19020,634,1740.92,derived
2020-07-01,Burger King,32036838,19654,634,1630.04,derived
2020-08-01,Burger King,30483160,19654,634,1550.99,derived
2020-09-01,Burger King,32720735,19020,634,1720.33,derived
2020-10-01,Burger King,33975283,19654,634,1728.67,derived
2020-11-01,Burger King,31202206,19020,634,1640.49,derived
2020-12-01,Burger King,29395036,19654,634,1495.63,derived
2021-01-01,Burger King,26819993,19654,634,1364.61,derived
2021-02-01,Burger King,24516055,17752,634,1381.03,derived
2021-03-01,Burger King,35827154,19654,634,1822.89,derived
2021-04-01,Burger King,38113185,19020,634,2003.85,derived
2021-05-01,Burger King,39118195,19654,634,1990.34,derived
2021-06-01,Burger King,45923317,19020,634,2414.48,derived
2021-07-01,Burger King,46843619,19654,634,2383.41,derived
2021-08-01,Burger King,43826999,19654,634,2229.93,derived
2021-09-01,Burger King,42102235,19020,634,2213.58,derived
2021-10-01,Burger King,43845887,19654,634,2230.89,derived
2021-11-01,Burger King,42113111,19020,634,2214.15,derived
2021-12-01,Burger King,43765047,19654,634,2226.78,derived
2022-01-01,Burger King,38411158,19654,634,1954.37,derived
2022-02-01,Burger King,36574015,17752,634,2060.28,derived
2022-03-01,Burger King,43091404,19654,634,2192.5,derived
2022-04-01,Burger King,44256804,19020,634,2326.86,derived
2022-05-01,Burger King,44235275,19561,631,2261.4,derived
2022-06-01,Burger King,44745122,18960,632,2359.97,derived
2022-07-01,Burger King,46801289,19623,633,2385.02,derived
2022-08-01,Burger King,43582024,19716,636,2210.49,derived
2022-09-01,Burger King,40713206,19050,635,2137.18,derived
2022-10-01,Burger King,42057782,19685,635,2136.54,derived
2022-11-01,Burger King,39503857,19080,636,2070.43,derived
2022-12-01,Burger King,40528341,19685,635,2058.84,derived
2023-01-01,Burger King,37575063,19499,629,1927.03,derived
2023-02-01,Burger King,37314069,17640,630,2115.31,derived
2023-03-01,Burger King,41648469,19530,630,2132.54,derived
2023-04-01,Burger King,43559524,18900,630,2304.74,derived
2023-05-01,Burger King,44916729,19499,629,2303.54,derived
2023-06-01,Burger King,44040858,18870,629,2333.91,derived
2023-07-01,Burger King,45974050,19530,630,2354.02,derived
2023-08-01,Burger King,41878251,19499,629,2147.71,derived
2023-09-01,Burger King,40344451,18840,628,2141.43,derived
2023-10-01,Burger King,40844092,19375,625,2108.08,derived
2023-11-01,Burger King,39559422,18780,626,2106.47,derived
2023-12-01,Burger King,41117892,19313,623,2129.03,derived
2024-01-01,Burger King,37362121,19251,621,1940.79,derived
2024-02-01,Burger King,37417844,17893,617,2091.2,derived
2024-03-01,Burger King,42246370,19127,617,2208.73,derived
2024-04-01,Burger King,41077778,18450,615,2226.44,derived
2024-05-01,Burger King,43903299,19065,615,2302.82,derived
2024-06-01,Burger King,42600179,18450,615,2308.95,derived
2024-07-01,Burger King,42592914,19065,615,2234.09,derived
2024-08-01,Burger King,41457788,19065,615,2174.55,derived
2024-09-01,Burger King,38142985,18420,614,2070.74,derived
2024-10-01,Burger King,40017189,19096,616,2095.58,derived
2024-11-01,Burger King,38839068,18480,616,2101.68,derived
2024-12-01,Burger King,40104203,19034,614,2106.98,derived
2020-01-01,CVS,29191818,26660,860,1094.97,derived
2020-02-01,CVS,26692406,24940,860,1070.26,derived
2020-03-01,CVS,19666900,26660,860,737.69,derived
2020-04-01,CVS,13075510,25800,860,506.8,derived
2020-05-01,CVS,17046769,26660,860,639.41,derived
2020-06-01,CVS,21501282,25800,860,833.38,derived
2020-07-01,CVS,20301517,26660,860,761.5,derived
2020-08-01,CVS,18137571,26660,860,680.33,derived
2020-09-01,CVS,20558732,25800,860,796.85,derived
2020-10-01,CVS,21935065,26660,860,822.77,derived
2020-11-01,CVS,20923740,25800,860,811.0,derived
2020-12-01,CVS,21979474,26660,860,824.44,derived
2021-01-01,CVS,21509798,26660,860,806.82,derived
2021-02-01,CVS,18791805,24080,860,780.39,derived
2021-03-01,CVS,26304879,26660,860,986.68,derived
2021-04-01,CVS,24778969,25800,860,960.43,derived
2021-05-01,CVS,23227760,26660,860,871.26,derived
2021-06-01,CVS,22532298,25800,860,873.34,derived
2021-07-01,CVS,22457678,26660,860,842.37,derived
2021-08-01,CVS,24940547,26660,860,935.5,derived
2021-09-01,CVS,25580352,25800,860,991.49,derived
2021-10-01,CVS,24954975,26660,860,936.05,derived
2021-11-01,CVS,25164191,25800,860,975.36,derived
2021-12-01,CVS,30982245,26660,860,1162.12,derived
2022-01-01,CVS,27856377,26660,860,1044.88,derived
2022-02-01,CVS,23119650,24080,860,960.12,derived
2022-03-01,CVS,25315241,26660,860,949.56,derived
2022-04-01,CVS,24976967,25800,860,968.1,derived
2022-05-01,CVS,27233377,26660,860,1021.51,derived
2022-06-01,CVS,27352272,25800,860,1060.17,derived
2022-07-01,CVS,28564956,26660,860,1071.45,derived
2022-08-01,CVS,27561525,26660,860,1033.82,derived
2022-09-01,CVS,28396676,25800,860,1100.65,derived
2022-10-01,CVS,28924011,26660,860,1084.92,derived
2022-11-01,CVS,27922943,25800,860,1082.28,derived
2022-12-01,CVS,31492709,26660,860,1181.27,derived
2023-01-01,CVS,29131265,26660,860,1092.7,derived
2023-02-01,CVS,26243927,24080,860,1089.86,derived
2023-03-01,CVS,27799706,26691,861,1041.54,derived
2023-04-01,CVS,28382987,25650,855,1106.55,derived
2023-05-01,CVS,30899640,26505,855,1165.8,derived
2023-06-01,CVS,29140292,25650,855,1136.07,derived
2023-07-01,CVS,26592078,26257,847,1012.76,derived
2023-08-01,CVS,25999749,26102,842,996.08,derived
2023-09-01,CVS,27162559,25350,845,1071.5,derived
2023-10-01,CVS,27888981,26195,845,1064.67,derived
2023-11-01,CVS,27321915,25320,844,1079.06,derived
2023-12-01,CVS,29664456,26040,840,1139.19,derived
2024-01-01,CVS,28055273,26009,839,1078.68,derived
2024-02-01,CVS,26323937,24302,838,1083.2,derived
2024-03-01,CVS,26225848,25544,824,1026.69,derived
2024-04-01,CVS,25674761,24690,823,1039.89,derived
2024-05-01,CVS,26595620,25482,822,1043.7,derived
2024-06-01,CVS,25284527,24600,820,1027.83,derived
2024-07-01,CVS,25637064,25358,818,1011.0,derived
2024-08-01,CVS,25979330,25234,814,1029.54,derived
2024-09-01,CVS,25443137,24300,810,1047.04,derived
2024-10-01,CVS,26377990,25048,808,1053.1,derived
2024-11-01,CVS,26374921,24210,807,1089.42,derived
2024-12-01,CVS,29289446,24955,805,1173.69,derived
2020-01-01,Chevron,48208583,26660,860,1808.27,derived
2020-02-01,Chevron,47543703,24911,859,1908.54,derived
2020-03-01,Chevron,42714647,26784,864,1594.78,derived
2020-04-01,Chevron,33725150,25950,865,1299.62,derived
2020-05-01,Chevron,47358124,26815,865,1766.11,derived
2020-06-01,Chevron,55360208,25980,866,2130.88,derived
2020-07-01,Chevron,50973223,26939,869,1892.17,derived
2020-08-01,Chevron,48955866,27125,875,1804.82,derived
2020-09-01,Chevron,50125466,26190,873,1913.92,derived
2020-10-01,Chevron,50995907,27094,874,1882.18,derived
2020-11-01,Chevron,44654345,26280,876,1699.18,derived
2020-12-01,Chevron,40742723,27342,882,1490.11,derived
2021-01-01,Chevron,36067374,27280,880,1322.12,derived
2021-02-01,Chevron,36554625,24584,878,1486.93,derived
2021-03-01,Chevron,51568130,27218,878,1894.63,derived
2021-04-01,Chevron,52974034,26340,878,2011.16,derived
2021-05-01,Chevron,61747424,27218,878,2268.62,derived
2021-06-01,Chevron,59193824,26310,877,2249.86,derived
2021-07-01,Chevron,58473367,27311,881,2141.02,derived
2021-08-01,Chevron,52424661,27435,885,1910.87,derived
2021-09-01,Chevron,52563293,26610,887,1975.32,derived
2021-10-01,Chevron,52766106,27559,889,1914.66,derived
2021-11-01,Chevron,48569625,26700,890,1819.09,derived
2021-12-01,Chevron,45046847,27590,890,1632.72,derived
2022-01-01,Chevron,36972318,27249,879,1356.83,derived
2022-02-01,Chevron,39247500,24612,879,1594.65,derived
2022-03-01,Chevron,53246867,27218,878,1956.31,derived
2022-04-01,Chevron,54171776,26430,881,2049.63,derived
2022-05-01,Chevron,59243645,27342,882,2166.76,derived
2022-06-01,Chevron,61868230,26460,882,2338.18,derived
2022-07-01,Chevron,60494109,27373,883,2209.99,derived
2022-08-01,Chevron,54846841,27404,884,2001.42,derived
2022-09-01,Chevron,53761308,26490,883,2029.49,derived
2022-10-01,Chevron,52815810,27342,882,1931.67,derived
2022-11-01,Chevron,48480548,26460,882,1832.22,derived
2022-12-01,Chevron,45274544,27559,889,1642.82,derived
2023-01-01,Chevron,42797119,27590,890,1551.18,derived
2023-02-01,Chevron,41233577,25004,893,1649.08,derived
2023-03-01,Chevron,50896935,27652,892,1840.62,derived
2023-04-01,Chevron,55074100,26790,893,2055.77,derived
2023-05-01,Chevron,61824836,27745,895,2228.32,derived
2023-06-01,Chevron,62020616,26850,895,2309.89,derived
2023-07-01,Chevron,60767533,27776,896,2187.77,derived
2023-08-01,Chevron,55597444,27714,894,2006.11,derived
2023-09-01,Chevron,53167237,26940,898,1973.54,derived
2023-10-01,Chevron,53251489,27807,897,1915.04,derived
2023-11-01,Chevron,49865412,27000,900,1846.87,derived
2023-12-01,Chevron,47305804,28024,904,1688.05,derived
2024-01-01,Chevron,44543986,27993,903,1591.25,derived
2024-02-01,Chevron,43078729,26129,901,1648.69,derived
2024-03-01,Chevron,51445423,28024,904,1835.76,derived
2024-04-01,Chevron,54629615,27060,902,2018.83,derived
2024-05-01,Chevron,62508495,28024,904,2230.53,derived
2024-06-01,Chevron,64118423,27120,904,2364.25,derived
2024-07-01,Chevron,65015917,28086,906,2314.89,derived
2024-08-01,Chevron,57856684,28179,909,2053.18,derived
2024-09-01,Chevron,51294543,27120,904,1891.39,derived
2024-10-01,Chevron,51433616,28024,904,1835.34,derived
2024-11-01,Chevron,48990141,27150,905,1804.43,derived
2024-12-01,Chevron,45797102,28117,907,1628.8,derived
2020-01-01,Chick-fil-A,17947272,8029,259,2235.31,derived
2020-02-01,Chick-fil-A,17778709,7511,259,2367.02,derived
2020-03-01,Chick-fil-A,10163927,8029,259,1265.9,derived
2020-04-01,Chick-fil-A,1579664,7770,259,203.3,derived
2020-05-01,Chick-fil-A,7875628,8029,259,980.9,derived
2020-06-01,Chick-fil-A,12976545,7770,259,1670.08,derived
2020-07-01,Chick-fil-A,12185190,8029,259,1517.65,derived
2020-08-01,Chick-fil-A,11732098,8029,259,1461.22,derived
2020-09-01,Chick-fil-A,12784331,7770,259,1645.35,derived
2020-10-01,Chick-fil-A,13940746,8029,259,1736.3,derived
2020-11-01,Chick-fil-A,12923661,7770,259,1663.28,derived
2020-12-01,Chick-fil-A,12867334,7998,258,1608.82,derived
2021-01-01,Chick-fil-A,11731431,8153,263,1438.91,derived
2021-02-01,Chick-fil-A,9736238,7364,263,1322.14,derived
2021-03-01,Chick-fil-A,15780491,8277,267,1906.55,derived
2021-04-01,Chick-fil-A,17170792,8010,267,2143.67,derived
2021-05-01,Chick-fil-A,16957782,8308,268,2041.14,derived
2021-06-01,Chick-fil-A,18684283,8130,271,2298.19,derived
2021-07-01,Chick-fil-A,19564481,8401,271,2328.83,derived
2021-08-01,Chick-fil-A,17350889,8432,272,2057.74,derived
2021-09-01,Chick-fil-A,17594213,8190,273,2148.26,derived
2021-10-01,Chick-fil-A,17843910,8463,273,2108.46,derived
2021-11-01,Chick-fil-A,17983561,8220,274,2187.78,derived
2021-12-01,Chick-fil-A,17489985,8494,274,2059.1,derived
2022-01-01,Chick-fil-A,16245141,8463,273,1919.55,derived
2022-02-01,Chick-fil-A,16290908,7672,274,2123.42,derived
2022-03-01,Chick-fil-A,19123672,8463,273,2259.68,derived
2022-04-01,Chick-fil-A,19660383,8190,273,2400.54,derived
2022-05-01,Chick-fil-A,19570628,8494,274,2304.05,derived
2022-06-01,Chick-fil-A,19860749,8220,274,2416.15,derived
2022-07-01,Chick-fil-A,20290911,8556,276,2371.54,derived
2022-08-01,Chick-fil-A,18583523,8556,276,2171.99,derived
2022-09-01,Chick-fil-A,18141862,8280,276,2191.05,derived
2022-10-01,Chick-fil-A,18657314,8556,276,2180.61,derived
2022-11-01,Chick-fil-A,17664302,8310,277,2125.67,derived
2022-12-01,Chick-fil-A,18503477,8618,278,2147.07,derived
2023-01-01,Chick-fil-A,16919557,8556,276,1977.51,derived
2023-02-01,Chick-fil-A,17188815,7756,277,2216.2,derived
2023-03-01,Chick-fil-A,19104943,8711,281,2193.2,derived
2023-04-01,Chick-fil-A,19090640,8490,283,2248.6,derived
2023-05-01,Chick-fil-A,20082424,8835,285,2273.05,derived
2023-06-01,Chick-fil-A,20508225,8550,285,2398.62,derived
2023-07-01,Chick-fil-A,19942425,8866,286,2249.31,derived
2023-08-01,Chick-fil-A,18594852,8959,289,2075.55,derived
2023-09-01,Chick-fil-A,18412921,8640,288,2131.13,derived
2023-10-01,Chick-fil-A,18030096,8990,290,2005.57,derived
2023-11-01,Chick-fil-A,18098317,8760,292,2066.02,derived
2023-12-01,Chick-fil-A,19393117,9145,295,2120.63,derived
2024-01-01,Chick-fil-A,17684386,9176,296,1927.24,derived
2024-02-01,Chick-fil-A,18416333,8671,299,2123.9,derived
2024-03-01,Chick-fil-A,19866118,9300,300,2136.14,derived
2024-04-01,Chick-fil-A,19183885,9000,300,2131.54,derived
2024-05-01,Chick-fil-A,20725464,9362,302,2213.79,derived
2024-06-01,Chick-fil-A,19384844,9030,301,2146.72,derived
2024-07-01,Chick-fil-A,20639938,9331,301,2211.97,derived
2024-08-01,Chick-fil-A,19834023,9362,302,2118.57,derived
2024-09-01,Chick-fil-A,16973521,9090,303,1867.27,derived
2024-10-01,Chick-fil-A,18931128,9517,307,1989.19,derived
2024-11-01,Chick-fil-A,19208514,9240,308,2078.84,derived
2024-12-01,Chick-fil-A,19816323,9548,308,2075.44,derived
2020-01-01,Chipotle Mexican Grill,27326202,9486,306,2880.69,derived
2020-02-01,Chipotle Mexican Grill,27257331,8874,306,3071.59,derived
2020-03-01,Chipotle Mexican Grill,15424540,9486,306,1626.03,derived
2020-04-01,Chipotle Mexican Grill,3407128,9180,306,371.15,derived
2020-05-01,Chipotle Mexican Grill,8534635,9486,306,899.71,derived
2020-06-01,Chipotle Mexican Grill,13690399,9180,306,1491.33,derived
2020-07-01,Chipotle Mexican Grill,12530145,9486,306,1320.91,derived
2020-08-01,Chipotle Mexican Grill,10700054,9486,306,1127.98,derived
2020-09-01,Chipotle Mexican Grill,12512244,9180,306,1362.99,derived
2020-10-01,Chipotle Mexican Grill,14275847,9486,306,1504.94,derived
2020-11-01,Chipotle Mexican Grill,13271968,9180,306,1445.75,derived
2020-12-01,Chipotle Mexican Grill,12429769,9486,306,1310.33,derived
2021-01-01,Chipotle Mexican Grill,10785683,9486,306,1137.01,derived
2021-02-01,Chipotle Mexican Grill,9312812,8568,306,1086.93,derived
2021-03-01,Chipotle Mexican Grill,14574248,9486,306,1536.4,derived
2021-04-01,Chipotle Mexican Grill,16683371,9180,306,1817.36,derived
2021-05-01,Chipotle Mexican Grill,17800588,9486,306,1876.51,derived
2021-06-01,Chipotle Mexican Grill,21953369,9180,306,2391.43,derived
2021-07-01,Chipotle Mexican Grill,22930714,9486,306,2417.32,derived
2021-08-01,Chipotle Mexican Grill,20919346,9486,306,2205.29,derived
2021-09-01,Chipotle Mexican Grill,21127360,9180,306,2301.46,derived
2021-10-01,Chipotle Mexican Grill,23455372,9517,307,2464.58,derived
2021-11-01,Chipotle Mexican Grill,22934110,9300,310,2466.03,derived
2021-12-01,Chipotle Mexican Grill,22759909,9672,312,2353.18,derived
2022-01-01,Chipotle Mexican Grill,20733108,9765,315,2123.21,derived
2022-02-01,Chipotle Mexican Grill,20945301,9016,322,2323.13,derived
2022-03-01,Chipotle Mexican Grill,23800697,10013,323,2376.98,derived
2022-04-01,Chipotle Mexican Grill,25326926,9720,324,2605.65,derived
2022-05-01,Chipotle Mexican Grill,25656636,10106,326,2538.75,derived
2022-06-01,Chipotle Mexican Grill,25508475,9840,328,2592.32,derived
2022-07-01,Chipotle Mexican Grill,26127352,10137,327,2577.42,derived
2022-08-01,Chipotle Mexican Grill,24544924,10199,329,2406.6,derived
2022-09-01,Chipotle Mexican Grill,24198531,9930,331,2436.91,derived
2022-10-01,Chipotle Mexican Grill,25879470,10292,332,2514.52,derived
2022-11-01,Chipotle Mexican Grill,23608887,10020,334,2356.18,derived
2022-12-01,Chipotle Mexican Grill,24010340,10509,339,2284.74,derived
2023-01-01,Chipotle Mexican Grill,23583854,10540,340,2237.56,derived
2023-02-01,Chipotle Mexican Grill,22976218,9548,341,2406.39,derived
2023-03-01,Chipotle Mexican Grill,26490950,10695,345,2476.95,derived
2023-04-01,Chipotle Mexican Grill,26854287,10350,345,2594.62,derived
2023-05-01,Chipotle Mexican Grill,26337020,10695,345,2462.55,derived
2023-06-01,Chipotle Mexican Grill,26502492,10380,346,2553.23,derived
2023-07-01,Chipotle Mexican Grill,27559627,10788,348,2554.66,derived
2023-08-01,Chipotle Mexican Grill,25778351,10819,349,2382.69,derived
2023-09-01,Chipotle Mexican Grill,24845808,10470,349,2373.05,derived
2023-10-01,Chipotle Mexican Grill,26250847,10912,352,2405.69,derived
2023-11-01,Chipotle Mexican Grill,24865804,10560,352,2354.72,derived
2023-12-01,Chipotle Mexican Grill,25956761,11160,360,2325.87,derived
2024-01-01,Chipotle Mexican Grill,23975126,11222,362,2136.44,derived
2024-02-01,Chipotle Mexican Grill,24544495,10498,362,2338.02,derived
2024-03-01,Chipotle Mexican Grill,28299566,11253,363,2514.85,derived
2024-04-01,Chipotle Mexican Grill,27590121,10980,366,2512.76,derived
2024-05-01,Chipotle Mexican Grill,29577105,11408,368,2592.66,derived
2024-06-01,Chipotle Mexican Grill,29989282,11100,370,2701.74,derived
2024-07-01,Chipotle Mexican Grill,29854008,11501,371,2595.77,derived
2024-08-01,Chipotle Mexican Grill,29275081,11625,375,2518.29,derived
2024-09-01,Chipotle Mexican Grill,25959543,11370,379,2283.16,derived
2024-10-01,Chipotle Mexican Grill,27120845,11811,381,2296.24,derived
2024-11-01,Chipotle Mexican Grill,28040459,11550,385,2427.75,derived
2024-12-01,Chipotle Mexican Grill,31284423,12121,391,2581.01,derived
2020-01-01,Circle K,10312843,16492,532,625.32,derived
2020-02-01,Circle K,9497215,15428,532,615.58,derived
2020-03-01,Circle K,7255451,16492,532,439.94,derived
2020-04-01,Circle K,3614895,15960,532,226.5,derived
2020-05-01,Circle K,4432406,16492,532,268.76,derived
2020-06-01,Circle K,8029102,15960,532,503.08,derived
2020-07-01,Circle K,8378957,16492,532,508.06,derived
2020-08-01,Circle K,8158457,16492,532,494.69,derived
2020-09-01,Circle K,8655942,15960,532,542.35,derived
2020-10-01,Circle K,9016419,16492,532,546.71,derived
2020-11-01,Circle K,8896745,15960,532,557.44,derived
2020-12-01,Circle K,9557959,16492,532,579.55,derived
2021-01-01,Circle K,8103613,16492,532,491.37,derived
2021-02-01,Circle K,6988596,14896,532,469.16,derived
2021-03-01,Circle K,8990860,16492,532,545.16,derived
2021-04-01,Circle K,8978202,15960,532,562.54,derived
2021-05-01,Circle K,9486745,16492,532,575.23,derived
2021-06-01,Circle K,9296205,15960,532,582.47,derived
2021-07-01,Circle K,9228898,16492,532,559.6,derived
2021-08-01,Circle K,8637180,16492,532,523.72,derived
2021-09-01,Circle K,8905695,15960,532,558.0,derived
2021-10-01,Circle K,9517516,16492,532,577.1,derived
2021-11-01,Circle K,9879932,15960,532,619.04,derived
2021-12-01,Circle K,11029991,16492,532,668.81,derived
2022-01-01,Circle K,8608686,16492,532,521.99,derived
2022-02-01,Circle K,8088458,14896,532,543.0,derived
2022-03-01,Circle K,9083889,16492,532,550.81,derived
2022-04-01,Circle K,9094522,15960,532,569.83,derived
2022-05-01,Circle K,9243724,16492,532,560.5,derived
2022-06-01,Circle K,9348525,15960,532,585.75,derived
2022-07-01,Circle K,9731676,16492,532,590.08,derived
2022-08-01,Circle K,9364481,16492,532,567.82,derived
2022-09-01,Circle K,9151111,15960,532,573.38,derived
2022-10-01,Circle K,9542214,16492,532,578.6,derived
2022-11-01,Circle K,9705865,15960,532,608.14,derived
2022-12-01,Circle K,10783100,16492,532,653.84,derived
2023-01-01,Circle K,9437373,16492,532,572.24,derived
2023-02-01,Circle K,8455025,14896,532,567.6,derived
2023-03-01,Circle K,8669479,16492,532,525.68,derived
2023-04-01,Circle K,9177425,15960,532,575.03,derived
2023-05-01,Circle K,9580779,16492,532,580.93,derived
2023-06-01,Circle K,9676625,15960,532,606.3,derived
2023-07-01,Circle K,9376992,16492,532,568.58,derived
2023-08-01,Circle K,8740601,16492,532,529.99,derived
2023-09-01,Circle K,8774969,15960,532,549.81,derived
2023-10-01,Circle K,9020469,16492,532,546.96,derived
2023-11-01,Circle K,9523494,15960,532,596.71,derived
2023-12-01,Circle K,10811565,16492,532,655.56,derived
2024-01-01,Circle K,9551503,16492,532,579.16,derived
2024-02-01,Circle K,8900222,15428,532,576.89,derived
2024-03-01,Circle K,8897949,16492,532,539.53,derived
2024-04-01,Circle K,8750634,15780,526,554.54,derived
2024-05-01,Circle K,9289259,16430,530,565.38,derived
2024-06-01,Circle K,8736754,15900,530,549.48,derived
2024-07-01,Circle K,9319318,16399,529,568.29,derived
2024-08-01,Circle K,9142656,16430,530,556.46,derived
2024-09-01,Circle K,8105403,15900,530,509.77,derived
2024-10-01,Circle K,8907367,16492,532,540.1,derived
2024-11-01,Circle K,9406706,15990,533,588.29,derived
2024-12-01,Circle K,9895356,16523,533,598.88,derived
2020-01-01,Dairy Queen,24513084,11005,355,2227.45,derived
2020-02-01,Dairy Queen,25044726,10295,355,2432.71,derived
2020-03-01,Dairy Queen,14951755,11005,355,1358.63,derived
2020-04-01,Dairy Queen,3583024,10650,355,336.43,derived
2020-05-01,Dairy Queen,13010921,11005,355,1182.27,derived
2020-06-01,Dairy Queen,17946556,10650,355,1685.12,derived
2020-07-01,Dairy Queen,17363006,11005,355,1577.74,derived
2020-08-01,Dairy Queen,16749098,11005,355,1521.95,derived
2020-09-01,Dairy Queen,18217771,10650,355,1710.59,derived
2020-10-01,Dairy Queen,19630438,10974,354,1788.81,derived
2020-11-01,Dairy Queen,17928558,10620,354,1688.19,derived
2020-12-01,Dairy Queen,16572933,10974,354,1510.2,derived
2021-01-01,Dairy Queen,16076802,10974,354,1464.99,derived
2021-02-01,Dairy Queen,13338977,9912,354,1345.74,derived
2021-03-01,Dairy Queen,20434116,10974,354,1862.05,derived
2021-04-01,Dairy Queen,23208591,10620,354,2185.37,derived
2021-05-01,Dairy Queen,23924610,10974,354,2180.12,derived
2021-06-01,Dairy Queen,23889324,10620,354,2249.47,derived
2021-07-01,Dairy Queen,24307735,10912,352,2227.62,derived
2021-08-01,Dairy Queen,22587887,10912,352,2070.0,derived
2021-09-01,Dairy Queen,21694641,10560,352,2054.42,derived
2021-10-01,Dairy Queen,22857831,10912,352,2094.74,derived
2021-11-01,Dairy Queen,22206722,10560,352,2102.91,derived
2021-12-01,Dairy Queen,23259237,10912,352,2131.53,derived
2022-01-01,Dairy Queen,19418007,10757,347,1805.15,derived
2022-02-01,Dairy Queen,19236639,9716,347,1979.89,derived
2022-03-01,Dairy Queen,21918615,10757,347,2037.61,derived
2022-04-01,Dairy Queen,23300341,10500,350,2219.08,derived
2022-05-01,Dairy Queen,23613398,10757,347,2195.17,derived
2022-06-01,Dairy Queen,23316394,10410,347,2239.81,derived
2022-07-01,Dairy Queen,24482979,10757,347,2276.0,derived
2022-08-01,Dairy Queen,22182636,10757,347,2062.16,derived
2022-09-01,Dairy Queen,21415410,10380,346,2063.14,derived
2022-10-01,Dairy Queen,21829677,10726,346,2035.21,derived
2022-11-01,Dairy Queen,20804237,10380,346,2004.26,derived
2022-12-01,Dairy Queen,20805871,10726,346,1939.76,derived
2023-01-01,Dairy Queen,20392708,10726,346,1901.24,derived
2023-02-01,Dairy Queen,19646550,9688,346,2027.93,derived
2023-03-01,Dairy Queen,21160306,10540,340,2007.62,derived
2023-04-01,Dairy Queen,22688520,10200,340,2224.36,derived
2023-05-01,Dairy Queen,22693156,10540,340,2153.05,derived
2023-06-01,Dairy Queen,22523885,10200,340,2208.22,derived
2023-07-01,Dairy Queen,23935631,10540,340,2270.93,derived
2023-08-01,Dairy Queen,21399961,10540,340,2030.36,derived
2023-09-01,Dairy Queen,21184653,10200,340,2076.93,derived
2023-10-01,Dairy Queen,20953292,10478,338,1999.74,derived
2023-11-01,Dairy Queen,20469913,10110,337,2024.72,derived
2023-12-01,Dairy Queen,21145883,10447,337,2024.11,derived
2024-01-01,Dairy Queen,18520830,10416,336,1778.11,derived
2024-02-01,Dairy Queen,19647858,9744,336,2016.41,derived
2024-03-01,Dairy Queen,21942162,10385,335,2112.87,derived
2024-04-01,Dairy Queen,21459586,10050,335,2135.28,derived
2024-05-01,Dairy Queen,23978002,10354,334,2315.82,derived
2024-06-01,Dairy Queen,24413200,9960,332,2451.12,derived
2024-07-01,Dairy Queen,23674934,10261,331,2307.27,derived
2024-08-01,Dairy Queen,21634316,10292,332,2102.05,derived
2024-09-01,Dairy Queen,19611174,9960,332,1968.99,derived
2024-10-01,Dairy Queen,20470151,10199,329,2007.07,derived
2024-11-01,Dairy Queen,20630490,9840,328,2096.59,derived
2024-12-01,Dairy Queen,21089394,10168,328,2074.09,derived
2020-01-01,Dollar General,22614482,35898,1158,629.96,derived
2020-02-01,Dollar General,21505876,33582,1158,640.4,derived
2020-03-01,Dollar General,13355535,35898,1158,372.04,derived
2020-04-01,Dollar General,1432807,34740,1158,41.24,derived
2020-05-01,Dollar General,13091256,35991,1161,363.74,derived
2020-06-01,Dollar General,19269498,34890,1163,552.29,derived
2020-07-01,Dollar General,18954245,36332,1172,521.7,derived
2020-08-01,Dollar General,19397856,36425,1175,532.54,derived
2020-09-01,Dollar General,19596057,35250,1175,555.92,derived
2020-10-01,Dollar General,21822339,36425,1175,599.1,derived
2020-11-01,Dollar General,21100005,35250,1175,598.58,derived
2020-12-01,Dollar General,24783763,36425,1175,680.41,derived
2021-01-01,Dollar General,19584705,36425,1175,537.67,derived
2021-02-01,Dollar General,17009369,32900,1175,517.0,derived
2021-03-01,Dollar General,21706403,36425,1175,595.92,derived
2021-04-01,Dollar General,23590003,35250,1175,669.22,derived
2021-05-01,Dollar General,24433063,38657,1247,632.05,derived
2021-06-01,Dollar General,23643024,37470,1249,630.99,derived
2021-07-01,Dollar General,23386602,38719,1249,604.01,derived
2021-08-01,Dollar General,23514332,38688,1248,607.79,derived
2021-09-01,Dollar General,22644618,37470,1249,604.34,derived
2021-10-01,Dollar General,24667664,38874,1254,634.55,derived
2021-11-01,Dollar General,25256842,37710,1257,669.77,derived
2021-12-01,Dollar General,30034934,39153,1263,767.12,derived
2022-01-01,Dollar General,22466686,39184,1264,573.36,derived
2022-02-01,Dollar General,20484046,35504,1268,576.95,derived
2022-03-01,Dollar General,22395896,39432,1272,567.96,derived
2022-04-01,Dollar General,24306749,38400,1280,632.99,derived
2022-05-01,Dollar General,24754536,39804,1284,621.91,derived
2022-06-01,Dollar General,24455833,38760,1292,630.96,derived
2022-07-01,Dollar General,24199241,40145,1295,602.8,derived
2022-08-01,Dollar General,23662953,40238,1298,588.07,derived
2022-09-01,Dollar General,23258404,39060,1302,595.45,derived
2022-10-01,Dollar General,24432485,40517,1307,603.02,derived
2022-11-01,Dollar General,24131606,39060,1302,617.81,derived
2022-12-01,Dollar General,29339357,40486,1306,724.68,derived
2023-01-01,Dollar General,22506336,40641,1311,553.78,derived
2023-02-01,Dollar General,20907162,36820,1315,567.82,derived
2023-03-01,Dollar General,21658422,40827,1317,530.49,derived
2023-04-01,Dollar General,23430250,39600,1320,591.67,derived
2023-05-01,Dollar General,23755291,41075,1325,578.34,derived
2023-06-01,Dollar General,24098585,39840,1328,604.88,derived
2023-07-01,Dollar General,23768855,41354,1334,574.77,derived
2023-08-01,Dollar General,23366362,41447,1337,563.76,derived
2023-09-01,Dollar General,22490237,40170,1339,559.88,derived
2023-10-01,Dollar General,23798752,41664,1344,571.21,derived
2023-11-01,Dollar General,25015360,40380,1346,619.5,derived
2023-12-01,Dollar General,30918879,41695,1345,741.55,derived
2024-01-01,Dollar General,21247811,41819,1349,508.09,derived
2024-02-01,Dollar General,21308942,39179,1351,543.89,derived
2024-03-01,Dollar General,22653545,41881,1351,540.9,derived
2024-04-01,Dollar General,23111864,40560,1352,569.82,derived
2024-05-01,Dollar General,24680685,42005,1355,587.57,derived
2024-06-01,Dollar General,24055484,40770,1359,590.03,derived
2024-07-01,Dollar General,23471791,42222,1362,555.91,derived
2024-08-01,Dollar General,23852199,42253,1363,564.51,derived
2024-09-01,Dollar General,21857665,40950,1365,533.76,derived
2024-10-01,Dollar General,23469344,42377,1367,553.82,derived
2024-11-01,Dollar General,24605780,41070,1369,599.12,derived
2024-12-01,Dollar General,30229429,42439,1369,712.3,derived
2020-01-01,Dollar Tree,12741199,21793,703,584.65,derived
2020-02-01,Dollar Tree,12061120,20387,703,591.61,derived
2020-03-01,Dollar Tree,6680111,21793,703,306.53,derived
2020-04-01,Dollar Tree,299412,21090,703,14.2,derived
2020-05-01,Dollar Tree,5889506,21793,703,270.25,derived
2020-06-01,Dollar Tree,9558360,21090,703,453.22,derived
2020-07-01,Dollar Tree,9565630,21793,703,438.93,derived
2020-08-01,Dollar Tree,9708796,21793,703,445.5,derived
2020-09-01,Dollar Tree,9821170,21090,703,465.68,derived
2020-10-01,Dollar Tree,11341828,21793,703,520.43,derived
2020-11-01,Dollar Tree,11486660,21090,703,544.65,derived
2020-12-01,Dollar Tree,12808281,21793,703,587.72,derived
2021-01-01,Dollar Tree,10151443,21793,703,465.81,derived
2021-02-01,Dollar Tree,8735023,19684,703,443.76,derived
2021-03-01,Dollar Tree,10742450,21793,703,492.93,derived
2021-04-01,Dollar Tree,11548288,21090,703,547.57,derived
2021-05-01,Dollar Tree,12043779,21824,704,551.86,derived
2021-06-01,Dollar Tree,11819533,21090,703,560.43,derived
2021-07-01,Dollar Tree,11666909,21793,703,535.35,derived
2021-08-01,Dollar Tree,11722249,21793,703,537.89,derived
2021-09-01,Dollar Tree,11570893,21120,704,547.86,derived
2021-10-01,Dollar Tree,12613664,21855,705,577.15,derived
2021-11-01,Dollar Tree,12869136,21240,708,605.89,derived
2021-12-01,Dollar Tree,16350404,22041,711,741.82,derived
2022-01-01,Dollar Tree,10956900,22041,711,497.11,derived
2022-02-01,Dollar Tree,10403355,19908,711,522.57,derived
2022-03-01,Dollar Tree,11331977,22041,711,514.13,derived
2022-04-01,Dollar Tree,12302195,21330,711,576.76,derived
2022-05-01,Dollar Tree,12151548,22041,711,551.32,derived
2022-06-01,Dollar Tree,12023180,21330,711,563.67,derived
2022-07-01,Dollar Tree,12045770,22041,711,546.52,derived
2022-08-01,Dollar Tree,12180113,22041,711,552.61,derived
2022-09-01,Dollar Tree,11529390,21360,712,539.77,derived
2022-10-01,Dollar Tree,12446630,22041,711,564.7,derived
2022-11-01,Dollar Tree,12260248,21330,711,574.79,derived
2022-12-01,Dollar Tree,14583897,22072,712,660.74,derived
2023-01-01,Dollar Tree,11712786,22072,712,530.66,derived
2023-02-01,Dollar Tree,10860706,19964,713,544.01,derived
2023-03-01,Dollar Tree,11379076,22103,713,514.82,derived
2023-04-01,Dollar Tree,12397954,21420,714,578.8,derived
2023-05-01,Dollar Tree,12718578,22134,714,574.62,derived
2023-06-01,Dollar Tree,12374379,21420,714,577.7,derived
2023-07-01,Dollar Tree,12357655,22196,716,556.75,derived
2023-08-01,Dollar Tree,12216323,22227,717,549.62,derived
2023-09-01,Dollar Tree,11705519,21540,718,543.43,derived
2023-10-01,Dollar Tree,12402953,22289,719,556.46,derived
2023-11-01,Dollar Tree,12829636,21690,723,591.5,derived
2023-12-01,Dollar Tree,16209921,22537,727,719.26,derived
2024-01-01,Dollar Tree,10965658,22630,730,484.56,derived
2024-02-01,Dollar Tree,11125876,21257,733,523.4,derived
2024-03-01,Dollar Tree,12151963,22754,734,534.06,derived
2024-04-01,Dollar Tree,12421965,22140,738,561.06,derived
2024-05-01,Dollar Tree,13404400,23064,744,581.18,derived
2024-06-01,Dollar Tree,13172575,22470,749,586.23,derived
2024-07-01,Dollar Tree,12838954,23219,749,552.95,derived
2024-08-01,Dollar Tree,13010196,23405,755,555.87,derived
2024-09-01,Dollar Tree,11929966,23250,775,513.12,derived
2024-10-01,Dollar Tree,13083669,24304,784,538.33,derived
2024-11-01,Dollar Tree,14332781,23760,792,603.23,derived
2024-12-01,Dollar Tree,17788074,24583,793,723.59,derived
2020-01-01,Domino's Pizza,39079479,18786,606,2080.24,derived
2020-02-01,Domino's Pizza,38625388,17574,606,2197.87,derived
2020-03-01,Domino's Pizza,23981234,18941,611,1266.1,derived
2020-04-01,Domino's Pizza,8826823,18360,612,480.76,derived
2020-05-01,Domino's Pizza,20963463,19003,613,1103.17,derived
2020-06-01,Domino's Pizza,32295739,18450,615,1750.45,derived
2020-07-01,Domino's Pizza,28914384,19096,616,1514.16,derived
2020-08-01,Domino's Pizza,26138913,19189,619,1362.18,derived
2020-09-01,Domino's Pizza,27955365,18630,621,1500.56,derived
2020-10-01,Domino's Pizza,29739279,19313,623,1539.86,derived
2020-11-01,Domino's Pizza,27232033,18810,627,1447.74,derived
2020-12-01,Domino's Pizza,26920269,19561,631,1376.22,derived
2021-01-01,Domino's Pizza,23971538,19778,638,1212.03,derived
2021-02-01,Domino's Pizza,21799627,17864,638,1220.31,derived
2021-03-01,Domino's Pizza,31516050,19778,638,1593.49,derived
2021-04-01,Domino's Pizza,34672212,19140,638,1811.51,derived
2021-05-01,Domino's Pizza,35861266,19778,638,1813.19,derived
2021-06-01,Domino's Pizza,41177659,19200,640,2144.67,derived
2021-07-01,Domino's Pizza,43077850,19840,640,2171.26,derived
2021-08-01,Domino's Pizza,38896430,19840,640,1960.51,derived
2021-09-01,Domino's Pizza,38699484,19200,640,2015.6,derived
2021-10-01,Domino's Pizza,40265233,19933,643,2020.03,derived
2021-11-01,Domino's Pizza,39419293,19380,646,2034.02,derived
2021-12-01,Domino's Pizza,44531666,20088,648,2216.83,derived
2022-01-01,Domino's Pizza,37290814,20119,649,1853.51,derived
2022-02-01,Domino's Pizza,36163762,18172,649,1990.08,derived
2022-03-01,Domino's Pizza,39518878,20119,649,1964.26,derived
2022-04-01,Domino's Pizza,40009176,19470,649,2054.91,derived
2022-05-01,Domino's Pizza,41504136,20119,649,2062.93,derived
2022-06-01,Domino's Pizza,42833734,19470,649,2199.99,derived
2022-07-01,Domino's Pizza,44050735,20119,649,2189.51,derived
2022-08-01,Domino's Pizza,42142898,20119,649,2094.68,derived
2022-09-01,Domino's Pizza,38249238,19470,649,1964.52,derived
2022-10-01,Domino's Pizza,38965520,20119,649,1936.75,derived
2022-11-01,Domino's Pizza,36925881,19470,649,1896.55,derived
2022-12-01,Domino's Pizza,39870355,20460,660,1948.7,derived
2023-01-01,Domino's Pizza,36656669,20491,661,1788.92,derived
2023-02-01,Domino's Pizza,35660713,18536,662,1923.86,derived
2023-03-01,Domino's Pizza,38760291,20615,665,1880.2,derived
2023-04-01,Domino's Pizza,41009154,20040,668,2046.36,derived
2023-05-01,Domino's Pizza,41188674,20739,669,1986.05,derived
2023-06-01,Domino's Pizza,42099801,20130,671,2091.4,derived
2023-07-01,Domino's Pizza,42637729,20832,672,2046.74,derived
2023-08-01,Domino's Pizza,39055938,20863,673,1872.02,derived
2023-09-01,Domino's Pizza,37883273,20190,673,1876.34,derived
2023-10-01,Domino's Pizza,39328693,20894,674,1882.3,derived
2023-11-01,Domino's Pizza,38636219,20280,676,1905.14,derived
2023-12-01,Domino's Pizza,40200149,21080,680,1907.03,derived
2024-01-01,Domino's Pizza,36433762,21111,681,1725.82,derived
2024-02-01,Domino's Pizza,37829614,19749,681,1915.52,derived
2024-03-01,Domino's Pizza,42787386,21111,681,2026.78,derived
2024-04-01,Domino's Pizza,40618926,20520,684,1979.48,derived
2024-05-01,Domino's Pizza,42586758,21204,684,2008.43,derived
2024-06-01,Domino's Pizza,41970678,20640,688,2033.46,derived
2024-07-01,Domino's Pizza,42281922,21359,689,1979.58,derived
2024-08-01,Domino's Pizza,40038349,21421,691,1869.12,derived
2024-09-01,Domino's Pizza,38245210,20760,692,1842.25,derived
2024-10-01,Domino's Pizza,39631606,21452,692,1847.46,derived
2024-11-01,Domino's Pizza,39360442,20760,692,1895.98,derived
2024-12-01,Domino's Pizza,40916745,21545,695,1899.13,derived
2020-01-01,Dunkin',64984337,35960,1160,1807.13,derived
2020-02-01,Dunkin',64469524,33640,1160,1916.45,derived
2020-03-01,Dunkin',42182144,36425,1175,1158.05,derived
2020-04-01,Dunkin',8277549,35280,1176,234.62,derived
2020-05-01,Dunkin',10404711,36518,1178,284.92,derived
2020-06-01,Dunkin',29512878,35220,1174,837.96,derived
2020-07-01,Dunkin',41382899,35619,1149,1161.82,derived
2020-08-01,Dunkin',46437269,35371,1141,1312.86,derived
2020-09-01,Dunkin',47797364,34230,1141,1396.36,derived
2020-10-01,Dunkin',50886940,35371,1141,1438.66,derived
2020-11-01,Dunkin',46495649,34230,1141,1358.33,derived
2020-12-01,Dunkin',40041239,35371,1141,1132.04,derived
2021-01-01,Dunkin',36684936,34348,1108,1068.04,derived
2021-02-01,Dunkin',36741033,31080,1110,1182.14,derived
2021-03-01,Dunkin',53125231,34410,1110,1543.89,derived
2021-04-01,Dunkin',57290351,33390,1113,1715.79,derived
2021-05-01,Dunkin',60504168,34565,1115,1750.45,derived
2021-06-01,Dunkin',63322678,33360,1112,1898.16,derived
2021-07-01,Dunkin',65962882,34472,1112,1913.52,derived
2021-08-01,Dunkin',59557423,34534,1114,1724.6,derived
2021-09-01,Dunkin',61377022,33480,1116,1833.24,derived
2021-10-01,Dunkin',63523190,34565,1115,1837.79,derived
2021-11-01,Dunkin',59634555,33480,1116,1781.2,derived
2021-12-01,Dunkin',59785274,34441,1111,1735.88,derived
2022-01-01,Dunkin',52707947,34379,1109,1533.14,derived
2022-02-01,Dunkin',51672161,31024,1108,1665.55,derived
2022-03-01,Dunkin',60560821,34348,1108,1763.15,derived
2022-04-01,Dunkin',63580187,33210,1107,1914.49,derived
2022-05-01,Dunkin',64585022,34348,1108,1880.31,derived
2022-06-01,Dunkin',64510540,33240,1108,1940.75,derived
2022-07-01,Dunkin',68965223,34348,1108,2007.84,derived
2022-08-01,Dunkin',64206856,34255,1105,1874.38,derived
2022-09-01,Dunkin',61413086,33180,1106,1850.91,derived
2022-10-01,Dunkin',61669858,34348,1108,1795.44,derived
2022-11-01,Dunkin',56814478,33300,1110,1706.14,derived
2022-12-01,Dunkin',58613692,34565,1115,1695.75,derived
2023-01-01,Dunkin',61942989,34627,1117,1788.86,derived
2023-02-01,Dunkin',57784305,31276,1117,1847.56,derived
2023-03-01,Dunkin',61881208,34658,1118,1785.48,derived
2023-04-01,Dunkin',64258133,33540,1118,1915.87,derived
2023-05-01,Dunkin',65075175,34627,1117,1879.32,derived
2023-06-01,Dunkin',68267575,33540,1118,2035.41,derived
2023-07-01,Dunkin',70823745,34658,1118,2043.5,derived
2023-08-01,Dunkin',67941718,34782,1122,1953.36,derived
2023-09-01,Dunkin',61084196,33660,1122,1814.74,derived
2023-10-01,Dunkin',64147589,34782,1122,1844.28,derived
2023-11-01,Dunkin',61018314,33840,1128,1803.14,derived
2023-12-01,Dunkin',63946995,35123,1133,1820.66,derived
2024-01-01,Dunkin',58967583,35154,1134,1677.41,derived
2024-02-01,Dunkin',63100855,32915,1135,1917.09,derived
2024-03-01,Dunkin',66866315,35247,1137,1897.08,derived
2024-04-01,Dunkin',64741469,34170,1139,1894.69,derived
2024-05-01,Dunkin',69997278,35371,1141,1978.95,derived
2024-06-01,Dunkin',68174859,34170,1139,1995.17,derived
2024-07-01,Dunkin',67765735,35247,1137,1922.6,derived
2024-08-01,Dunkin',65458478,35371,1141,1850.63,derived
2024-09-01,Dunkin',60506493,34260,1142,1766.1,derived
2024-10-01,Dunkin',65620982,35495,1145,1848.74,derived
2024-11-01,Dunkin',63268064,34440,1148,1837.05,derived
2024-12-01,Dunkin',70951869,35774,1154,1983.34,derived
2020-01-01,Exxon Mobil,13008224,17577,567,740.07,derived
2020-02-01,Exxon Mobil,12819190,16443,567,779.61,derived
2020-03-01,Exxon Mobil,11912199,17577,567,677.72,derived
2020-04-01,Exxon Mobil,7224583,17010,567,424.73,derived
2020-05-01,Exxon Mobil,12188518,17577,567,693.44,derived
2020-06-01,Exxon Mobil,15195734,17010,567,893.34,derived
2020-07-01,Exxon Mobil,13764569,17577,567,783.1,derived
2020-08-01,Exxon Mobil,13165169,17577,567,749.0,derived
2020-09-01,Exxon Mobil,13438367,17010,567,790.03,derived
2020-10-01,Exxon Mobil,13374539,17577,567,760.91,derived
2020-11-01,Exxon Mobil,11639129,17010,567,684.25,derived
2020-12-01,Exxon Mobil,10701598,17577,567,608.84,derived
2021-01-01,Exxon Mobil,10124641,17577,567,576.02,derived
2021-02-01,Exxon Mobil,8794640,15820,565,555.92,derived
2021-03-01,Exxon Mobil,13952203,17577,567,793.78,derived
2021-04-01,Exxon Mobil,14168809,16950,565,835.92,derived
2021-05-01,Exxon Mobil,16371030,17546,566,933.03,derived
2021-06-01,Exxon Mobil,15871359,17040,568,931.42,derived
2021-07-01,Exxon Mobil,15526028,17639,569,880.21,derived
2021-08-01,Exxon Mobil,13883730,17856,576,777.54,derived
2021-09-01,Exxon Mobil,13677461,17190,573,795.66,derived
2021-10-01,Exxon Mobil,13876555,17794,574,779.84,derived
2021-11-01,Exxon Mobil,12862681,17220,574,746.96,derived
2021-12-01,Exxon Mobil,12157870,17825,575,682.07,derived
2022-01-01,Exxon Mobil,10241938,17825,575,574.58,derived
2022-02-01,Exxon Mobil,10509393,16100,575,652.76,derived
2022-03-01,Exxon Mobil,13789991,18135,585,760.41,derived
2022-04-01,Exxon Mobil,14235091,17490,583,813.9,derived
2022-05-01,Exxon Mobil,16185922,18042,582,897.12,derived
2022-06-01,Exxon Mobil,17060422,17460,582,977.11,derived
2022-07-01,Exxon Mobil,16066711,18228,588,881.43,derived
2022-08-01,Exxon Mobil,14383744,18104,584,794.51,derived
2022-09-01,Exxon Mobil,14253022,17460,582,816.32,derived
2022-10-01,Exxon Mobil,14166064,17918,578,790.61,derived
2022-11-01,Exxon Mobil,13022019,17340,578,750.98,derived
2022-12-01,Exxon Mobil,11971962,17825,575,671.64,derived
2023-01-01,Exxon Mobil,10987578,17794,574,617.49,derived
2023-02-01,Exxon Mobil,10735722,15932,569,673.85,derived
2023-03-01,Exxon Mobil,12956490,17546,566,738.43,derived
2023-04-01,Exxon Mobil,13765495,16980,566,810.69,derived
2023-05-01,Exxon Mobil,15355078,17453,563,879.8,derived
2023-06-01,Exxon Mobil,15303692,16890,563,906.08,derived
2023-07-01,Exxon Mobil,15392760,17422,562,883.52,derived
2023-08-01,Exxon Mobil,13983049,17453,563,801.18,derived
2023-09-01,Exxon Mobil,13495064,16920,564,797.58,derived
2023-10-01,Exxon Mobil,13458125,17484,564,769.74,derived
2023-11-01,Exxon Mobil,12269758,16710,557,734.28,derived
2023-12-01,Exxon Mobil,11651901,17298,558,673.6,derived
2024-01-01,Exxon Mobil,10415231,17360,560,599.96,derived
2024-02-01,Exxon Mobil,10982730,16211,559,677.49,derived
2024-03-01,Exxon Mobil,12901925,17236,556,748.55,derived
2024-04-01,Exxon Mobil,13148661,16620,554,791.13,derived
2024-05-01,Exxon Mobil,15340016,17112,552,896.45,derived
2024-06-01,Exxon Mobil,14972749,16560,552,904.15,derived
2024-07-01,Exxon Mobil,15021200,17050,550,881.01,derived
2024-08-01,Exxon Mobil,13681049,17019,549,803.87,derived
2024-09-01,Exxon Mobil,12587912,16530,551,761.52,derived
2024-10-01,Exxon Mobil,12546784,17019,549,737.22,derived
2024-11-01,Exxon Mobil,12029669,16470,549,730.4,derived
2024-12-01,Exxon Mobil,11638905,17081,551,681.39,derived
2020-01-01,Family Dollar Stores,12494501,20026,646,623.91,derived
2020-02-01,Family Dollar Stores,11842594,18734,646,632.14,derived
2020-03-01,Family Dollar Stores,6652891,20026,646,332.21,derived
2020-04-01,Family Dollar Stores,355705,19380,646,18.35,derived
2020-05-01,Family Dollar Stores,5940149,20026,646,296.62,derived
2020-06-01,Family Dollar Stores,9407204,19380,646,485.41,derived
2020-07-01,Family Dollar Stores,9331592,20026,646,465.97,derived
2020-08-01,Family Dollar Stores,9206083,20026,646,459.71,derived
2020-09-01,Family Dollar Stores,9271972,19380,646,478.43,derived
2020-10-01,Family Dollar Stores,10492333,20026,646,523.94,derived
2020-11-01,Family Dollar Stores,10555695,19380,646,544.67,derived
2020-12-01,Family Dollar Stores,12132501,20026,646,605.84,derived
2021-01-01,Family Dollar Stores,9237637,20026,646,461.28,derived
2021-02-01,Family Dollar Stores,7978716,18088,646,441.11,derived
2021-03-01,Family Dollar Stores,9982793,20026,646,498.49,derived
2021-04-01,Family Dollar Stores,10954051,19380,646,565.22,derived
2021-05-01,Family Dollar Stores,11070845,20026,646,552.82,derived
2021-06-01,Family Dollar Stores,10703250,19410,647,551.43,derived
2021-07-01,Family Dollar Stores,10892142,20088,648,542.22,derived
2021-08-01,Family Dollar Stores,10486473,20181,651,519.62,derived
2021-09-01,Family Dollar Stores,10300478,19590,653,525.8,derived
2021-10-01,Family Dollar Stores,11403998,20367,657,559.93,derived
2021-11-01,Family Dollar Stores,11789193,19770,659,596.32,derived
2021-12-01,Family Dollar Stores,14828217,20553,663,721.46,derived
2022-01-01,Family Dollar Stores,10208056,20491,661,498.17,derived
2022-02-01,Family Dollar Stores,9760555,18508,661,527.37,derived
2022-03-01,Family Dollar Stores,10514673,20491,661,513.14,derived
2022-04-01,Family Dollar Stores,11404519,19950,665,571.66,derived
2022-05-01,Family Dollar Stores,11879976,20615,665,576.28,derived
2022-06-01,Family Dollar Stores,11759062,20010,667,587.66,derived
2022-07-01,Family Dollar Stores,11724040,20646,666,567.86,derived
2022-08-01,Family Dollar Stores,11498213,20677,667,556.09,derived
2022-09-01,Family Dollar Stores,11555491,20010,667,577.49,derived
2022-10-01,Family Dollar Stores,12616748,20646,666,611.1,derived
2022-11-01,Family Dollar Stores,12754638,19980,666,638.37,derived
2022-12-01,Family Dollar Stores,15366184,20677,667,743.15,derived
2023-01-01,Family Dollar Stores,12230783,20646,666,592.4,derived
2023-02-01,Family Dollar Stores,10819698,18676,667,579.34,derived
2023-03-01,Family Dollar Stores,11705389,20770,670,563.57,derived
2023-04-01,Family Dollar Stores,12806778,20100,670,637.15,derived
2023-05-01,Family Dollar Stores,12793174,20832,672,614.11,derived
2023-06-01,Family Dollar Stores,12155996,20220,674,601.19,derived
2023-07-01,Family Dollar Stores,11988785,20925,675,572.94,derived
2023-08-01,Family Dollar Stores,11810995,20863,673,566.12,derived
2023-09-01,Family Dollar Stores,11595594,20160,672,575.18,derived
2023-10-01,Family Dollar Stores,12454998,20956,676,594.34,derived
2023-11-01,Family Dollar Stores,12909811,20280,676,636.58,derived
2023-12-01,Family Dollar Stores,15616975,20925,675,746.33,derived
2024-01-01,Family Dollar Stores,10936536,20925,675,522.65,derived
2024-02-01,Family Dollar Stores,11066458,19459,671,568.71,derived
2024-03-01,Family Dollar Stores,12152939,20832,672,583.38,derived
2024-04-01,Family Dollar Stores,12235692,20100,670,608.74,derived
2024-05-01,Family Dollar Stores,12444982,19809,639,628.25,derived
2024-06-01,Family Dollar Stores,12136322,18960,632,640.1,derived
2024-07-01,Family Dollar Stores,11654195,19344,624,602.47,derived
2024-08-01,Family Dollar Stores,11861018,19344,624,613.16,derived
2024-09-01,Family Dollar Stores,10516279,18660,622,563.57,derived
2024-10-01,Family Dollar Stores,11416952,19251,621,593.06,derived
2024-11-01,Family Dollar Stores,12214715,18570,619,657.77,derived
2024-12-01,Family Dollar Stores,13849435,19158,618,722.91,derived
2020-01-01,Jack in the Box,20460771,11439,369,1788.69,derived
2020-02-01,Jack in the Box,21137157,10701,369,1975.25,derived
2020-03-01,Jack in the Box,11859148,11439,369,1036.73,derived
2020-04-01,Jack in the Box,3510412,11070,369,317.11,derived
2020-05-01,Jack in the Box,10267263,11439,369,897.57,derived
2020-06-01,Jack in the Box,17104974,11040,368,1549.36,derived
2020-07-01,Jack in the Box,12537126,11377,367,1101.97,derived
2020-08-01,Jack in the Box,9991454,11377,367,878.22,derived
2020-09-01,Jack in the Box,10334908,10980,366,941.25,derived
2020-10-01,Jack in the Box,11026391,11284,364,977.17,derived
2020-11-01,Jack in the Box,10135715,10920,364,928.18,derived
2020-12-01,Jack in the Box,9450320,11284,364,837.5,derived
2021-01-01,Jack in the Box,8533510,11222,362,760.43,derived
2021-02-01,Jack in the Box,7224464,10136,362,712.75,derived
2021-03-01,Jack in the Box,11073396,11191,361,989.49,derived
2021-04-01,Jack in the Box,12399460,10770,359,1151.3,derived
2021-05-01,Jack in the Box,12502451,11129,359,1123.41,derived
2021-06-01,Jack in the Box,19672400,10740,358,1831.69,derived
2021-07-01,Jack in the Box,21501141,11067,357,1942.82,derived
2021-08-01,Jack in the Box,20040914,11067,357,1810.87,derived
2021-09-01,Jack in the Box,18499591,10680,356,1732.17,derived
2021-10-01,Jack in the Box,19435691,11036,356,1761.12,derived
2021-11-01,Jack in the Box,18624867,10650,355,1748.81,derived
2021-12-01,Jack in the Box,19575997,11005,355,1778.83,derived
2022-01-01,Jack in the Box,16839026,10974,354,1534.45,derived
2022-02-01,Jack in the Box,16455058,9912,354,1660.11,derived
2022-03-01,Jack in the Box,19421578,11005,355,1764.8,derived
2022-04-01,Jack in the Box,20976464,10650,355,1969.62,derived
2022-05-01,Jack in the Box,21389911,11005,355,1943.65,derived
2022-06-01,Jack in the Box,21523380,10650,355,2020.97,derived
2022-07-01,Jack in the Box,22356138,11005,355,2031.45,derived
2022-08-01,Jack in the Box,21198048,11005,355,1926.22,derived
2022-09-01,Jack in the Box,20266330,10590,353,1913.72,derived
2022-10-01,Jack in the Box,20900197,10757,347,1942.94,derived
2022-11-01,Jack in the Box,19153683,10410,347,1839.93,derived
2022-12-01,Jack in the Box,21660675,10757,347,2013.64,derived
2023-01-01,Jack in the Box,19060128,10819,349,1761.73,derived
2023-02-01,Jack in the Box,18662889,9772,349,1909.83,derived
2023-03-01,Jack in the Box,21058068,10819,349,1946.4,derived
2023-04-01,Jack in the Box,21890062,10470,349,2090.74,derived
2023-05-01,Jack in the Box,21581520,10819,349,1994.78,derived
2023-06-01,Jack in the Box,22009884,10470,349,2102.19,derived
2023-07-01,Jack in the Box,22127934,10819,349,2045.28,derived
2023-08-01,Jack in the Box,20687462,10788,348,1917.64,derived
2023-09-01,Jack in the Box,19785134,10440,348,1895.13,derived
2023-10-01,Jack in the Box,19987106,10726,346,1863.43,derived
2023-11-01,Jack in the Box,19187391,10410,347,1843.17,derived
2023-12-01,Jack in the Box,21472836,10757,347,1996.17,derived
2024-01-01,Jack in the Box,18153505,10757,347,1687.6,derived
2024-02-01,Jack in the Box,18838284,10063,347,1872.03,derived
2024-03-01,Jack in the Box,20908551,10757,347,1943.72,derived
2024-04-01,Jack in the Box,19932332,10410,347,1914.73,derived
2024-05-01,Jack in the Box,21217106,10757,347,1972.4,derived
2024-06-01,Jack in the Box,21220555,10410,347,2038.48,derived
2024-07-01,Jack in the Box,21497661,10726,346,2004.26,derived
2024-08-01,Jack in the Box,20519335,10726,346,1913.05,derived
2024-09-01,Jack in the Box,18558388,10440,348,1777.62,derived
2024-10-01,Jack in the Box,19103107,10695,345,1786.17,derived
2024-11-01,Jack in the Box,19184966,10320,344,1859.01,derived
2024-12-01,Jack in the Box,20123848,10664,344,1887.08,derived
2020-01-01,Jersey Mike's,12460505,5983,193,2082.65,derived
2020-02-01,Jersey Mike's,12659053,5713,197,2215.83,derived
2020-03-01,Jersey Mike's,7443357,6138,198,1212.67,derived
2020-04-01,Jersey Mike's,1673274,5940,198,281.7,derived
2020-05-01,Jersey Mike's,5217648,6138,198,850.06,derived
2020-06-01,Jersey Mike's,8275033,5970,199,1386.1,derived
2020-07-01,Jersey Mike's,7152735,6231,201,1147.93,derived
2020-08-01,Jersey Mike's,6343452,6231,201,1018.05,derived
2020-09-01,Jersey Mike's,6518528,6060,202,1075.66,derived
2020-10-01,Jersey Mike's,7513937,6262,202,1199.93,derived
2020-11-01,Jersey Mike's,6940085,6150,205,1128.47,derived
2020-12-01,Jersey Mike's,6852746,6386,206,1073.09,derived
2021-01-01,Jersey Mike's,6101136,6386,206,955.39,derived
2021-02-01,Jersey Mike's,5347825,5740,205,931.68,derived
2021-03-01,Jersey Mike's,8450098,6386,206,1323.22,derived
2021-04-01,Jersey Mike's,9492578,6330,211,1499.62,derived
2021-05-01,Jersey Mike's,9823441,6541,211,1501.83,derived
2021-06-01,Jersey Mike's,12582510,6360,212,1978.38,derived
2021-07-01,Jersey Mike's,13630039,6634,214,2054.57,derived
2021-08-01,Jersey Mike's,12412125,6696,216,1853.66,derived
2021-09-01,Jersey Mike's,11941441,6510,217,1834.32,derived
2021-10-01,Jersey Mike's,13040464,6758,218,1929.63,derived
2021-11-01,Jersey Mike's,12936974,6600,220,1960.15,derived
2021-12-01,Jersey Mike's,13405259,6975,225,1921.9,derived
2022-01-01,Jersey Mike's,12286845,7068,228,1738.38,derived
2022-02-01,Jersey Mike's,12336702,6440,230,1915.64,derived
2022-03-01,Jersey Mike's,14503490,7223,233,2007.96,derived
2022-04-01,Jersey Mike's,15029724,6990,233,2150.18,derived
2022-05-01,Jersey Mike's,14877821,7347,237,2025.02,derived
2022-06-01,Jersey Mike's,14621886,7260,242,2014.03,derived
2022-07-01,Jersey Mike's,15077377,7502,242,2009.78,derived
2022-08-01,Jersey Mike's,14272220,7533,243,1894.63,derived
2022-09-01,Jersey Mike's,14151562,7350,245,1925.38,derived
2022-10-01,Jersey Mike's,14988714,7595,245,1973.5,derived
2022-11-01,Jersey Mike's,13909717,7440,248,1869.59,derived
2022-12-01,Jersey Mike's,15063341,7750,250,1943.66,derived
2023-01-01,Jersey Mike's,14521546,7874,254,1844.24,derived
2023-02-01,Jersey Mike's,14124768,7140,255,1978.26,derived
2023-03-01,Jersey Mike's,15597613,8029,259,1942.66,derived
2023-04-01,Jersey Mike's,16196197,7830,261,2068.48,derived
2023-05-01,Jersey Mike's,16098950,8091,261,1989.74,derived
2023-06-01,Jersey Mike's,16443721,8010,267,2052.9,derived
2023-07-01,Jersey Mike's,17187034,8277,267,2076.48,derived
2023-08-01,Jersey Mike's,15615193,8277,267,1886.58,derived
2023-09-01,Jersey Mike's,15347114,8130,271,1887.71,derived
2023-10-01,Jersey Mike's,15675961,8432,272,1859.1,derived
2023-11-01,Jersey Mike's,15170251,8190,273,1852.29,derived
2023-12-01,Jersey Mike's,16782684,8556,276,1961.51,derived
2024-01-01,Jersey Mike's,14989159,8680,280,1726.86,derived
2024-02-01,Jersey Mike's,15265572,8207,283,1860.07,derived
2024-03-01,Jersey Mike's,16868898,8773,283,1922.82,derived
2024-04-01,Jersey Mike's,16288355,8610,287,1891.8,derived
2024-05-01,Jersey Mike's,18087101,8959,289,2018.87,derived
2024-06-01,Jersey Mike's,18590936,8670,289,2144.28,derived
2024-07-01,Jersey Mike's,18560784,9052,292,2050.46,derived
2024-08-01,Jersey Mike's,18308579,9300,300,1968.66,derived
2024-09-01,Jersey Mike's,15372822,9030,301,1702.42,derived
2024-10-01,Jersey Mike's,16357491,9393,303,1741.46,derived
2024-11-01,Jersey Mike's,16626605,9120,304,1823.09,derived
2024-12-01,Jersey Mike's,18136194,9486,306,1911.89,derived
2020-01-01,Jimmy John's,11739072,5363,173,2188.9,derived
2020-02-01,Jimmy John's,11438730,4959,171,2306.66,derived
2020-03-01,Jimmy John's,7137042,5301,171,1346.36,derived
2020-04-01,Jimmy John's,2276121,5130,171,443.69,derived
2020-05-01,Jimmy John's,5414404,5332,172,1015.45,derived
2020-06-01,Jimmy John's,7963738,5190,173,1534.44,derived
2020-07-01,Jimmy John's,7614877,5332,172,1428.15,derived
2020-08-01,Jimmy John's,7318629,5239,169,1396.95,derived
2020-09-01,Jimmy John's,7936315,5070,169,1565.35,derived
2020-10-01,Jimmy John's,8759222,5239,169,1671.93,derived
2020-11-01,Jimmy John's,7971563,5070,169,1572.3,derived
2020-12-01,Jimmy John's,8234076,5301,171,1553.31,derived
2021-01-01,Jimmy John's,7450297,5301,171,1405.45,derived
2021-02-01,Jimmy John's,6568893,4760,170,1380.02,derived
2021-03-01,Jimmy John's,9039500,5301,171,1705.24,derived
2021-04-01,Jimmy John's,9955547,5100,170,1952.07,derived
2021-05-01,Jimmy John's,10123497,5239,169,1932.33,derived
2021-06-01,Jimmy John's,10497835,5070,169,2070.58,derived
2021-07-01,Jimmy John's,11454540,5270,170,2173.54,derived
2021-08-01,Jimmy John's,10666602,5270,170,2024.02,derived
2021-09-01,Jimmy John's,10191493,5100,170,1998.33,derived
2021-10-01,Jimmy John's,10737891,5270,170,2037.55,derived
2021-11-01,Jimmy John's,10399540,5100,170,2039.13,derived
2021-12-01,Jimmy John's,10686036,5270,170,2027.71,derived
2022-01-01,Jimmy John's,10031839,5270,170,1903.57,derived
2022-02-01,Jimmy John's,9605645,4788,171,2006.19,derived
2022-03-01,Jimmy John's,10971341,5301,171,2069.67,derived
2022-04-01,Jimmy John's,11176552,5070,169,2204.45,derived
2022-05-01,Jimmy John's,11411657,5208,168,2191.18,derived
2022-06-01,Jimmy John's,11356363,5040,168,2253.25,derived
2022-07-01,Jimmy John's,11696277,5239,169,2232.54,derived
2022-08-01,Jimmy John's,10647879,5239,169,2032.43,derived
2022-09-01,Jimmy John's,10045781,5010,167,2005.15,derived
2022-10-01,Jimmy John's,10119445,5177,167,1954.69,derived
2022-11-01,Jimmy John's,9332083,4950,165,1885.27,derived
2022-12-01,Jimmy John's,9070769,5084,164,1784.18,derived
2023-01-01,Jimmy John's,8867245,5084,164,1744.15,derived
2023-02-01,Jimmy John's,8892353,4592,164,1936.49,derived
2023-03-01,Jimmy John's,10051582,5084,164,1977.1,derived
2023-04-01,Jimmy John's,10319448,4920,164,2097.45,derived
2023-05-01,Jimmy John's,10268799,5084,164,2019.83,derived
2023-06-01,Jimmy John's,10299756,4920,164,2093.45,derived
2023-07-01,Jimmy John's,10482740,4929,159,2126.75,derived
2023-08-01,Jimmy John's,9617092,4960,160,1938.93,derived
2023-09-01,Jimmy John's,9354382,4800,160,1948.83,derived
2023-10-01,Jimmy John's,9235441,4929,159,1873.69,derived
2023-11-01,Jimmy John's,8906456,4800,160,1855.51,derived
2023-12-01,Jimmy John's,9237642,4960,160,1862.43,derived
2024-01-01,Jimmy John's,8142437,4991,161,1631.42,derived
2024-02-01,Jimmy John's,8815582,4669,161,1888.11,derived
2024-03-01,Jimmy John's,9778392,5022,162,1947.11,derived
2024-04-01,Jimmy John's,9508618,4890,163,1944.5,derived
2024-05-01,Jimmy John's,10124458,5053,163,2003.65,derived
2024-06-01,Jimmy John's,9964443,4920,164,2025.29,derived
2024-07-01,Jimmy John's,9843106,5084,164,1936.09,derived
2024-08-01,Jimmy John's,9382765,5115,165,1834.36,derived
2024-09-01,Jimmy John's,8894102,4950,165,1796.79,derived
2024-10-01,Jimmy John's,9991473,5146,166,1941.6,derived
2024-11-01,Jimmy John's,10414166,4980,166,2091.2,derived
2024-12-01,Jimmy John's,8993794,5177,167,1737.26,derived
2020-01-01,KFC,21955407,10354,334,2120.48,derived
2020-02-01,KFC,21918165,9715,335,2256.12,derived
2020-03-01,KFC,13114246,10447,337,1255.31,derived
2020-04-01,KFC,3718697,10110,337,367.82,derived
2020-05-01,KFC,11612203,10447,337,1111.53,derived
2020-06-01,KFC,16853134,10110,337,1666.98,derived
2020-07-01,KFC,15489162,10447,337,1482.64,derived
2020-08-01,KFC,13696460,10447,337,1311.04,derived
2020-09-01,KFC,14686873,10110,337,1452.71,derived
2020-10-01,KFC,15869829,10447,337,1519.08,derived
2020-11-01,KFC,14424636,10110,337,1426.77,derived
2020-12-01,KFC,13400595,10447,337,1282.72,derived
2021-01-01,KFC,12852992,10447,337,1230.3,derived
2021-02-01,KFC,11195635,9436,337,1186.48,derived
2021-03-01,KFC,16033133,10447,337,1534.71,derived
2021-04-01,KFC,17723882,10110,337,1753.1,derived
2021-05-01,KFC,18149973,10447,337,1737.34,derived
2021-06-01,KFC,22125328,10380,346,2131.53,derived
2021-07-01,KFC,23432998,10726,346,2184.69,derived
2021-08-01,KFC,21848670,10757,347,2031.11,derived
2021-09-01,KFC,21213468,10440,348,2031.94,derived
2021-10-01,KFC,21844777,10788,348,2024.91,derived
2021-11-01,KFC,20891639,10440,348,2001.11,derived
2021-12-01,KFC,21808477,10788,348,2021.55,derived
2022-01-01,KFC,20864210,10974,354,1901.24,derived
2022-02-01,KFC,19657680,9912,354,1983.22,derived
2022-03-01,KFC,22095375,11036,356,2002.12,derived
2022-04-01,KFC,23279679,10710,357,2173.64,derived
2022-05-01,KFC,23129663,11067,357,2089.97,derived
2022-06-01,KFC,23111778,10710,357,2157.96,derived
2022-07-01,KFC,23640661,11067,357,2136.14,derived
2022-08-01,KFC,22720137,11067,357,2052.96,derived
2022-09-01,KFC,21416605,10710,357,1999.68,derived
2022-10-01,KFC,22658349,11129,359,2035.97,derived
2022-11-01,KFC,20826701,10770,359,1933.77,derived
2022-12-01,KFC,20271537,11129,359,1821.51,derived
2023-01-01,KFC,19238139,11129,359,1728.65,derived
2023-02-01,KFC,19859481,10052,359,1975.67,derived
2023-03-01,KFC,22166588,11160,360,1986.25,derived
2023-04-01,KFC,22772356,10800,360,2108.55,derived
2023-05-01,KFC,23265204,11346,366,2050.52,derived
2023-06-01,KFC,23254033,10980,366,2117.85,derived
2023-07-01,KFC,25421803,11842,382,2146.75,derived
2023-08-01,KFC,22380678,11842,382,1889.94,derived
2023-09-01,KFC,21668591,11340,378,1910.81,derived
2023-10-01,KFC,21498853,11687,377,1839.55,derived
2023-11-01,KFC,20827346,11280,376,1846.4,derived
2023-12-01,KFC,21405568,11656,376,1836.44,derived
2024-01-01,KFC,18624439,11532,372,1615.02,derived
2024-02-01,KFC,19603426,10759,371,1822.05,derived
2024-03-01,KFC,21992914,11501,371,1912.26,derived
2024-04-01,KFC,21594353,11070,369,1950.71,derived
2024-05-01,KFC,23053568,11439,369,2015.35,derived
2024-06-01,KFC,22223821,11010,367,2018.51,derived
2024-07-01,KFC,21754398,11377,367,1912.14,derived
2024-08-01,KFC,21516932,11346,366,1896.43,derived
2024-09-01,KFC,19842077,10920,364,1817.04,derived
2024-10-01,KFC,20221112,11284,364,1792.02,derived
2024-11-01,KFC,20163342,10890,363,1851.55,derived
2024-12-01,KFC,20424038,10695,345,1909.68,derived
2020-01-01,Kohl's,11782687,3627,117,3248.6,derived
2020-02-01,Kohl's,11246668,3393,117,3314.67,derived
2020-03-01,Kohl's,6013383,3627,117,1657.95,derived
2020-04-01,Kohl's,116191,3510,117,33.1,derived
2020-05-01,Kohl's,2695794,3627,117,743.26,derived
2020-06-01,Kohl's,5839758,3510,117,1663.75,derived
2020-07-01,Kohl's,7109887,3627,117,1960.27,derived
2020-08-01,Kohl's,7878086,3627,117,2172.07,derived
2020-09-01,Kohl's,7969481,3510,117,2270.51,derived
2020-10-01,Kohl's,8679094,3627,117,2392.91,derived
2020-11-01,Kohl's,9586076,3510,117,2731.08,derived
2020-12-01,Kohl's,11880923,3627,117,3275.69,derived
2021-01-01,Kohl's,7549904,3627,117,2081.58,derived
2021-02-01,Kohl's,6440380,3276,117,1965.93,derived
2021-03-01,Kohl's,8617941,3627,117,2376.05,derived
2021-04-01,Kohl's,9294118,3510,117,2647.9,derived
2021-05-01,Kohl's,10630297,3627,117,2930.88,derived
2021-06-01,Kohl's,10143002,3510,117,2889.74,derived
2021-07-01,Kohl's,10778708,3658,118,2946.61,derived
2021-08-01,Kohl's,10644384,3658,118,2909.89,derived
2021-09-01,Kohl's,9283671,3540,118,2622.51,derived
2021-10-01,Kohl's,10227421,3658,118,2795.91,derived
2021-11-01,Kohl's,13231566,3540,118,3737.73,derived
2021-12-01,Kohl's,14961612,3658,118,4090.11,derived
2022-01-01,Kohl's,7790892,3658,118,2129.82,derived
2022-02-01,Kohl's,7186779,3304,118,2175.18,derived
2022-03-01,Kohl's,8802553,3658,118,2406.38,derived
2022-04-01,Kohl's,9513487,3540,118,2687.43,derived
2022-05-01,Kohl's,10422459,3658,118,2849.22,derived
2022-06-01,Kohl's,10118563,3540,118,2858.35,derived
2022-07-01,Kohl's,11216359,3658,118,3066.25,derived
2022-08-01,Kohl's,11341248,3658,118,3100.4,derived
2022-09-01,Kohl's,10042521,3540,118,2836.87,derived
2022-10-01,Kohl's,10849059,3658,118,2965.84,derived
2022-11-01,Kohl's,13092315,3540,118,3698.39,derived
2022-12-01,Kohl's,17963948,3658,118,4910.87,derived
2023-01-01,Kohl's,9379487,3658,118,2564.1,derived
2023-02-01,Kohl's,8104692,3304,118,2452.99,derived
2023-03-01,Kohl's,9381068,3658,118,2564.53,derived
2023-04-01,Kohl's,10687370,3540,118,3019.03,derived
2023-05-01,Kohl's,10630211,3658,118,2906.02,derived
2023-06-01,Kohl's,10404086,3540,118,2939.01,derived
2023-07-01,Kohl's,10772424,3658,118,2944.89,derived
2023-08-01,Kohl's,11005523,3658,118,3008.62,derived
2023-09-01,Kohl's,9794725,3540,118,2766.87,derived
2023-10-01,Kohl's,10078582,3658,118,2755.22,derived
2023-11-01,Kohl's,12882008,3570,119,3608.41,derived
2023-12-01,Kohl's,17351087,3689,119,4703.47,derived
2024-01-01,Kohl's,9067198,3689,119,2457.9,derived
2024-02-01,Kohl's,8086860,3451,119,2343.34,derived
2024-03-01,Kohl's,9456456,3658,118,2585.14,derived
2024-04-01,Kohl's,9292085,3540,118,2624.88,derived
2024-05-01,Kohl's,11128778,3658,118,3042.31,derived
2024-06-01,Kohl's,10690693,3540,118,3019.97,derived
2024-07-01,Kohl's,10586841,3658,118,2894.16,derived
2024-08-01,Kohl's,10755887,3658,118,2940.37,derived
2024-09-01,Kohl's,8937390,3570,119,2503.47,derived
2024-10-01,Kohl's,9624627,3689,119,2609.01,derived
2024-11-01,Kohl's,12884890,3570,119,3609.21,derived
2024-12-01,Kohl's,15339013,3689,119,4158.04,derived
2020-01-01,Kroger,13923476,2573,83,5411.38,derived
2020-02-01,Kroger,12719528,2407,83,5284.39,derived
2020-03-01,Kroger,10237085,2573,83,3978.66,derived
2020-04-01,Kroger,7622913,2490,83,3061.41,derived
2020-05-01,Kroger,9305382,2573,83,3616.55,derived
2020-06-01,Kroger,9816526,2490,83,3942.38,derived
2020-07-01,Kroger,9813417,2573,83,3814.0,derived
2020-08-01,Kroger,9810241,2573,83,3812.76,derived
2020-09-01,Kroger,10241093,2520,84,4063.93,derived
2020-10-01,Kroger,11124598,2604,84,4272.12,derived
2020-11-01,Kroger,11249908,2520,84,4464.25,derived
2020-12-01,Kroger,11432827,2573,83,4443.38,derived
2021-01-01,Kroger,10609547,2542,82,4173.7,derived
2021-02-01,Kroger,8943590,2296,82,3895.29,derived
2021-03-01,Kroger,11773663,2542,82,4631.65,derived
2021-04-01,Kroger,11669269,2430,81,4802.17,derived
2021-05-01,Kroger,10997449,2511,81,4379.71,derived
2021-06-01,Kroger,10271021,2430,81,4226.76,derived
2021-07-01,Kroger,10960121,2511,81,4364.84,derived
2021-08-01,Kroger,10705999,2511,81,4263.64,derived
2021-09-01,Kroger,11009556,2430,81,4530.68,derived
2021-10-01,Kroger,11334454,2511,81,4513.92,derived
2021-11-01,Kroger,11531003,2430,81,4745.27,derived
2021-12-01,Kroger,13183783,2511,81,5250.41,derived
2022-01-01,Kroger,10971097,2511,81,4369.21,derived
2022-02-01,Kroger,9296420,2268,81,4098.95,derived
2022-03-01,Kroger,10164001,2511,81,4047.79,derived
2022-04-01,Kroger,10486964,2430,81,4315.62,derived
2022-05-01,Kroger,11580271,2511,81,4611.82,derived
2022-06-01,Kroger,11331832,2430,81,4663.31,derived
2022-07-01,Kroger,11537684,2542,82,4538.82,derived
2022-08-01,Kroger,10827594,2542,82,4259.48,derived
2022-09-01,Kroger,10844956,2460,82,4408.52,derived
2022-10-01,Kroger,11388149,2542,82,4480.0,derived
2022-11-01,Kroger,11214607,2460,82,4558.78,derived
2022-12-01,Kroger,12117635,2542,82,4766.97,derived
2023-01-01,Kroger,10304220,2542,82,4053.59,derived
2023-02-01,Kroger,9336436,2296,82,4066.39,derived
2023-03-01,Kroger,9895187,2542,82,3892.68,derived
2023-04-01,Kroger,10396475,2460,82,4226.21,derived
2023-05-01,Kroger,10503007,2542,82,4131.79,derived
2023-06-01,Kroger,10561362,2460,82,4293.24,derived
2023-07-01,Kroger,10747019,2542,82,4227.78,derived
2023-08-01,Kroger,9874798,2542,82,3884.66,derived
2023-09-01,Kroger,9747456,2460,82,3962.38,derived
2023-10-01,Kroger,10044690,2542,82,3951.49,derived
2023-11-01,Kroger,10581896,2460,82,4301.58,derived
2023-12-01,Kroger,11982385,2511,81,4771.96,derived
2024-01-01,Kroger,9540487,2511,81,3799.48,derived
2024-02-01,Kroger,9197637,2349,81,3915.55,derived
2024-03-01,Kroger,10191077,2511,81,4058.57,derived
2024-04-01,Kroger,9807316,2430,81,4035.93,derived
2024-05-01,Kroger,10700620,2511,81,4261.5,derived
2024-06-01,Kroger,10769874,2430,81,4432.05,derived
2024-07-01,Kroger,10703075,2511,81,4262.48,derived
2024-08-01,Kroger,10097716,2511,81,4021.39,derived
2024-09-01,Kroger,9648538,2430,81,3970.59,derived
2024-10-01,Kroger,9976936,2511,81,3973.29,derived
2024-11-01,Kroger,9988107,2430,81,4110.33,derived
2024-12-01,Kroger,10996984,2511,81,4379.52,derived
2020-01-01,Lowe's,10440658,4867,157,2145.19,derived
2020-02-01,Lowe's,10304153,4553,157,2263.16,derived
2020-03-01,Lowe's,7328992,4867,157,1505.85,derived
2020-04-01,Lowe's,5126497,4710,157,1088.43,derived
2020-05-01,Lowe's,12387382,4867,157,2545.18,derived
2020-06-01,Lowe's,13314335,4710,157,2826.82,derived
2020-07-01,Lowe's,11747066,4867,157,2413.62,derived
2020-08-01,Lowe's,11115215,4867,157,2283.79,derived
2020-09-01,Lowe's,11239463,4710,157,2386.3,derived
2020-10-01,Lowe's,11302388,4867,157,2322.25,derived
2020-11-01,Lowe's,11494296,4710,157,2440.4,derived
2020-12-01,Lowe's,11332818,4867,157,2328.5,derived
2021-01-01,Lowe's,9331620,4867,157,1917.32,derived
2021-02-01,Lowe's,7655703,4396,157,1741.52,derived
2021-03-01,Lowe's,11204274,4867,157,2302.09,derived
2021-04-01,Lowe's,12496389,4710,157,2653.16,derived
2021-05-01,Lowe's,13988690,4867,157,2874.19,derived
2021-06-01,Lowe's,13163882,4710,157,2794.88,derived
2021-07-01,Lowe's,12230659,4867,157,2512.98,derived
2021-08-01,Lowe's,11222997,4867,157,2305.94,derived
2021-09-01,Lowe's,11384471,4710,157,2417.09,derived
2021-10-01,Lowe's,11341953,4867,157,2330.38,derived
2021-11-01,Lowe's,12166689,4710,157,2583.16,derived
2021-12-01,Lowe's,10953917,4867,157,2250.65,derived
2022-01-01,Lowe's,9411308,4867,157,1933.7,derived
2022-02-01,Lowe's,8892779,4396,157,2022.93,derived
2022-03-01,Lowe's,10664494,4867,157,2191.18,derived
2022-04-01,Lowe's,11765605,4710,157,2498.01,derived
2022-05-01,Lowe's,12824627,4867,157,2635.02,derived
2022-06-01,Lowe's,12523050,4710,157,2658.82,derived
2022-07-01,Lowe's,11619010,4867,157,2387.3,derived
2022-08-01,Lowe's,11100209,4867,157,2280.71,derived
2022-09-01,Lowe's,11128315,4740,158,2347.75,derived
2022-10-01,Lowe's,11038020,4898,158,2253.58,derived
2022-11-01,Lowe's,11546260,4740,158,2435.92,derived
2022-12-01,Lowe's,11309431,4898,158,2308.99,derived
2023-01-01,Lowe's,9280376,4898,158,1894.73,derived
2023-02-01,Lowe's,8750171,4424,158,1977.89,derived
2023-03-01,Lowe's,9649309,4898,158,1970.05,derived
2023-04-01,Lowe's,11314089,4740,158,2386.94,derived
2023-05-01,Lowe's,12291737,4898,158,2509.54,derived
2023-06-01,Lowe's,11947269,4740,158,2520.52,derived
2023-07-01,Lowe's,11305275,4898,158,2308.14,derived
2023-08-01,Lowe's,10527932,4898,158,2149.43,derived
2023-09-01,Lowe's,10530531,4740,158,2221.63,derived
2023-10-01,Lowe's,10332828,4929,159,2096.33,derived
2023-11-01,Lowe's,11358139,4770,159,2381.16,derived
2023-12-01,Lowe's,11345018,4929,159,2301.69,derived
2024-01-01,Lowe's,8816308,4929,159,1788.66,derived
2024-02-01,Lowe's,8573717,4611,159,1859.41,derived
2024-03-01,Lowe's,10036612,4929,159,2036.24,derived
2024-04-01,Lowe's,10396440,4770,159,2179.55,derived
2024-05-01,Lowe's,12280980,4929,159,2491.58,derived
2024-06-01,Lowe's,11520310,4770,159,2415.16,derived
2024-07-01,Lowe's,10651514,4929,159,2160.99,derived
2024-08-01,Lowe's,10676209,4960,160,2152.46,derived
2024-09-01,Lowe's,10347776,4800,160,2155.79,derived
2024-10-01,Lowe's,10101847,4960,160,2036.66,derived
2024-11-01,Lowe's,11661946,4800,160,2429.57,derived
2024-12-01,Lowe's,11335635,4991,161,2271.22,derived
2020-01-01,Marathon,11269192,7750,250,1454.09,derived
2020-02-01,Marathon,11131676,7250,250,1535.4,derived
2020-03-01,Marathon,9856068,7750,250,1271.75,derived
2020-04-01,Marathon,6658654,7500,250,887.82,derived
2020-05-01,Marathon,10875687,7750,250,1403.31,derived
2020-06-01,Marathon,13448894,7500,250,1793.19,derived
2020-07-01,Marathon,12563045,7750,250,1621.04,derived
2020-08-01,Marathon,11492662,7750,250,1482.92,derived
2020-09-01,Marathon,11397124,7500,250,1519.62,derived
2020-10-01,Marathon,11320992,7750,250,1460.77,derived
2020-11-01,Marathon,10027117,7500,250,1336.95,derived
2020-12-01,Marathon,10243586,7750,250,1321.75,derived
2021-01-01,Marathon,9320404,7750,250,1202.63,derived
2021-02-01,Marathon,8803556,7000,250,1257.65,derived
2021-03-01,Marathon,12026627,7750,250,1551.82,derived
2021-04-01,Marathon,12504201,7500,250,1667.23,derived
2021-05-01,Marathon,14149978,7750,250,1825.8,derived
2021-06-01,Marathon,14079116,7500,250,1877.22,derived
2021-07-01,Marathon,13946705,7750,250,1799.57,derived
2021-08-01,Marathon,12469841,7750,250,1609.01,derived
2021-09-01,Marathon,11912455,7500,250,1588.33,derived
2021-10-01,Marathon,12516442,7750,250,1615.02,derived
2021-11-01,Marathon,11786949,7500,250,1571.59,derived
2021-12-01,Marathon,10560831,7750,250,1362.69,derived
2022-01-01,Marathon,9650134,7750,250,1245.18,derived
2022-02-01,Marathon,9802736,7000,250,1400.39,derived
2022-03-01,Marathon,12306419,7750,250,1587.93,derived
2022-04-01,Marathon,13081153,7500,250,1744.15,derived
2022-05-01,Marathon,14212841,7750,250,1833.91,derived
2022-06-01,Marathon,13828905,7500,250,1843.85,derived
2022-07-01,Marathon,13708953,7750,250,1768.9,derived
2022-08-01,Marathon,12181725,7750,250,1571.84,derived
2022-09-01,Marathon,12197860,7500,250,1626.38,derived
2022-10-01,Marathon,12432081,7750,250,1604.14,derived
2022-11-01,Marathon,11280113,7500,250,1504.02,derived
2022-12-01,Marathon,10522901,7750,250,1357.79,derived
2023-01-01,Marathon,10325563,7750,250,1332.33,derived
2023-02-01,Marathon,9955001,7000,250,1422.14,derived
2023-03-01,Marathon,12176615,7750,250,1571.18,derived
2023-04-01,Marathon,12934429,7500,250,1724.59,derived
2023-05-01,Marathon,14120813,7750,250,1822.04,derived
2023-06-01,Marathon,13910376,7500,250,1854.72,derived
2023-07-01,Marathon,13849658,7750,250,1787.05,derived
2023-08-01,Marathon,12000463,7750,250,1548.45,derived
2023-09-01,Marathon,11880306,7500,250,1584.04,derived
2023-10-01,Marathon,12217225,7750,250,1576.42,derived
2023-11-01,Marathon,11370646,7500,250,1516.09,derived
2023-12-01,Marathon,10231529,7750,250,1320.2,derived
2024-01-01,Marathon,10174397,7750,250,1312.83,derived
2024-02-01,Marathon,10453948,7250,250,1441.92,derived
2024-03-01,Marathon,12180588,7750,250,1571.69,derived
2024-04-01,Marathon,13087358,7500,250,1744.98,derived
2024-05-01,Marathon,14271391,7750,250,1841.47,derived
2024-06-01,Marathon,13725037,7500,250,1830.0,derived
2024-07-01,Marathon,13630596,7750,250,1758.79,derived
2024-08-01,Marathon,12417181,7750,250,1602.22,derived
2024-09-01,Marathon,11097435,7500,250,1479.66,derived
2024-10-01,Marathon,12150915,7750,250,1567.86,derived
2024-11-01,Marathon,11604250,7500,250,1547.23,derived
2024-12-01,Marathon,10646138,7750,250,1373.7,derived
2020-01-01,McDonald's,91172335,38502,1242,2367.99,derived
2020-02-01,McDonald's,91868014,36018,1242,2550.61,derived
2020-03-01,McDonald's,55143108,38285,1235,1440.33,derived
2020-04-01,McDonald's,13760200,37080,1236,371.09,derived
2020-05-01,McDonald's,37182514,38254,1234,971.99,derived
2020-06-01,McDonald's,56414253,37020,1234,1523.89,derived
2020-07-01,McDonald's,54312993,38223,1233,1420.95,derived
2020-08-01,McDonald's,49438210,38192,1232,1294.47,derived
2020-09-01,McDonald's,59086998,36990,1233,1597.38,derived
2020-10-01,McDonald's,60327548,38037,1227,1586.02,derived
2020-11-01,McDonald's,56168177,36810,1227,1525.89,derived
2020-12-01,McDonald's,51468260,38006,1226,1354.21,derived
2021-01-01,McDonald's,45962335,37727,1217,1218.29,derived
2021-02-01,McDonald's,42182332,34076,1217,1237.89,derived
2021-03-01,McDonald's,63665160,37758,1218,1686.14,derived
2021-04-01,McDonald's,67925940,36570,1219,1857.42,derived
2021-05-01,McDonald's,70239702,37789,1219,1858.73,derived
2021-06-01,McDonald's,83123338,36570,1219,2272.99,derived
2021-07-01,McDonald's,87987438,37789,1219,2328.39,derived
2021-08-01,McDonald's,80587770,36952,1192,2180.88,derived
2021-09-01,McDonald's,75426304,35730,1191,2111.01,derived
2021-10-01,McDonald's,79938849,36921,1191,2165.13,derived
2021-11-01,McDonald's,78067747,35730,1191,2184.94,derived
2021-12-01,McDonald's,76754198,36921,1191,2078.88,derived
2022-01-01,McDonald's,70853846,36921,1191,1919.07,derived
2022-02-01,McDonald's,70563547,33348,1191,2115.98,derived
2022-03-01,McDonald's,80032318,36859,1189,2171.31,derived
2022-04-01,McDonald's,84905198,35670,1189,2380.3,derived
2022-05-01,McDonald's,87697623,36921,1191,2375.28,derived
2022-06-01,McDonald's,84848392,35730,1191,2374.71,derived
2022-07-01,McDonald's,87157497,36921,1191,2360.65,derived
2022-08-01,McDonald's,80988185,36828,1188,2199.09,derived
2022-09-01,McDonald's,80790069,35640,1188,2266.84,derived
2022-10-01,McDonald's,87251073,36828,1188,2369.15,derived
2022-11-01,McDonald's,78162200,35640,1188,2193.1,derived
2022-12-01,McDonald's,86841636,36828,1188,2358.03,derived
2023-01-01,McDonald's,79885970,36766,1186,2172.82,derived
2023-02-01,McDonald's,77472484,33208,1186,2332.95,derived
2023-03-01,McDonald's,85056446,36704,1184,2317.36,derived
2023-04-01,McDonald's,88312177,35520,1184,2486.27,derived
2023-05-01,McDonald's,86193390,36766,1186,2344.38,derived
2023-06-01,McDonald's,86666455,35580,1186,2435.82,derived
2023-07-01,McDonald's,92470332,36735,1185,2517.23,derived
2023-08-01,McDonald's,83555799,36735,1185,2274.56,derived
2023-09-01,McDonald's,80897407,35610,1187,2271.76,derived
2023-10-01,McDonald's,81908927,36797,1187,2225.97,derived
2023-11-01,McDonald's,78538585,35550,1185,2209.24,derived
2023-12-01,McDonald's,89751111,36766,1186,2441.14,derived
2024-01-01,McDonald's,76520157,36735,1185,2083.03,derived
2024-02-01,McDonald's,78729797,34365,1185,2290.99,derived
2024-03-01,McDonald's,88312625,36828,1188,2397.98,derived
2024-04-01,McDonald's,83607520,35640,1188,2345.89,derived
2024-05-01,McDonald's,89868407,36890,1190,2436.12,derived
2024-06-01,McDonald's,90102829,35700,1190,2523.89,derived
2024-07-01,McDonald's,89623905,36921,1191,2427.45,derived
2024-08-01,McDonald's,87091760,36952,1192,2356.89,derived
2024-09-01,McDonald's,78085174,35820,1194,2179.93,derived
2024-10-01,McDonald's,84259782,37076,1196,2272.62,derived
2024-11-01,McDonald's,83388455,35940,1198,2320.21,derived
2024-12-01,McDonald's,91088581,37293,1203,2442.51,derived
2020-01-01,Panda Express,18219354,7471,241,2438.68,derived
2020-02-01,Panda Express,18632985,6989,241,2666.04,derived
2020-03-01,Panda Express,11272206,7533,243,1496.38,derived
2020-04-01,Panda Express,3430205,7290,243,470.54,derived
2020-05-01,Panda Express,9015172,7533,243,1196.76,derived
2020-06-01,Panda Express,14046143,7290,243,1926.77,derived
2020-07-01,Panda Express,10153268,7502,242,1353.41,derived
2020-08-01,Panda Express,8086646,7533,243,1073.5,derived
2020-09-01,Panda Express,8820802,7380,246,1195.23,derived
2020-10-01,Panda Express,9969998,7626,246,1307.37,derived
2020-11-01,Panda Express,9443087,7410,247,1274.37,derived
2020-12-01,Panda Express,9012181,7657,247,1176.99,derived
2021-01-01,Panda Express,7934742,7657,247,1036.27,derived
2021-02-01,Panda Express,6755152,6944,248,972.8,derived
2021-03-01,Panda Express,10695131,7719,249,1385.56,derived
2021-04-01,Panda Express,11862034,7470,249,1587.96,derived
2021-05-01,Panda Express,12175336,7750,250,1571.01,derived
2021-06-01,Panda Express,16778708,7530,251,2228.25,derived
2021-07-01,Panda Express,18977524,7781,251,2438.96,derived
2021-08-01,Panda Express,18135056,7750,250,2340.01,derived
2021-09-01,Panda Express,17090999,7500,250,2278.8,derived
2021-10-01,Panda Express,18257749,7750,250,2355.84,derived
2021-11-01,Panda Express,17408677,7530,251,2311.91,derived
2021-12-01,Panda Express,18828013,7812,252,2410.14,derived
2022-01-01,Panda Express,16894771,7812,252,2162.67,derived
2022-02-01,Panda Express,16343463,7056,252,2316.25,derived
2022-03-01,Panda Express,18347960,7812,252,2348.69,derived
2022-04-01,Panda Express,19373885,7710,257,2512.83,derived
2022-05-01,Panda Express,20036763,8029,259,2495.55,derived
2022-06-01,Panda Express,19371472,7770,259,2493.11,derived
2022-07-01,Panda Express,20063514,8029,259,2498.88,derived
2022-08-01,Panda Express,18836330,8029,259,2346.04,derived
2022-09-01,Panda Express,18100061,7770,259,2329.48,derived
2022-10-01,Panda Express,19208235,8308,268,2312.02,derived
2022-11-01,Panda Express,17941421,8040,268,2231.52,derived
2022-12-01,Panda Express,19777215,8308,268,2380.5,derived
2023-01-01,Panda Express,18669853,8308,268,2247.21,derived
2023-02-01,Panda Express,17618437,7504,268,2347.87,derived
2023-03-01,Panda Express,19366515,8308,268,2331.07,derived
2023-04-01,Panda Express,20153399,8040,268,2506.64,derived
2023-05-01,Panda Express,19702192,8246,266,2389.3,derived
2023-06-01,Panda Express,19850354,8010,267,2478.2,derived
2023-07-01,Panda Express,20657427,8308,268,2486.45,derived
2023-08-01,Panda Express,18723662,8308,268,2253.69,derived
2023-09-01,Panda Express,18364913,8040,268,2284.19,derived
2023-10-01,Panda Express,18922466,8308,268,2277.62,derived
2023-11-01,Panda Express,18318644,8100,270,2261.56,derived
2023-12-01,Panda Express,19588822,8401,271,2331.73,derived
2024-01-01,Panda Express,16962414,8401,271,2019.09,derived
2024-02-01,Panda Express,17613357,7859,271,2241.17,derived
2024-03-01,Panda Express,19536091,8401,271,2325.45,derived
2024-04-01,Panda Express,19025668,8130,271,2340.18,derived
2024-05-01,Panda Express,20369919,8432,272,2415.79,derived
2024-06-01,Panda Express,20663462,8160,272,2532.29,derived
2024-07-01,Panda Express,20333022,8463,273,2402.58,derived
2024-08-01,Panda Express,19591758,8463,273,2314.99,derived
2024-09-01,Panda Express,17790519,8190,273,2172.22,derived
2024-10-01,Panda Express,18859176,8494,274,2220.29,derived
2024-11-01,Panda Express,18979297,8220,274,2308.92,derived
2024-12-01,Panda Express,19592109,8494,274,2306.58,derived
2020-01-01,Panera Bread,11685592,5921,191,1973.58,derived
2020-02-01,Panera Bread,11868072,5539,191,2142.64,derived
2020-03-01,Panera Bread,6736262,5921,191,1137.69,derived
2020-04-01,Panera Bread,824465,5730,191,143.89,derived
2020-05-01,Panera Bread,3050596,5921,191,515.22,derived
2020-06-01,Panera Bread,5195337,5730,191,906.69,derived
2020-07-01,Panera Bread,6362922,5921,191,1074.64,derived
2020-08-01,Panera Bread,5780056,6014,194,961.1,derived
2020-09-01,Panera Bread,6476395,5850,195,1107.08,derived
2020-10-01,Panera Bread,8217448,6076,196,1352.44,derived
2020-11-01,Panera Bread,7483878,5880,196,1272.77,derived
2020-12-01,Panera Bread,6547702,6045,195,1083.16,derived
2021-01-01,Panera Bread,6197026,6014,194,1030.43,derived
2021-02-01,Panera Bread,5544712,5432,194,1020.75,derived
2021-03-01,Panera Bread,8123033,6014,194,1350.69,derived
2021-04-01,Panera Bread,8871275,5820,194,1524.27,derived
2021-05-01,Panera Bread,9536340,6262,202,1522.89,derived
2021-06-01,Panera Bread,11901606,6060,202,1963.96,derived
2021-07-01,Panera Bread,12513069,6262,202,1998.25,derived
2021-08-01,Panera Bread,11382617,6262,202,1817.73,derived
2021-09-01,Panera Bread,11420133,6030,201,1893.89,derived
2021-10-01,Panera Bread,12139212,6231,201,1948.2,derived
2021-11-01,Panera Bread,11130518,6030,201,1845.86,derived
2021-12-01,Panera Bread,11612464,6231,201,1863.66,derived
2022-01-01,Panera Bread,10329669,6231,201,1657.79,derived
2022-02-01,Panera Bread,10007864,5628,201,1778.23,derived
2022-03-01,Panera Bread,11819662,6231,201,1896.91,derived
2022-04-01,Panera Bread,12466660,6060,202,2057.2,derived
2022-05-01,Panera Bread,12747539,6262,202,2035.7,derived
2022-06-01,Panera Bread,12791758,6060,202,2110.85,derived
2022-07-01,Panera Bread,13004215,6262,202,2076.69,derived
2022-08-01,Panera Bread,11736770,6293,203,1865.05,derived
2022-09-01,Panera Bread,11332928,6090,203,1860.91,derived
2022-10-01,Panera Bread,11947009,6293,203,1898.46,derived
2022-11-01,Panera Bread,11385825,6090,203,1869.59,derived
2022-12-01,Panera Bread,12371053,6324,204,1956.21,derived
2023-01-01,Panera Bread,11098175,6324,204,1754.93,derived
2023-02-01,Panera Bread,10617738,5684,203,1868.0,derived
2023-03-01,Panera Bread,11762267,6231,201,1887.7,derived
2023-04-01,Panera Bread,12005444,5970,199,2010.96,derived
2023-05-01,Panera Bread,12159478,6169,199,1971.06,derived
2023-06-01,Panera Bread,12026787,5880,196,2045.37,derived
2023-07-01,Panera Bread,12312527,6076,196,2026.42,derived
2023-08-01,Panera Bread,11499910,6076,196,1892.68,derived
2023-09-01,Panera Bread,10588062,5940,198,1782.5,derived
2023-10-01,Panera Bread,11176873,6138,198,1820.93,derived
2023-11-01,Panera Bread,10587466,5970,199,1773.44,derived
2023-12-01,Panera Bread,10783285,6200,200,1739.24,derived
2024-01-01,Panera Bread,10578356,6200,200,1706.19,derived
2024-02-01,Panera Bread,10535605,5829,201,1807.45,derived
2024-03-01,Panera Bread,11293815,6262,202,1803.55,derived
2024-04-01,Panera Bread,10875850,6060,202,1794.69,derived
2024-05-01,Panera Bread,11180128,6262,202,1785.39,derived
2024-06-01,Panera Bread,10890009,6090,203,1788.18,derived
2024-07-01,Panera Bread,11422601,6355,205,1797.42,derived
2024-08-01,Panera Bread,11172523,6355,205,1758.07,derived
2024-09-01,Panera Bread,9983155,6150,205,1623.28,derived
2024-10-01,Panera Bread,10325488,6417,207,1609.08,derived
2024-11-01,Panera Bread,10291603,6300,210,1633.59,derived
2024-12-01,Panera Bread,11172745,6603,213,1692.07,derived
2020-01-01,Papa John's,13754615,7657,247,1796.35,derived
2020-02-01,Papa John's,13787963,7163,247,1924.89,derived
2020-03-01,Papa John's,8973650,7657,247,1171.95,derived
2020-04-01,Papa John's,3709507,7410,247,500.61,derived
2020-05-01,Papa John's,8210209,7657,247,1072.25,derived
2020-06-01,Papa John's,11570786,7380,246,1567.86,derived
2020-07-01,Papa John's,11437861,7626,246,1499.85,derived
2020-08-01,Papa John's,10300103,7626,246,1350.66,derived
2020-09-01,Papa John's,11442888,7380,246,1550.53,derived
2020-10-01,Papa John's,12158503,7657,247,1587.89,derived
2020-11-01,Papa John's,11134974,7440,248,1496.64,derived
2020-12-01,Papa John's,11354611,7688,248,1476.93,derived
2021-01-01,Papa John's,10060682,7688,248,1308.62,derived
2021-02-01,Papa John's,9289934,7028,251,1321.85,derived
2021-03-01,Papa John's,12786831,7812,252,1636.82,derived
2021-04-01,Papa John's,13926734,7560,252,1842.16,derived
2021-05-01,Papa John's,14233219,7843,253,1814.77,derived
2021-06-01,Papa John's,16030588,7590,253,2112.07,derived
2021-07-01,Papa John's,16790120,7843,253,2140.78,derived
2021-08-01,Papa John's,15266094,7874,254,1938.8,derived
2021-09-01,Papa John's,14517242,7680,256,1890.27,derived
2021-10-01,Papa John's,15061274,7967,257,1890.46,derived
2021-11-01,Papa John's,14600933,7710,257,1893.77,derived
2021-12-01,Papa John's,15697908,7967,257,1970.37,derived
2022-01-01,Papa John's,13752159,7967,257,1726.14,derived
2022-02-01,Papa John's,13311051,7196,257,1849.78,derived
2022-03-01,Papa John's,15077029,7936,256,1899.83,derived
2022-04-01,Papa John's,15236486,7680,256,1983.92,derived
2022-05-01,Papa John's,15145592,7936,256,1908.47,derived
2022-06-01,Papa John's,14537947,7680,256,1892.96,derived
2022-07-01,Papa John's,14937077,7936,256,1882.19,derived
2022-08-01,Papa John's,14148586,7936,256,1782.84,derived
2022-09-01,Papa John's,14010503,7680,256,1824.28,derived
2022-10-01,Papa John's,13690153,7936,256,1725.07,derived
2022-11-01,Papa John's,12962930,7680,256,1687.88,derived
2022-12-01,Papa John's,14228428,7998,258,1779.0,derived
2023-01-01,Papa John's,13216122,7998,258,1652.43,derived
2023-02-01,Papa John's,12965797,7224,258,1794.82,derived
2023-03-01,Papa John's,13508509,7998,258,1688.99,derived
2023-04-01,Papa John's,14071397,7740,258,1818.01,derived
2023-05-01,Papa John's,14167774,7998,258,1771.41,derived
2023-06-01,Papa John's,14638165,7800,260,1876.69,derived
2023-07-01,Papa John's,14842195,8060,260,1841.46,derived
2023-08-01,Papa John's,13420909,7750,250,1731.73,derived
2023-09-01,Papa John's,12870516,7590,253,1695.72,derived
2023-10-01,Papa John's,13254649,7843,253,1690.0,derived
2023-11-01,Papa John's,12750318,7590,253,1679.88,derived
2023-12-01,Papa John's,12926015,7874,254,1641.61,derived
2024-01-01,Papa John's,11942147,7936,256,1504.81,derived
2024-02-01,Papa John's,11756199,7424,256,1583.54,derived
2024-03-01,Papa John's,13352981,7936,256,1682.58,derived
2024-04-01,Papa John's,13007367,7710,257,1687.08,derived
2024-05-01,Papa John's,13906327,7967,257,1745.49,derived
2024-06-01,Papa John's,13738842,7710,257,1781.95,derived
2024-07-01,Papa John's,13825674,7967,257,1735.37,derived
2024-08-01,Papa John's,13379478,7967,257,1679.36,derived
2024-09-01,Papa John's,12082822,7710,257,1567.16,derived
2024-10-01,Papa John's,12775860,8091,261,1579.02,derived
2024-11-01,Papa John's,12916741,7950,265,1624.75,derived
2024-12-01,Papa John's,13362195,8308,268,1608.35,derived
2020-01-01,Pizza Hut,12699264,19406,626,654.4,derived
2020-02-01,Pizza Hut,12819061,18067,623,709.53,derived
2020-03-01,Pizza Hut,7834091,19251,621,406.94,derived
2020-04-01,Pizza Hut,3039110,18540,618,163.92,derived
2020-05-01,Pizza Hut,7828967,19096,616,409.98,derived
2020-06-01,Pizza Hut,11076811,18390,613,602.33,derived
2020-07-01,Pizza Hut,9600370,18941,611,506.86,derived
2020-08-01,Pizza Hut,8213265,18631,601,440.84,derived
2020-09-01,Pizza Hut,8831051,18120,604,487.36,derived
2020-10-01,Pizza Hut,9925777,19251,621,515.6,derived
2020-11-01,Pizza Hut,8907525,18240,608,488.35,derived
2020-12-01,Pizza Hut,9310654,18693,603,498.08,derived
2021-01-01,Pizza Hut,7949380,18600,600,427.39,derived
2021-02-01,Pizza Hut,7507068,16772,599,447.6,derived
2021-03-01,Pizza Hut,10050305,18569,599,541.24,derived
2021-04-01,Pizza Hut,10994847,18090,603,607.79,derived
2021-05-01,Pizza Hut,10699778,18693,603,572.39,derived
2021-06-01,Pizza Hut,12501037,18090,603,691.05,derived
2021-07-01,Pizza Hut,13125593,18693,603,702.17,derived
2021-08-01,Pizza Hut,12231883,18693,603,654.36,derived
2021-09-01,Pizza Hut,11961822,18090,603,661.24,derived
2021-10-01,Pizza Hut,12398612,18724,604,662.18,derived
2021-11-01,Pizza Hut,11735619,18120,604,647.66,derived
2021-12-01,Pizza Hut,13502445,18724,604,721.13,derived
2022-01-01,Pizza Hut,10481227,18569,599,564.45,derived
2022-02-01,Pizza Hut,10021712,16744,598,598.53,derived
2022-03-01,Pizza Hut,11693682,18507,597,631.85,derived
2022-04-01,Pizza Hut,12162177,17940,598,677.94,derived
2022-05-01,Pizza Hut,12182033,18538,598,657.14,derived
2022-06-01,Pizza Hut,12156191,17970,599,676.47,derived
2022-07-01,Pizza Hut,12621663,18569,599,679.72,derived
2022-08-01,Pizza Hut,11746863,18569,599,632.61,derived
2022-09-01,Pizza Hut,11080405,17970,599,616.61,derived
2022-10-01,Pizza Hut,11343034,18631,601,608.83,derived
2022-11-01,Pizza Hut,10765279,18030,601,597.08,derived
2022-12-01,Pizza Hut,11010976,18662,602,590.02,derived
2023-01-01,Pizza Hut,10676939,18631,601,573.07,derived
2023-02-01,Pizza Hut,10608844,17612,629,602.36,derived
2023-03-01,Pizza Hut,11546015,19499,629,592.13,derived
2023-04-01,Pizza Hut,11999433,18510,617,648.27,derived
2023-05-01,Pizza Hut,11951788,19003,613,628.94,derived
2023-06-01,Pizza Hut,11841350,18360,612,644.95,derived
2023-07-01,Pizza Hut,12378845,18910,610,654.62,derived
2023-08-01,Pizza Hut,11297830,18879,609,598.43,derived
2023-09-01,Pizza Hut,10589483,18240,608,580.56,derived
2023-10-01,Pizza Hut,10709888,18848,608,568.22,derived
2023-11-01,Pizza Hut,10449824,18240,608,572.91,derived
2023-12-01,Pizza Hut,10949910,18755,605,583.84,derived
2024-01-01,Pizza Hut,9577340,18755,605,510.66,derived
2024-02-01,Pizza Hut,9549448,17516,604,545.18,derived
2024-03-01,Pizza Hut,10663234,18693,603,570.44,derived
2024-04-01,Pizza Hut,10567396,18090,603,584.16,derived
2024-05-01,Pizza Hut,11812372,18631,601,634.02,derived
2024-06-01,Pizza Hut,11789421,18000,600,654.97,derived
2024-07-01,Pizza Hut,11708937,18538,598,631.62,derived
2024-08-01,Pizza Hut,11082514,18600,600,595.83,derived
2024-09-01,Pizza Hut,10035419,18030,601,556.6,derived
2024-10-01,Pizza Hut,10181906,18662,602,545.6,derived
2024-11-01,Pizza Hut,10164338,18000,600,564.69,derived
2024-12-01,Pizza Hut,10199641,18569,599,549.28,derived
2020-01-01,Popeyes Louisiana Kitchen,19642645,7781,251,2524.44,derived
2020-02-01,Popeyes Louisiana Kitchen,19760811,7279,251,2714.77,derived
2020-03-01,Popeyes Louisiana Kitchen,12916295,7781,251,1659.98,derived
2020-04-01,Popeyes Louisiana Kitchen,3117749,7530,251,414.04,derived
2020-05-01,Popeyes Louisiana Kitchen,9289075,7781,251,1193.82,derived
2020-06-01,Popeyes Louisiana Kitchen,14074380,7530,251,1869.11,derived
2020-07-01,Popeyes Louisiana Kitchen,14080727,7936,256,1774.29,derived
2020-08-01,Popeyes Louisiana Kitchen,13008694,7936,256,1639.2,derived
2020-09-01,Popeyes Louisiana Kitchen,13502759,7830,261,1724.49,derived
2020-10-01,Popeyes Louisiana Kitchen,15183758,8184,264,1855.3,derived
2020-11-01,Popeyes Louisiana Kitchen,14451409,8010,267,1804.17,derived
2020-12-01,Popeyes Louisiana Kitchen,13938736,8525,275,1635.04,derived
2021-01-01,Popeyes Louisiana Kitchen,12060115,8587,277,1404.46,derived
2021-02-01,Popeyes Louisiana Kitchen,11018734,7756,277,1420.67,derived
2021-03-01,Popeyes Louisiana Kitchen,16057093,8649,279,1856.53,derived
2021-04-01,Popeyes Louisiana Kitchen,17173414,8400,280,2044.45,derived
2021-05-01,Popeyes Louisiana Kitchen,17417021,8711,281,1999.43,derived
2021-06-01,Popeyes Louisiana Kitchen,20683207,8520,284,2427.61,derived
2021-07-01,Popeyes Louisiana Kitchen,21196121,8835,285,2399.11,derived
2021-08-01,Popeyes Louisiana Kitchen,19453984,8835,285,2201.92,derived
2021-09-01,Popeyes Louisiana Kitchen,19372653,8820,294,2196.45,derived
2021-10-01,Popeyes Louisiana Kitchen,20413937,9114,294,2239.84,derived
2021-11-01,Popeyes Louisiana Kitchen,19536296,8880,296,2200.03,derived
2021-12-01,Popeyes Louisiana Kitchen,20149801,9176,296,2195.92,derived
2022-01-01,Popeyes Louisiana Kitchen,17882629,9238,298,1935.77,derived
2022-02-01,Popeyes Louisiana Kitchen,17702758,8344,298,2121.62,derived
2022-03-01,Popeyes Louisiana Kitchen,20861099,9269,299,2250.63,derived
2022-04-01,Popeyes Louisiana Kitchen,21718810,9000,300,2413.2,derived
2022-05-01,Popeyes Louisiana Kitchen,23223849,9393,303,2472.46,derived
2022-06-01,Popeyes Louisiana Kitchen,21203517,9090,303,2332.62,derived
2022-07-01,Popeyes Louisiana Kitchen,22340538,9424,304,2370.6,derived
2022-08-01,Popeyes Louisiana Kitchen,20990633,9424,304,2227.36,derived
2022-09-01,Popeyes Louisiana Kitchen,20410029,9300,310,2194.63,derived
2022-10-01,Popeyes Louisiana Kitchen,20602725,9703,313,2123.34,derived
2022-11-01,Popeyes Louisiana Kitchen,19364052,9390,313,2062.2,derived
2022-12-01,Popeyes Louisiana Kitchen,20343998,9796,316,2076.77,derived
2023-01-01,Popeyes Louisiana Kitchen,20199126,9920,320,2036.2,derived
2023-02-01,Popeyes Louisiana Kitchen,18932489,8988,321,2106.42,derived
2023-03-01,Popeyes Louisiana Kitchen,21059318,10013,323,2103.2,derived
2023-04-01,Popeyes Louisiana Kitchen,22146475,9750,325,2271.43,derived
2023-05-01,Popeyes Louisiana Kitchen,22590754,10075,325,2242.26,derived
2023-06-01,Popeyes Louisiana Kitchen,23159336,9750,325,2375.32,derived
2023-07-01,Popeyes Louisiana Kitchen,23533051,10044,324,2343.0,derived
2023-08-01,Popeyes Louisiana Kitchen,22247918,10137,327,2194.72,derived
2023-09-01,Popeyes Louisiana Kitchen,21206825,9930,331,2135.63,derived
2023-10-01,Popeyes Louisiana Kitchen,21631245,10292,332,2101.75,derived
2023-11-01,Popeyes Louisiana Kitchen,20503676,10050,335,2040.17,derived
2023-12-01,Popeyes Louisiana Kitchen,20373716,10416,336,1956.0,derived
2024-01-01,Popeyes Louisiana Kitchen,18750401,10509,339,1784.22,derived
2024-02-01,Popeyes Louisiana Kitchen,19653410,9831,339,1999.13,derived
2024-03-01,Popeyes Louisiana Kitchen,23159548,10571,341,2190.86,derived
2024-04-01,Popeyes Louisiana Kitchen,23439265,10410,347,2251.61,derived
2024-05-01,Popeyes Louisiana Kitchen,23807556,10726,346,2219.61,derived
2024-06-01,Popeyes Louisiana Kitchen,23285618,10380,346,2243.32,derived
2024-07-01,Popeyes Louisiana Kitchen,24287386,10850,350,2238.47,derived
2024-08-01,Popeyes Louisiana Kitchen,24512172,10850,350,2259.19,derived
2024-09-01,Popeyes Louisiana Kitchen,21982020,10530,351,2087.56,derived
2024-10-01,Popeyes Louisiana Kitchen,21462631,10912,352,1966.88,derived
2024-11-01,Popeyes Louisiana Kitchen,21169989,10620,354,1993.41,derived
2024-12-01,Popeyes Louisiana Kitchen,21234065,11005,355,1929.49,derived
2020-01-01,Publix Super Markets,15116656,6293,203,2402.14,derived
2020-02-01,Publix Super Markets,14054826,5887,203,2387.43,derived
2020-03-01,Publix Super Markets,9029529,6293,203,1434.85,derived
2020-04-01,Publix Super Markets,3795463,6090,203,623.23,derived
2020-05-01,Publix Super Markets,9838454,6293,203,1563.4,derived
2020-06-01,Publix Super Markets,12372268,6120,204,2021.61,derived
2020-07-01,Publix Super Markets,11528868,6324,204,1823.03,derived
2020-08-01,Publix Super Markets,11384107,6324,204,1800.14,derived
2020-09-01,Publix Super Markets,11482329,6120,204,1876.2,derived
2020-10-01,Publix Super Markets,12447948,6324,204,1968.37,derived
2020-11-01,Publix Super Markets,12527105,6120,204,2046.91,derived
2020-12-01,Publix Super Markets,13183715,6324,204,2084.71,derived
2021-01-01,Publix Super Markets,12725963,6324,204,2012.33,derived
2021-02-01,Publix Super Markets,10800482,5712,204,1890.84,derived
2021-03-01,Publix Super Markets,13268581,6324,204,2098.13,derived
2021-04-01,Publix Super Markets,14130714,6120,204,2308.94,derived
2021-05-01,Publix Super Markets,14584795,6355,205,2295.01,derived
2021-06-01,Publix Super Markets,13757165,6150,205,2236.94,derived
2021-07-01,Publix Super Markets,14074700,6417,207,2193.35,derived
2021-08-01,Publix Super Markets,13431853,6417,207,2093.17,derived
2021-09-01,Publix Super Markets,13998865,6210,207,2254.25,derived
2021-10-01,Publix Super Markets,14911103,6417,207,2323.69,derived
2021-11-01,Publix Super Markets,15206929,6180,206,2460.67,derived
2021-12-01,Publix Super Markets,16351065,6386,206,2560.45,derived
2022-01-01,Publix Super Markets,13466820,6417,207,2098.62,derived
2022-02-01,Publix Super Markets,13121449,5796,207,2263.88,derived
2022-03-01,Publix Super Markets,14629295,6417,207,2279.77,derived
2022-04-01,Publix Super Markets,14471428,6210,207,2330.34,derived
2022-05-01,Publix Super Markets,14672489,6448,208,2275.51,derived
2022-06-01,Publix Super Markets,14339680,6240,208,2298.03,derived
2022-07-01,Publix Super Markets,14875089,6448,208,2306.93,derived
2022-08-01,Publix Super Markets,14561052,6448,208,2258.23,derived
2022-09-01,Publix Super Markets,14004648,6240,208,2244.33,derived
2022-10-01,Publix Super Markets,15395068,6479,209,2376.15,derived
2022-11-01,Publix Super Markets,15138502,6300,210,2402.94,derived
2022-12-01,Publix Super Markets,17308049,6510,210,2658.69,derived
2023-01-01,Publix Super Markets,15069437,6541,211,2303.84,derived
2023-02-01,Publix Super Markets,13422136,5936,212,2261.14,derived
2023-03-01,Publix Super Markets,14581554,6603,213,2208.32,derived
2023-04-01,Publix Super Markets,14439443,6420,214,2249.13,derived
2023-05-01,Publix Super Markets,14782713,6665,215,2217.96,derived
2023-06-01,Publix Super Markets,15096879,6450,215,2340.6,derived
2023-07-01,Publix Super Markets,15909404,6665,215,2387.01,derived
2023-08-01,Publix Super Markets,14925515,6696,216,2229.02,derived
2023-09-01,Publix Super Markets,14526193,6510,217,2231.37,derived
2023-10-01,Publix Super Markets,15197373,6727,217,2259.16,derived
2023-11-01,Publix Super Markets,15472275,6510,217,2376.69,derived
2023-12-01,Publix Super Markets,17125215,6727,217,2545.74,derived
2024-01-01,Publix Super Markets,14510723,6727,217,2157.09,derived
2024-02-01,Publix Super Markets,13717609,6351,219,2159.91,derived
2024-03-01,Publix Super Markets,14252643,6851,221,2080.37,derived
2024-04-01,Publix Super Markets,14033661,6630,221,2116.69,derived
2024-05-01,Publix Super Markets,15308840,6913,223,2214.5,derived
2024-06-01,Publix Super Markets,14959747,6660,222,2246.21,derived
2024-07-01,Publix Super Markets,14974688,6851,221,2185.77,derived
2024-08-01,Publix Super Markets,14827754,6851,221,2164.32,derived
2024-09-01,Publix Super Markets,13516204,6630,221,2038.64,derived
2024-10-01,Publix Super Markets,13951768,6882,222,2027.28,derived
2024-11-01,Publix Super Markets,14419537,6660,222,2165.1,derived
2024-12-01,Publix Super Markets,15739835,6882,222,2287.1,derived
2020-01-01,Safeway,13566089,2728,88,4972.91,derived
2020-02-01,Safeway,13265866,2581,89,5139.82,derived
2020-03-01,Safeway,9888594,2759,89,3584.12,derived
2020-04-01,Safeway,7706510,2670,89,2886.33,derived
2020-05-01,Safeway,8726201,2759,89,3162.81,derived
2020-06-01,Safeway,9856894,2670,89,3691.72,derived
2020-07-01,Safeway,9742348,2759,89,3531.12,derived
2020-08-01,Safeway,9686634,2759,89,3510.92,derived
2020-09-01,Safeway,9688474,2640,88,3669.88,derived
2020-10-01,Safeway,11007855,2728,88,4035.14,derived
2020-11-01,Safeway,10912855,2640,88,4133.66,derived
2020-12-01,Safeway,10708127,2728,88,3925.27,derived
2021-01-01,Safeway,9803047,2728,88,3593.49,derived
2021-02-01,Safeway,8877944,2464,88,3603.06,derived
2021-03-01,Safeway,10849271,2728,88,3977.01,derived
2021-04-01,Safeway,11223451,2640,88,4251.31,derived
2021-05-01,Safeway,11279962,2728,88,4134.88,derived
2021-06-01,Safeway,10302020,2550,85,4040.01,derived
2021-07-01,Safeway,11052189,2635,85,4194.38,derived
2021-08-01,Safeway,10662533,2635,85,4046.5,derived
2021-09-01,Safeway,10679305,2550,85,4187.96,derived
2021-10-01,Safeway,11479436,2635,85,4356.52,derived
2021-11-01,Safeway,11646214,2550,85,4567.14,derived
2021-12-01,Safeway,13785624,2635,85,5231.74,derived
2022-01-01,Safeway,10567971,2635,85,4010.62,derived
2022-02-01,Safeway,9698161,2380,85,4074.86,derived
2022-03-01,Safeway,10939031,2635,85,4151.43,derived
2022-04-01,Safeway,10987615,2550,85,4308.87,derived
2022-05-01,Safeway,11070607,2635,85,4201.37,derived
2022-06-01,Safeway,10780243,2550,85,4227.55,derived
2022-07-01,Safeway,10736621,2635,85,4074.62,derived
2022-08-01,Safeway,10549780,2635,85,4003.71,derived
2022-09-01,Safeway,10843620,2550,85,4252.4,derived
2022-10-01,Safeway,11039641,2635,85,4189.62,derived
2022-11-01,Safeway,11231906,2610,87,4303.41,derived
2022-12-01,Safeway,12262528,2697,87,4546.73,derived
2023-01-01,Safeway,10981180,2697,87,4071.63,derived
2023-02-01,Safeway,9818370,2436,87,4030.53,derived
2023-03-01,Safeway,10344849,2697,87,3835.69,derived
2023-04-01,Safeway,10197866,2580,86,3952.66,derived
2023-05-01,Safeway,10453256,2666,86,3920.95,derived
2023-06-01,Safeway,10939242,2580,86,4240.02,derived
2023-07-01,Safeway,11462891,2666,86,4299.66,derived
2023-08-01,Safeway,11044280,2666,86,4142.64,derived
2023-09-01,Safeway,10349784,2580,86,4011.54,derived
2023-10-01,Safeway,10553285,2666,86,3958.47,derived
2023-11-01,Safeway,11048621,2580,86,4282.41,derived
2023-12-01,Safeway,11956394,2666,86,4484.77,derived
2024-01-01,Safeway,9949311,2666,86,3731.92,derived
2024-02-01,Safeway,9245563,2494,86,3707.12,derived
2024-03-01,Safeway,10227030,2666,86,3836.1,derived
2024-04-01,Safeway,9751993,2580,86,3779.84,derived
2024-05-01,Safeway,10463983,2666,86,3924.97,derived
2024-06-01,Safeway,10712179,2580,86,4152.01,derived
2024-07-01,Safeway,10946524,2666,86,4105.97,derived
2024-08-01,Safeway,10714683,2666,86,4019.01,derived
2024-09-01,Safeway,9749645,2580,86,3778.93,derived
2024-10-01,Safeway,9951909,2666,86,3732.9,derived
2024-11-01,Safeway,10416429,2580,86,4037.38,derived
2024-12-01,Safeway,11300178,2666,86,4238.63,derived
2020-01-01,Sam's Club,17118923,1674,54,10226.36,derived
2020-02-01,Sam's Club,16441827,1566,54,10499.25,derived
2020-03-01,Sam's Club,12171464,1674,54,7270.89,derived
2020-04-01,Sam's Club,9621166,1620,54,5938.99,derived
2020-05-01,Sam's Club,12360475,1674,54,7383.8,derived
2020-06-01,Sam's Club,13315841,1620,54,8219.65,derived
2020-07-01,Sam's Club,11922094,1674,54,7121.92,derived
2020-08-01,Sam's Club,12251999,1674,54,7319.0,derived
2020-09-01,Sam's Club,13077757,1620,54,8072.69,derived
2020-10-01,Sam's Club,14393556,1674,54,8598.3,derived
2020-11-01,Sam's Club,14593717,1620,54,9008.47,derived
2020-12-01,Sam's Club,16319927,1674,54,9749.06,derived
2021-01-01,Sam's Club,13348508,1674,54,7974.02,derived
2021-02-01,Sam's Club,10937027,1512,54,7233.48,derived
2021-03-01,Sam's Club,14927540,1674,54,8917.29,derived
2021-04-01,Sam's Club,15630442,1620,54,9648.42,derived
2021-05-01,Sam's Club,16103599,1674,54,9619.83,derived
2021-06-01,Sam's Club,15358290,1620,54,9480.43,derived
2021-07-01,Sam's Club,14693931,1674,54,8777.74,derived
2021-08-01,Sam's Club,13990498,1674,54,8357.53,derived
2021-09-01,Sam's Club,14372846,1620,54,8872.13,derived
2021-10-01,Sam's Club,16656932,1674,54,9950.38,derived
2021-11-01,Sam's Club,18237121,1620,54,11257.48,derived
2021-12-01,Sam's Club,19363202,1674,54,11567.03,derived
2022-01-01,Sam's Club,13626112,1674,54,8139.85,derived
2022-02-01,Sam's Club,12414198,1512,54,8210.45,derived
2022-03-01,Sam's Club,14564370,1674,54,8700.34,derived
2022-04-01,Sam's Club,15608352,1620,54,9634.79,derived
2022-05-01,Sam's Club,15808848,1674,54,9443.76,derived
2022-06-01,Sam's Club,16066847,1620,54,9917.81,derived
2022-07-01,Sam's Club,16208932,1674,54,9682.76,derived
2022-08-01,Sam's Club,15616092,1674,54,9328.61,derived
2022-09-01,Sam's Club,15914478,1620,54,9823.75,derived
2022-10-01,Sam's Club,17208678,1674,54,10279.97,derived
2022-11-01,Sam's Club,17103422,1620,54,10557.67,derived
2022-12-01,Sam's Club,19277520,1674,54,11515.84,derived
2023-01-01,Sam's Club,15477599,1674,54,9245.88,derived
2023-02-01,Sam's Club,14454843,1512,54,9560.08,derived
2023-03-01,Sam's Club,15273444,1674,54,9123.92,derived
2023-04-01,Sam's Club,16804933,1620,54,10373.42,derived
2023-05-01,Sam's Club,16460449,1674,54,9833.0,derived
2023-06-01,Sam's Club,17362130,1620,54,10717.36,derived
2023-07-01,Sam's Club,17614201,1674,54,10522.22,derived
2023-08-01,Sam's Club,16195803,1674,54,9674.91,derived
2023-09-01,Sam's Club,15515428,1620,54,9577.42,derived
2023-10-01,Sam's Club,17242860,1674,54,10300.39,derived
2023-11-01,Sam's Club,18382514,1620,54,11347.23,derived
2023-12-01,Sam's Club,21993466,1674,54,13138.27,derived
2024-01-01,Sam's Club,14996064,1674,54,8958.22,derived
2024-02-01,Sam's Club,15063073,1566,54,9618.82,derived
2024-03-01,Sam's Club,16731453,1674,54,9994.89,derived
2024-04-01,Sam's Club,17316581,1620,54,10689.25,derived
2024-05-01,Sam's Club,18838372,1674,54,11253.51,derived
2024-06-01,Sam's Club,18519712,1620,54,11431.92,derived
2024-07-01,Sam's Club,18008138,1674,54,10757.55,derived
2024-08-01,Sam's Club,18597146,1674,54,11109.41,derived
2024-09-01,Sam's Club,15898108,1620,54,9813.65,derived
2024-10-01,Sam's Club,17128531,1674,54,10232.1,derived
2024-11-01,Sam's Club,19082823,1620,54,11779.52,derived
2024-12-01,Sam's Club,21720426,1674,54,12975.16,derived
2020-01-01,Shell Oil,14718310,34689,1119,424.29,derived
2020-02-01,Shell Oil,14347701,32451,1119,442.13,derived
2020-03-01,Shell Oil,12574929,34689,1119,362.5,derived
2020-04-01,Shell Oil,7803242,33570,1119,232.45,derived
2020-05-01,Shell Oil,13535378,34689,1119,390.19,derived
2020-06-01,Shell Oil,16678363,33570,1119,496.82,derived
2020-07-01,Shell Oil,15238961,34689,1119,439.3,derived
2020-08-01,Shell Oil,14339722,34689,1119,413.38,derived
2020-09-01,Shell Oil,14745733,33570,1119,439.25,derived
2020-10-01,Shell Oil,14836591,34689,1119,427.7,derived
2020-11-01,Shell Oil,13014864,33570,1119,387.69,derived
2020-12-01,Shell Oil,11926165,34689,1119,343.8,derived
2021-01-01,Shell Oil,10906033,34689,1119,314.39,derived
2021-02-01,Shell Oil,10679521,31388,1121,340.24,derived
2021-03-01,Shell Oil,15278659,34782,1122,439.27,derived
2021-04-01,Shell Oil,15930211,33720,1124,472.43,derived
2021-05-01,Shell Oil,17828627,34844,1124,511.67,derived
2021-06-01,Shell Oil,17611848,33780,1126,521.37,derived
2021-07-01,Shell Oil,17574975,35092,1132,500.83,derived
2021-08-01,Shell Oil,15604706,35092,1132,444.68,derived
2021-09-01,Shell Oil,15486011,33930,1131,456.41,derived
2021-10-01,Shell Oil,15509281,34906,1126,444.32,derived
2021-11-01,Shell Oil,14151436,33360,1112,424.2,derived
2021-12-01,Shell Oil,13287076,34224,1104,388.24,derived
2022-01-01,Shell Oil,11475780,33883,1093,338.69,derived
2022-02-01,Shell Oil,11589122,30492,1089,380.07,derived
2022-03-01,Shell Oil,14695477,33604,1084,437.31,derived
2022-04-01,Shell Oil,15356505,32040,1068,479.29,derived
2022-05-01,Shell Oil,17248119,33046,1066,521.94,derived
2022-06-01,Shell Oil,17595851,31980,1066,550.21,derived
2022-07-01,Shell Oil,16881961,33170,1070,508.95,derived
2022-08-01,Shell Oil,15374239,33263,1073,462.2,derived
2022-09-01,Shell Oil,15331920,32280,1076,474.97,derived
2022-10-01,Shell Oil,15242857,33511,1081,454.86,derived
2022-11-01,Shell Oil,13907549,32400,1080,429.25,derived
2022-12-01,Shell Oil,12947146,33480,1080,386.71,derived
2023-01-01,Shell Oil,12242512,33263,1073,368.05,derived
2023-02-01,Shell Oil,11713077,29876,1067,392.06,derived
2023-03-01,Shell Oil,14258622,32767,1057,435.15,derived
2023-04-01,Shell Oil,14948867,31380,1046,476.38,derived
2023-05-01,Shell Oil,16870007,32457,1047,519.76,derived
2023-06-01,Shell Oil,17331259,31380,1046,552.3,derived
2023-07-01,Shell Oil,17134189,32488,1048,527.4,derived
2023-08-01,Shell Oil,15125360,32457,1047,466.01,derived
2023-09-01,Shell Oil,14438672,31380,1046,460.12,derived
2023-10-01,Shell Oil,14482601,32302,1042,448.35,derived
2023-11-01,Shell Oil,13485697,31200,1040,432.23,derived
2023-12-01,Shell Oil,12574971,32333,1043,388.92,derived
2024-01-01,Shell Oil,11736937,32302,1042,363.35,derived
2024-02-01,Shell Oil,11877244,30247,1043,392.68,derived
2024-03-01,Shell Oil,14116843,32333,1043,436.61,derived
2024-04-01,Shell Oil,14568347,31260,1042,466.04,derived
2024-05-01,Shell Oil,17020625,32395,1045,525.41,derived
2024-06-01,Shell Oil,16738074,31380,1046,533.4,derived
2024-07-01,Shell Oil,16714748,32550,1050,513.51,derived
2024-08-01,Shell Oil,15256784,32612,1052,467.83,derived
2024-09-01,Shell Oil,15408041,35370,1179,435.62,derived
2024-10-01,Shell Oil,15721498,36890,1190,426.17,derived
2024-11-01,Shell Oil,14992939,35700,1190,419.97,derived
2024-12-01,Shell Oil,14655658,36921,1191,396.95,derived
2020-01-01,Sonic,20141580,10013,323,2011.54,derived
2020-02-01,Sonic,21017126,9367,323,2243.74,derived
2020-03-01,Sonic,12373825,10013,323,1235.78,derived
2020-04-01,Sonic,3534535,9690,323,364.76,derived
2020-05-01,Sonic,12221559,10013,323,1220.57,derived
2020-06-01,Sonic,16593066,9690,323,1712.39,derived
2020-07-01,Sonic,15796859,10013,323,1577.63,derived
2020-08-01,Sonic,16086430,10013,323,1606.55,derived
2020-09-01,Sonic,17030054,9690,323,1757.49,derived
2020-10-01,Sonic,18293433,10013,323,1826.97,derived
2020-11-01,Sonic,16931401,9690,323,1747.31,derived
2020-12-01,Sonic,15878357,10013,323,1585.77,derived
2021-01-01,Sonic,14903776,10013,323,1488.44,derived
2021-02-01,Sonic,12642640,9044,323,1397.9,derived
2021-03-01,Sonic,18581577,10013,323,1855.75,derived
2021-04-01,Sonic,20431597,9690,323,2108.52,derived
2021-05-01,Sonic,21605189,10013,323,2157.71,derived
2021-06-01,Sonic,21627408,9720,324,2225.04,derived
2021-07-01,Sonic,22480074,10044,324,2238.16,derived
2021-08-01,Sonic,20473926,10075,325,2032.15,derived
2021-09-01,Sonic,19290010,9750,325,1978.46,derived
2021-10-01,Sonic,20001656,10075,325,1985.28,derived
2021-11-01,Sonic,19445754,9870,329,1970.19,derived
2021-12-01,Sonic,20928951,10230,330,2045.84,derived
2022-01-01,Sonic,17661193,10261,331,1721.2,derived
2022-02-01,Sonic,16772605,9268,331,1809.73,derived
2022-03-01,Sonic,20339559,10230,330,1988.23,derived
2022-04-01,Sonic,23084155,9870,329,2338.82,derived
2022-05-01,Sonic,21673799,10230,330,2118.65,derived
2022-06-01,Sonic,20908315,9870,329,2118.37,derived
2022-07-01,Sonic,21565120,10168,328,2120.88,derived
2022-08-01,Sonic,20342155,10168,328,2000.61,derived
2022-09-01,Sonic,19321311,9840,328,1963.55,derived
2022-10-01,Sonic,19621998,10168,328,1929.78,derived
2022-11-01,Sonic,18568874,9810,327,1892.85,derived
2022-12-01,Sonic,19422788,10168,328,1910.19,derived
2023-01-01,Sonic,17551505,10168,328,1726.15,derived
2023-02-01,Sonic,17238327,9184,328,1877.0,derived
2023-03-01,Sonic,19423817,10168,328,1910.29,derived
2023-04-01,Sonic,19866029,9840,328,2018.91,derived
2023-05-01,Sonic,19888974,10168,328,1956.04,derived
2023-06-01,Sonic,20520088,9810,327,2091.75,derived
2023-07-01,Sonic,21090090,10137,327,2080.51,derived
2023-08-01,Sonic,19885324,10137,327,1961.66,derived
2023-09-01,Sonic,18721179,9810,327,1908.38,derived
2023-10-01,Sonic,18463469,10137,327,1821.39,derived
2023-11-01,Sonic,17319069,9750,325,1776.31,derived
2023-12-01,Sonic,17854502,10075,325,1772.16,derived
2024-01-01,Sonic,15478895,10075,325,1536.37,derived
2024-02-01,Sonic,17146537,9483,327,1808.13,derived
2024-03-01,Sonic,19147870,10137,327,1888.91,derived
2024-04-01,Sonic,18578035,9780,326,1899.59,derived
2024-05-01,Sonic,19743748,10044,324,1965.73,derived
2024-06-01,Sonic,18917883,9690,323,1952.31,derived
2024-07-01,Sonic,19326506,10013,323,1930.14,derived
2024-08-01,Sonic,19189004,9982,322,1922.36,derived
2024-09-01,Sonic,17222394,9630,321,1788.41,derived
2024-10-01,Sonic,17362188,9920,320,1750.22,derived
2024-11-01,Sonic,17761078,9600,320,1850.11,derived
2024-12-01,Sonic,19409401,9951,321,1950.5,derived
2020-01-01,Speedway,12040471,6076,196,1981.64,derived
2020-02-01,Speedway,11392876,5626,194,2025.04,derived
2020-03-01,Speedway,8761777,6076,196,1442.03,derived
2020-04-01,Speedway,4320146,5850,195,738.49,derived
2020-05-01,Speedway,9634315,6045,195,1593.77,derived
2020-06-01,Speedway,12462021,5880,196,2119.39,derived
2020-07-01,Speedway,12863932,6200,200,2074.83,derived
2020-08-01,Speedway,11434108,6200,200,1844.21,derived
2020-09-01,Speedway,11651146,6000,200,1941.86,derived
2020-10-01,Speedway,11648000,6169,199,1888.15,derived
2020-11-01,Speedway,10181470,5970,199,1705.44,derived
2020-12-01,Speedway,9182089,6169,199,1488.42,derived
2021-01-01,Speedway,7222832,6169,199,1170.83,derived
2021-02-01,Speedway,7810193,6160,220,1267.89,derived
2021-03-01,Speedway,12445799,6820,220,1824.9,derived
2021-04-01,Speedway,13212429,6600,220,2001.88,derived
2021-05-01,Speedway,15233204,6820,220,2233.61,derived
2021-06-01,Speedway,15135140,6600,220,2293.2,derived
2021-07-01,Speedway,14675055,6696,216,2191.62,derived
2021-08-01,Speedway,11910074,6231,201,1911.42,derived
2021-09-01,Speedway,12125681,6000,200,2020.95,derived
2021-10-01,Speedway,11796367,6169,199,1912.2,derived
2021-11-01,Speedway,10802976,6000,200,1800.5,derived
2021-12-01,Speedway,10414390,6169,199,1688.18,derived
2022-01-01,Speedway,7546475,6107,197,1235.71,derived
2022-02-01,Speedway,7886107,5488,196,1436.97,derived
2022-03-01,Speedway,10808881,6076,196,1778.95,derived
2022-04-01,Speedway,12006665,5880,196,2041.95,derived
2022-05-01,Speedway,13326508,6076,196,2193.3,derived
2022-06-01,Speedway,13652250,5850,195,2333.72,derived
2022-07-01,Speedway,13343615,6045,195,2207.38,derived
2022-08-01,Speedway,12084625,6045,195,1999.11,derived
2022-09-01,Speedway,11821228,5850,195,2020.72,derived
2022-10-01,Speedway,11359092,6045,195,1879.09,derived
2022-11-01,Speedway,10276650,5820,194,1765.75,derived
2022-12-01,Speedway,9821440,6014,194,1633.1,derived
2023-01-01,Speedway,8947941,6014,194,1487.85,derived
2023-02-01,Speedway,9029329,5432,194,1662.25,derived
2023-03-01,Speedway,10892765,6014,194,1811.23,derived
2023-04-01,Speedway,11710525,5790,193,2022.54,derived
2023-05-01,Speedway,13496465,5983,193,2255.8,derived
2023-06-01,Speedway,13730946,5790,193,2371.49,derived
2023-07-01,Speedway,14055743,5983,193,2349.28,derived
2023-08-01,Speedway,12187944,5983,193,2037.1,derived
2023-09-01,Speedway,11584225,5790,193,2000.73,derived
2023-10-01,Speedway,11302930,5983,193,1889.17,derived
2023-11-01,Speedway,10629281,5790,193,1835.8,derived
2023-12-01,Speedway,10074122,5983,193,1683.79,derived
2024-01-01,Speedway,9116085,5983,193,1523.66,derived
2024-02-01,Speedway,9279062,5597,193,1657.86,derived
2024-03-01,Speedway,11223334,5983,193,1875.87,derived
2024-04-01,Speedway,11643963,5790,193,2011.05,derived
2024-05-01,Speedway,13668967,5952,192,2296.53,derived
2024-06-01,Speedway,13975750,5760,192,2426.35,derived
2024-07-01,Speedway,13358848,5952,192,2244.43,derived
2024-08-01,Speedway,12251058,5952,192,2058.31,derived
2024-09-01,Speedway,11058933,5760,192,1919.95,derived
2024-10-01,Speedway,11015270,5921,191,1860.37,derived
2024-11-01,Speedway,10492121,5730,191,1831.09,derived
2024-12-01,Speedway,7982505,4836,156,1650.64,derived
2020-01-01,Starbucks,63543633,48980,1580,1297.34,derived
2020-02-01,Starbucks,65678697,45820,1580,1433.41,derived
2020-03-01,Starbucks,37345979,48980,1580,762.47,derived
2020-04-01,Starbucks,7161651,47400,1580,151.09,derived
2020-05-01,Starbucks,19522239,48639,1569,401.37,derived
2020-06-01,Starbucks,31802552,47040,1568,676.07,derived
2020-07-01,Starbucks,30214528,48639,1569,621.2,derived
2020-08-01,Starbucks,25581735,48546,1566,526.96,derived
2020-09-01,Starbucks,27467792,47160,1572,582.44,derived
2020-10-01,Starbucks,30966168,48856,1576,633.83,derived
2020-11-01,Starbucks,29059102,47250,1575,615.01,derived
2020-12-01,Starbucks,27152417,48825,1575,556.12,derived
2021-01-01,Starbucks,21662947,48856,1576,443.4,derived
2021-02-01,Starbucks,17139762,44072,1574,388.9,derived
2021-03-01,Starbucks,34246369,48856,1576,700.97,derived
2021-04-01,Starbucks,37636768,47370,1579,794.53,derived
2021-05-01,Starbucks,38638583,49011,1581,788.37,derived
2021-06-01,Starbucks,52909301,47460,1582,1114.82,derived
2021-07-01,Starbucks,57329990,49073,1583,1168.26,derived
2021-08-01,Starbucks,54638360,49104,1584,1112.71,derived
2021-09-01,Starbucks,54393165,47520,1584,1144.64,derived
2021-10-01,Starbucks,57410650,49104,1584,1169.16,derived
2021-11-01,Starbucks,54608227,48150,1605,1134.13,derived
2021-12-01,Starbucks,56739397,49755,1605,1140.38,derived
2022-01-01,Starbucks,52597456,49879,1609,1054.5,derived
2022-02-01,Starbucks,50043287,45108,1611,1109.41,derived
2022-03-01,Starbucks,56545908,50003,1613,1130.85,derived
2022-04-01,Starbucks,60731779,48390,1613,1255.05,derived
2022-05-01,Starbucks,63497744,50468,1628,1258.18,derived
2022-06-01,Starbucks,65426503,48840,1628,1339.61,derived
2022-07-01,Starbucks,67827488,50468,1628,1343.97,derived
2022-08-01,Starbucks,62271415,50468,1628,1233.88,derived
2022-09-01,Starbucks,59791262,49290,1643,1213.05,derived
2022-10-01,Starbucks,62953471,51119,1649,1231.51,derived
2022-11-01,Starbucks,58080366,49470,1649,1174.05,derived
2022-12-01,Starbucks,66408341,51181,1651,1297.52,derived
2023-01-01,Starbucks,57875148,51305,1655,1128.06,derived
2023-02-01,Starbucks,57704261,46396,1657,1243.73,derived
2023-03-01,Starbucks,62262857,51398,1658,1211.39,derived
2023-04-01,Starbucks,64780827,49740,1658,1302.39,derived
2023-05-01,Starbucks,65353418,51553,1663,1267.69,derived
2023-06-01,Starbucks,64345341,50010,1667,1286.65,derived
2023-07-01,Starbucks,64635313,51925,1675,1244.78,derived
2023-08-01,Starbucks,61305714,52235,1685,1173.65,derived
2023-09-01,Starbucks,59330890,50880,1696,1166.09,derived
2023-10-01,Starbucks,61422324,52731,1701,1164.82,derived
2023-11-01,Starbucks,58390850,51210,1707,1140.22,derived
2023-12-01,Starbucks,60714959,52948,1708,1146.69,derived
2024-01-01,Starbucks,57592029,52948,1708,1087.71,derived
2024-02-01,Starbucks,56761642,49648,1712,1143.28,derived
2024-03-01,Starbucks,61145205,53165,1715,1150.1,derived
2024-04-01,Starbucks,58673490,51570,1719,1137.74,derived
2024-05-01,Starbucks,63123226,53382,1722,1182.48,derived
2024-06-01,Starbucks,61358359,51660,1722,1187.73,derived
2024-07-01,Starbucks,62954874,53382,1722,1179.33,derived
2024-08-01,Starbucks,60230488,53382,1722,1128.29,derived
2024-09-01,Starbucks,54779044,51660,1722,1060.38,derived
2024-10-01,Starbucks,57781941,53940,1740,1071.23,derived
2024-11-01,Starbucks,54171442,52200,1740,1037.77,derived
2024-12-01,Starbucks,57995533,53971,1741,1074.57,derived
2020-01-01,Subway,80095493,63488,2048,1261.58,derived
2020-02-01,Subway,83026132,59421,2049,1397.25,derived
2020-03-01,Subway,46150653,63519,2049,726.56,derived
2020-04-01,Subway,7259833,61470,2049,118.1,derived
2020-05-01,Subway,33091903,63519,2049,520.98,derived
2020-06-01,Subway,55221848,61470,2049,898.35,derived
2020-07-01,Subway,50649568,63519,2049,797.39,derived
2020-08-01,Subway,46636212,63519,2049,734.21,derived
2020-09-01,Subway,50944610,60420,2014,843.17,derived
2020-10-01,Subway,56726300,62434,2014,908.58,derived
2020-11-01,Subway,54237268,60600,2020,895.0,derived
2020-12-01,Subway,48810871,62589,2019,779.86,derived
2021-01-01,Subway,47194194,62620,2020,753.66,derived
2021-02-01,Subway,41055613,56532,2019,726.24,derived
2021-03-01,Subway,58723156,62527,2017,939.16,derived
2021-04-01,Subway,63996182,60540,2018,1057.09,derived
2021-05-01,Subway,67865100,65007,2097,1043.97,derived
2021-06-01,Subway,84429330,62730,2091,1345.92,derived
2021-07-01,Subway,92679775,64852,2092,1429.1,derived
2021-08-01,Subway,85604024,64480,2080,1327.61,derived
2021-09-01,Subway,76718120,60390,2013,1270.38,derived
2021-10-01,Subway,80706337,62341,2011,1294.59,derived
2021-11-01,Subway,77537436,60330,2011,1285.22,derived
2021-12-01,Subway,81337788,62341,2011,1304.72,derived
2022-01-01,Subway,67768053,61597,1987,1100.18,derived
2022-02-01,Subway,68816154,55580,1985,1238.15,derived
2022-03-01,Subway,79812947,61535,1985,1297.03,derived
2022-04-01,Subway,84557931,54780,1826,1543.59,derived
2022-05-01,Subway,83413220,56513,1823,1476.0,derived
2022-06-01,Subway,79293134,54480,1816,1455.45,derived
2022-07-01,Subway,81699366,56079,1809,1456.86,derived
2022-08-01,Subway,75088966,55955,1805,1341.95,derived
2022-09-01,Subway,72030411,54000,1800,1333.9,derived
2022-10-01,Subway,73714022,55707,1797,1323.25,derived
2022-11-01,Subway,69312706,53760,1792,1289.3,derived
2022-12-01,Subway,69761252,55428,1788,1258.59,derived
2023-01-01,Subway,66425990,55273,1783,1201.78,derived
2023-02-01,Subway,65412518,49896,1782,1310.98,derived
2023-03-01,Subway,72075044,55087,1777,1308.39,derived
2023-04-01,Subway,74597872,53190,1773,1402.48,derived
2023-05-01,Subway,75748604,54777,1767,1382.85,derived
2023-06-01,Subway,74435051,53010,1767,1404.17,derived
2023-07-01,Subway,77298157,54777,1767,1411.14,derived
2023-08-01,Subway,69817485,54126,1746,1289.91,derived
2023-09-01,Subway,67504276,52290,1743,1290.96,derived
2023-10-01,Subway,69327710,53909,1739,1286.01,derived
2023-11-01,Subway,65092942,51930,1731,1253.47,derived
2023-12-01,Subway,64541861,53413,1723,1208.35,derived
2024-01-01,Subway,64709487,53134,1714,1217.85,derived
2024-02-01,Subway,63876956,49532,1708,1289.61,derived
2024-03-01,Subway,70267640,52886,1706,1328.66,derived
2024-04-01,Subway,65302265,51180,1706,1275.93,derived
2024-05-01,Subway,69510349,52638,1698,1320.54,derived
2024-06-01,Subway,68035325,50940,1698,1335.6,derived
2024-07-01,Subway,66299869,52359,1689,1266.26,derived
2024-08-01,Subway,64654683,52266,1686,1237.03,derived
2024-09-01,Subway,59879933,50430,1681,1187.39,derived
2024-10-01,Subway,61560497,51832,1672,1187.69,derived
2024-11-01,Subway,62216546,49890,1663,1247.07,derived
2024-12-01,Subway,68428182,51150,1650,1337.79,derived
2020-01-01,Sunoco,26186635,17825,575,1469.1,derived
2020-02-01,Sunoco,26218981,16675,575,1572.35,derived
2020-03-01,Sunoco,22133159,17825,575,1241.69,derived
2020-04-01,Sunoco,16733835,17250,575,970.08,derived
2020-05-01,Sunoco,24419137,17825,575,1369.94,derived
2020-06-01,Sunoco,31509737,17250,575,1826.65,derived
2020-07-01,Sunoco,30980830,17825,575,1738.05,derived
2020-08-01,Sunoco,27874295,17825,575,1563.78,derived
2020-09-01,Sunoco,28607170,17250,575,1658.39,derived
2020-10-01,Sunoco,28182085,17825,575,1581.04,derived
2020-11-01,Sunoco,24375590,17250,575,1413.08,derived
2020-12-01,Sunoco,24084149,17825,575,1351.14,derived
2021-01-01,Sunoco,21472547,17825,575,1204.63,derived
2021-02-01,Sunoco,18801322,16100,575,1167.78,derived
2021-03-01,Sunoco,28323685,17825,575,1588.99,derived
2021-04-01,Sunoco,29294015,17250,575,1698.2,derived
2021-05-01,Sunoco,34615363,17856,576,1938.58,derived
2021-06-01,Sunoco,33311288,17460,582,1907.86,derived
2021-07-01,Sunoco,33950858,18104,584,1875.32,derived
2021-08-01,Sunoco,30619549,18104,584,1691.31,derived
2021-09-01,Sunoco,29366640,17550,585,1673.31,derived
2021-10-01,Sunoco,29249831,18073,583,1618.43,derived
2021-11-01,Sunoco,27720014,17460,582,1587.63,derived
2021-12-01,Sunoco,25935955,18042,582,1437.53,derived
2022-01-01,Sunoco,19729153,18073,583,1091.64,derived
2022-02-01,Sunoco,21251038,16380,585,1297.38,derived
2022-03-01,Sunoco,28383360,18166,586,1562.44,derived
2022-04-01,Sunoco,29758557,17610,587,1689.87,derived
2022-05-01,Sunoco,33644110,18197,587,1848.88,derived
2022-06-01,Sunoco,35291119,17610,587,2004.04,derived
2022-07-01,Sunoco,34677620,18197,587,1905.68,derived
2022-08-01,Sunoco,31282919,18197,587,1719.13,derived
2022-09-01,Sunoco,30248229,17610,587,1717.67,derived
2022-10-01,Sunoco,29729338,18166,586,1636.54,derived
2022-11-01,Sunoco,26872913,17550,585,1531.22,derived
2022-12-01,Sunoco,28331402,18166,586,1559.58,derived
2023-01-01,Sunoco,23489584,18228,588,1288.65,derived
2023-02-01,Sunoco,23349405,16408,586,1423.05,derived
2023-03-01,Sunoco,28089138,18197,587,1543.61,derived
2023-04-01,Sunoco,30318403,17640,588,1718.73,derived
2023-05-01,Sunoco,33750123,18259,589,1848.41,derived
2023-06-01,Sunoco,34344928,17610,587,1950.31,derived
2023-07-01,Sunoco,34641735,18228,588,1900.47,derived
2023-08-01,Sunoco,30653372,18166,586,1687.4,derived
2023-09-01,Sunoco,29224077,17640,588,1656.69,derived
2023-10-01,Sunoco,28740147,18135,585,1584.79,derived
2023-11-01,Sunoco,26755675,17490,583,1529.77,derived
2023-12-01,Sunoco,25775267,17980,580,1433.55,derived
2024-01-01,Sunoco,23728712,17825,575,1331.2,derived
2024-02-01,Sunoco,24032543,16646,574,1443.74,derived
2024-03-01,Sunoco,27807053,17794,574,1562.72,derived
2024-04-01,Sunoco,28504534,17100,570,1666.93,derived
2024-05-01,Sunoco,33364680,17701,571,1884.9,derived
2024-06-01,Sunoco,33490752,17130,571,1955.09,derived
2024-07-01,Sunoco,32887705,17670,570,1861.22,derived
2024-08-01,Sunoco,30214699,17577,567,1718.99,derived
2024-09-01,Sunoco,26982409,17010,567,1586.27,derived
2024-10-01,Sunoco,27532289,17577,567,1566.38,derived
2024-11-01,Sunoco,25542972,16980,566,1504.3,derived
2024-12-01,Sunoco,24005430,17484,564,1372.99,derived
2020-01-01,T.J. Maxx,12530020,3875,125,3233.55,derived
2020-02-01,T.J. Maxx,11768120,3625,125,3246.38,derived
2020-03-01,T.J. Maxx,6358792,3875,125,1640.98,derived
2020-04-01,T.J. Maxx,135273,3750,125,36.07,derived
2020-05-01,T.J. Maxx,2941368,3875,125,759.06,derived
2020-06-01,T.J. Maxx,8172850,3750,125,2179.43,derived
2020-07-01,T.J. Maxx,8152659,3875,125,2103.91,derived
2020-08-01,T.J. Maxx,8595712,3875,125,2218.25,derived
2020-09-01,T.J. Maxx,8908025,3750,125,2375.47,derived
2020-10-01,T.J. Maxx,9508925,3875,125,2453.92,derived
2020-11-01,T.J. Maxx,9957423,3750,125,2655.31,derived
2020-12-01,T.J. Maxx,12430918,3875,125,3207.98,derived
2021-01-01,T.J. Maxx,7914050,3875,125,2042.34,derived
2021-02-01,T.J. Maxx,7380082,3500,125,2108.59,derived
2021-03-01,T.J. Maxx,10616155,3875,125,2739.65,derived
2021-04-01,T.J. Maxx,11043120,3750,125,2944.83,derived
2021-05-01,T.J. Maxx,11695037,3875,125,3018.07,derived
2021-06-01,T.J. Maxx,11640541,3750,125,3104.14,derived
2021-07-01,T.J. Maxx,13200729,3875,125,3406.64,derived
2021-08-01,T.J. Maxx,12892582,3875,125,3327.12,derived
2021-09-01,T.J. Maxx,10942865,3750,125,2918.1,derived
2021-10-01,T.J. Maxx,11198019,3875,125,2889.81,derived
2021-11-01,T.J. Maxx,13861622,3750,125,3696.43,derived
2021-12-01,T.J. Maxx,15329191,3875,125,3955.92,derived
2022-01-01,T.J. Maxx,8341292,3875,125,2152.59,derived
2022-02-01,T.J. Maxx,8735795,3500,125,2495.94,derived
2022-03-01,T.J. Maxx,10494437,3875,125,2708.24,derived
2022-04-01,T.J. Maxx,11053865,3750,125,2947.7,derived
2022-05-01,T.J. Maxx,13159613,3875,125,3396.03,derived
2022-06-01,T.J. Maxx,12406503,3750,125,3308.4,derived
2022-07-01,T.J. Maxx,12360374,3875,125,3189.77,derived
2022-08-01,T.J. Maxx,12610119,3875,125,3254.22,derived
2022-09-01,T.J. Maxx,11567484,3750,125,3084.66,derived
2022-10-01,T.J. Maxx,12350228,3875,125,3187.16,derived
2022-11-01,T.J. Maxx,13326608,3750,125,3553.76,derived
2022-12-01,T.J. Maxx,16352449,3875,125,4219.99,derived
2023-01-01,T.J. Maxx,10141090,3875,125,2617.06,derived
2023-02-01,T.J. Maxx,10526887,3500,125,3007.68,derived
2023-03-01,T.J. Maxx,11873076,3875,125,3064.02,derived
2023-04-01,T.J. Maxx,12397857,3750,125,3306.1,derived
2023-05-01,T.J. Maxx,12968597,3875,125,3346.73,derived
2023-06-01,T.J. Maxx,12028836,3750,125,3207.69,derived
2023-07-01,T.J. Maxx,12522199,3875,125,3231.54,derived
2023-08-01,T.J. Maxx,12696307,3875,125,3276.47,derived
2023-09-01,T.J. Maxx,11711396,3750,125,3123.04,derived
2023-10-01,T.J. Maxx,12270718,3875,125,3166.64,derived
2023-11-01,T.J. Maxx,14649106,3750,125,3906.43,derived
2023-12-01,T.J. Maxx,18663700,3875,125,4816.44,derived
2024-01-01,T.J. Maxx,10042119,3875,125,2591.51,derived
2024-02-01,T.J. Maxx,9908672,3625,125,2733.43,derived
2024-03-01,T.J. Maxx,12017850,3875,125,3101.38,derived
2024-04-01,T.J. Maxx,11559589,3750,125,3082.56,derived
2024-05-01,T.J. Maxx,13181109,3875,125,3401.58,derived
2024-06-01,T.J. Maxx,12669257,3750,125,3378.47,derived
2024-07-01,T.J. Maxx,13240166,3875,125,3416.82,derived
2024-08-01,T.J. Maxx,13649543,3875,125,3522.46,derived
2024-09-01,T.J. Maxx,10904398,3780,126,2884.76,derived
2024-10-01,T.J. Maxx,11481430,3937,127,2916.29,derived
2024-11-01,T.J. Maxx,14891126,3810,127,3908.43,derived
2024-12-01,T.J. Maxx,16723529,3937,127,4247.78,derived
2020-01-01,Taco Bell,45226430,18972,612,2383.85,derived
2020-02-01,Taco Bell,46235080,17748,612,2605.09,derived
2020-03-01,Taco Bell,27657331,18972,612,1457.8,derived
2020-04-01,Taco Bell,7474865,18360,612,407.13,derived
2020-05-01,Taco Bell,21269922,18972,612,1121.12,derived
2020-06-01,Taco Bell,32494999,18360,612,1769.88,derived
2020-07-01,Taco Bell,29764473,18972,612,1568.86,derived
2020-08-01,Taco Bell,26874618,19437,627,1382.65,derived
2020-09-01,Taco Bell,28989615,18840,628,1538.73,derived
2020-10-01,Taco Bell,30593520,19499,629,1568.98,derived
2020-11-01,Taco Bell,27599957,18870,629,1462.64,derived
2020-12-01,Taco Bell,25794186,19437,627,1327.07,derived
2021-01-01,Taco Bell,22474606,19437,627,1156.28,derived
2021-02-01,Taco Bell,19492854,17584,628,1108.56,derived
2021-03-01,Taco Bell,31677741,19499,629,1624.58,derived
2021-04-01,Taco Bell,33753151,18900,630,1785.88,derived
2021-05-01,Taco Bell,34913390,19964,644,1748.82,derived
2021-06-01,Taco Bell,44010553,19320,644,2277.98,derived
2021-07-01,Taco Bell,47477145,19964,644,2378.14,derived
2021-08-01,Taco Bell,43218595,19964,644,2164.83,derived
2021-09-01,Taco Bell,41396769,19290,643,2146.02,derived
2021-10-01,Taco Bell,42514180,19995,645,2126.24,derived
2021-11-01,Taco Bell,41888785,19380,646,2161.44,derived
2021-12-01,Taco Bell,44840083,20150,650,2225.31,derived
2022-01-01,Taco Bell,40047205,20150,650,1987.45,derived
2022-02-01,Taco Bell,37364286,18228,651,2049.83,derived
2022-03-01,Taco Bell,42918324,20212,652,2123.41,derived
2022-04-01,Taco Bell,46087262,19620,654,2348.99,derived
2022-05-01,Taco Bell,48123497,20336,656,2366.42,derived
2022-06-01,Taco Bell,46967753,19650,655,2390.22,derived
2022-07-01,Taco Bell,47045151,20336,656,2313.39,derived
2022-08-01,Taco Bell,43570522,20336,656,2142.53,derived
2022-09-01,Taco Bell,41885862,19770,659,2118.66,derived
2022-10-01,Taco Bell,44415211,20491,661,2167.55,derived
2022-11-01,Taco Bell,41675048,19890,663,2095.28,derived
2022-12-01,Taco Bell,42949996,20708,668,2074.08,derived
2023-01-01,Taco Bell,41650509,20708,668,2011.32,derived
2023-02-01,Taco Bell,40315634,18788,671,2145.82,derived
2023-03-01,Taco Bell,44220833,20894,674,2116.44,derived
2023-04-01,Taco Bell,46900135,20220,674,2319.49,derived
2023-05-01,Taco Bell,46645935,20894,674,2232.5,derived
2023-06-01,Taco Bell,46405716,20220,674,2295.04,derived
2023-07-01,Taco Bell,48071127,20894,674,2300.71,derived
2023-08-01,Taco Bell,45160332,20925,675,2158.2,derived
2023-09-01,Taco Bell,44169906,20310,677,2174.79,derived
2023-10-01,Taco Bell,44695214,20987,677,2129.66,derived
2023-11-01,Taco Bell,42984951,20340,678,2113.32,derived
2023-12-01,Taco Bell,42857677,21204,684,2021.21,derived
2024-01-01,Taco Bell,40810490,21266,686,1919.05,derived
2024-02-01,Taco Bell,42316093,19923,687,2123.98,derived
2024-03-01,Taco Bell,46618018,21390,690,2179.43,derived
2024-04-01,Taco Bell,45776920,20760,692,2205.05,derived
2024-05-01,Taco Bell,49518485,21452,692,2308.34,derived
2024-06-01,Taco Bell,47956725,20760,692,2310.05,derived
2024-07-01,Taco Bell,48079289,21390,690,2247.75,derived
2024-08-01,Taco Bell,46501174,21452,692,2167.68,derived
2024-09-01,Taco Bell,42036661,20790,693,2021.97,derived
2024-10-01,Taco Bell,43802197,21483,693,2038.92,derived
2024-11-01,Taco Bell,44512897,20820,694,2137.99,derived
2024-12-01,Taco Bell,47028330,21576,696,2179.66,derived
2020-01-01,Target,23490631,5921,191,3967.34,derived
2020-02-01,Target,22554409,5539,191,4071.93,derived
2020-03-01,Target,14956221,5952,192,2512.81,derived
2020-04-01,Target,10739170,5760,192,1864.44,derived
2020-05-01,Target,14751213,5952,192,2478.36,derived
2020-06-01,Target,16714312,5760,192,2901.79,derived
2020-07-01,Target,15828526,5952,192,2659.36,derived
2020-08-01,Target,16826227,5952,192,2826.99,derived
2020-09-01,Target,17792331,5760,192,3088.95,derived
2020-10-01,Target,19697544,5983,193,3292.25,derived
2020-11-01,Target,21148198,5790,193,3652.54,derived
2020-12-01,Target,23375371,5983,193,3906.96,derived
2021-01-01,Target,18199156,5983,193,3041.81,derived
2021-02-01,Target,15231796,5404,193,2818.62,derived
2021-03-01,Target,19482794,6014,194,3239.57,derived
2021-04-01,Target,20510166,5820,194,3524.08,derived
2021-05-01,Target,20664917,6014,194,3436.14,derived
2021-06-01,Target,20575919,5820,194,3535.38,derived
2021-07-01,Target,21239765,6014,194,3531.72,derived
2021-08-01,Target,21100831,6045,195,3490.63,derived
2021-09-01,Target,20200202,5850,195,3453.03,derived
2021-10-01,Target,22473846,6107,197,3680.01,derived
2021-11-01,Target,23997432,5910,197,4060.48,derived
2021-12-01,Target,28826556,6107,197,4720.25,derived
2022-01-01,Target,19078055,6107,197,3123.97,derived
2022-02-01,Target,18288704,5516,197,3315.57,derived
2022-03-01,Target,20397421,6107,197,3340.01,derived
2022-04-01,Target,22542702,5940,198,3795.07,derived
2022-05-01,Target,22791694,6138,198,3713.21,derived
2022-06-01,Target,22665114,5970,199,3796.5,derived
2022-07-01,Target,22546463,6200,200,3636.53,derived
2022-08-01,Target,22282035,6200,200,3593.88,derived
2022-09-01,Target,21545187,6000,200,3590.86,derived
2022-10-01,Target,23484272,6231,201,3768.94,derived
2022-11-01,Target,24261130,6090,203,3983.77,derived
2022-12-01,Target,28640522,6293,203,4551.17,derived
2023-01-01,Target,21283313,6293,203,3382.06,derived
2023-02-01,Target,19859986,5684,203,3494.02,derived
2023-03-01,Target,21118533,6293,203,3355.88,derived
2023-04-01,Target,23010265,6150,205,3741.51,derived
2023-05-01,Target,23397128,6355,205,3681.69,derived
2023-06-01,Target,22620735,6150,205,3678.17,derived
2023-07-01,Target,22500169,6355,205,3540.55,derived
2023-08-01,Target,21665238,6386,206,3392.61,derived
2023-09-01,Target,21425874,6180,206,3466.97,derived
2023-10-01,Target,22823354,6386,206,3573.97,derived
2023-11-01,Target,24035800,6180,206,3889.29,derived
2023-12-01,Target,28563313,6386,206,4472.8,derived
2024-01-01,Target,19843560,6386,206,3107.35,derived
2024-02-01,Target,20177874,5974,206,3377.62,derived
2024-03-01,Target,21492447,6386,206,3365.56,derived
2024-04-01,Target,21467546,6180,206,3473.71,derived
2024-05-01,Target,22934045,6386,206,3591.3,derived
2024-06-01,Target,22191585,6180,206,3590.87,derived
2024-07-01,Target,21806055,6386,206,3414.67,derived
2024-08-01,Target,22189308,6386,206,3474.68,derived
2024-09-01,Target,20368283,6180,206,3295.84,derived
2024-10-01,Target,22301887,6386,206,3492.31,derived
2024-11-01,Target,24463742,6180,206,3958.53,derived
2024-12-01,Target,28568513,6386,206,4473.62,derived
2020-01-01,The Home Depot,17946274,7006,226,2561.56,derived
2020-02-01,The Home Depot,17313315,6554,226,2641.64,derived
2020-03-01,The Home Depot,12225726,7006,226,1745.04,derived
2020-04-01,The Home Depot,6828849,6780,226,1007.2,derived
2020-05-01,The Home Depot,17851212,7006,226,2547.99,derived
2020-06-01,The Home Depot,19420787,6780,226,2864.42,derived
2020-07-01,The Home Depot,18503626,7068,228,2617.94,derived
2020-08-01,The Home Depot,18592944,7068,228,2630.58,derived
2020-09-01,The Home Depot,19787673,6840,228,2892.93,derived
2020-10-01,The Home Depot,19392231,7068,228,2743.67,derived
2020-11-01,The Home Depot,19181564,6840,228,2804.32,derived
2020-12-01,The Home Depot,18877682,7068,228,2670.87,derived
2021-01-01,The Home Depot,16639741,7068,228,2354.24,derived
2021-02-01,The Home Depot,13980986,6384,228,2190.0,derived
2021-03-01,The Home Depot,19373848,7068,228,2741.07,derived
2021-04-01,The Home Depot,21145073,6840,228,3091.38,derived
2021-05-01,The Home Depot,23597815,7068,228,3338.68,derived
2021-06-01,The Home Depot,22894806,6840,228,3347.19,derived
2021-07-01,The Home Depot,20799290,7068,228,2942.74,derived
2021-08-01,The Home Depot,19015701,7068,228,2690.39,derived
2021-09-01,The Home Depot,19202831,6840,228,2807.43,derived
2021-10-01,The Home Depot,19169228,7068,228,2712.11,derived
2021-11-01,The Home Depot,20361178,6840,228,2976.78,derived
2021-12-01,The Home Depot,19438726,7068,228,2750.24,derived
2022-01-01,The Home Depot,15675498,7068,228,2217.81,derived
2022-02-01,The Home Depot,15199998,6384,228,2380.95,derived
2022-03-01,The Home Depot,18305621,7068,228,2589.93,derived
2022-04-01,The Home Depot,20633048,6870,229,3003.35,derived
2022-05-01,The Home Depot,22065953,7099,229,3108.32,derived
2022-06-01,The Home Depot,21459679,6870,229,3123.68,derived
2022-07-01,The Home Depot,20353611,7099,229,2867.11,derived
2022-08-01,The Home Depot,19522287,7099,229,2750.01,derived
2022-09-01,The Home Depot,19412105,6870,229,2825.63,derived
2022-10-01,The Home Depot,19065610,7099,229,2685.68,derived
2022-11-01,The Home Depot,19837266,6870,229,2887.52,derived
2022-12-01,The Home Depot,18642479,7099,229,2626.07,derived
2023-01-01,The Home Depot,15597085,7099,229,2197.08,derived
2023-02-01,The Home Depot,14622130,6412,229,2280.43,derived
2023-03-01,The Home Depot,16531785,7099,229,2328.75,derived
2023-04-01,The Home Depot,19162157,6870,229,2789.25,derived
2023-05-01,The Home Depot,21445388,7099,229,3020.9,derived
2023-06-01,The Home Depot,20873951,6870,229,3038.42,derived
2023-07-01,The Home Depot,19393000,7099,229,2731.79,derived
2023-08-01,The Home Depot,18381609,7099,229,2589.32,derived
2023-09-01,The Home Depot,18037892,6870,229,2625.6,derived
2023-10-01,The Home Depot,17639399,7099,229,2484.77,derived
2023-11-01,The Home Depot,19124794,6870,229,2783.81,derived
2023-12-01,The Home Depot,18208847,7099,229,2564.99,derived
2024-01-01,The Home Depot,15318078,7099,229,2157.78,derived
2024-02-01,The Home Depot,14547939,6641,229,2190.62,derived
2024-03-01,The Home Depot,16829572,7099,229,2370.7,derived
2024-04-01,The Home Depot,17993194,6870,229,2619.1,derived
2024-05-01,The Home Depot,20871165,7099,229,2940.01,derived
2024-06-01,The Home Depot,19504917,6900,230,2826.8,derived
2024-07-01,The Home Depot,18307739,7130,230,2567.71,derived
2024-08-01,The Home Depot,18118507,7130,230,2541.17,derived
2024-09-01,The Home Depot,17287833,6900,230,2505.48,derived
2024-10-01,The Home Depot,17150620,7130,230,2405.42,derived
2024-11-01,The Home Depot,19375465,6900,230,2808.04,derived
2024-12-01,The Home Depot,18772063,7161,231,2621.43,derived
2020-01-01,Walgreens,27370062,23870,770,1146.63,derived
2020-02-01,Walgreens,24928504,22330,770,1116.37,derived
2020-03-01,Walgreens,20376625,23870,770,853.65,derived
2020-04-01,Walgreens,15140608,23100,770,655.44,derived
2020-05-01,Walgreens,19058719,23870,770,798.44,derived
2020-06-01,Walgreens,21682608,23100,770,938.64,derived
2020-07-01,Walgreens,21130601,23870,770,885.24,derived
2020-08-01,Walgreens,21196029,23839,769,889.13,derived
2020-09-01,Walgreens,21883167,22950,765,953.51,derived
2020-10-01,Walgreens,21668415,23715,765,913.7,derived
2020-11-01,Walgreens,21140778,22890,763,923.58,derived
2020-12-01,Walgreens,22308241,23622,762,944.38,derived
2021-01-01,Walgreens,21824599,23591,761,925.12,derived
2021-02-01,Walgreens,18988639,21252,759,893.5,derived
2021-03-01,Walgreens,24761562,23498,758,1053.77,derived
2021-04-01,Walgreens,24035932,22710,757,1058.39,derived
2021-05-01,Walgreens,23476488,23467,757,1000.4,derived
2021-06-01,Walgreens,22764608,22710,757,1002.4,derived
2021-07-01,Walgreens,22773059,23467,757,970.43,derived
2021-08-01,Walgreens,24281590,23405,755,1037.45,derived
2021-09-01,Walgreens,24832040,22650,755,1096.34,derived
2021-10-01,Walgreens,24350639,23374,754,1041.78,derived
2021-11-01,Walgreens,24513334,22530,751,1088.03,derived
2021-12-01,Walgreens,30972801,23250,750,1332.16,derived
2022-01-01,Walgreens,25089557,23250,750,1079.12,derived
2022-02-01,Walgreens,22021386,20916,747,1052.85,derived
2022-03-01,Walgreens,24041914,23033,743,1043.8,derived
2022-04-01,Walgreens,23006023,22200,740,1036.31,derived
2022-05-01,Walgreens,23905653,22940,740,1042.09,derived
2022-06-01,Walgreens,23421279,22200,740,1055.01,derived
2022-07-01,Walgreens,22973145,22940,740,1001.44,derived
2022-08-01,Walgreens,22361801,22909,739,976.11,derived
2022-09-01,Walgreens,22821435,22170,739,1029.38,derived
2022-10-01,Walgreens,22304364,22909,739,973.61,derived
2022-11-01,Walgreens,21809471,21900,730,995.87,derived
2022-12-01,Walgreens,23763474,22630,730,1050.09,derived
2023-01-01,Walgreens,23444041,22630,730,1035.97,derived
2023-02-01,Walgreens,21165125,20524,733,1031.24,derived
2023-03-01,Walgreens,21727877,22537,727,964.1,derived
2023-04-01,Walgreens,20790490,21810,727,953.25,derived
2023-05-01,Walgreens,22036447,22475,725,980.49,derived
2023-06-01,Walgreens,21656586,21750,725,995.71,derived
2023-07-01,Walgreens,20658515,22475,725,919.18,derived
2023-08-01,Walgreens,21121880,22475,725,939.79,derived
2023-09-01,Walgreens,22076225,21750,725,1015.0,derived
2023-10-01,Walgreens,21967657,22382,722,981.49,derived
2023-11-01,Walgreens,21082592,21390,713,985.63,derived
2023-12-01,Walgreens,22487793,22103,713,1017.41,derived
2024-01-01,Walgreens,21141350,22010,710,960.53,derived
2024-02-01,Walgreens,19518520,20619,711,946.63,derived
2024-03-01,Walgreens,20489361,22103,713,926.99,derived
2024-04-01,Walgreens,20394208,21360,712,954.79,derived
2024-05-01,Walgreens,21537176,22010,710,978.52,derived
2024-06-01,Walgreens,20150006,21270,709,947.34,derived
2024-07-01,Walgreens,20499992,21979,709,932.71,derived
2024-08-01,Walgreens,20853603,21979,709,948.8,derived
2024-09-01,Walgreens,20553210,21210,707,969.03,derived
2024-10-01,Walgreens,21029536,21886,706,960.87,derived
2024-11-01,Walgreens,20266976,20370,679,994.94,derived
2024-12-01,Walgreens,21882115,21049,679,1039.58,derived
2020-01-01,Walmart,100977335,11377,367,8875.57,derived
2020-02-01,Walmart,98188264,10643,367,9225.62,derived
2020-03-01,Walmart,73633301,11377,367,6472.12,derived
2020-04-01,Walmart,57545665,11010,367,5226.67,derived
2020-05-01,Walmart,78008748,11377,367,6856.71,derived
2020-06-01,Walmart,84691601,11010,367,7692.24,derived
2020-07-01,Walmart,80680949,11377,367,7091.58,derived
2020-08-01,Walmart,83616808,11346,366,7369.72,derived
2020-09-01,Walmart,84610685,11010,367,7684.89,derived
2020-10-01,Walmart,92475814,11377,367,8128.31,derived
2020-11-01,Walmart,99115202,11010,367,9002.29,derived
2020-12-01,Walmart,109329587,11377,367,9609.7,derived
2021-01-01,Walmart,80606915,11377,367,7085.08,derived
2021-02-01,Walmart,69117885,10276,367,6726.15,derived
2021-03-01,Walmart,89649780,11346,366,7901.44,derived
2021-04-01,Walmart,95052810,10980,366,8656.9,derived
2021-05-01,Walmart,94555150,11346,366,8333.79,derived
2021-06-01,Walmart,92662502,10980,366,8439.21,derived
2021-07-01,Walmart,90510342,11346,366,7977.29,derived
2021-08-01,Walmart,88303178,11346,366,7782.76,derived
2021-09-01,Walmart,85764053,10980,366,7810.93,derived
2021-10-01,Walmart,94020180,11346,366,8286.64,derived
2021-11-01,Walmart,102424328,10980,366,9328.26,derived
2021-12-01,Walmart,122754114,11346,366,10819.15,derived
2022-01-01,Walmart,80372713,11346,366,7083.79,derived
2022-02-01,Walmart,73504300,10248,366,7172.55,derived
2022-03-01,Walmart,84674839,11346,366,7462.97,derived
2022-04-01,Walmart,91935319,10950,365,8395.92,derived
2022-05-01,Walmart,93814581,11315,365,8291.17,derived
2022-06-01,Walmart,93063221,10950,365,8498.92,derived
2022-07-01,Walmart,92798492,11315,365,8201.37,derived
2022-08-01,Walmart,91277851,11315,365,8066.98,derived
2022-09-01,Walmart,87354270,10950,365,7977.56,derived
2022-10-01,Walmart,93110626,11315,365,8228.96,derived
2022-11-01,Walmart,96530179,10920,364,8839.76,derived
2022-12-01,Walmart,111104032,11284,364,9846.16,derived
2023-01-01,Walmart,81370018,11284,364,7211.1,derived
2023-02-01,Walmart,75511703,10136,362,7449.85,derived
2023-03-01,Walmart,82444832,11191,361,7367.07,derived
2023-04-01,Walmart,90417512,10830,361,8348.8,derived
2023-05-01,Walmart,90662155,11191,361,8101.35,derived
2023-06-01,Walmart,89044103,10830,361,8221.99,derived
2023-07-01,Walmart,88701807,11191,361,7926.17,derived
2023-08-01,Walmart,86046203,11191,361,7688.88,derived
2023-09-01,Walmart,85465036,10830,361,7891.51,derived
2023-10-01,Walmart,89567771,11191,361,8003.55,derived
2023-11-01,Walmart,93436936,10830,361,8627.6,derived
2023-12-01,Walmart,109200887,11191,361,9757.92,derived
2024-01-01,Walmart,77852052,11160,360,6975.99,derived
2024-02-01,Walmart,78222956,10440,360,7492.62,derived
2024-03-01,Walmart,84169508,11160,360,7542.07,derived
2024-04-01,Walmart,85012474,10800,360,7871.53,derived
2024-05-01,Walmart,92133102,11160,360,8255.65,derived
2024-06-01,Walmart,89370119,10800,360,8275.01,derived
2024-07-01,Walmart,85633292,11160,360,7673.23,derived
2024-08-01,Walmart,86927842,11160,360,7789.23,derived
2024-09-01,Walmart,80585264,10800,360,7461.6,derived
2024-10-01,Walmart,86400056,11160,360,7741.94,derived
2024-11-01,Walmart,94441964,10800,360,8744.63,derived
2024-12-01,Walmart,107232354,11160,360,9608.63,derived
2020-01-01,Wendy's,37732699,16616,536,2270.87,derived
2020-02-01,Wendy's,38589764,15544,536,2482.61,derived
2020-03-01,Wendy's,23164379,16616,536,1394.1,derived
2020-04-01,Wendy's,5899705,16080,536,366.9,derived
2020-05-01,Wendy's,16322681,16616,536,982.35,derived
2020-06-01,Wendy's,26833231,16080,536,1668.73,derived
2020-07-01,Wendy's,27428822,16616,536,1650.75,derived
2020-08-01,Wendy's,26939815,16616,536,1621.32,derived
2020-09-01,Wendy's,27768227,16080,536,1726.88,derived
2020-10-01,Wendy's,30211371,16616,536,1818.21,derived
2020-11-01,Wendy's,27886358,16080,536,1734.23,derived
2020-12-01,Wendy's,26106370,16616,536,1571.16,derived
2021-01-01,Wendy's,24458364,16616,536,1471.98,derived
2021-02-01,Wendy's,21612614,15036,537,1437.39,derived
2021-03-01,Wendy's,31497342,16647,537,1892.07,derived
2021-04-01,Wendy's,33595571,16110,537,2085.39,derived
2021-05-01,Wendy's,34684656,16554,534,2095.24,derived
2021-06-01,Wendy's,38098630,16020,534,2378.19,derived
2021-07-01,Wendy's,38950060,16554,534,2352.91,derived
2021-08-01,Wendy's,36802862,16554,534,2223.2,derived
2021-09-01,Wendy's,34392959,16020,534,2146.88,derived
2021-10-01,Wendy's,36151794,16616,536,2175.72,derived
2021-11-01,Wendy's,35201353,16020,534,2197.34,derived
2021-12-01,Wendy's,36202039,16523,533,2191.01,derived
2022-01-01,Wendy's,32214482,16523,533,1949.68,derived
2022-02-01,Wendy's,30762894,14924,533,2061.3,derived
2022-03-01,Wendy's,35096585,16554,534,2120.13,derived
2022-04-01,Wendy's,36852023,16050,535,2296.08,derived
2022-05-01,Wendy's,37525083,16585,535,2262.59,derived
2022-06-01,Wendy's,38292835,16050,535,2385.85,derived
2022-07-01,Wendy's,40419530,16616,536,2432.57,derived
2022-08-01,Wendy's,37955775,16678,538,2275.8,derived
2022-09-01,Wendy's,35074958,16140,538,2173.17,derived
2022-10-01,Wendy's,36455211,16678,538,2185.83,derived
2022-11-01,Wendy's,34029278,16170,539,2104.47,derived
2022-12-01,Wendy's,36192269,16740,540,2162.02,derived
2023-01-01,Wendy's,33901432,16740,540,2025.18,derived
2023-02-01,Wendy's,32436275,15176,542,2137.34,derived
2023-03-01,Wendy's,35894758,16833,543,2132.4,derived
2023-04-01,Wendy's,37782673,16260,542,2323.66,derived
2023-05-01,Wendy's,38052312,16833,543,2260.58,derived
2023-06-01,Wendy's,37069808,16260,542,2279.82,derived
2023-07-01,Wendy's,39414820,16802,542,2345.84,derived
2023-08-01,Wendy's,35738388,16802,542,2127.03,derived
2023-09-01,Wendy's,35661385,16290,543,2189.16,derived
2023-10-01,Wendy's,34552536,16864,544,2048.89,derived
2023-11-01,Wendy's,33949743,16320,544,2080.25,derived
2023-12-01,Wendy's,35157150,16895,545,2080.92,derived
2024-01-01,Wendy's,31542356,16864,544,1870.4,derived
2024-02-01,Wendy's,32383350,15776,544,2052.7,derived
2024-03-01,Wendy's,36788351,16895,545,2177.47,derived
2024-04-01,Wendy's,36049832,16350,545,2204.88,derived
2024-05-01,Wendy's,38683871,16895,545,2289.66,derived
2024-06-01,Wendy's,37953323,16320,544,2325.57,derived
2024-07-01,Wendy's,37365624,16864,544,2215.7,derived
2024-08-01,Wendy's,36169199,16864,544,2144.76,derived
2024-09-01,Wendy's,33168817,16020,534,2070.46,derived
2024-10-01,Wendy's,35670794,16554,534,2154.81,derived
2024-11-01,Wendy's,35149879,16080,536,2185.94,derived
2024-12-01,Wendy's,35804185,16399,529,2183.32,derived
2020-01-01,Whataburger,10856541,5487,177,1978.59,derived
2020-02-01,Whataburger,10901902,5133,177,2123.89,derived
2020-03-01,Whataburger,6766070,5487,177,1233.11,derived
2020-04-01,Whataburger,2065131,5310,177,388.91,derived
2020-05-01,Whataburger,6165062,5487,177,1123.58,derived
2020-06-01,Whataburger,8681945,5310,177,1635.02,derived
2020-07-01,Whataburger,7830168,5487,177,1427.04,derived
2020-08-01,Whataburger,8252267,5487,177,1503.97,derived
2020-09-01,Whataburger,8701000,5310,177,1638.61,derived
2020-10-01,Whataburger,9898062,5487,177,1803.91,derived
2020-11-01,Whataburger,9380474,5310,177,1766.57,derived
2020-12-01,Whataburger,8692194,5487,177,1584.14,derived
2021-01-01,Whataburger,7630329,5487,177,1390.62,derived
2021-02-01,Whataburger,7607770,4956,177,1535.06,derived
2021-03-01,Whataburger,9796223,5487,177,1785.35,derived
2021-04-01,Whataburger,11311293,5310,177,2130.19,derived
2021-05-01,Whataburger,11579936,5487,177,2110.43,derived
2021-06-01,Whataburger,11610070,5310,177,2186.45,derived
2021-07-01,Whataburger,12125101,5487,177,2209.79,derived
2021-08-01,Whataburger,11348040,5487,177,2068.17,derived
2021-09-01,Whataburger,10934029,5310,177,2059.14,derived
2021-10-01,Whataburger,11366011,5487,177,2071.44,derived
2021-11-01,Whataburger,10936478,5310,177,2059.6,derived
2021-12-01,Whataburger,12389875,5487,177,2258.04,derived
2022-01-01,Whataburger,10085052,5487,177,1837.99,derived
2022-02-01,Whataburger,9357347,4956,177,1888.08,derived
2022-03-01,Whataburger,11363070,5487,177,2070.91,derived
2022-04-01,Whataburger,11841685,5310,177,2230.07,derived
2022-05-01,Whataburger,11958553,5487,177,2179.43,derived
2022-06-01,Whataburger,11824440,5310,177,2226.82,derived
2022-07-01,Whataburger,12281770,5487,177,2238.34,derived
2022-08-01,Whataburger,11417848,5487,177,2080.89,derived
2022-09-01,Whataburger,10902636,5310,177,2053.23,derived
2022-10-01,Whataburger,11188790,5487,177,2039.15,derived
2022-11-01,Whataburger,10242145,5310,177,1928.84,derived
2022-12-01,Whataburger,11189539,5487,177,2039.28,derived
2023-01-01,Whataburger,10213544,5487,177,1861.41,derived
2023-02-01,Whataburger,9713159,4956,177,1959.88,derived
2023-03-01,Whataburger,10945484,5487,177,1994.8,derived
2023-04-01,Whataburger,11469086,5310,177,2159.9,derived
2023-05-01,Whataburger,11579151,5487,177,2110.29,derived
2023-06-01,Whataburger,11610566,5310,177,2186.55,derived
2023-07-01,Whataburger,11904922,5487,177,2169.66,derived
2023-08-01,Whataburger,11230103,5487,177,2046.67,derived
2023-09-01,Whataburger,10693266,5310,177,2013.8,derived
2023-10-01,Whataburger,10800114,5487,177,1968.31,derived
2023-11-01,Whataburger,10190490,5340,178,1908.33,derived
2023-12-01,Whataburger,10787844,5549,179,1944.11,derived
2024-01-01,Whataburger,9538422,5580,180,1709.39,derived
2024-02-01,Whataburger,10059215,5220,180,1927.05,derived
2024-03-01,Whataburger,11442742,5642,182,2028.14,derived
2024-04-01,Whataburger,11157268,5520,184,2021.24,derived
2024-05-01,Whataburger,11492760,5735,185,2003.97,derived
2024-06-01,Whataburger,11273551,5580,186,2020.35,derived
2024-07-01,Whataburger,11734352,5766,186,2035.09,derived
2024-08-01,Whataburger,11543309,5797,187,1991.26,derived
2024-09-01,Whataburger,10349428,5610,187,1844.82,derived
2024-10-01,Whataburger,10837812,5859,189,1849.77,derived
2024-11-01,Whataburger,10835143,5760,192,1881.1,derived
2024-12-01,Whataburger,11331927,5952,192,1903.89,derived
2020-01-01,Whole Foods Market,12396962,2139,69,5795.68,derived
2020-02-01,Whole Foods Market,11796734,2001,69,5895.42,derived
2020-03-01,Whole Foods Market,9059857,2139,69,4235.56,derived
2020-04-01,Whole Foods Market,5390078,2100,70,2566.7,derived
2020-05-01,Whole Foods Market,5989459,2170,70,2760.12,derived
2020-06-01,Whole Foods Market,6900437,2100,70,3285.92,derived
2020-07-01,Whole Foods Market,7222429,2170,70,3328.31,derived
2020-08-01,Whole Foods Market,7009615,2170,70,3230.24,derived
2020-09-01,Whole Foods Market,7766123,2100,70,3698.15,derived
2020-10-01,Whole Foods Market,8292643,2170,70,3821.49,derived
2020-11-01,Whole Foods Market,8440924,2100,70,4019.49,derived
2020-12-01,Whole Foods Market,9108842,2170,70,4197.62,derived
2021-01-01,Whole Foods Market,7896712,2170,70,3639.04,derived
2021-02-01,Whole Foods Market,6360696,1960,70,3245.25,derived
2021-03-01,Whole Foods Market,8588595,2170,70,3957.88,derived
2021-04-01,Whole Foods Market,8713774,2100,70,4149.42,derived
2021-05-01,Whole Foods Market,9046921,2170,70,4169.09,derived
2021-06-01,Whole Foods Market,8773404,2100,70,4177.81,derived
2021-07-01,Whole Foods Market,9320835,2170,70,4295.32,derived
2021-08-01,Whole Foods Market,9087173,2170,70,4187.64,derived
2021-09-01,Whole Foods Market,9462285,2100,70,4505.85,derived
2021-10-01,Whole Foods Market,10304744,2201,71,4681.85,derived
2021-11-01,Whole Foods Market,10373717,2130,71,4870.29,derived
2021-12-01,Whole Foods Market,11013012,2201,71,5003.64,derived
2022-01-01,Whole Foods Market,9415405,2201,71,4277.79,derived
2022-02-01,Whole Foods Market,8642451,1988,71,4347.31,derived
2022-03-01,Whole Foods Market,9709679,2201,71,4411.49,derived
2022-04-01,Whole Foods Market,10014226,2130,71,4701.51,derived
2022-05-01,Whole Foods Market,10081193,2201,71,4580.28,derived
2022-06-01,Whole Foods Market,9964806,2130,71,4678.31,derived
2022-07-01,Whole Foods Market,10142967,2201,71,4608.34,derived
2022-08-01,Whole Foods Market,9491226,2201,71,4312.23,derived
2022-09-01,Whole Foods Market,9575028,2130,71,4495.32,derived
2022-10-01,Whole Foods Market,10039538,2201,71,4561.35,derived
2022-11-01,Whole Foods Market,10046801,2130,71,4716.81,derived
2022-12-01,Whole Foods Market,11145930,2201,71,5064.03,derived
2023-01-01,Whole Foods Market,9937178,2201,71,4514.85,derived
2023-02-01,Whole Foods Market,8876579,1988,71,4465.08,derived
2023-03-01,Whole Foods Market,9787095,2201,71,4446.66,derived
2023-04-01,Whole Foods Market,10121787,2130,71,4752.01,derived
2023-05-01,Whole Foods Market,9900550,2201,71,4498.21,derived
2023-06-01,Whole Foods Market,9763604,2130,71,4583.85,derived
2023-07-01,Whole Foods Market,10145233,2201,71,4609.37,derived
2023-08-01,Whole Foods Market,9525702,2201,71,4327.9,derived
2023-09-01,Whole Foods Market,9149487,2130,71,4295.53,derived
2023-10-01,Whole Foods Market,9619476,2201,71,4370.5,derived
2023-11-01,Whole Foods Market,9997227,2130,71,4693.53,derived
2023-12-01,Whole Foods Market,10739490,2201,71,4879.37,derived
2024-01-01,Whole Foods Market,8887540,2201,71,4037.96,derived
2024-02-01,Whole Foods Market,8412913,2059,71,4085.92,derived
2024-03-01,Whole Foods Market,9100419,2201,71,4134.67,derived
2024-04-01,Whole Foods Market,8827872,2130,71,4144.54,derived
2024-05-01,Whole Foods Market,9610566,2201,71,4366.45,derived
2024-06-01,Whole Foods Market,9975458,2130,71,4683.31,derived
2024-07-01,Whole Foods Market,9871358,2201,71,4484.94,derived
2024-08-01,Whole Foods Market,9684495,2201,71,4400.04,derived
2024-09-01,Whole Foods Market,9064884,2130,71,4255.81,derived
2024-10-01,Whole Foods Market,9477778,2201,71,4306.12,derived
2024-11-01,Whole Foods Market,9844278,2130,71,4621.73,derived
2024-12-01,Whole Foods Market,10719004,2201,71,4870.06,derived
