month,category,total_visits,record_count,unique_stores,mean_daily_visits,data_type
2020-01-01,"Accounting, Tax Preparation, Bookkeeping, and Payroll Services",1308638,46531,1501,28.12,derived
2020-02-01,"Accounting, Tax Preparation, Bookkeeping, and Payroll Services",1335978,43529,1501,30.69,derived
2020-03-01,"Accounting, Tax Preparation, Bookkeeping, and Payroll Services",791841,46531,1501,17.02,derived
2020-04-01,"Accounting, Tax Preparation, Bookkeeping, and Payroll Services",32725,45030,1501,0.73,derived
2020-05-01,"Accounting, Tax Preparation, Bookkeeping, and Payroll Services",619624,46531,1501,13.32,derived
2020-06-01,"Accounting, Tax Preparation, Bookkeeping, and Payroll Services",1119430,45030,1501,24.86,derived
2020-07-01,"Accounting, Tax Preparation, Bookkeeping, and Payroll Services",1193721,46531,1501,25.65,derived
2020-08-01,"Accounting, Tax Preparation, Bookkeeping, and Payroll Services",1155195,46624,1504,24.78,derived
2020-09-01,"Accounting, Tax Preparation, Bookkeeping, and Payroll Services",1081897,45030,1501,24.03,derived
2020-10-01,"Accounting, Tax Preparation, Bookkeeping, and Payroll Services",1014991,46500,1500,21.83,derived
2020-11-01,"Accounting, Tax Preparation, Bookkeeping, and Payroll Services",994699,45510,1517,21.86,derived
2020-12-01,"Accounting, Tax Preparation, Bookkeeping, and Payroll Services",1146085,46934,1514,24.42,derived
2021-01-01,"Accounting, Tax Preparation, Bookkeeping, and Payroll Services",763483,46624,1504,16.38,derived
2021-02-01,"Accounting, Tax Preparation, Bookkeeping, and Payroll Services",854953,42112,1504,20.3,derived
2021-03-01,"Accounting, Tax Preparation, Bookkeeping, and Payroll Services",1393900,46624,1504,29.9,derived
2021-04-01,"Accounting, Tax Preparation, Bookkeeping, and Payroll Services",1328709,45060,1502,29.49,derived
2021-05-01,"Accounting, Tax Preparation, Bookkeeping, and Payroll Services",1383137,46562,1502,29.71,derived
2021-06-01,"Accounting, Tax Preparation, Bookkeeping, and Payroll Services",1415912,45060,1502,31.42,derived
2021-07-01,"Accounting, Tax Preparation, Bookkeeping, and Payroll Services",1396027,46345,1495,30.12,derived
2021-08-01,"Accounting, Tax Preparation, Bookkeeping, and Payroll Services",1324952,46438,1498,28.53,derived
2021-09-01,"Accounting, Tax Preparation, Bookkeeping, and Payroll Services",1223459,45030,1501,27.17,derived
2021-10-01,"Accounting, Tax Preparation, Bookkeeping, and Payroll Services",1232576,46500,1500,26.51,derived
2021-11-01,"Accounting, Tax Preparation, Bookkeeping, and Payroll Services",1326710,44880,1496,29.56,derived
2021-12-01,"Accounting, Tax Preparation, Bookkeeping, and Payroll Services",1414692,46221,1491,30.61,derived
2022-01-01,"Accounting, Tax Preparation, Bookkeeping, and Payroll Services",963862,45911,1481,20.99,derived
2022-02-01,"Accounting, Tax Preparation, Bookkeeping, and Payroll Services",1056837,41412,1479,25.52,derived
2022-03-01,"Accounting, Tax Preparation, Bookkeeping, and Payroll Services",1366831,45849,1479,29.81,derived
2022-04-01,"Accounting, Tax Preparation, Bookkeeping, and Payroll Services",1344288,44370,1479,30.3,derived
2022-05-01,"Accounting, Tax Preparation, Bookkeeping, and Payroll Services",1344084,45787,1477,29.36,derived
2022-06-01,"Accounting, Tax Preparation, Bookkeeping, and Payroll Services",1372835,44160,1472,31.09,derived
2022-07-01,"Accounting, Tax Preparation, Bookkeeping, and Payroll Services",1314641,45539,1469,28.87,derived
2022-08-01,"Accounting, Tax Preparation, Bookkeeping, and Payroll Services",1354905,45477,1467,29.79,derived
2022-09-01,"Accounting, Tax Preparation, Bookkeeping, and Payroll Services",1215704,44070,1469,27.59,derived
2022-10-01,"Accounting, Tax Preparation, Bookkeeping, and Payroll Services",1199403,45260,1460,26.5,derived
2022-11-01,"Accounting, Tax Preparation, Bookkeeping, and Payroll Services",1233625,43920,1464,28.09,derived
2022-12-01,"Accounting, Tax Preparation, Bookkeeping, and Payroll Services",1385658,45384,1464,30.53,derived
2023-01-01,"Accounting, Tax Preparation, Bookkeeping, and Payroll Services",1058886,44981,1451,23.54,derived
2023-02-01,"Accounting, Tax Preparation, Bookkeeping, and Payroll Services",1139406,40544,1448,28.1,derived
2023-03-01,"Accounting, Tax Preparation, Bookkeeping, and Payroll Services",1293683,44857,1447,28.84,derived
2023-04-01,"Accounting, Tax Preparation, Bookkeeping, and Payroll Services",1260351,43410,1447,29.03,derived
2023-05-01,"Accounting, Tax Preparation, Bookkeeping, and Payroll Services",1305093,44702,1442,29.2,derived
2023-06-01,"Accounting, Tax Preparation, Bookkeeping, and Payroll Services",1301534,43200,1440,30.13,derived
2023-07-01,"Accounting, Tax Preparation, Bookkeeping, and Payroll Services",1279879,44516,1436,28.75,derived
2023-08-01,"Accounting, Tax Preparation, Bookkeeping, and Payroll Services",1285178,44485,1435,28.89,derived
2023-09-01,"Accounting, Tax Preparation, Bookkeeping, and Payroll Services",1146501,42960,1432,26.69,derived
2023-10-01,"Accounting, Tax Preparation, Bookkeeping, and Payroll Services",1121048,44237,1427,25.34,derived
2023-11-01,"Accounting, Tax Preparation, Bookkeeping, and Payroll Services",1196412,42600,1420,28.08,derived
2023-12-01,"Accounting, Tax Preparation, Bookkeeping, and Payroll Services",1324056,44020,1420,30.08,derived
2024-01-01,"Accounting, Tax Preparation, Bookkeeping, and Payroll Services",1032874,43927,1417,23.51,derived
2024-02-01,"Accounting, Tax Preparation, Bookkeeping, and Payroll Services",1096849,40919,1411,26.81,derived
2024-03-01,"Accounting, Tax Preparation, Bookkeeping, and Payroll Services",1249018,43741,1411,28.55,derived
2024-04-01,"Accounting, Tax Preparation, Bookkeeping, and Payroll Services",1217272,42300,1410,28.78,derived
2024-05-01,"Accounting, Tax Preparation, Bookkeeping, and Payroll Services",1274412,43586,1406,29.24,derived
2024-06-01,"Accounting, Tax Preparation, Bookkeeping, and Payroll Services",1234388,42090,1403,29.33,derived
2024-07-01,"Accounting, Tax Preparation, Bookkeeping, and Payroll Services",1251519,43400,1400,28.84,derived
2024-08-01,"Accounting, Tax Preparation, Bookkeeping, and Payroll Services",1258963,43369,1399,29.03,derived
2024-09-01,"Accounting, Tax Preparation, Bookkeeping, and Payroll Services",1043702,41910,1397,24.9,derived
2024-10-01,"Accounting, Tax Preparation, Bookkeeping, and Payroll Services",1081133,43121,1391,25.07,derived
2024-11-01,"Accounting, Tax Preparation, Bookkeeping, and Payroll Services",1169510,41760,1392,28.01,derived
2024-12-01,"Accounting, Tax Preparation, Bookkeeping, and Payroll Services",1301060,43059,1389,30.22,derived
2020-01-01,Activities Related to Credit Intermediation,457880,13516,436,33.88,derived
2020-02-01,Activities Related to Credit Intermediation,417486,12644,436,33.02,derived
2020-03-01,Activities Related to Credit Intermediation,262578,13516,436,19.43,derived
2020-04-01,Activities Related to Credit Intermediation,11569,13080,436,0.88,derived
2020-05-01,Activities Related to Credit Intermediation,207190,13516,436,15.33,derived
2020-06-01,Activities Related to Credit Intermediation,359237,13080,436,27.46,derived
2020-07-01,Activities Related to Credit Intermediation,365525,13516,436,27.04,derived
2020-08-01,Activities Related to Credit Intermediation,345676,13516,436,25.58,derived
2020-09-01,Activities Related to Credit Intermediation,352538,13050,435,27.01,derived
2020-10-01,Activities Related to Credit Intermediation,368362,13485,435,27.32,derived
2020-11-01,Activities Related to Credit Intermediation,382096,13050,435,29.28,derived
2020-12-01,Activities Related to Credit Intermediation,416979,13485,435,30.92,derived
2021-01-01,Activities Related to Credit Intermediation,296671,13485,435,22.0,derived
2021-02-01,Activities Related to Credit Intermediation,269570,12180,435,22.13,derived
2021-03-01,Activities Related to Credit Intermediation,402152,13485,435,29.82,derived
2021-04-01,Activities Related to Credit Intermediation,415940,13050,435,31.87,derived
2021-05-01,Activities Related to Credit Intermediation,411610,13485,435,30.52,derived
2021-06-01,Activities Related to Credit Intermediation,420934,13050,435,32.26,derived
2021-07-01,Activities Related to Credit Intermediation,438572,13485,435,32.52,derived
2021-08-01,Activities Related to Credit Intermediation,434187,13516,436,32.12,derived
2021-09-01,Activities Related to Credit Intermediation,412152,13050,435,31.58,derived
2021-10-01,Activities Related to Credit Intermediation,402777,13423,433,30.01,derived
2021-11-01,Activities Related to Credit Intermediation,435644,12990,433,33.54,derived
2021-12-01,Activities Related to Credit Intermediation,465817,13392,432,34.78,derived
2022-01-01,Activities Related to Credit Intermediation,360769,13361,431,27.0,derived
2022-02-01,Activities Related to Credit Intermediation,350796,12068,431,29.07,derived
2022-03-01,Activities Related to Credit Intermediation,427743,13361,431,32.01,derived
2022-04-01,Activities Related to Credit Intermediation,403083,12840,428,31.39,derived
2022-05-01,Activities Related to Credit Intermediation,407717,13113,423,31.09,derived
2022-06-01,Activities Related to Credit Intermediation,410478,12660,422,32.42,derived
2022-07-01,Activities Related to Credit Intermediation,402001,13051,421,30.8,derived
2022-08-01,Activities Related to Credit Intermediation,423759,13082,422,32.39,derived
2022-09-01,Activities Related to Credit Intermediation,395884,12630,421,31.34,derived
2022-10-01,Activities Related to Credit Intermediation,383336,13082,422,29.3,derived
2022-11-01,Activities Related to Credit Intermediation,409165,12630,421,32.4,derived
2022-12-01,Activities Related to Credit Intermediation,462919,13113,423,35.3,derived
2023-01-01,Activities Related to Credit Intermediation,364725,13082,422,27.88,derived
2023-02-01,Activities Related to Credit Intermediation,339155,11732,419,28.91,derived
2023-03-01,Activities Related to Credit Intermediation,402486,12896,416,31.21,derived
2023-04-01,Activities Related to Credit Intermediation,369762,12480,416,29.63,derived
2023-05-01,Activities Related to Credit Intermediation,412227,12896,416,31.97,derived
2023-06-01,Activities Related to Credit Intermediation,401185,12480,416,32.15,derived
2023-07-01,Activities Related to Credit Intermediation,397834,12834,414,31.0,derived
2023-08-01,Activities Related to Credit Intermediation,412469,12834,414,32.14,derived
2023-09-01,Activities Related to Credit Intermediation,370779,12420,414,29.85,derived
2023-10-01,Activities Related to Credit Intermediation,374941,12710,410,29.5,derived
2023-11-01,Activities Related to Credit Intermediation,393324,12270,409,32.06,derived
2023-12-01,Activities Related to Credit Intermediation,420001,12679,409,33.13,derived
2024-01-01,Activities Related to Credit Intermediation,357823,12617,407,28.36,derived
2024-02-01,Activities Related to Credit Intermediation,349945,11774,406,29.72,derived
2024-03-01,Activities Related to Credit Intermediation,365290,12493,403,29.24,derived
2024-04-01,Activities Related to Credit Intermediation,368085,12060,402,30.52,derived
2024-05-01,Activities Related to Credit Intermediation,386644,12400,400,31.18,derived
2024-06-01,Activities Related to Credit Intermediation,342818,11850,395,28.93,derived
2024-07-01,Activities Related to Credit Intermediation,383804,12276,396,31.26,derived
2024-08-01,Activities Related to Credit Intermediation,375922,12338,398,30.47,derived
2024-09-01,Activities Related to Credit Intermediation,338057,11970,399,28.24,derived
2024-10-01,Activities Related to Credit Intermediation,363119,12369,399,29.36,derived
2024-11-01,Activities Related to Credit Intermediation,367194,11910,397,30.83,derived
2024-12-01,Activities Related to Credit Intermediation,405807,12276,396,33.06,derived
2020-01-01,"Advertising, Public Relations, and Related Services",64370,1829,59,35.19,derived
2020-02-01,"Advertising, Public Relations, and Related Services",61076,1711,59,35.7,derived
2020-03-01,"Advertising, Public Relations, and Related Services",31008,1829,59,16.95,derived
2020-04-01,"Advertising, Public Relations, and Related Services",536,1770,59,0.3,derived
2020-05-01,"Advertising, Public Relations, and Related Services",27892,1829,59,15.25,derived
2020-06-01,"Advertising, Public Relations, and Related Services",49260,1770,59,27.83,derived
2020-07-01,"Advertising, Public Relations, and Related Services",47130,1829,59,25.77,derived
2020-08-01,"Advertising, Public Relations, and Related Services",46405,1829,59,25.37,derived
2020-09-01,"Advertising, Public Relations, and Related Services",47875,1770,59,27.05,derived
2020-10-01,"Advertising, Public Relations, and Related Services",50004,1829,59,27.34,derived
2020-11-01,"Advertising, Public Relations, and Related Services",51499,1770,59,29.1,derived
2020-12-01,"Advertising, Public Relations, and Related Services",59826,1829,59,32.71,derived
2021-01-01,"Advertising, Public Relations, and Related Services",40801,1829,59,22.31,derived
2021-02-01,"Advertising, Public Relations, and Related Services",35378,1624,58,21.78,derived
2021-03-01,"Advertising, Public Relations, and Related Services",52609,1798,58,29.26,derived
2021-04-01,"Advertising, Public Relations, and Related Services",54186,1740,58,31.14,derived
2021-05-01,"Advertising, Public Relations, and Related Services",54700,1798,58,30.42,derived
2021-06-01,"Advertising, Public Relations, and Related Services",53960,1710,57,31.56,derived
2021-07-01,"Advertising, Public Relations, and Related Services",57983,1767,57,32.81,derived
2021-08-01,"Advertising, Public Relations, and Related Services",54013,1767,57,30.57,derived
2021-09-01,"Advertising, Public Relations, and Related Services",51216,1710,57,29.95,derived
2021-10-01,"Advertising, Public Relations, and Related Services",51248,1736,56,29.52,derived
2021-11-01,"Advertising, Public Relations, and Related Services",56894,1710,57,33.27,derived
2021-12-01,"Advertising, Public Relations, and Related Services",69377,1767,57,39.26,derived
2022-01-01,"Advertising, Public Relations, and Related Services",47863,1767,57,27.09,derived
2022-02-01,"Advertising, Public Relations, and Related Services",46156,1596,57,28.92,derived
2022-03-01,"Advertising, Public Relations, and Related Services",55184,1767,57,31.23,derived
2022-04-01,"Advertising, Public Relations, and Related Services",53921,1710,57,31.53,derived
2022-05-01,"Advertising, Public Relations, and Related Services",53559,1767,57,30.31,derived
2022-06-01,"Advertising, Public Relations, and Related Services",55884,1740,58,32.12,derived
2022-07-01,"Advertising, Public Relations, and Related Services",57258,1798,58,31.85,derived
2022-08-01,"Advertising, Public Relations, and Related Services",59072,1798,58,32.85,derived
2022-09-01,"Advertising, Public Relations, and Related Services",53249,1770,59,30.08,derived
2022-10-01,"Advertising, Public Relations, and Related Services",53406,1829,59,29.2,derived
2022-11-01,"Advertising, Public Relations, and Related Services",56140,1770,59,31.72,derived
2022-12-01,"Advertising, Public Relations, and Related Services",69344,1829,59,37.91,derived
2023-01-01,"Advertising, Public Relations, and Related Services",51547,1829,59,28.18,derived
2023-02-01,"Advertising, Public Relations, and Related Services",48210,1652,59,29.18,derived
2023-03-01,"Advertising, Public Relations, and Related Services",55894,1829,59,30.56,derived
2023-04-01,"Advertising, Public Relations, and Related Services",54043,1830,61,29.53,derived
2023-05-01,"Advertising, Public Relations, and Related Services",58030,1891,61,30.69,derived
2023-06-01,"Advertising, Public Relations, and Related Services",58033,1830,61,31.71,derived
2023-07-01,"Advertising, Public Relations, and Related Services",60172,1922,62,31.31,derived
2023-08-01,"Advertising, Public Relations, and Related Services",60119,1922,62,31.28,derived
2023-09-01,"Advertising, Public Relations, and Related Services",55689,1890,63,29.47,derived
2023-10-01,"Advertising, Public Relations, and Related Services",54823,1953,63,28.07,derived
2023-11-01,"Advertising, Public Relations, and Related Services",59178,1890,63,31.31,derived
2023-12-01,"Advertising, Public Relations, and Related Services",68928,1984,64,34.74,derived
2024-01-01,"Advertising, Public Relations, and Related Services",55975,1922,62,29.12,derived
2024-02-01,"Advertising, Public Relations, and Related Services",52078,1798,62,28.96,derived
2024-03-01,"Advertising, Public Relations, and Related Services",56897,1922,62,29.6,derived
2024-04-01,"Advertising, Public Relations, and Related Services",56110,1860,62,30.17,derived
2024-05-01,"Advertising, Public Relations, and Related Services",60090,1922,62,31.26,derived
2024-06-01,"Advertising, Public Relations, and Related Services",56529,1860,62,30.39,derived
2024-07-01,"Advertising, Public Relations, and Related Services",60885,1922,62,31.68,derived
2024-08-01,"Advertising, Public Relations, and Related Services",60901,1922,62,31.69,derived
2024-09-01,"Advertising, Public Relations, and Related Services",52528,1860,62,28.24,derived
2024-10-01,"Advertising, Public Relations, and Related Services",55210,1891,61,29.2,derived
2024-11-01,"Advertising, Public Relations, and Related Services",59411,1830,61,32.47,derived
2024-12-01,"Advertising, Public Relations, and Related Services",70928,1922,62,36.9,derived
2020-01-01,"Agencies, Brokerages, and Other Insurance Related Activities",6918349,210614,6794,32.85,derived
2020-02-01,"Agencies, Brokerages, and Other Insurance Related Activities",6210689,197026,6794,31.52,derived
2020-03-01,"Agencies, Brokerages, and Other Insurance Related Activities",3851252,210614,6794,18.29,derived
2020-04-01,"Agencies, Brokerages, and Other Insurance Related Activities",152692,203820,6794,0.75,derived
2020-05-01,"Agencies, Brokerages, and Other Insurance Related Activities",2839550,210614,6794,13.48,derived
2020-06-01,"Agencies, Brokerages, and Other Insurance Related Activities",5552925,203820,6794,27.24,derived
2020-07-01,"Agencies, Brokerages, and Other Insurance Related Activities",5712132,210614,6794,27.12,derived
2020-08-01,"Agencies, Brokerages, and Other Insurance Related Activities",5318824,210614,6794,25.25,derived
2020-09-01,"Agencies, Brokerages, and Other Insurance Related Activities",5444609,203820,6794,26.71,derived
2020-10-01,"Agencies, Brokerages, and Other Insurance Related Activities",5589749,210614,6794,26.54,derived
2020-11-01,"Agencies, Brokerages, and Other Insurance Related Activities",5386464,203820,6794,26.43,derived
2020-12-01,"Agencies, Brokerages, and Other Insurance Related Activities",5879313,210614,6794,27.92,derived
2021-01-01,"Agencies, Brokerages, and Other Insurance Related Activities",4558076,210707,6797,21.63,derived
2021-02-01,"Agencies, Brokerages, and Other Insurance Related Activities",4069726,190316,6797,21.38,derived
2021-03-01,"Agencies, Brokerages, and Other Insurance Related Activities",6258718,210769,6799,29.69,derived
2021-04-01,"Agencies, Brokerages, and Other Insurance Related Activities",6416516,204030,6801,31.45,derived
2021-05-01,"Agencies, Brokerages, and Other Insurance Related Activities",6247369,211079,6809,29.6,derived
2021-06-01,"Agencies, Brokerages, and Other Insurance Related Activities",6603252,204540,6818,32.28,derived
2021-07-01,"Agencies, Brokerages, and Other Insurance Related Activities",6784463,211451,6821,32.09,derived
2021-08-01,"Agencies, Brokerages, and Other Insurance Related Activities",6546668,211544,6824,30.95,derived
2021-09-01,"Agencies, Brokerages, and Other Insurance Related Activities",6357578,204750,6825,31.05,derived
2021-10-01,"Agencies, Brokerages, and Other Insurance Related Activities",6219299,213187,6877,29.17,derived
2021-11-01,"Agencies, Brokerages, and Other Insurance Related Activities",6259941,206010,6867,30.39,derived
2021-12-01,"Agencies, Brokerages, and Other Insurance Related Activities",6925931,212970,6870,32.52,derived
2022-01-01,"Agencies, Brokerages, and Other Insurance Related Activities",5530608,212753,6863,26.0,derived
2022-02-01,"Agencies, Brokerages, and Other Insurance Related Activities",5584806,191744,6848,29.13,derived
2022-03-01,"Agencies, Brokerages, and Other Insurance Related Activities",6666383,212226,6846,31.41,derived
2022-04-01,"Agencies, Brokerages, and Other Insurance Related Activities",6341263,205380,6846,30.88,derived
2022-05-01,"Agencies, Brokerages, and Other Insurance Related Activities",6464485,211761,6831,30.53,derived
2022-06-01,"Agencies, Brokerages, and Other Insurance Related Activities",6464865,204900,6830,31.55,derived
2022-07-01,"Agencies, Brokerages, and Other Insurance Related Activities",6370979,211265,6815,30.16,derived
2022-08-01,"Agencies, Brokerages, and Other Insurance Related Activities",6890540,211172,6812,32.63,derived
2022-09-01,"Agencies, Brokerages, and Other Insurance Related Activities",6395603,204360,6812,31.3,derived
2022-10-01,"Agencies, Brokerages, and Other Insurance Related Activities",6156157,210986,6806,29.18,derived
2022-11-01,"Agencies, Brokerages, and Other Insurance Related Activities",6053422,203730,6791,29.71,derived
2022-12-01,"Agencies, Brokerages, and Other Insurance Related Activities",7014657,209777,6767,33.44,derived
2023-01-01,"Agencies, Brokerages, and Other Insurance Related Activities",5912573,209343,6753,28.24,derived
2023-02-01,"Agencies, Brokerages, and Other Insurance Related Activities",5628267,188776,6742,29.81,derived
2023-03-01,"Agencies, Brokerages, and Other Insurance Related Activities",6496068,208661,6731,31.13,derived
2023-04-01,"Agencies, Brokerages, and Other Insurance Related Activities",5801862,201420,6714,28.8,derived
2023-05-01,"Agencies, Brokerages, and Other Insurance Related Activities",6600755,207607,6697,31.79,derived
2023-06-01,"Agencies, Brokerages, and Other Insurance Related Activities",6462664,200520,6684,32.23,derived
2023-07-01,"Agencies, Brokerages, and Other Insurance Related Activities",6255917,206398,6658,30.31,derived
2023-08-01,"Agencies, Brokerages, and Other Insurance Related Activities",6631298,205964,6644,32.2,derived
2023-09-01,"Agencies, Brokerages, and Other Insurance Related Activities",5953802,198750,6625,29.96,derived
2023-10-01,"Agencies, Brokerages, and Other Insurance Related Activities",6110514,204507,6597,29.88,derived
2023-11-01,"Agencies, Brokerages, and Other Insurance Related Activities",5892364,197100,6570,29.9,derived
2023-12-01,"Agencies, Brokerages, and Other Insurance Related Activities",6365952,203050,6550,31.35,derived
2024-01-01,"Agencies, Brokerages, and Other Insurance Related Activities",5825059,202027,6517,28.83,derived
2024-02-01,"Agencies, Brokerages, and Other Insurance Related Activities",5785121,188210,6490,30.74,derived
2024-03-01,"Agencies, Brokerages, and Other Insurance Related Activities",5908627,200136,6456,29.52,derived
2024-04-01,"Agencies, Brokerages, and Other Insurance Related Activities",5930009,192780,6426,30.76,derived
2024-05-01,"Agencies, Brokerages, and Other Insurance Related Activities",6369637,199020,6420,32.01,derived
2024-06-01,"Agencies, Brokerages, and Other Insurance Related Activities",5752438,192150,6405,29.94,derived
2024-07-01,"Agencies, Brokerages, and Other Insurance Related Activities",6476245,198028,6388,32.7,derived
2024-08-01,"Agencies, Brokerages, and Other Insurance Related Activities",6272506,197253,6363,31.8,derived
2024-09-01,"Agencies, Brokerages, and Other Insurance Related Activities",5690331,190770,6359,29.83,derived
2024-10-01,"Agencies, Brokerages, and Other Insurance Related Activities",6096353,196633,6343,31.0,derived
2024-11-01,"Agencies, Brokerages, and Other Insurance Related Activities",5512153,189300,6310,29.12,derived
2024-12-01,"Agencies, Brokerages, and Other Insurance Related Activities",6386004,195083,6293,32.73,derived
2020-01-01,Amusement Parks and Arcades,787328,1302,42,604.71,derived
2020-02-01,Amusement Parks and Arcades,771781,1218,42,633.65,derived
2020-03-01,Amusement Parks and Arcades,421748,1302,42,323.92,derived
2020-04-01,Amusement Parks and Arcades,282,1260,42,0.22,derived
2020-05-01,Amusement Parks and Arcades,351989,1302,42,270.34,derived
2020-06-01,Amusement Parks and Arcades,594940,1260,42,472.17,derived
2020-07-01,Amusement Parks and Arcades,601690,1302,42,462.13,derived
2020-08-01,Amusement Parks and Arcades,672209,1302,42,516.29,derived
2020-09-01,Amusement Parks and Arcades,633244,1260,42,502.57,derived
2020-10-01,Amusement Parks and Arcades,707747,1302,42,543.58,derived
2020-11-01,Amusement Parks and Arcades,698869,1260,42,554.66,derived
2020-12-01,Amusement Parks and Arcades,674359,1333,43,505.9,derived
2021-01-01,Amusement Parks and Arcades,592645,1333,43,444.59,derived
2021-02-01,Amusement Parks and Arcades,506818,1204,43,420.95,derived
2021-03-01,Amusement Parks and Arcades,703439,1333,43,527.71,derived
2021-04-01,Amusement Parks and Arcades,704421,1200,40,587.02,derived
2021-05-01,Amusement Parks and Arcades,784104,1178,38,665.62,derived
2021-06-01,Amusement Parks and Arcades,746157,1080,36,690.89,derived
2021-07-01,Amusement Parks and Arcades,837510,1116,36,750.46,derived
2021-08-01,Amusement Parks and Arcades,748667,1116,36,670.85,derived
2021-09-01,Amusement Parks and Arcades,663703,1050,35,632.1,derived
2021-10-01,Amusement Parks and Arcades,741609,1085,35,683.51,derived
2021-11-01,Amusement Parks and Arcades,714736,1050,35,680.7,derived
2021-12-01,Amusement Parks and Arcades,761039,1085,35,701.42,derived
2022-01-01,Amusement Parks and Arcades,585547,1085,35,539.67,derived
2022-02-01,Amusement Parks and Arcades,570776,980,35,582.42,derived
2022-03-01,Amusement Parks and Arcades,670945,1054,34,636.57,derived
2022-04-01,Amusement Parks and Arcades,697945,1020,34,684.26,derived
2022-05-01,Amusement Parks and Arcades,699044,1054,34,663.23,derived
2022-06-01,Amusement Parks and Arcades,732992,990,33,740.4,derived
2022-07-01,Amusement Parks and Arcades,825130,1023,33,806.58,derived
2022-08-01,Amusement Parks and Arcades,779853,1023,33,762.32,derived
2022-09-01,Amusement Parks and Arcades,666353,990,33,673.08,derived
2022-10-01,Amusement Parks and Arcades,701167,1023,33,685.4,derived
2022-11-01,Amusement Parks and Arcades,695932,990,33,702.96,derived
2022-12-01,Amusement Parks and Arcades,755573,1023,33,738.59,derived
2023-01-01,Amusement Parks and Arcades,601801,992,32,606.65,derived
2023-02-01,Amusement Parks and Arcades,579809,896,32,647.11,derived
2023-03-01,Amusement Parks and Arcades,653435,992,32,658.7,derived
2023-04-01,Amusement Parks and Arcades,682850,960,32,711.3,derived
2023-05-01,Amusement Parks and Arcades,671078,992,32,676.49,derived
2023-06-01,Amusement Parks and Arcades,726879,960,32,757.17,derived
2023-07-01,Amusement Parks and Arcades,812326,992,32,818.88,derived
2023-08-01,Amusement Parks and Arcades,737707,992,32,743.66,derived
2023-09-01,Amusement Parks and Arcades,669047,960,32,696.92,derived
2023-10-01,Amusement Parks and Arcades,664986,992,32,670.35,derived
2023-11-01,Amusement Parks and Arcades,699108,990,33,706.17,derived
2023-12-01,Amusement Parks and Arcades,836202,1023,33,817.4,derived
2024-01-01,Amusement Parks and Arcades,573845,1023,33,560.94,derived
2024-02-01,Amusement Parks and Arcades,608811,957,33,636.17,derived
2024-03-01,Amusement Parks and Arcades,727139,1023,33,710.79,derived
2024-04-01,Amusement Parks and Arcades,621490,990,33,627.77,derived
2024-05-01,Amusement Parks and Arcades,695524,1054,34,659.89,derived
2024-06-01,Amusement Parks and Arcades,729625,1020,34,715.32,derived
2024-07-01,Amusement Parks and Arcades,702347,1054,34,666.36,derived
2024-08-01,Amusement Parks and Arcades,734886,1054,34,697.24,derived
2024-09-01,Amusement Parks and Arcades,601690,1020,34,589.89,derived
2024-10-01,Amusement Parks and Arcades,636964,1054,34,604.33,derived
2024-11-01,Amusement Parks and Arcades,709114,1080,36,656.59,derived
2024-12-01,Amusement Parks and Arcades,789668,1116,36,707.59,derived
2020-01-01,Animal Food Manufacturing,3176,31,1,102.45,derived
2020-02-01,Animal Food Manufacturing,3213,29,1,110.79,derived
2020-03-01,Animal Food Manufacturing,1819,31,1,58.68,derived
2020-04-01,Animal Food Manufacturing,0,30,1,0.0,derived
2020-05-01,Animal Food Manufacturing,0,31,1,0.0,derived
2020-06-01,Animal Food Manufacturing,1426,30,1,47.53,derived
2020-07-01,Animal Food Manufacturing,2586,31,1,83.42,derived
2020-08-01,Animal Food Manufacturing,2579,31,1,83.19,derived
2020-09-01,Animal Food Manufacturing,2497,30,1,83.23,derived
2020-10-01,Animal Food Manufacturing,2614,31,1,84.32,derived
2020-11-01,Animal Food Manufacturing,2612,30,1,87.07,derived
2020-12-01,Animal Food Manufacturing,2783,31,1,89.77,derived
2021-01-01,Animal Food Manufacturing,2710,31,1,87.42,derived
2021-02-01,Animal Food Manufacturing,2561,28,1,91.46,derived
2021-03-01,Animal Food Manufacturing,3034,31,1,97.87,derived
2021-04-01,Animal Food Manufacturing,2829,30,1,94.3,derived
2021-05-01,Animal Food Manufacturing,3163,31,1,102.03,derived
2021-06-01,Animal Food Manufacturing,3145,30,1,104.83,derived
2021-07-01,Animal Food Manufacturing,3273,31,1,105.58,derived
2021-08-01,Animal Food Manufacturing,3326,31,1,107.29,derived
2021-09-01,Animal Food Manufacturing,3017,30,1,100.57,derived
2021-10-01,Animal Food Manufacturing,3003,31,1,96.87,derived
2021-11-01,Animal Food Manufacturing,3054,30,1,101.8,derived
2021-12-01,Animal Food Manufacturing,3024,31,1,97.55,derived
2022-01-01,Animal Food Manufacturing,2495,31,1,80.48,derived
2022-02-01,Animal Food Manufacturing,2394,28,1,85.5,derived
2022-03-01,Animal Food Manufacturing,2906,31,1,93.74,derived
2022-04-01,Animal Food Manufacturing,2943,30,1,98.1,derived
2022-05-01,Animal Food Manufacturing,3162,31,1,102.0,derived
2022-06-01,Animal Food Manufacturing,3237,30,1,107.9,derived
2022-07-01,Animal Food Manufacturing,3317,31,1,107.0,derived
2022-08-01,Animal Food Manufacturing,3327,31,1,107.32,derived
2022-09-01,Animal Food Manufacturing,2992,30,1,99.73,derived
2022-10-01,Animal Food Manufacturing,3036,31,1,97.94,derived
2022-11-01,Animal Food Manufacturing,3051,30,1,101.7,derived
2022-12-01,Animal Food Manufacturing,3080,31,1,99.35,derived
2023-01-01,Animal Food Manufacturing,2658,31,1,85.74,derived
2023-02-01,Animal Food Manufacturing,2494,28,1,89.07,derived
2023-03-01,Animal Food Manufacturing,2919,31,1,94.16,derived
2023-04-01,Animal Food Manufacturing,2881,30,1,96.03,derived
2023-05-01,Animal Food Manufacturing,3162,31,1,102.0,derived
2023-06-01,Animal Food Manufacturing,3114,30,1,103.8,derived
2023-07-01,Animal Food Manufacturing,3113,31,1,100.42,derived
2023-08-01,Animal Food Manufacturing,3125,31,1,100.81,derived
2023-09-01,Animal Food Manufacturing,2895,30,1,96.5,derived
2023-10-01,Animal Food Manufacturing,2887,31,1,93.13,derived
2023-11-01,Animal Food Manufacturing,3003,30,1,100.1,derived
2023-12-01,Animal Food Manufacturing,3131,31,1,101.0,derived
2024-01-01,Animal Food Manufacturing,2655,31,1,85.65,derived
2024-02-01,Animal Food Manufacturing,2381,29,1,82.1,derived
2024-03-01,Animal Food Manufacturing,2796,31,1,90.19,derived
2024-04-01,Animal Food Manufacturing,2642,30,1,88.07,derived
2024-05-01,Animal Food Manufacturing,2992,31,1,96.52,derived
2024-06-01,Animal Food Manufacturing,3159,30,1,105.3,derived
2024-07-01,Animal Food Manufacturing,3121,31,1,100.68,derived
2024-08-01,Animal Food Manufacturing,3164,31,1,102.06,derived
2024-09-01,Animal Food Manufacturing,2780,30,1,92.67,derived
2024-10-01,Animal Food Manufacturing,2821,31,1,91.0,derived
2024-11-01,Animal Food Manufacturing,3020,30,1,100.67,derived
2024-12-01,Animal Food Manufacturing,3108,31,1,100.26,derived
2020-01-01,Apparel Accessories and Other Apparel Manufacturing,22294,1054,34,21.15,derived
2020-02-01,Apparel Accessories and Other Apparel Manufacturing,19880,986,34,20.16,derived
2020-03-01,Apparel Accessories and Other Apparel Manufacturing,11933,1054,34,11.32,derived
2020-04-01,Apparel Accessories and Other Apparel Manufacturing,483,1020,34,0.47,derived
2020-05-01,Apparel Accessories and Other Apparel Manufacturing,8600,1054,34,8.16,derived
2020-06-01,Apparel Accessories and Other Apparel Manufacturing,14969,1020,34,14.68,derived
2020-07-01,Apparel Accessories and Other Apparel Manufacturing,15043,1054,34,14.27,derived
2020-08-01,Apparel Accessories and Other Apparel Manufacturing,14135,1054,34,13.41,derived
2020-09-01,Apparel Accessories and Other Apparel Manufacturing,14859,1020,34,14.57,derived
2020-10-01,Apparel Accessories and Other Apparel Manufacturing,15241,1054,34,14.46,derived
2020-11-01,Apparel Accessories and Other Apparel Manufacturing,17133,1050,35,16.32,derived
2020-12-01,Apparel Accessories and Other Apparel Manufacturing,18987,1085,35,17.5,derived
2021-01-01,Apparel Accessories and Other Apparel Manufacturing,13132,1085,35,12.1,derived
2021-02-01,Apparel Accessories and Other Apparel Manufacturing,11396,980,35,11.63,derived
2021-03-01,Apparel Accessories and Other Apparel Manufacturing,18141,1085,35,16.72,derived
2021-04-01,Apparel Accessories and Other Apparel Manufacturing,19148,1050,35,18.24,derived
2021-05-01,Apparel Accessories and Other Apparel Manufacturing,18776,1085,35,17.31,derived
2021-06-01,Apparel Accessories and Other Apparel Manufacturing,19282,1050,35,18.36,derived
2021-07-01,Apparel Accessories and Other Apparel Manufacturing,19661,1085,35,18.12,derived
2021-08-01,Apparel Accessories and Other Apparel Manufacturing,18187,1054,34,17.26,derived
2021-09-01,Apparel Accessories and Other Apparel Manufacturing,18006,1020,34,17.65,derived
2021-10-01,Apparel Accessories and Other Apparel Manufacturing,17370,1054,34,16.48,derived
2021-11-01,Apparel Accessories and Other Apparel Manufacturing,19372,1020,34,18.99,derived
2021-12-01,Apparel Accessories and Other Apparel Manufacturing,21940,1054,34,20.82,derived
2022-01-01,Apparel Accessories and Other Apparel Manufacturing,15918,1023,33,15.56,derived
2022-02-01,Apparel Accessories and Other Apparel Manufacturing,15469,924,33,16.74,derived
2022-03-01,Apparel Accessories and Other Apparel Manufacturing,18990,1023,33,18.56,derived
2022-04-01,Apparel Accessories and Other Apparel Manufacturing,18713,1020,34,18.35,derived
2022-05-01,Apparel Accessories and Other Apparel Manufacturing,19305,1054,34,18.32,derived
2022-06-01,Apparel Accessories and Other Apparel Manufacturing,19298,1020,34,18.92,derived
2022-07-01,Apparel Accessories and Other Apparel Manufacturing,18528,1054,34,17.58,derived
2022-08-01,Apparel Accessories and Other Apparel Manufacturing,19905,1054,34,18.89,derived
2022-09-01,Apparel Accessories and Other Apparel Manufacturing,18567,1020,34,18.2,derived
2022-10-01,Apparel Accessories and Other Apparel Manufacturing,17702,1054,34,16.8,derived
2022-11-01,Apparel Accessories and Other Apparel Manufacturing,19865,1050,35,18.92,derived
2022-12-01,Apparel Accessories and Other Apparel Manufacturing,22663,1085,35,20.89,derived
2023-01-01,Apparel Accessories and Other Apparel Manufacturing,18108,1085,35,16.69,derived
2023-02-01,Apparel Accessories and Other Apparel Manufacturing,16537,952,34,17.37,derived
2023-03-01,Apparel Accessories and Other Apparel Manufacturing,19781,1054,34,18.77,derived
2023-04-01,Apparel Accessories and Other Apparel Manufacturing,17745,1020,34,17.4,derived
2023-05-01,Apparel Accessories and Other Apparel Manufacturing,19974,1054,34,18.95,derived
2023-06-01,Apparel Accessories and Other Apparel Manufacturing,19281,1020,34,18.9,derived
2023-07-01,Apparel Accessories and Other Apparel Manufacturing,18750,1054,34,17.79,derived
2023-08-01,Apparel Accessories and Other Apparel Manufacturing,20087,1085,35,18.51,derived
2023-09-01,Apparel Accessories and Other Apparel Manufacturing,19241,1080,36,17.82,derived
2023-10-01,Apparel Accessories and Other Apparel Manufacturing,18803,1085,35,17.33,derived
2023-11-01,Apparel Accessories and Other Apparel Manufacturing,19854,1050,35,18.91,derived
2023-12-01,Apparel Accessories and Other Apparel Manufacturing,21437,1085,35,19.76,derived
2024-01-01,Apparel Accessories and Other Apparel Manufacturing,18690,1085,35,17.23,derived
2024-02-01,Apparel Accessories and Other Apparel Manufacturing,17811,1015,35,17.55,derived
2024-03-01,Apparel Accessories and Other Apparel Manufacturing,18627,1085,35,17.17,derived
2024-04-01,Apparel Accessories and Other Apparel Manufacturing,18241,1020,34,17.88,derived
2024-05-01,Apparel Accessories and Other Apparel Manufacturing,19631,1085,35,18.09,derived
2024-06-01,Apparel Accessories and Other Apparel Manufacturing,17820,1050,35,16.97,derived
2024-07-01,Apparel Accessories and Other Apparel Manufacturing,19387,1085,35,17.87,derived
2024-08-01,Apparel Accessories and Other Apparel Manufacturing,18129,1023,33,17.72,derived
2024-09-01,Apparel Accessories and Other Apparel Manufacturing,16185,990,33,16.35,derived
2024-10-01,Apparel Accessories and Other Apparel Manufacturing,17348,1023,33,16.96,derived
2024-11-01,Apparel Accessories and Other Apparel Manufacturing,18262,990,33,18.45,derived
2024-12-01,Apparel Accessories and Other Apparel Manufacturing,20749,1023,33,20.28,derived
2020-01-01,Automobile Dealers,5171576,37696,1216,137.19,derived
2020-02-01,Automobile Dealers,5713722,35264,1216,162.03,derived
2020-03-01,Automobile Dealers,2535938,37696,1216,67.27,derived
2020-04-01,Automobile Dealers,10571,36480,1216,0.29,derived
2020-05-01,Automobile Dealers,355753,37696,1216,9.44,derived
2020-06-01,Automobile Dealers,1970857,36390,1213,54.16,derived
2020-07-01,Automobile Dealers,2802676,37572,1212,74.59,derived
2020-08-01,Automobile Dealers,2361515,37541,1211,62.9,derived
2020-09-01,Automobile Dealers,2326943,36450,1215,63.84,derived
2020-10-01,Automobile Dealers,2991123,37696,1216,79.35,derived
2020-11-01,Automobile Dealers,2922958,36480,1216,80.12,derived
2020-12-01,Automobile Dealers,2651744,37665,1215,70.4,derived
2021-01-01,Automobile Dealers,2183385,37665,1215,57.97,derived
2021-02-01,Automobile Dealers,2209400,34020,1215,64.94,derived
2021-03-01,Automobile Dealers,2888478,37882,1222,76.25,derived
2021-04-01,Automobile Dealers,2931744,36720,1224,79.84,derived
2021-05-01,Automobile Dealers,4188175,37975,1225,110.29,derived
2021-06-01,Automobile Dealers,3157768,36780,1226,85.86,derived
2021-07-01,Automobile Dealers,3995795,38037,1227,105.05,derived
2021-08-01,Automobile Dealers,4201788,38161,1231,110.11,derived
2021-09-01,Automobile Dealers,2796505,36900,1230,75.79,derived
2021-10-01,Automobile Dealers,3292761,38254,1234,86.08,derived
2021-11-01,Automobile Dealers,4205076,37050,1235,113.5,derived
2021-12-01,Automobile Dealers,2674239,38285,1235,69.85,derived
2022-01-01,Automobile Dealers,2274284,38254,1234,59.45,derived
2022-02-01,Automobile Dealers,3400764,34552,1234,98.42,derived
2022-03-01,Automobile Dealers,3798321,38223,1233,99.37,derived
2022-04-01,Automobile Dealers,3281010,37170,1239,88.27,derived
2022-05-01,Automobile Dealers,3573514,38440,1240,92.96,derived
2022-06-01,Automobile Dealers,2008074,37200,1240,53.98,derived
2022-07-01,Automobile Dealers,2656083,38533,1243,68.93,derived
2022-08-01,Automobile Dealers,2964496,38595,1245,76.81,derived
2022-09-01,Automobile Dealers,2661932,37260,1242,71.44,derived
2022-10-01,Automobile Dealers,2970218,38533,1243,77.08,derived
2022-11-01,Automobile Dealers,3272031,37320,1244,87.68,derived
2022-12-01,Automobile Dealers,3672783,38564,1244,95.24,derived
2023-01-01,Automobile Dealers,3546197,38502,1242,92.1,derived
2023-02-01,Automobile Dealers,3399635,34664,1238,98.07,derived
2023-03-01,Automobile Dealers,3460394,38533,1243,89.8,derived
2023-04-01,Automobile Dealers,3836083,37260,1242,102.95,derived
2023-05-01,Automobile Dealers,3997137,38595,1245,103.57,derived
2023-06-01,Automobile Dealers,4738938,37320,1244,126.98,derived
2023-07-01,Automobile Dealers,4884913,38533,1243,126.77,derived
2023-08-01,Automobile Dealers,4587209,38657,1247,118.66,derived
2023-09-01,Automobile Dealers,4723006,37530,1251,125.85,derived
2023-10-01,Automobile Dealers,4436856,38750,1250,114.5,derived
2023-11-01,Automobile Dealers,4957882,37470,1249,132.32,derived
2023-12-01,Automobile Dealers,6300376,38843,1253,162.2,derived
2024-01-01,Automobile Dealers,3801548,38874,1254,97.79,derived
2024-02-01,Automobile Dealers,4391157,36482,1258,120.37,derived
2024-03-01,Automobile Dealers,5704640,38874,1254,146.75,derived
2024-04-01,Automobile Dealers,4902875,37560,1252,130.53,derived
2024-05-01,Automobile Dealers,6020801,38781,1251,155.25,derived
2024-06-01,Automobile Dealers,5073740,37530,1251,135.19,derived
2024-07-01,Automobile Dealers,5280577,38812,1252,136.06,derived
2024-08-01,Automobile Dealers,5697072,38781,1251,146.9,derived
2024-09-01,Automobile Dealers,4200644,37530,1251,111.93,derived
2024-10-01,Automobile Dealers,3979385,38905,1255,102.28,derived
2024-11-01,Automobile Dealers,5664932,37740,1258,150.1,derived
2024-12-01,Automobile Dealers,5863078,38998,1258,150.34,derived
2020-01-01,Automotive Equipment Rental and Leasing,3560830,67022,2162,53.13,derived
2020-02-01,Automotive Equipment Rental and Leasing,3392936,62669,2161,54.14,derived
2020-03-01,Automotive Equipment Rental and Leasing,1985608,66991,2161,29.64,derived
2020-04-01,Automotive Equipment Rental and Leasing,55874,64950,2165,0.86,derived
2020-05-01,Automotive Equipment Rental and Leasing,1480021,67704,2184,21.86,derived
2020-06-01,Automotive Equipment Rental and Leasing,2819406,65400,2180,43.11,derived
2020-07-01,Automotive Equipment Rental and Leasing,2931811,67239,2169,43.6,derived
2020-08-01,Automotive Equipment Rental and Leasing,2872696,66898,2158,42.94,derived
2020-09-01,Automotive Equipment Rental and Leasing,2268145,51510,1717,44.03,derived
2020-10-01,Automotive Equipment Rental and Leasing,2412574,53010,1710,45.51,derived
2020-11-01,Automotive Equipment Rental and Leasing,2326989,51240,1708,45.41,derived
2020-12-01,Automotive Equipment Rental and Leasing,2406086,52855,1705,45.52,derived
2021-01-01,Automotive Equipment Rental and Leasing,1801033,52142,1682,34.54,derived
2021-02-01,Automotive Equipment Rental and Leasing,1657353,47124,1683,35.17,derived
2021-03-01,Automotive Equipment Rental and Leasing,2556254,52173,1683,49.0,derived
2021-04-01,Automotive Equipment Rental and Leasing,2618325,50550,1685,51.8,derived
2021-05-01,Automotive Equipment Rental and Leasing,2618098,51925,1675,50.42,derived
2021-06-01,Automotive Equipment Rental and Leasing,2700677,50190,1673,53.81,derived
2021-07-01,Automotive Equipment Rental and Leasing,2853637,51863,1673,55.02,derived
2021-08-01,Automotive Equipment Rental and Leasing,2779679,51739,1669,53.73,derived
2021-09-01,Automotive Equipment Rental and Leasing,2560828,50190,1673,51.02,derived
2021-10-01,Automotive Equipment Rental and Leasing,2602514,51739,1669,50.3,derived
2021-11-01,Automotive Equipment Rental and Leasing,2588195,50130,1671,51.63,derived
2021-12-01,Automotive Equipment Rental and Leasing,2794911,51584,1664,54.18,derived
2022-01-01,Automotive Equipment Rental and Leasing,2237410,51398,1658,43.53,derived
2022-02-01,Automotive Equipment Rental and Leasing,2192970,46256,1652,47.41,derived
2022-03-01,Automotive Equipment Rental and Leasing,2662394,51212,1652,51.99,derived
2022-04-01,Automotive Equipment Rental and Leasing,2578509,49500,1650,52.09,derived
2022-05-01,Automotive Equipment Rental and Leasing,2674500,51274,1654,52.16,derived
2022-06-01,Automotive Equipment Rental and Leasing,2718151,49650,1655,54.75,derived
2022-07-01,Automotive Equipment Rental and Leasing,2701904,51243,1653,52.73,derived
2022-08-01,Automotive Equipment Rental and Leasing,2815851,51305,1655,54.88,derived
2022-09-01,Automotive Equipment Rental and Leasing,2551939,49680,1656,51.37,derived
2022-10-01,Automotive Equipment Rental and Leasing,2581054,51398,1658,50.22,derived
2022-11-01,Automotive Equipment Rental and Leasing,2524401,49800,1660,50.69,derived
2022-12-01,Automotive Equipment Rental and Leasing,2904008,51708,1668,56.16,derived
2023-01-01,Automotive Equipment Rental and Leasing,2365325,51832,1672,45.63,derived
2023-02-01,Automotive Equipment Rental and Leasing,2236185,46760,1670,47.82,derived
2023-03-01,Automotive Equipment Rental and Leasing,2656149,51770,1670,51.31,derived
2023-04-01,Automotive Equipment Rental and Leasing,2511975,50100,1670,50.14,derived
2023-05-01,Automotive Equipment Rental and Leasing,2732830,51677,1667,52.88,derived
2023-06-01,Automotive Equipment Rental and Leasing,2723911,50160,1672,54.3,derived
2023-07-01,Automotive Equipment Rental and Leasing,2690310,51801,1671,51.94,derived
2023-08-01,Automotive Equipment Rental and Leasing,2789475,51832,1672,53.82,derived
2023-09-01,Automotive Equipment Rental and Leasing,2545546,50370,1679,50.54,derived
2023-10-01,Automotive Equipment Rental and Leasing,2607478,52080,1680,50.07,derived
2023-11-01,Automotive Equipment Rental and Leasing,2527841,50280,1676,50.28,derived
2023-12-01,Automotive Equipment Rental and Leasing,2794075,52018,1678,53.71,derived
2024-01-01,Automotive Equipment Rental and Leasing,2380617,52018,1678,45.77,derived
2024-02-01,Automotive Equipment Rental and Leasing,2351460,48575,1675,48.41,derived
2024-03-01,Automotive Equipment Rental and Leasing,2633019,51646,1666,50.98,derived
2024-04-01,Automotive Equipment Rental and Leasing,2532247,50160,1672,50.48,derived
2024-05-01,Automotive Equipment Rental and Leasing,2730985,51832,1672,52.69,derived
2024-06-01,Automotive Equipment Rental and Leasing,2593143,50460,1682,51.39,derived
2024-07-01,Automotive Equipment Rental and Leasing,2784512,53196,1716,52.34,derived
2024-08-01,Automotive Equipment Rental and Leasing,2834216,53351,1721,53.12,derived
2024-09-01,Automotive Equipment Rental and Leasing,2424908,51390,1713,47.19,derived
2024-10-01,Automotive Equipment Rental and Leasing,2641627,53382,1722,49.49,derived
2024-11-01,Automotive Equipment Rental and Leasing,2604820,51630,1721,50.45,derived
2024-12-01,Automotive Equipment Rental and Leasing,2927598,53413,1723,54.81,derived
2020-01-01,"Automotive Parts, Accessories, and Tire Stores",25010382,106144,3424,235.63,derived
2020-02-01,"Automotive Parts, Accessories, and Tire Stores",25200473,99296,3424,253.79,derived
2020-03-01,"Automotive Parts, Accessories, and Tire Stores",15871766,106082,3422,149.62,derived
2020-04-01,"Automotive Parts, Accessories, and Tire Stores",6394806,102630,3421,62.31,derived
2020-05-01,"Automotive Parts, Accessories, and Tire Stores",13976915,105989,3419,131.87,derived
2020-06-01,"Automotive Parts, Accessories, and Tire Stores",17186448,102510,3417,167.66,derived
2020-07-01,"Automotive Parts, Accessories, and Tire Stores",16883935,105896,3416,159.44,derived
2020-08-01,"Automotive Parts, Accessories, and Tire Stores",16835698,105958,3418,158.89,derived
2020-09-01,"Automotive Parts, Accessories, and Tire Stores",17089800,102510,3417,166.71,derived
2020-10-01,"Automotive Parts, Accessories, and Tire Stores",17048886,105865,3415,161.04,derived
2020-11-01,"Automotive Parts, Accessories, and Tire Stores",15533493,102450,3415,151.62,derived
2020-12-01,"Automotive Parts, Accessories, and Tire Stores",14898374,105214,3394,141.6,derived
2021-01-01,"Automotive Parts, Accessories, and Tire Stores",13891068,105121,3391,132.14,derived
2021-02-01,"Automotive Parts, Accessories, and Tire Stores",12280378,94892,3389,129.41,derived
2021-03-01,"Automotive Parts, Accessories, and Tire Stores",18183730,105059,3389,173.08,derived
2021-04-01,"Automotive Parts, Accessories, and Tire Stores",18094062,101760,3392,177.81,derived
2021-05-01,"Automotive Parts, Accessories, and Tire Stores",17794757,105307,3397,168.98,derived
2021-06-01,"Automotive Parts, Accessories, and Tire Stores",18150700,101910,3397,178.11,derived
2021-07-01,"Automotive Parts, Accessories, and Tire Stores",17257497,105431,3401,163.69,derived
2021-08-01,"Automotive Parts, Accessories, and Tire Stores",17426462,105586,3406,165.05,derived
2021-09-01,"Automotive Parts, Accessories, and Tire Stores",21873756,102150,3405,214.13,derived
2021-10-01,"Automotive Parts, Accessories, and Tire Stores",23783582,105679,3409,225.05,derived
2021-11-01,"Automotive Parts, Accessories, and Tire Stores",22337638,102300,3410,218.35,derived
2021-12-01,"Automotive Parts, Accessories, and Tire Stores",21938896,105741,3411,207.48,derived
2022-01-01,"Automotive Parts, Accessories, and Tire Stores",19871645,105710,3410,187.98,derived
2022-02-01,"Automotive Parts, Accessories, and Tire Stores",19951048,95620,3415,208.65,derived
2022-03-01,"Automotive Parts, Accessories, and Tire Stores",24649199,106144,3424,232.22,derived
2022-04-01,"Automotive Parts, Accessories, and Tire Stores",24143985,103260,3442,233.82,derived
2022-05-01,"Automotive Parts, Accessories, and Tire Stores",23907443,106795,3445,223.86,derived
2022-06-01,"Automotive Parts, Accessories, and Tire Stores",23996505,103530,3451,231.78,derived
2022-07-01,"Automotive Parts, Accessories, and Tire Stores",23264408,107043,3453,217.34,derived
2022-08-01,"Automotive Parts, Accessories, and Tire Stores",24491247,107043,3453,228.8,derived
2022-09-01,"Automotive Parts, Accessories, and Tire Stores",23702215,103530,3451,228.94,derived
2022-10-01,"Automotive Parts, Accessories, and Tire Stores",23984183,107105,3455,223.93,derived
2022-11-01,"Automotive Parts, Accessories, and Tire Stores",22403162,104040,3468,215.33,derived
2022-12-01,"Automotive Parts, Accessories, and Tire Stores",23738341,107539,3469,220.74,derived
2023-01-01,"Automotive Parts, Accessories, and Tire Stores",22139386,107632,3472,205.7,derived
2023-02-01,"Automotive Parts, Accessories, and Tire Stores",21478409,97244,3473,220.87,derived
2023-03-01,"Automotive Parts, Accessories, and Tire Stores",24173106,107880,3480,224.07,derived
2023-04-01,"Automotive Parts, Accessories, and Tire Stores",24161772,104400,3480,231.43,derived
2023-05-01,"Automotive Parts, Accessories, and Tire Stores",24491784,107911,3481,226.96,derived
2023-06-01,"Automotive Parts, Accessories, and Tire Stores",24031420,104430,3481,230.12,derived
2023-07-01,"Automotive Parts, Accessories, and Tire Stores",23164677,108097,3487,214.3,derived
2023-08-01,"Automotive Parts, Accessories, and Tire Stores",24231801,108128,3488,224.1,derived
2023-09-01,"Automotive Parts, Accessories, and Tire Stores",23665413,104760,3492,225.9,derived
2023-10-01,"Automotive Parts, Accessories, and Tire Stores",23579668,108314,3494,217.7,derived
2023-11-01,"Automotive Parts, Accessories, and Tire Stores",22123704,104790,3493,211.12,derived
2023-12-01,"Automotive Parts, Accessories, and Tire Stores",21880452,108345,3495,201.95,derived
2024-01-01,"Automotive Parts, Accessories, and Tire Stores",21402534,108562,3502,197.15,derived
2024-02-01,"Automotive Parts, Accessories, and Tire Stores",21717162,101761,3509,213.41,derived
2024-03-01,"Automotive Parts, Accessories, and Tire Stores",24686259,108779,3509,226.94,derived
2024-04-01,"Automotive Parts, Accessories, and Tire Stores",23321945,105330,3511,221.42,derived
2024-05-01,"Automotive Parts, Accessories, and Tire Stores",24452407,108872,3512,224.6,derived
2024-06-01,"Automotive Parts, Accessories, and Tire Stores",23976936,105600,3520,227.05,derived
2024-07-01,"Automotive Parts, Accessories, and Tire Stores",23453548,108686,3506,215.79,derived
2024-08-01,"Automotive Parts, Accessories, and Tire Stores",24734902,108996,3516,226.93,derived
2024-09-01,"Automotive Parts, Accessories, and Tire Stores",22705371,105630,3521,214.95,derived
2024-10-01,"Automotive Parts, Accessories, and Tire Stores",23496830,109275,3525,215.02,derived
2024-11-01,"Automotive Parts, Accessories, and Tire Stores",22742276,105750,3525,215.06,derived
2024-12-01,"Automotive Parts, Accessories, and Tire Stores",22988073,109368,3528,210.19,derived
2020-01-01,Automotive Repair and Maintenance,9345333,68634,2214,136.16,derived
2020-02-01,Automotive Repair and Maintenance,8955097,64177,2213,139.54,derived
2020-03-01,Automotive Repair and Maintenance,5362975,68634,2214,78.14,derived
2020-04-01,Automotive Repair and Maintenance,174455,66480,2216,2.62,derived
2020-05-01,Automotive Repair and Maintenance,3841097,68355,2205,56.19,derived
2020-06-01,Automotive Repair and Maintenance,7762740,66030,2201,117.56,derived
2020-07-01,Automotive Repair and Maintenance,8264854,68231,2201,121.13,derived
2020-08-01,Automotive Repair and Maintenance,8090566,68262,2202,118.52,derived
2020-09-01,Automotive Repair and Maintenance,7794249,66060,2202,117.99,derived
2020-10-01,Automotive Repair and Maintenance,8336359,68293,2203,122.07,derived
2020-11-01,Automotive Repair and Maintenance,7929297,66450,2215,119.33,derived
2020-12-01,Automotive Repair and Maintenance,8876799,68820,2220,128.99,derived
2021-01-01,Automotive Repair and Maintenance,6601537,68820,2220,95.92,derived
2021-02-01,Automotive Repair and Maintenance,5893747,63084,2253,93.43,derived
2021-03-01,Automotive Repair and Maintenance,9215875,69843,2253,131.95,derived
2021-04-01,Automotive Repair and Maintenance,9143320,67770,2259,134.92,derived
2021-05-01,Automotive Repair and Maintenance,9261856,70494,2274,131.39,derived
2021-06-01,Automotive Repair and Maintenance,9603612,68400,2280,140.4,derived
2021-07-01,Automotive Repair and Maintenance,10151875,70835,2285,143.32,derived
2021-08-01,Automotive Repair and Maintenance,9811133,71114,2294,137.96,derived
2021-09-01,Automotive Repair and Maintenance,9065852,68850,2295,131.68,derived
2021-10-01,Automotive Repair and Maintenance,9319231,71517,2307,130.31,derived
2021-11-01,Automotive Repair and Maintenance,9363061,69570,2319,134.58,derived
2021-12-01,Automotive Repair and Maintenance,10625228,72354,2334,146.85,derived
2022-01-01,Automotive Repair and Maintenance,8058004,72261,2331,111.51,derived
2022-02-01,Automotive Repair and Maintenance,7895199,65520,2340,120.5,derived
2022-03-01,Automotive Repair and Maintenance,9695474,72664,2344,133.43,derived
2022-04-01,Automotive Repair and Maintenance,9346145,70590,2353,132.4,derived
2022-05-01,Automotive Repair and Maintenance,9468072,72912,2352,129.86,derived
2022-06-01,Automotive Repair and Maintenance,9866655,70920,2364,139.12,derived
2022-07-01,Automotive Repair and Maintenance,10005617,72230,2330,138.52,derived
2022-08-01,Automotive Repair and Maintenance,10397576,72850,2350,142.73,derived
2022-09-01,Automotive Repair and Maintenance,9255593,70860,2362,130.62,derived
2022-10-01,Automotive Repair and Maintenance,9421312,73439,2369,128.29,derived
2022-11-01,Automotive Repair and Maintenance,9260744,71310,2377,129.87,derived
2022-12-01,Automotive Repair and Maintenance,11196277,74276,2396,150.74,derived
2023-01-01,Automotive Repair and Maintenance,8724268,74338,2398,117.36,derived
2023-02-01,Automotive Repair and Maintenance,8291670,67396,2407,123.03,derived
2023-03-01,Automotive Repair and Maintenance,9858722,76043,2453,129.65,derived
2023-04-01,Automotive Repair and Maintenance,9425227,73920,2464,127.51,derived
2023-05-01,Automotive Repair and Maintenance,10042155,76725,2475,130.89,derived
2023-06-01,Automotive Repair and Maintenance,10196454,74340,2478,137.16,derived
2023-07-01,Automotive Repair and Maintenance,10312677,76911,2481,134.09,derived
2023-08-01,Automotive Repair and Maintenance,10538786,76942,2482,136.97,derived
2023-09-01,Automotive Repair and Maintenance,9343299,74700,2490,125.08,derived
2023-10-01,Automotive Repair and Maintenance,9551545,77438,2498,123.34,derived
2023-11-01,Automotive Repair and Maintenance,9553648,75090,2503,127.23,derived
2023-12-01,Automotive Repair and Maintenance,10834881,77996,2516,138.92,derived
2024-01-01,Automotive Repair and Maintenance,8885473,78523,2533,113.16,derived
2024-02-01,Automotive Repair and Maintenance,8841872,73689,2541,119.99,derived
2024-03-01,Automotive Repair and Maintenance,10032175,79205,2555,126.66,derived
2024-04-01,Automotive Repair and Maintenance,9442420,76920,2564,122.76,derived
2024-05-01,Automotive Repair and Maintenance,10335213,79670,2570,129.73,derived
2024-06-01,Automotive Repair and Maintenance,10122271,77310,2577,130.93,derived
2024-07-01,Automotive Repair and Maintenance,10543117,80228,2588,131.41,derived
2024-08-01,Automotive Repair and Maintenance,11021527,80755,2605,136.48,derived
2024-09-01,Automotive Repair and Maintenance,9158689,78360,2612,116.88,derived
2024-10-01,Automotive Repair and Maintenance,9904522,81282,2622,121.85,derived
2024-11-01,Automotive Repair and Maintenance,9910984,79200,2640,125.14,derived
2024-12-01,Automotive Repair and Maintenance,11765517,82274,2654,143.0,derived
2020-01-01,Basic Chemical Manufacturing,416437,1674,54,248.77,derived
2020-02-01,Basic Chemical Manufacturing,403624,1566,54,257.74,derived
2020-03-01,Basic Chemical Manufacturing,235039,1674,54,140.41,derived
2020-04-01,Basic Chemical Manufacturing,3159,1620,54,1.95,derived
2020-05-01,Basic Chemical Manufacturing,159252,1674,54,95.13,derived
2020-06-01,Basic Chemical Manufacturing,317282,1620,54,195.85,derived
2020-07-01,Basic Chemical Manufacturing,337680,1674,54,201.72,derived
2020-08-01,Basic Chemical Manufacturing,334454,1674,54,199.79,derived
2020-09-01,Basic Chemical Manufacturing,316960,1620,54,195.65,derived
2020-10-01,Basic Chemical Manufacturing,332982,1674,54,198.91,derived
2020-11-01,Basic Chemical Manufacturing,355561,1620,54,219.48,derived
2020-12-01,Basic Chemical Manufacturing,393208,1674,54,234.89,derived
2021-01-01,Basic Chemical Manufacturing,275594,1674,54,164.63,derived
2021-02-01,Basic Chemical Manufacturing,224872,1512,54,148.72,derived
2021-03-01,Basic Chemical Manufacturing,356255,1674,54,212.82,derived
2021-04-01,Basic Chemical Manufacturing,368154,1620,54,227.26,derived
2021-05-01,Basic Chemical Manufacturing,391858,1674,54,234.08,derived
2021-06-01,Basic Chemical Manufacturing,385311,1620,54,237.85,derived
2021-07-01,Basic Chemical Manufacturing,406747,1674,54,242.98,derived
2021-08-01,Basic Chemical Manufacturing,385683,1674,54,230.4,derived
2021-09-01,Basic Chemical Manufacturing,361169,1620,54,222.94,derived
2021-10-01,Basic Chemical Manufacturing,375641,1674,54,224.4,derived
2021-11-01,Basic Chemical Manufacturing,396834,1620,54,244.96,derived
2021-12-01,Basic Chemical Manufacturing,455728,1674,54,272.24,derived
2022-01-01,Basic Chemical Manufacturing,326701,1674,54,195.16,derived
2022-02-01,Basic Chemical Manufacturing,324967,1512,54,214.93,derived
2022-03-01,Basic Chemical Manufacturing,381979,1674,54,228.18,derived
2022-04-01,Basic Chemical Manufacturing,375423,1620,54,231.74,derived
2022-05-01,Basic Chemical Manufacturing,385000,1674,54,229.99,derived
2022-06-01,Basic Chemical Manufacturing,390770,1620,54,241.22,derived
2022-07-01,Basic Chemical Manufacturing,413092,1674,54,246.77,derived
2022-08-01,Basic Chemical Manufacturing,407456,1674,54,243.4,derived
2022-09-01,Basic Chemical Manufacturing,368256,1620,54,227.32,derived
2022-10-01,Basic Chemical Manufacturing,375440,1674,54,224.28,derived
2022-11-01,Basic Chemical Manufacturing,387014,1620,54,238.9,derived
2022-12-01,Basic Chemical Manufacturing,449849,1674,54,268.73,derived
2023-01-01,Basic Chemical Manufacturing,346427,1674,54,206.95,derived
2023-02-01,Basic Chemical Manufacturing,321830,1512,54,212.85,derived
2023-03-01,Basic Chemical Manufacturing,381891,1674,54,228.13,derived
2023-04-01,Basic Chemical Manufacturing,374233,1620,54,231.01,derived
2023-05-01,Basic Chemical Manufacturing,387442,1674,54,231.45,derived
2023-06-01,Basic Chemical Manufacturing,387247,1620,54,239.04,derived
2023-07-01,Basic Chemical Manufacturing,403399,1674,54,240.98,derived
2023-08-01,Basic Chemical Manufacturing,393126,1674,54,234.84,derived
2023-09-01,Basic Chemical Manufacturing,367225,1620,54,226.68,derived
2023-10-01,Basic Chemical Manufacturing,366874,1674,54,219.16,derived
2023-11-01,Basic Chemical Manufacturing,385842,1620,54,238.17,derived
2023-12-01,Basic Chemical Manufacturing,458133,1674,54,273.68,derived
2024-01-01,Basic Chemical Manufacturing,333936,1674,54,199.48,derived
2024-02-01,Basic Chemical Manufacturing,342388,1566,54,218.64,derived
2024-03-01,Basic Chemical Manufacturing,384320,1674,54,229.58,derived
2024-04-01,Basic Chemical Manufacturing,359035,1620,54,221.63,derived
2024-05-01,Basic Chemical Manufacturing,389549,1674,54,232.71,derived
2024-06-01,Basic Chemical Manufacturing,391355,1620,54,241.58,derived
2024-07-01,Basic Chemical Manufacturing,398091,1674,54,237.81,derived
2024-08-01,Basic Chemical Manufacturing,409560,1674,54,244.66,derived
2024-09-01,Basic Chemical Manufacturing,355250,1620,54,219.29,derived
2024-10-01,Basic Chemical Manufacturing,364649,1674,54,217.83,derived
2024-11-01,Basic Chemical Manufacturing,400418,1620,54,247.17,derived
2024-12-01,Basic Chemical Manufacturing,470678,1674,54,281.17,derived
2020-01-01,"Beer, Wine, and Liquor Stores",3475037,13299,429,261.3,derived
2020-02-01,"Beer, Wine, and Liquor Stores",3482411,12412,428,280.57,derived
2020-03-01,"Beer, Wine, and Liquor Stores",1767498,13268,428,133.22,derived
2020-04-01,"Beer, Wine, and Liquor Stores",1940,12840,428,0.15,derived
2020-05-01,"Beer, Wine, and Liquor Stores",1445227,13268,428,108.93,derived
2020-06-01,"Beer, Wine, and Liquor Stores",2652825,12840,428,206.61,derived
2020-07-01,"Beer, Wine, and Liquor Stores",2959618,13268,428,223.06,derived
2020-08-01,"Beer, Wine, and Liquor Stores",2777628,13268,428,209.35,derived
2020-09-01,"Beer, Wine, and Liquor Stores",2973077,12840,428,231.55,derived
2020-10-01,"Beer, Wine, and Liquor Stores",3345287,13268,428,252.13,derived
2020-11-01,"Beer, Wine, and Liquor Stores",3175424,12840,428,247.31,derived
2020-12-01,"Beer, Wine, and Liquor Stores",3609361,13268,428,272.04,derived
2021-01-01,"Beer, Wine, and Liquor Stores",2507658,13237,427,189.44,derived
2021-02-01,"Beer, Wine, and Liquor Stores",2242828,11956,427,187.59,derived
2021-03-01,"Beer, Wine, and Liquor Stores",3021708,13237,427,228.28,derived
2021-04-01,"Beer, Wine, and Liquor Stores",3359104,12810,427,262.23,derived
2021-05-01,"Beer, Wine, and Liquor Stores",3416463,13237,427,258.1,derived
2021-06-01,"Beer, Wine, and Liquor Stores",3439628,12840,428,267.88,derived
2021-07-01,"Beer, Wine, and Liquor Stores",3641917,13237,427,275.13,derived
2021-08-01,"Beer, Wine, and Liquor Stores",3197152,13361,431,239.29,derived
2021-09-01,"Beer, Wine, and Liquor Stores",3216058,12930,431,248.73,derived
2021-10-01,"Beer, Wine, and Liquor Stores",3398050,13361,431,254.33,derived
2021-11-01,"Beer, Wine, and Liquor Stores",3461251,12930,431,267.69,derived
2021-12-01,"Beer, Wine, and Liquor Stores",4282240,13423,433,319.02,derived
2022-01-01,"Beer, Wine, and Liquor Stores",2769777,13392,432,206.82,derived
2022-02-01,"Beer, Wine, and Liquor Stores",2764089,12096,432,228.51,derived
2022-03-01,"Beer, Wine, and Liquor Stores",3123246,13392,432,233.22,derived
2022-04-01,"Beer, Wine, and Liquor Stores",3329684,12960,432,256.92,derived
2022-05-01,"Beer, Wine, and Liquor Stores",3284018,13547,437,242.42,derived
2022-06-01,"Beer, Wine, and Liquor Stores",3435385,13020,434,263.85,derived
2022-07-01,"Beer, Wine, and Liquor Stores",3604103,13454,434,267.88,derived
2022-08-01,"Beer, Wine, and Liquor Stores",3360980,13454,434,249.81,derived
2022-09-01,"Beer, Wine, and Liquor Stores",3335023,13020,434,256.15,derived
2022-10-01,"Beer, Wine, and Liquor Stores",3434148,13454,434,255.25,derived
2022-11-01,"Beer, Wine, and Liquor Stores",3452000,13050,435,264.52,derived
2022-12-01,"Beer, Wine, and Liquor Stores",4612006,13485,435,342.01,derived
2023-01-01,"Beer, Wine, and Liquor Stores",2933020,13485,435,217.5,derived
2023-02-01,"Beer, Wine, and Liquor Stores",2938617,12208,436,240.71,derived
2023-03-01,"Beer, Wine, and Liquor Stores",3208686,13547,437,236.86,derived
2023-04-01,"Beer, Wine, and Liquor Stores",3317995,13110,437,253.09,derived
2023-05-01,"Beer, Wine, and Liquor Stores",3319803,13578,438,244.5,derived
2023-06-01,"Beer, Wine, and Liquor Stores",3452290,13080,436,263.94,derived
2023-07-01,"Beer, Wine, and Liquor Stores",3530679,13547,437,260.62,derived
2023-08-01,"Beer, Wine, and Liquor Stores",3301591,13485,435,244.83,derived
2023-09-01,"Beer, Wine, and Liquor Stores",3352195,13080,436,256.28,derived
2023-10-01,"Beer, Wine, and Liquor Stores",3282426,13485,435,243.41,derived
2023-11-01,"Beer, Wine, and Liquor Stores",3430769,13080,436,262.29,derived
2023-12-01,"Beer, Wine, and Liquor Stores",4478141,13485,435,332.08,derived
2024-01-01,"Beer, Wine, and Liquor Stores",2826376,13485,435,209.59,derived
2024-02-01,"Beer, Wine, and Liquor Stores",3020186,12615,435,239.41,derived
2024-03-01,"Beer, Wine, and Liquor Stores",3245991,13485,435,240.71,derived
2024-04-01,"Beer, Wine, and Liquor Stores",3124643,13050,435,239.44,derived
2024-05-01,"Beer, Wine, and Liquor Stores",3374787,13361,431,252.58,derived
2024-06-01,"Beer, Wine, and Liquor Stores",3346785,12870,429,260.05,derived
2024-07-01,"Beer, Wine, and Liquor Stores",3394647,13299,429,255.26,derived
2024-08-01,"Beer, Wine, and Liquor Stores",3416575,13330,430,256.31,derived
2024-09-01,"Beer, Wine, and Liquor Stores",3038905,12900,430,235.57,derived
2024-10-01,"Beer, Wine, and Liquor Stores",3230689,13392,432,241.24,derived
2024-11-01,"Beer, Wine, and Liquor Stores",3470918,12990,433,267.2,derived
2024-12-01,"Beer, Wine, and Liquor Stores",4190298,13423,433,312.17,derived
2020-01-01,Beverage Manufacturing,152645,837,27,182.37,derived
2020-02-01,Beverage Manufacturing,154639,783,27,197.5,derived
2020-03-01,Beverage Manufacturing,95937,837,27,114.62,derived
2020-04-01,Beverage Manufacturing,2485,810,27,3.07,derived
2020-05-01,Beverage Manufacturing,83816,837,27,100.14,derived
2020-06-01,Beverage Manufacturing,135324,810,27,167.07,derived
2020-07-01,Beverage Manufacturing,143110,837,27,170.98,derived
2020-08-01,Beverage Manufacturing,141395,837,27,168.93,derived
2020-09-01,Beverage Manufacturing,134193,810,27,165.67,derived
2020-10-01,Beverage Manufacturing,137845,837,27,164.69,derived
2020-11-01,Beverage Manufacturing,140629,810,27,173.62,derived
2020-12-01,Beverage Manufacturing,153086,837,27,182.9,derived
2021-01-01,Beverage Manufacturing,119876,837,27,143.22,derived
2021-02-01,Beverage Manufacturing,102145,756,27,135.11,derived
2021-03-01,Beverage Manufacturing,147592,837,27,176.33,derived
2021-04-01,Beverage Manufacturing,143434,810,27,177.08,derived
2021-05-01,Beverage Manufacturing,152985,837,27,182.78,derived
2021-06-01,Beverage Manufacturing,146456,810,27,180.81,derived
2021-07-01,Beverage Manufacturing,159632,837,27,190.72,derived
2021-08-01,Beverage Manufacturing,155717,837,27,186.04,derived
2021-09-01,Beverage Manufacturing,138603,810,27,171.11,derived
2021-10-01,Beverage Manufacturing,143582,837,27,171.54,derived
2021-11-01,Beverage Manufacturing,153245,810,27,189.19,derived
2021-12-01,Beverage Manufacturing,176184,837,27,210.49,derived
2022-01-01,Beverage Manufacturing,118448,837,27,141.51,derived
2022-02-01,Beverage Manufacturing,122219,756,27,161.67,derived
2022-03-01,Beverage Manufacturing,143889,837,27,171.91,derived
2022-04-01,Beverage Manufacturing,139555,810,27,172.29,derived
2022-05-01,Beverage Manufacturing,144731,837,27,172.92,derived
2022-06-01,Beverage Manufacturing,146598,810,27,180.99,derived
2022-07-01,Beverage Manufacturing,154689,837,27,184.81,derived
2022-08-01,Beverage Manufacturing,158888,837,27,189.83,derived
2022-09-01,Beverage Manufacturing,139782,810,27,172.57,derived
2022-10-01,Beverage Manufacturing,142236,837,27,169.94,derived
2022-11-01,Beverage Manufacturing,144990,810,27,179.0,derived
2022-12-01,Beverage Manufacturing,162780,837,27,194.48,derived
2023-01-01,Beverage Manufacturing,126885,837,27,151.59,derived
2023-02-01,Beverage Manufacturing,128443,756,27,169.9,derived
2023-03-01,Beverage Manufacturing,142617,837,27,170.39,derived
2023-04-01,Beverage Manufacturing,141930,810,27,175.22,derived
2023-05-01,Beverage Manufacturing,144367,837,27,172.48,derived
2023-06-01,Beverage Manufacturing,144121,810,27,177.93,derived
2023-07-01,Beverage Manufacturing,153057,837,27,182.86,derived
2023-08-01,Beverage Manufacturing,152926,837,27,182.71,derived
2023-09-01,Beverage Manufacturing,137259,810,27,169.46,derived
2023-10-01,Beverage Manufacturing,138104,837,27,165.0,derived
2023-11-01,Beverage Manufacturing,144187,810,27,178.01,derived
2023-12-01,Beverage Manufacturing,173500,837,27,207.29,derived
2024-01-01,Beverage Manufacturing,118819,837,27,141.96,derived
2024-02-01,Beverage Manufacturing,127706,783,27,163.1,derived
2024-03-01,Beverage Manufacturing,142292,837,27,170.0,derived
2024-04-01,Beverage Manufacturing,132287,810,27,163.32,derived
2024-05-01,Beverage Manufacturing,145600,837,27,173.95,derived
2024-06-01,Beverage Manufacturing,143947,810,27,177.71,derived
2024-07-01,Beverage Manufacturing,145734,837,27,174.11,derived
2024-08-01,Beverage Manufacturing,158097,837,27,188.89,derived
2024-09-01,Beverage Manufacturing,124745,780,26,159.93,derived
2024-10-01,Beverage Manufacturing,128051,806,26,158.87,derived
2024-11-01,Beverage Manufacturing,143351,780,26,183.78,derived
2024-12-01,Beverage Manufacturing,163929,806,26,203.39,derived
2020-01-01,"Boiler, Tank, and Shipping Container Manufacturing",48052,124,4,387.52,derived
2020-02-01,"Boiler, Tank, and Shipping Container Manufacturing",49368,116,4,425.59,derived
2020-03-01,"Boiler, Tank, and Shipping Container Manufacturing",30262,124,4,244.05,derived
2020-04-01,"Boiler, Tank, and Shipping Container Manufacturing",3339,120,4,27.83,derived
2020-05-01,"Boiler, Tank, and Shipping Container Manufacturing",20878,124,4,168.37,derived
2020-06-01,"Boiler, Tank, and Shipping Container Manufacturing",44068,120,4,367.23,derived
2020-07-01,"Boiler, Tank, and Shipping Container Manufacturing",46071,124,4,371.54,derived
2020-08-01,"Boiler, Tank, and Shipping Container Manufacturing",49411,124,4,398.48,derived
2020-09-01,"Boiler, Tank, and Shipping Container Manufacturing",41798,120,4,348.32,derived
2020-10-01,"Boiler, Tank, and Shipping Container Manufacturing",40986,124,4,330.53,derived
2020-11-01,"Boiler, Tank, and Shipping Container Manufacturing",43903,120,4,365.86,derived
2020-12-01,"Boiler, Tank, and Shipping Container Manufacturing",46966,124,4,378.76,derived
2021-01-01,"Boiler, Tank, and Shipping Container Manufacturing",38312,124,4,308.97,derived
2021-02-01,"Boiler, Tank, and Shipping Container Manufacturing",32693,112,4,291.9,derived
2021-03-01,"Boiler, Tank, and Shipping Container Manufacturing",46080,124,4,371.61,derived
2021-04-01,"Boiler, Tank, and Shipping Container Manufacturing",46033,120,4,383.61,derived
2021-05-01,"Boiler, Tank, and Shipping Container Manufacturing",49064,124,4,395.68,derived
2021-06-01,"Boiler, Tank, and Shipping Container Manufacturing",47447,120,4,395.39,derived
2021-07-01,"Boiler, Tank, and Shipping Container Manufacturing",51124,124,4,412.29,derived
2021-08-01,"Boiler, Tank, and Shipping Container Manufacturing",50343,124,4,405.99,derived
2021-09-01,"Boiler, Tank, and Shipping Container Manufacturing",46711,120,4,389.26,derived
2021-10-01,"Boiler, Tank, and Shipping Container Manufacturing",48198,124,4,388.69,derived
2021-11-01,"Boiler, Tank, and Shipping Container Manufacturing",48819,120,4,406.83,derived
2021-12-01,"Boiler, Tank, and Shipping Container Manufacturing",50265,124,4,405.36,derived
2022-01-01,"Boiler, Tank, and Shipping Container Manufacturing",36125,124,4,291.33,derived
2022-02-01,"Boiler, Tank, and Shipping Container Manufacturing",37041,112,4,330.72,derived
2022-03-01,"Boiler, Tank, and Shipping Container Manufacturing",45758,124,4,369.02,derived
2022-04-01,"Boiler, Tank, and Shipping Container Manufacturing",46778,120,4,389.82,derived
2022-05-01,"Boiler, Tank, and Shipping Container Manufacturing",47810,124,4,385.56,derived
2022-06-01,"Boiler, Tank, and Shipping Container Manufacturing",48766,120,4,406.38,derived
2022-07-01,"Boiler, Tank, and Shipping Container Manufacturing",50597,124,4,408.04,derived
2022-08-01,"Boiler, Tank, and Shipping Container Manufacturing",51679,124,4,416.77,derived
2022-09-01,"Boiler, Tank, and Shipping Container Manufacturing",45500,120,4,379.17,derived
2022-10-01,"Boiler, Tank, and Shipping Container Manufacturing",47229,124,4,380.88,derived
2022-11-01,"Boiler, Tank, and Shipping Container Manufacturing",48571,120,4,404.76,derived
2022-12-01,"Boiler, Tank, and Shipping Container Manufacturing",49005,124,4,395.2,derived
2023-01-01,"Boiler, Tank, and Shipping Container Manufacturing",41275,124,4,332.86,derived
2023-02-01,"Boiler, Tank, and Shipping Container Manufacturing",37515,112,4,334.96,derived
2023-03-01,"Boiler, Tank, and Shipping Container Manufacturing",45951,124,4,370.57,derived
2023-04-01,"Boiler, Tank, and Shipping Container Manufacturing",47045,120,4,392.04,derived
2023-05-01,"Boiler, Tank, and Shipping Container Manufacturing",50133,124,4,404.3,derived
2023-06-01,"Boiler, Tank, and Shipping Container Manufacturing",48779,120,4,406.49,derived
2023-07-01,"Boiler, Tank, and Shipping Container Manufacturing",48494,124,4,391.08,derived
2023-08-01,"Boiler, Tank, and Shipping Container Manufacturing",50143,124,4,404.38,derived
2023-09-01,"Boiler, Tank, and Shipping Container Manufacturing",46049,120,4,383.74,derived
2023-10-01,"Boiler, Tank, and Shipping Container Manufacturing",46017,124,4,371.1,derived
2023-11-01,"Boiler, Tank, and Shipping Container Manufacturing",49685,120,4,414.04,derived
2023-12-01,"Boiler, Tank, and Shipping Container Manufacturing",52457,124,4,423.04,derived
2024-01-01,"Boiler, Tank, and Shipping Container Manufacturing",38132,124,4,307.52,derived
2024-02-01,"Boiler, Tank, and Shipping Container Manufacturing",40625,116,4,350.22,derived
2024-03-01,"Boiler, Tank, and Shipping Container Manufacturing",46297,124,4,373.36,derived
2024-04-01,"Boiler, Tank, and Shipping Container Manufacturing",43591,120,4,363.26,derived
2024-05-01,"Boiler, Tank, and Shipping Container Manufacturing",49101,124,4,395.98,derived
2024-06-01,"Boiler, Tank, and Shipping Container Manufacturing",49561,120,4,413.01,derived
2024-07-01,"Boiler, Tank, and Shipping Container Manufacturing",49323,124,4,397.77,derived
2024-08-01,"Boiler, Tank, and Shipping Container Manufacturing",53142,124,4,428.56,derived
2024-09-01,"Boiler, Tank, and Shipping Container Manufacturing",43749,120,4,364.58,derived
2024-10-01,"Boiler, Tank, and Shipping Container Manufacturing",46997,124,4,379.01,derived
2024-11-01,"Boiler, Tank, and Shipping Container Manufacturing",48978,120,4,408.15,derived
2024-12-01,"Boiler, Tank, and Shipping Container Manufacturing",52798,124,4,425.79,derived
2020-01-01,Book Stores and News Dealers,8570539,5921,191,1447.48,derived
2020-02-01,Book Stores and News Dealers,5847159,5539,191,1055.63,derived
2020-03-01,Book Stores and News Dealers,3050375,5921,191,515.18,derived
2020-04-01,Book Stores and News Dealers,57619,5730,191,10.06,derived
2020-05-01,Book Stores and News Dealers,1159596,5921,191,195.84,derived
2020-06-01,Book Stores and News Dealers,2907952,5730,191,507.5,derived
2020-07-01,Book Stores and News Dealers,3294777,5921,191,556.46,derived
2020-08-01,Book Stores and News Dealers,5283654,5890,190,897.06,derived
2020-09-01,Book Stores and News Dealers,4552568,5700,190,798.7,derived
2020-10-01,Book Stores and News Dealers,3907956,5890,190,663.49,derived
2020-11-01,Book Stores and News Dealers,3780409,5700,190,663.23,derived
2020-12-01,Book Stores and News Dealers,6959573,5890,190,1181.59,derived
2021-01-01,Book Stores and News Dealers,6571870,5890,190,1115.77,derived
2021-02-01,Book Stores and News Dealers,4078181,5320,190,766.58,derived
2021-03-01,Book Stores and News Dealers,4599912,5859,189,785.1,derived
2021-04-01,Book Stores and News Dealers,5220482,5700,190,915.87,derived
2021-05-01,Book Stores and News Dealers,5188600,5859,189,885.58,derived
2021-06-01,Book Stores and News Dealers,4821758,5670,189,850.4,derived
2021-07-01,Book Stores and News Dealers,5538650,5859,189,945.32,derived
2021-08-01,Book Stores and News Dealers,8592353,5859,189,1466.52,derived
2021-09-01,Book Stores and News Dealers,6983863,5670,189,1231.72,derived
2021-10-01,Book Stores and News Dealers,5249144,5859,189,895.91,derived
2021-11-01,Book Stores and News Dealers,5484576,5670,189,967.3,derived
2021-12-01,Book Stores and News Dealers,9197783,5859,189,1569.86,derived
2022-01-01,Book Stores and News Dealers,7009056,5859,189,1196.29,derived
2022-02-01,Book Stores and News Dealers,4734697,5292,189,894.69,derived
2022-03-01,Book Stores and News Dealers,4844807,5797,187,835.74,derived
2022-04-01,Book Stores and News Dealers,5371254,5610,187,957.44,derived
2022-05-01,Book Stores and News Dealers,5267763,5766,186,913.59,derived
2022-06-01,Book Stores and News Dealers,4904003,5580,186,878.85,derived
2022-07-01,Book Stores and News Dealers,5398397,5766,186,936.25,derived
2022-08-01,Book Stores and News Dealers,8966097,5766,186,1554.99,derived
2022-09-01,Book Stores and News Dealers,7138644,5580,186,1279.33,derived
2022-10-01,Book Stores and News Dealers,5241710,5766,186,909.07,derived
2022-11-01,Book Stores and News Dealers,5391897,5580,186,966.29,derived
2022-12-01,Book Stores and News Dealers,9371472,5766,186,1625.3,derived
2023-01-01,Book Stores and News Dealers,7400585,5766,186,1283.49,derived
2023-02-01,Book Stores and News Dealers,4974277,5236,187,950.01,derived
2023-03-01,Book Stores and News Dealers,4567900,5518,178,827.82,derived
2023-04-01,Book Stores and News Dealers,4951792,5400,180,917.0,derived
2023-05-01,Book Stores and News Dealers,5113482,5549,179,921.51,derived
2023-06-01,Book Stores and News Dealers,4569050,5190,173,880.36,derived
2023-07-01,Book Stores and News Dealers,4891241,5332,172,917.34,derived
2023-08-01,Book Stores and News Dealers,7966804,5332,172,1494.15,derived
2023-09-01,Book Stores and News Dealers,6302633,5160,172,1221.44,derived
2023-10-01,Book Stores and News Dealers,4738331,5332,172,888.66,derived
2023-11-01,Book Stores and News Dealers,4977697,5160,172,964.67,derived
2023-12-01,Book Stores and News Dealers,8516297,5394,174,1578.85,derived
2024-01-01,Book Stores and News Dealers,6654558,5425,175,1226.65,derived
2024-02-01,Book Stores and News Dealers,4652552,5075,175,916.76,derived
2024-03-01,Book Stores and News Dealers,4485493,5425,175,826.82,derived
2024-04-01,Book Stores and News Dealers,4700930,5250,175,895.42,derived
2024-05-01,Book Stores and News Dealers,5027165,5456,176,921.4,derived
2024-06-01,Book Stores and News Dealers,4418771,5220,174,846.51,derived
2024-07-01,Book Stores and News Dealers,4791140,5332,172,898.56,derived
2024-08-01,Book Stores and News Dealers,7816678,5332,172,1465.99,derived
2024-09-01,Book Stores and News Dealers,5806335,5190,173,1118.75,derived
2024-10-01,Book Stores and News Dealers,4650728,5425,175,857.28,derived
2024-11-01,Book Stores and News Dealers,4938116,5280,176,935.25,derived
2024-12-01,Book Stores and News Dealers,8027607,5456,176,1471.34,derived
2020-01-01,Building Equipment Contractors,7843,682,22,11.5,derived
2020-02-01,Building Equipment Contractors,7499,638,22,11.75,derived
2020-03-01,Building Equipment Contractors,4390,682,22,6.44,derived
2020-04-01,Building Equipment Contractors,131,660,22,0.2,derived
2020-05-01,Building Equipment Contractors,2559,682,22,3.75,derived
2020-06-01,Building Equipment Contractors,5779,660,22,8.76,derived
2020-07-01,Building Equipment Contractors,5626,682,22,8.25,derived
2020-08-01,Building Equipment Contractors,5911,682,22,8.67,derived
2020-09-01,Building Equipment Contractors,5770,660,22,8.74,derived
2020-10-01,Building Equipment Contractors,6337,713,23,8.89,derived
2020-11-01,Building Equipment Contractors,6302,690,23,9.13,derived
2020-12-01,Building Equipment Contractors,6941,713,23,9.73,derived
2021-01-01,Building Equipment Contractors,4600,682,22,6.74,derived
2021-02-01,Building Equipment Contractors,4254,644,23,6.61,derived
2021-03-01,Building Equipment Contractors,6989,713,23,9.8,derived
2021-04-01,Building Equipment Contractors,7171,690,23,10.39,derived
2021-05-01,Building Equipment Contractors,8017,744,24,10.78,derived
2021-06-01,Building Equipment Contractors,7947,720,24,11.04,derived
2021-07-01,Building Equipment Contractors,8288,744,24,11.14,derived
2021-08-01,Building Equipment Contractors,7972,744,24,10.72,derived
2021-09-01,Building Equipment Contractors,7521,750,25,10.03,derived
2021-10-01,Building Equipment Contractors,7809,775,25,10.08,derived
2021-11-01,Building Equipment Contractors,8628,750,25,11.5,derived
2021-12-01,Building Equipment Contractors,9002,775,25,11.62,derived
2022-01-01,Building Equipment Contractors,6387,744,24,8.58,derived
2022-02-01,Building Equipment Contractors,6007,644,23,9.33,derived
2022-03-01,Building Equipment Contractors,7536,713,23,10.57,derived
2022-04-01,Building Equipment Contractors,7415,690,23,10.75,derived
2022-05-01,Building Equipment Contractors,7807,713,23,10.95,derived
2022-06-01,Building Equipment Contractors,7759,690,23,11.24,derived
2022-07-01,Building Equipment Contractors,7986,713,23,11.2,derived
2022-08-01,Building Equipment Contractors,8073,713,23,11.32,derived
2022-09-01,Building Equipment Contractors,7086,660,22,10.74,derived
2022-10-01,Building Equipment Contractors,7132,682,22,10.46,derived
2022-11-01,Building Equipment Contractors,7316,660,22,11.08,derived
2022-12-01,Building Equipment Contractors,8305,682,22,12.18,derived
2023-01-01,Building Equipment Contractors,6658,682,22,9.76,derived
2023-02-01,Building Equipment Contractors,5772,588,21,9.82,derived
2023-03-01,Building Equipment Contractors,7144,651,21,10.97,derived
2023-04-01,Building Equipment Contractors,6538,630,21,10.38,derived
2023-05-01,Building Equipment Contractors,7065,651,21,10.85,derived
2023-06-01,Building Equipment Contractors,7029,660,22,10.65,derived
2023-07-01,Building Equipment Contractors,7473,682,22,10.96,derived
2023-08-01,Building Equipment Contractors,7507,682,22,11.01,derived
2023-09-01,Building Equipment Contractors,6526,660,22,9.89,derived
2023-10-01,Building Equipment Contractors,6488,682,22,9.51,derived
2023-11-01,Building Equipment Contractors,7000,660,22,10.61,derived
2023-12-01,Building Equipment Contractors,7573,682,22,11.1,derived
2024-01-01,Building Equipment Contractors,6149,682,22,9.02,derived
2024-02-01,Building Equipment Contractors,6254,638,22,9.8,derived
2024-03-01,Building Equipment Contractors,6931,682,22,10.16,derived
2024-04-01,Building Equipment Contractors,6657,660,22,10.09,derived
2024-05-01,Building Equipment Contractors,7212,682,22,10.57,derived
2024-06-01,Building Equipment Contractors,7148,660,22,10.83,derived
2024-07-01,Building Equipment Contractors,7576,682,22,11.11,derived
2024-08-01,Building Equipment Contractors,7329,682,22,10.75,derived
2024-09-01,Building Equipment Contractors,6201,660,22,9.4,derived
2024-10-01,Building Equipment Contractors,6750,682,22,9.9,derived
2024-11-01,Building Equipment Contractors,7073,660,22,10.72,derived
2024-12-01,Building Equipment Contractors,8142,682,22,11.94,derived
2020-01-01,Building Finishing Contractors,6666,527,17,12.65,derived
2020-02-01,Building Finishing Contractors,6567,493,17,13.32,derived
2020-03-01,Building Finishing Contractors,3963,527,17,7.52,derived
2020-04-01,Building Finishing Contractors,47,510,17,0.09,derived
2020-05-01,Building Finishing Contractors,2056,527,17,3.9,derived
2020-06-01,Building Finishing Contractors,5102,510,17,10.0,derived
2020-07-01,Building Finishing Contractors,5649,527,17,10.72,derived
2020-08-01,Building Finishing Contractors,5548,527,17,10.53,derived
2020-09-01,Building Finishing Contractors,5416,510,17,10.62,derived
2020-10-01,Building Finishing Contractors,5649,527,17,10.72,derived
2020-11-01,Building Finishing Contractors,4880,510,17,9.57,derived
2020-12-01,Building Finishing Contractors,4500,527,17,8.54,derived
2021-01-01,Building Finishing Contractors,4016,558,18,7.2,derived
2021-02-01,Building Finishing Contractors,3900,504,18,7.74,derived
2021-03-01,Building Finishing Contractors,6414,558,18,11.49,derived
2021-04-01,Building Finishing Contractors,6582,540,18,12.19,derived
2021-05-01,Building Finishing Contractors,6641,558,18,11.9,derived
2021-06-01,Building Finishing Contractors,6356,540,18,11.77,derived
2021-07-01,Building Finishing Contractors,6893,558,18,12.35,derived
2021-08-01,Building Finishing Contractors,6648,558,18,11.91,derived
2021-09-01,Building Finishing Contractors,6042,540,18,11.19,derived
2021-10-01,Building Finishing Contractors,6050,558,18,10.84,derived
2021-11-01,Building Finishing Contractors,6444,540,18,11.93,derived
2021-12-01,Building Finishing Contractors,6975,558,18,12.5,derived
2022-01-01,Building Finishing Contractors,5725,558,18,10.26,derived
2022-02-01,Building Finishing Contractors,5800,504,18,11.51,derived
2022-03-01,Building Finishing Contractors,6522,558,18,11.69,derived
2022-04-01,Building Finishing Contractors,6441,540,18,11.93,derived
2022-05-01,Building Finishing Contractors,6365,558,18,11.41,derived
2022-06-01,Building Finishing Contractors,6381,540,18,11.82,derived
2022-07-01,Building Finishing Contractors,6485,558,18,11.62,derived
2022-08-01,Building Finishing Contractors,6874,558,18,12.32,derived
2022-09-01,Building Finishing Contractors,6083,540,18,11.26,derived
2022-10-01,Building Finishing Contractors,5979,558,18,10.72,derived
2022-11-01,Building Finishing Contractors,6272,540,18,11.61,derived
2022-12-01,Building Finishing Contractors,7070,558,18,12.67,derived
2023-01-01,Building Finishing Contractors,6268,589,19,10.64,derived
2023-02-01,Building Finishing Contractors,5779,532,19,10.86,derived
2023-03-01,Building Finishing Contractors,6648,589,19,11.29,derived
2023-04-01,Building Finishing Contractors,6251,570,19,10.97,derived
2023-05-01,Building Finishing Contractors,6830,589,19,11.6,derived
2023-06-01,Building Finishing Contractors,6530,570,19,11.46,derived
2023-07-01,Building Finishing Contractors,6716,589,19,11.4,derived
2023-08-01,Building Finishing Contractors,7024,589,19,11.93,derived
2023-09-01,Building Finishing Contractors,6261,570,19,10.98,derived
2023-10-01,Building Finishing Contractors,6285,589,19,10.67,derived
2023-11-01,Building Finishing Contractors,6628,570,19,11.63,derived
2023-12-01,Building Finishing Contractors,7221,589,19,12.26,derived
2024-01-01,Building Finishing Contractors,6000,589,19,10.19,derived
2024-02-01,Building Finishing Contractors,6202,551,19,11.26,derived
2024-03-01,Building Finishing Contractors,6584,589,19,11.18,derived
2024-04-01,Building Finishing Contractors,6382,570,19,11.2,derived
2024-05-01,Building Finishing Contractors,6870,589,19,11.66,derived
2024-06-01,Building Finishing Contractors,6426,570,19,11.27,derived
2024-07-01,Building Finishing Contractors,7155,620,20,11.54,derived
2024-08-01,Building Finishing Contractors,7616,620,20,12.28,derived
2024-09-01,Building Finishing Contractors,6350,600,20,10.58,derived
2024-10-01,Building Finishing Contractors,6651,620,20,10.73,derived
2024-11-01,Building Finishing Contractors,7100,600,20,11.83,derived
2024-12-01,Building Finishing Contractors,7819,620,20,12.61,derived
2020-01-01,Building Material and Supplies Dealers,57996006,75764,2444,765.48,derived
2020-02-01,Building Material and Supplies Dealers,55720968,70934,2446,785.53,derived
2020-03-01,Building Material and Supplies Dealers,38761401,75857,2447,510.98,derived
2020-04-01,Building Material and Supplies Dealers,23775535,73380,2446,324.01,derived
2020-05-01,Building Material and Supplies Dealers,57986787,75888,2448,764.11,derived
2020-06-01,Building Material and Supplies Dealers,66685058,73500,2450,907.28,derived
2020-07-01,Building Material and Supplies Dealers,60953490,75981,2451,802.22,derived
2020-08-01,Building Material and Supplies Dealers,59315279,76105,2455,779.39,derived
2020-09-01,Building Material and Supplies Dealers,61986048,73800,2460,839.92,derived
2020-10-01,Building Material and Supplies Dealers,61315578,76291,2461,803.71,derived
2020-11-01,Building Material and Supplies Dealers,61365039,73860,2462,830.83,derived
2020-12-01,Building Material and Supplies Dealers,59724736,76291,2461,782.85,derived
2021-01-01,Building Material and Supplies Dealers,51761564,76198,2458,679.3,derived
2021-02-01,Building Material and Supplies Dealers,43415938,69048,2466,628.78,derived
2021-03-01,Building Material and Supplies Dealers,61150154,76446,2466,799.91,derived
2021-04-01,Building Material and Supplies Dealers,67258665,74010,2467,908.78,derived
2021-05-01,Building Material and Supplies Dealers,74588464,76384,2464,976.49,derived
2021-06-01,Building Material and Supplies Dealers,71857088,73980,2466,971.3,derived
2021-07-01,Building Material and Supplies Dealers,66155045,76384,2464,866.09,derived
2021-08-01,Building Material and Supplies Dealers,60766972,76415,2465,795.22,derived
2021-09-01,Building Material and Supplies Dealers,61836691,73830,2461,837.56,derived
2021-10-01,Building Material and Supplies Dealers,61446166,76446,2466,803.79,derived
2021-11-01,Building Material and Supplies Dealers,66265372,73920,2464,896.45,derived
2021-12-01,Building Material and Supplies Dealers,62072614,76477,2467,811.65,derived
2022-01-01,Building Material and Supplies Dealers,50289801,76539,2469,657.05,derived
2022-02-01,Building Material and Supplies Dealers,48415184,69132,2469,700.33,derived
2022-03-01,Building Material and Supplies Dealers,58475514,76508,2468,764.31,derived
2022-04-01,Building Material and Supplies Dealers,65181560,74010,2467,880.71,derived
2022-05-01,Building Material and Supplies Dealers,71017459,76570,2470,927.48,derived
2022-06-01,Building Material and Supplies Dealers,69686426,74130,2471,940.06,derived
2022-07-01,Building Material and Supplies Dealers,65106426,76601,2471,849.94,derived
2022-08-01,Building Material and Supplies Dealers,62464784,76539,2469,816.12,derived
2022-09-01,Building Material and Supplies Dealers,62651597,74310,2477,843.11,derived
2022-10-01,Building Material and Supplies Dealers,61494751,76973,2483,798.91,derived
2022-11-01,Building Material and Supplies Dealers,65061273,74520,2484,873.07,derived
2022-12-01,Building Material and Supplies Dealers,61854221,76942,2482,803.91,derived
2023-01-01,Building Material and Supplies Dealers,51632784,77004,2484,670.52,derived
2023-02-01,Building Material and Supplies Dealers,49263821,69440,2480,709.44,derived
2023-03-01,Building Material and Supplies Dealers,56127294,76973,2483,729.18,derived
2023-04-01,Building Material and Supplies Dealers,63423130,74760,2492,848.36,derived
2023-05-01,Building Material and Supplies Dealers,70912713,77283,2493,917.57,derived
2023-06-01,Building Material and Supplies Dealers,68464813,74910,2497,913.96,derived
2023-07-01,Building Material and Supplies Dealers,64081448,77686,2506,824.88,derived
2023-08-01,Building Material and Supplies Dealers,61025976,77779,2509,784.61,derived
2023-09-01,Building Material and Supplies Dealers,61121420,75300,2510,811.71,derived
2023-10-01,Building Material and Supplies Dealers,59753402,77872,2512,767.33,derived
2023-11-01,Building Material and Supplies Dealers,65508071,75390,2513,868.92,derived
2023-12-01,Building Material and Supplies Dealers,62827821,77965,2515,805.85,derived
2024-01-01,Building Material and Supplies Dealers,51311091,76756,2476,668.5,derived
2024-02-01,Building Material and Supplies Dealers,49299793,71833,2477,686.31,derived
2024-03-01,Building Material and Supplies Dealers,57344229,77128,2488,743.49,derived
2024-04-01,Building Material and Supplies Dealers,60872329,74580,2486,816.2,derived
2024-05-01,Building Material and Supplies Dealers,70790731,77159,2489,917.47,derived
2024-06-01,Building Material and Supplies Dealers,66037893,74880,2496,881.92,derived
2024-07-01,Building Material and Supplies Dealers,61932257,77407,2497,800.09,derived
2024-08-01,Building Material and Supplies Dealers,62062070,77531,2501,800.48,derived
2024-09-01,Building Material and Supplies Dealers,58922913,74970,2499,785.95,derived
2024-10-01,Building Material and Supplies Dealers,59154478,77500,2500,763.28,derived
2024-11-01,Building Material and Supplies Dealers,66787014,75270,2509,887.3,derived
2024-12-01,Building Material and Supplies Dealers,64810034,77593,2503,835.26,derived
2020-01-01,Business Schools and Computer and Management Training,6566,651,21,10.09,derived
2020-02-01,Business Schools and Computer and Management Training,6454,609,21,10.6,derived
2020-03-01,Business Schools and Computer and Management Training,3536,651,21,5.43,derived
2020-04-01,Business Schools and Computer and Management Training,112,630,21,0.18,derived
2020-05-01,Business Schools and Computer and Management Training,3058,651,21,4.7,derived
2020-06-01,Business Schools and Computer and Management Training,5069,630,21,8.05,derived
2020-07-01,Business Schools and Computer and Management Training,5008,651,21,7.69,derived
2020-08-01,Business Schools and Computer and Management Training,4652,620,20,7.5,derived
2020-09-01,Business Schools and Computer and Management Training,4995,630,21,7.93,derived
2020-10-01,Business Schools and Computer and Management Training,6194,775,25,7.99,derived
2020-11-01,Business Schools and Computer and Management Training,6299,750,25,8.4,derived
2020-12-01,Business Schools and Computer and Management Training,6514,775,25,8.41,derived
2021-01-01,Business Schools and Computer and Management Training,5189,775,25,6.7,derived
2021-02-01,Business Schools and Computer and Management Training,4225,700,25,6.04,derived
2021-03-01,Business Schools and Computer and Management Training,6395,775,25,8.25,derived
2021-04-01,Business Schools and Computer and Management Training,6848,750,25,9.13,derived
2021-05-01,Business Schools and Computer and Management Training,7011,775,25,9.05,derived
2021-06-01,Business Schools and Computer and Management Training,7756,810,27,9.58,derived
2021-07-01,Business Schools and Computer and Management Training,8168,837,27,9.76,derived
2021-08-01,Business Schools and Computer and Management Training,7458,837,27,8.91,derived
2021-09-01,Business Schools and Computer and Management Training,7163,840,28,8.53,derived
2021-10-01,Business Schools and Computer and Management Training,6975,837,27,8.33,derived
2021-11-01,Business Schools and Computer and Management Training,7578,810,27,9.36,derived
2021-12-01,Business Schools and Computer and Management Training,8682,899,29,9.66,derived
2022-01-01,Business Schools and Computer and Management Training,6794,899,29,7.56,derived
2022-02-01,Business Schools and Computer and Management Training,6288,784,28,8.02,derived
2022-03-01,Business Schools and Computer and Management Training,7618,868,28,8.78,derived
2022-04-01,Business Schools and Computer and Management Training,7520,840,28,8.95,derived
2022-05-01,Business Schools and Computer and Management Training,7572,868,28,8.72,derived
2022-06-01,Business Schools and Computer and Management Training,8055,840,28,9.59,derived
2022-07-01,Business Schools and Computer and Management Training,7915,868,28,9.12,derived
2022-08-01,Business Schools and Computer and Management Training,7971,868,28,9.18,derived
2022-09-01,Business Schools and Computer and Management Training,7293,840,28,8.68,derived
2022-10-01,Business Schools and Computer and Management Training,7129,868,28,8.21,derived
2022-11-01,Business Schools and Computer and Management Training,7672,840,28,9.13,derived
2022-12-01,Business Schools and Computer and Management Training,8579,868,28,9.88,derived
2023-01-01,Business Schools and Computer and Management Training,6873,868,28,7.92,derived
2023-02-01,Business Schools and Computer and Management Training,6417,784,28,8.18,derived
2023-03-01,Business Schools and Computer and Management Training,7622,868,28,8.78,derived
2023-04-01,Business Schools and Computer and Management Training,7106,840,28,8.46,derived
2023-05-01,Business Schools and Computer and Management Training,7831,868,28,9.02,derived
2023-06-01,Business Schools and Computer and Management Training,8113,840,28,9.66,derived
2023-07-01,Business Schools and Computer and Management Training,7921,868,28,9.13,derived
2023-08-01,Business Schools and Computer and Management Training,7879,868,28,9.08,derived
2023-09-01,Business Schools and Computer and Management Training,7173,840,28,8.54,derived
2023-10-01,Business Schools and Computer and Management Training,7036,868,28,8.11,derived
2023-11-01,Business Schools and Computer and Management Training,7483,810,27,9.24,derived
2023-12-01,Business Schools and Computer and Management Training,8456,868,28,9.74,derived
2024-01-01,Business Schools and Computer and Management Training,7129,868,28,8.21,derived
2024-02-01,Business Schools and Computer and Management Training,6946,812,28,8.55,derived
2024-03-01,Business Schools and Computer and Management Training,7449,868,28,8.58,derived
2024-04-01,Business Schools and Computer and Management Training,6959,810,27,8.59,derived
2024-05-01,Business Schools and Computer and Management Training,7830,837,27,9.35,derived
2024-06-01,Business Schools and Computer and Management Training,7500,810,27,9.26,derived
2024-07-01,Business Schools and Computer and Management Training,7616,837,27,9.1,derived
2024-08-01,Business Schools and Computer and Management Training,7606,837,27,9.09,derived
2024-09-01,Business Schools and Computer and Management Training,6620,810,27,8.17,derived
2024-10-01,Business Schools and Computer and Management Training,7137,837,27,8.53,derived
2024-11-01,Business Schools and Computer and Management Training,7602,810,27,9.39,derived
2024-12-01,Business Schools and Computer and Management Training,7670,806,26,9.52,derived
2020-01-01,Business Support Services,17334,744,24,23.3,derived
2020-02-01,Business Support Services,16034,696,24,23.04,derived
2020-03-01,Business Support Services,8727,744,24,11.73,derived
2020-04-01,Business Support Services,42,720,24,0.06,derived
2020-05-01,Business Support Services,7228,744,24,9.72,derived
2020-06-01,Business Support Services,14052,720,24,19.52,derived
2020-07-01,Business Support Services,14289,744,24,19.21,derived
2020-08-01,Business Support Services,13198,744,24,17.74,derived
2020-09-01,Business Support Services,13183,720,24,18.31,derived
2020-10-01,Business Support Services,13724,744,24,18.45,derived
2020-11-01,Business Support Services,14367,720,24,19.95,derived
2020-12-01,Business Support Services,16441,744,24,22.1,derived
2021-01-01,Business Support Services,10810,744,24,14.53,derived
2021-02-01,Business Support Services,9491,672,24,14.12,derived
2021-03-01,Business Support Services,14780,744,24,19.87,derived
2021-04-01,Business Support Services,15107,720,24,20.98,derived
2021-05-01,Business Support Services,15282,744,24,20.54,derived
2021-06-01,Business Support Services,15424,720,24,21.42,derived
2021-07-01,Business Support Services,16186,744,24,21.76,derived
2021-08-01,Business Support Services,15530,744,24,20.87,derived
2021-09-01,Business Support Services,14900,720,24,20.69,derived
2021-10-01,Business Support Services,14257,744,24,19.16,derived
2021-11-01,Business Support Services,15734,720,24,21.85,derived
2021-12-01,Business Support Services,17870,744,24,24.02,derived
2022-01-01,Business Support Services,12962,744,24,17.42,derived
2022-02-01,Business Support Services,12752,672,24,18.98,derived
2022-03-01,Business Support Services,15190,744,24,20.42,derived
2022-04-01,Business Support Services,14424,690,23,20.9,derived
2022-05-01,Business Support Services,15015,713,23,21.06,derived
2022-06-01,Business Support Services,15394,690,23,22.31,derived
2022-07-01,Business Support Services,15078,713,23,21.15,derived
2022-08-01,Business Support Services,16119,713,23,22.61,derived
2022-09-01,Business Support Services,14700,690,23,21.3,derived
2022-10-01,Business Support Services,13956,713,23,19.57,derived
2022-11-01,Business Support Services,14857,690,23,21.53,derived
2022-12-01,Business Support Services,17699,713,23,24.82,derived
2023-01-01,Business Support Services,13869,713,23,19.45,derived
2023-02-01,Business Support Services,12810,644,23,19.89,derived
2023-03-01,Business Support Services,14938,713,23,20.95,derived
2023-04-01,Business Support Services,13810,690,23,20.01,derived
2023-05-01,Business Support Services,15615,713,23,21.9,derived
2023-06-01,Business Support Services,15523,690,23,22.5,derived
2023-07-01,Business Support Services,15015,713,23,21.06,derived
2023-08-01,Business Support Services,15777,713,23,22.13,derived
2023-09-01,Business Support Services,13922,690,23,20.18,derived
2023-10-01,Business Support Services,14108,713,23,19.79,derived
2023-11-01,Business Support Services,15208,690,23,22.04,derived
2023-12-01,Business Support Services,16939,713,23,23.76,derived
2024-01-01,Business Support Services,14015,713,23,19.66,derived
2024-02-01,Business Support Services,13309,667,23,19.95,derived
2024-03-01,Business Support Services,14377,713,23,20.16,derived
2024-04-01,Business Support Services,14449,690,23,20.94,derived
2024-05-01,Business Support Services,15524,713,23,21.77,derived
2024-06-01,Business Support Services,14278,690,23,20.69,derived
2024-07-01,Business Support Services,15502,713,23,21.74,derived
2024-08-01,Business Support Services,15518,713,23,21.76,derived
2024-09-01,Business Support Services,13683,690,23,19.83,derived
2024-10-01,Business Support Services,14572,713,23,20.44,derived
2024-11-01,Business Support Services,14888,690,23,21.58,derived
2024-12-01,Business Support Services,16899,713,23,23.7,derived
2020-01-01,Cable and Other Subscription Programming,1152608,5611,181,205.42,derived
2020-02-01,Cable and Other Subscription Programming,1064139,5249,181,202.73,derived
2020-03-01,Cable and Other Subscription Programming,677123,5611,181,120.68,derived
2020-04-01,Cable and Other Subscription Programming,18662,5430,181,3.44,derived
2020-05-01,Cable and Other Subscription Programming,362367,5611,181,64.58,derived
2020-06-01,Cable and Other Subscription Programming,791174,5430,181,145.7,derived
2020-07-01,Cable and Other Subscription Programming,948620,5611,181,169.06,derived
2020-08-01,Cable and Other Subscription Programming,1058305,5611,181,188.61,derived
2020-09-01,Cable and Other Subscription Programming,986517,5430,181,181.68,derived
2020-10-01,Cable and Other Subscription Programming,954718,5611,181,170.15,derived
2020-11-01,Cable and Other Subscription Programming,873835,5430,181,160.93,derived
2020-12-01,Cable and Other Subscription Programming,880870,5611,181,156.99,derived
2021-01-01,Cable and Other Subscription Programming,873328,5611,181,155.65,derived
2021-02-01,Cable and Other Subscription Programming,750118,5068,181,148.01,derived
2021-03-01,Cable and Other Subscription Programming,909907,5611,181,162.16,derived
2021-04-01,Cable and Other Subscription Programming,864947,5430,181,159.29,derived
2021-05-01,Cable and Other Subscription Programming,864807,5611,181,154.13,derived
2021-06-01,Cable and Other Subscription Programming,933064,5520,184,169.03,derived
2021-07-01,Cable and Other Subscription Programming,964719,5704,184,169.13,derived
2021-08-01,Cable and Other Subscription Programming,987896,5735,185,172.26,derived
2021-09-01,Cable and Other Subscription Programming,935532,5550,185,168.56,derived
2021-10-01,Cable and Other Subscription Programming,966655,5797,187,166.75,derived
2021-11-01,Cable and Other Subscription Programming,913909,5580,186,163.78,derived
2021-12-01,Cable and Other Subscription Programming,924458,5797,187,159.47,derived
2022-01-01,Cable and Other Subscription Programming,909248,5766,186,157.69,derived
2022-02-01,Cable and Other Subscription Programming,823198,5236,187,157.22,derived
2022-03-01,Cable and Other Subscription Programming,944750,5797,187,162.97,derived
2022-04-01,Cable and Other Subscription Programming,883433,5580,186,158.32,derived
2022-05-01,Cable and Other Subscription Programming,887453,5797,187,153.09,derived
2022-06-01,Cable and Other Subscription Programming,958228,5610,187,170.81,derived
2022-07-01,Cable and Other Subscription Programming,996290,5828,188,170.95,derived
2022-08-01,Cable and Other Subscription Programming,1066170,5797,187,183.92,derived
2022-09-01,Cable and Other Subscription Programming,999059,5610,187,178.09,derived
2022-10-01,Cable and Other Subscription Programming,990646,5828,188,169.98,derived
2022-11-01,Cable and Other Subscription Programming,938243,5640,188,166.36,derived
2022-12-01,Cable and Other Subscription Programming,1027869,5952,192,172.69,derived
2023-01-01,Cable and Other Subscription Programming,995323,5952,192,167.22,derived
2023-02-01,Cable and Other Subscription Programming,911843,5376,192,169.61,derived
2023-03-01,Cable and Other Subscription Programming,865865,4557,147,190.01,derived
2023-04-01,Cable and Other Subscription Programming,775905,4380,146,177.15,derived
2023-05-01,Cable and Other Subscription Programming,812064,4526,146,179.42,derived
2023-06-01,Cable and Other Subscription Programming,854337,4440,148,192.42,derived
2023-07-01,Cable and Other Subscription Programming,887066,4526,146,195.99,derived
2023-08-01,Cable and Other Subscription Programming,941790,4588,148,205.27,derived
2023-09-01,Cable and Other Subscription Programming,957217,4440,148,215.59,derived
2023-10-01,Cable and Other Subscription Programming,893528,4619,149,193.45,derived
2023-11-01,Cable and Other Subscription Programming,821097,4470,149,183.69,derived
2023-12-01,Cable and Other Subscription Programming,837506,4588,148,182.54,derived
2024-01-01,Cable and Other Subscription Programming,832234,4650,150,178.98,derived
2024-02-01,Cable and Other Subscription Programming,807888,4263,147,189.51,derived
2024-03-01,Cable and Other Subscription Programming,842462,4557,147,184.87,derived
2024-04-01,Cable and Other Subscription Programming,816753,4410,147,185.2,derived
2024-05-01,Cable and Other Subscription Programming,840142,4557,147,184.36,derived
2024-06-01,Cable and Other Subscription Programming,838138,4410,147,190.05,derived
2024-07-01,Cable and Other Subscription Programming,917165,4588,148,199.91,derived
2024-08-01,Cable and Other Subscription Programming,954865,4619,149,206.73,derived
2024-09-01,Cable and Other Subscription Programming,877524,4500,150,195.01,derived
2024-10-01,Cable and Other Subscription Programming,888214,4650,150,191.01,derived
2024-11-01,Cable and Other Subscription Programming,841194,4560,152,184.47,derived
2024-12-01,Cable and Other Subscription Programming,856210,4774,154,179.35,derived
2020-01-01,Chemical and Allied Products Merchant Wholesalers,41655,3720,120,11.2,derived
2020-02-01,Chemical and Allied Products Merchant Wholesalers,36176,3480,120,10.4,derived
2020-03-01,Chemical and Allied Products Merchant Wholesalers,22131,3720,120,5.95,derived
2020-04-01,Chemical and Allied Products Merchant Wholesalers,826,3600,120,0.23,derived
2020-05-01,Chemical and Allied Products Merchant Wholesalers,16460,3720,120,4.42,derived
2020-06-01,Chemical and Allied Products Merchant Wholesalers,34403,3600,120,9.56,derived
2020-07-01,Chemical and Allied Products Merchant Wholesalers,37503,3720,120,10.08,derived
2020-08-01,Chemical and Allied Products Merchant Wholesalers,24006,3069,99,7.82,derived
2020-09-01,Chemical and Allied Products Merchant Wholesalers,26210,3000,100,8.74,derived
2020-10-01,Chemical and Allied Products Merchant Wholesalers,26721,3100,100,8.62,derived
2020-11-01,Chemical and Allied Products Merchant Wholesalers,23485,2970,99,7.91,derived
2020-12-01,Chemical and Allied Products Merchant Wholesalers,24906,3069,99,8.12,derived
2021-01-01,Chemical and Allied Products Merchant Wholesalers,24235,3069,99,7.9,derived
2021-02-01,Chemical and Allied Products Merchant Wholesalers,21782,2772,99,7.86,derived
2021-03-01,Chemical and Allied Products Merchant Wholesalers,28178,3069,99,9.18,derived
2021-04-01,Chemical and Allied Products Merchant Wholesalers,27207,2970,99,9.16,derived
2021-05-01,Chemical and Allied Products Merchant Wholesalers,24804,3069,99,8.08,derived
2021-06-01,Chemical and Allied Products Merchant Wholesalers,27655,2970,99,9.31,derived
2021-07-01,Chemical and Allied Products Merchant Wholesalers,26970,3069,99,8.79,derived
2021-08-01,Chemical and Allied Products Merchant Wholesalers,26770,3069,99,8.72,derived
2021-09-01,Chemical and Allied Products Merchant Wholesalers,27905,2970,99,9.4,derived
2021-10-01,Chemical and Allied Products Merchant Wholesalers,26107,3069,99,8.51,derived
2021-11-01,Chemical and Allied Products Merchant Wholesalers,26167,2970,99,8.81,derived
2021-12-01,Chemical and Allied Products Merchant Wholesalers,28394,3038,98,9.35,derived
2022-01-01,Chemical and Allied Products Merchant Wholesalers,24505,3038,98,8.07,derived
2022-02-01,Chemical and Allied Products Merchant Wholesalers,23008,2744,98,8.38,derived
2022-03-01,Chemical and Allied Products Merchant Wholesalers,28142,3038,98,9.26,derived
2022-04-01,Chemical and Allied Products Merchant Wholesalers,25547,2940,98,8.69,derived
2022-05-01,Chemical and Allied Products Merchant Wholesalers,24716,3007,97,8.22,derived
2022-06-01,Chemical and Allied Products Merchant Wholesalers,26032,2910,97,8.95,derived
2022-07-01,Chemical and Allied Products Merchant Wholesalers,23294,3007,97,7.75,derived
2022-08-01,Chemical and Allied Products Merchant Wholesalers,27130,3007,97,9.02,derived
2022-09-01,Chemical and Allied Products Merchant Wholesalers,26626,2910,97,9.15,derived
2022-10-01,Chemical and Allied Products Merchant Wholesalers,24453,2976,96,8.22,derived
2022-11-01,Chemical and Allied Products Merchant Wholesalers,24716,2880,96,8.58,derived
2022-12-01,Chemical and Allied Products Merchant Wholesalers,26757,2976,96,8.99,derived
2023-01-01,Chemical and Allied Products Merchant Wholesalers,24831,2976,96,8.34,derived
2023-02-01,Chemical and Allied Products Merchant Wholesalers,23157,2716,97,8.53,derived
2023-03-01,Chemical and Allied Products Merchant Wholesalers,26917,3007,97,8.95,derived
2023-04-01,Chemical and Allied Products Merchant Wholesalers,23223,2910,97,7.98,derived
2023-05-01,Chemical and Allied Products Merchant Wholesalers,25541,3007,97,8.49,derived
2023-06-01,Chemical and Allied Products Merchant Wholesalers,25927,2910,97,8.91,derived
2023-07-01,Chemical and Allied Products Merchant Wholesalers,22911,2945,95,7.78,derived
2023-08-01,Chemical and Allied Products Merchant Wholesalers,26367,2945,95,8.95,derived
2023-09-01,Chemical and Allied Products Merchant Wholesalers,24929,2850,95,8.75,derived
2023-10-01,Chemical and Allied Products Merchant Wholesalers,25119,2945,95,8.53,derived
2023-11-01,Chemical and Allied Products Merchant Wholesalers,24758,2850,95,8.69,derived
2023-12-01,Chemical and Allied Products Merchant Wholesalers,24639,2945,95,8.37,derived
2024-01-01,Chemical and Allied Products Merchant Wholesalers,26502,2914,94,9.09,derived
2024-02-01,Chemical and Allied Products Merchant Wholesalers,23934,2726,94,8.78,derived
2024-03-01,Chemical and Allied Products Merchant Wholesalers,24334,2883,93,8.44,derived
2024-04-01,Chemical and Allied Products Merchant Wholesalers,24835,2790,93,8.9,derived
2024-05-01,Chemical and Allied Products Merchant Wholesalers,24950,2883,93,8.65,derived
2024-06-01,Chemical and Allied Products Merchant Wholesalers,23234,2820,94,8.24,derived
2024-07-01,Chemical and Allied Products Merchant Wholesalers,24738,2914,94,8.49,derived
2024-08-01,Chemical and Allied Products Merchant Wholesalers,25381,2945,95,8.62,derived
2024-09-01,Chemical and Allied Products Merchant Wholesalers,24325,2850,95,8.54,derived
2024-10-01,Chemical and Allied Products Merchant Wholesalers,25840,2945,95,8.77,derived
2024-11-01,Chemical and Allied Products Merchant Wholesalers,24009,2850,95,8.42,derived
2024-12-01,Chemical and Allied Products Merchant Wholesalers,26009,2945,95,8.83,derived
2020-01-01,Clay Product and Refractory Manufacturing,12771,1147,37,11.13,derived
2020-02-01,Clay Product and Refractory Manufacturing,11477,1073,37,10.7,derived
2020-03-01,Clay Product and Refractory Manufacturing,6609,1147,37,5.76,derived
2020-04-01,Clay Product and Refractory Manufacturing,162,1110,37,0.15,derived
2020-05-01,Clay Product and Refractory Manufacturing,6299,1147,37,5.49,derived
2020-06-01,Clay Product and Refractory Manufacturing,9751,1110,37,8.78,derived
2020-07-01,Clay Product and Refractory Manufacturing,9958,1147,37,8.68,derived
2020-08-01,Clay Product and Refractory Manufacturing,9352,1147,37,8.15,derived
2020-09-01,Clay Product and Refractory Manufacturing,9451,1110,37,8.51,derived
2020-10-01,Clay Product and Refractory Manufacturing,9952,1147,37,8.68,derived
2020-11-01,Clay Product and Refractory Manufacturing,10036,1110,37,9.04,derived
2020-12-01,Clay Product and Refractory Manufacturing,10334,1147,37,9.01,derived
2021-01-01,Clay Product and Refractory Manufacturing,8474,1147,37,7.39,derived
2021-02-01,Clay Product and Refractory Manufacturing,7592,1036,37,7.33,derived
2021-03-01,Clay Product and Refractory Manufacturing,10613,1147,37,9.25,derived
2021-04-01,Clay Product and Refractory Manufacturing,11223,1110,37,10.11,derived
2021-05-01,Clay Product and Refractory Manufacturing,10999,1147,37,9.59,derived
2021-06-01,Clay Product and Refractory Manufacturing,11118,1110,37,10.02,derived
2021-07-01,Clay Product and Refractory Manufacturing,11523,1147,37,10.05,derived
2021-08-01,Clay Product and Refractory Manufacturing,11159,1147,37,9.73,derived
2021-09-01,Clay Product and Refractory Manufacturing,10867,1110,37,9.79,derived
2021-10-01,Clay Product and Refractory Manufacturing,10560,1147,37,9.21,derived
2021-11-01,Clay Product and Refractory Manufacturing,11575,1110,37,10.43,derived
2021-12-01,Clay Product and Refractory Manufacturing,11603,1147,37,10.12,derived
2022-01-01,Clay Product and Refractory Manufacturing,9871,1147,37,8.61,derived
2022-02-01,Clay Product and Refractory Manufacturing,10077,1036,37,9.73,derived
2022-03-01,Clay Product and Refractory Manufacturing,11650,1147,37,10.16,derived
2022-04-01,Clay Product and Refractory Manufacturing,11203,1110,37,10.09,derived
2022-05-01,Clay Product and Refractory Manufacturing,11154,1147,37,9.72,derived
2022-06-01,Clay Product and Refractory Manufacturing,11126,1110,37,10.02,derived
2022-07-01,Clay Product and Refractory Manufacturing,11013,1147,37,9.6,derived
2022-08-01,Clay Product and Refractory Manufacturing,11772,1147,37,10.26,derived
2022-09-01,Clay Product and Refractory Manufacturing,11052,1110,37,9.96,derived
2022-10-01,Clay Product and Refractory Manufacturing,10632,1147,37,9.27,derived
2022-11-01,Clay Product and Refractory Manufacturing,11304,1110,37,10.18,derived
2022-12-01,Clay Product and Refractory Manufacturing,12127,1147,37,10.57,derived
2023-01-01,Clay Product and Refractory Manufacturing,10225,1147,37,8.91,derived
2023-02-01,Clay Product and Refractory Manufacturing,9481,1036,37,9.15,derived
2023-03-01,Clay Product and Refractory Manufacturing,11476,1147,37,10.01,derived
2023-04-01,Clay Product and Refractory Manufacturing,10295,1110,37,9.27,derived
2023-05-01,Clay Product and Refractory Manufacturing,11388,1147,37,9.93,derived
2023-06-01,Clay Product and Refractory Manufacturing,11165,1110,37,10.06,derived
2023-07-01,Clay Product and Refractory Manufacturing,10997,1147,37,9.59,derived
2023-08-01,Clay Product and Refractory Manufacturing,11446,1147,37,9.98,derived
2023-09-01,Clay Product and Refractory Manufacturing,10260,1110,37,9.24,derived
2023-10-01,Clay Product and Refractory Manufacturing,10695,1147,37,9.32,derived
2023-11-01,Clay Product and Refractory Manufacturing,11212,1110,37,10.1,derived
2023-12-01,Clay Product and Refractory Manufacturing,11354,1147,37,9.9,derived
2024-01-01,Clay Product and Refractory Manufacturing,10869,1147,37,9.48,derived
2024-02-01,Clay Product and Refractory Manufacturing,10438,1073,37,9.73,derived
2024-03-01,Clay Product and Refractory Manufacturing,10940,1147,37,9.54,derived
2024-04-01,Clay Product and Refractory Manufacturing,10759,1110,37,9.69,derived
2024-05-01,Clay Product and Refractory Manufacturing,11265,1147,37,9.82,derived
2024-06-01,Clay Product and Refractory Manufacturing,10088,1080,36,9.34,derived
2024-07-01,Clay Product and Refractory Manufacturing,11371,1116,36,10.19,derived
2024-08-01,Clay Product and Refractory Manufacturing,11620,1116,36,10.41,derived
2024-09-01,Clay Product and Refractory Manufacturing,9535,1050,35,9.08,derived
2024-10-01,Clay Product and Refractory Manufacturing,10051,1085,35,9.26,derived
2024-11-01,Clay Product and Refractory Manufacturing,10110,1050,35,9.63,derived
2024-12-01,Clay Product and Refractory Manufacturing,10833,1085,35,9.98,derived
2020-01-01,Clothing Stores,75759438,135284,4364,560.0,derived
2020-02-01,Clothing Stores,72045331,126440,4360,569.8,derived
2020-03-01,Clothing Stores,35156020,135036,4356,260.35,derived
2020-04-01,Clothing Stores,51793,130650,4355,0.4,derived
2020-05-01,Clothing Stores,6811703,134912,4352,50.49,derived
2020-06-01,Clothing Stores,34094484,130560,4352,261.14,derived
2020-07-01,Clothing Stores,43976257,134137,4327,327.85,derived
2020-08-01,Clothing Stores,45052628,132897,4287,339.0,derived
2020-09-01,Clothing Stores,48533784,127860,4262,379.59,derived
2020-10-01,Clothing Stores,52667114,130231,4201,404.41,derived
2020-11-01,Clothing Stores,57504423,126090,4203,456.06,derived
2020-12-01,Clothing Stores,76091261,129890,4190,585.81,derived
2021-01-01,Clothing Stores,46581004,129177,4167,360.6,derived
2021-02-01,Clothing Stores,40322954,116144,4148,347.18,derived
2021-03-01,Clothing Stores,61796025,128061,4131,482.55,derived
2021-04-01,Clothing Stores,64473175,123840,4128,520.62,derived
2021-05-01,Clothing Stores,72076608,127875,4125,563.65,derived
2021-06-01,Clothing Stores,73108952,123720,4124,590.92,derived
2021-07-01,Clothing Stores,82351308,127906,4126,643.84,derived
2021-08-01,Clothing Stores,78654029,127906,4126,614.94,derived
2021-09-01,Clothing Stores,65870277,123810,4127,532.03,derived
2021-10-01,Clothing Stores,70069900,128185,4135,546.63,derived
2021-11-01,Clothing Stores,84207779,124140,4138,678.33,derived
2021-12-01,Clothing Stores,109422148,128061,4131,854.45,derived
2022-01-01,Clothing Stores,54215802,127131,4101,426.46,derived
2022-02-01,Clothing Stores,54597161,114856,4102,475.35,derived
2022-03-01,Clothing Stores,66208295,127162,4102,520.66,derived
2022-04-01,Clothing Stores,71201713,123030,4101,578.73,derived
2022-05-01,Clothing Stores,73054327,126883,4093,575.76,derived
2022-06-01,Clothing Stores,70871146,122910,4097,576.61,derived
2022-07-01,Clothing Stores,80008049,126790,4090,631.03,derived
2022-08-01,Clothing Stores,77880875,127255,4105,612.01,derived
2022-09-01,Clothing Stores,66488569,123420,4114,538.72,derived
2022-10-01,Clothing Stores,68943759,127906,4126,539.02,derived
2022-11-01,Clothing Stores,81030209,124140,4138,652.73,derived
2022-12-01,Clothing Stores,111715125,128433,4143,869.83,derived
2023-01-01,Clothing Stores,61206426,128185,4135,477.49,derived
2023-02-01,Clothing Stores,56185808,115304,4118,487.28,derived
2023-03-01,Clothing Stores,65816281,127658,4118,515.57,derived
2023-04-01,Clothing Stores,69098348,123540,4118,559.32,derived
2023-05-01,Clothing Stores,71159403,127534,4114,557.96,derived
2023-06-01,Clothing Stores,71034555,123240,4108,576.39,derived
2023-07-01,Clothing Stores,78504748,127379,4109,616.31,derived
2023-08-01,Clothing Stores,75422715,127131,4101,593.27,derived
2023-09-01,Clothing Stores,65205973,123570,4119,527.68,derived
2023-10-01,Clothing Stores,65016875,127968,4128,508.07,derived
2023-11-01,Clothing Stores,81939465,124350,4145,658.94,derived
2023-12-01,Clothing Stores,110229401,128433,4143,858.26,derived
2024-01-01,Clothing Stores,58502674,127875,4125,457.5,derived
2024-02-01,Clothing Stores,55829302,118552,4088,470.93,derived
2024-03-01,Clothing Stores,67626933,126387,4077,535.08,derived
2024-04-01,Clothing Stores,62570441,122580,4086,510.45,derived
2024-05-01,Clothing Stores,71722484,126604,4084,566.51,derived
2024-06-01,Clothing Stores,69797163,121560,4052,574.18,derived
2024-07-01,Clothing Stores,73667674,125395,4045,587.48,derived
2024-08-01,Clothing Stores,76136767,125271,4041,607.78,derived
2024-09-01,Clothing Stores,59935387,121050,4035,495.13,derived
2024-10-01,Clothing Stores,61956835,125395,4045,494.09,derived
2024-11-01,Clothing Stores,81739909,122010,4067,669.94,derived
2024-12-01,Clothing Stores,103764665,126046,4066,823.23,derived
2020-01-01,"Colleges, Universities, and Professional Schools",797078,372,12,2142.68,derived
2020-02-01,"Colleges, Universities, and Professional Schools",759783,348,12,2183.28,derived
2020-03-01,"Colleges, Universities, and Professional Schools",497789,372,12,1338.14,derived
2020-04-01,"Colleges, Universities, and Professional Schools",86988,360,12,241.63,derived
2020-05-01,"Colleges, Universities, and Professional Schools",480688,372,12,1292.17,derived
2020-06-01,"Colleges, Universities, and Professional Schools",677861,360,12,1882.95,derived
2020-07-01,"Colleges, Universities, and Professional Schools",647211,372,12,1739.81,derived
2020-08-01,"Colleges, Universities, and Professional Schools",629443,372,12,1692.05,derived
2020-09-01,"Colleges, Universities, and Professional Schools",617902,360,12,1716.39,derived
2020-10-01,"Colleges, Universities, and Professional Schools",685457,372,12,1842.63,derived
2020-11-01,"Colleges, Universities, and Professional Schools",689140,360,12,1914.28,derived
2020-12-01,"Colleges, Universities, and Professional Schools",771950,372,12,2075.13,derived
2021-01-01,"Colleges, Universities, and Professional Schools",635127,372,12,1707.33,derived
2021-02-01,"Colleges, Universities, and Professional Schools",558420,336,12,1661.96,derived
2021-03-01,"Colleges, Universities, and Professional Schools",780071,372,12,2096.97,derived
2021-04-01,"Colleges, Universities, and Professional Schools",751283,360,12,2086.9,derived
2021-05-01,"Colleges, Universities, and Professional Schools",733884,372,12,1972.81,derived
2021-06-01,"Colleges, Universities, and Professional Schools",652466,330,11,1977.17,derived
2021-07-01,"Colleges, Universities, and Professional Schools",690154,341,11,2023.91,derived
2021-08-01,"Colleges, Universities, and Professional Schools",674308,341,11,1977.44,derived
2021-09-01,"Colleges, Universities, and Professional Schools",566298,300,10,1887.66,derived
2021-10-01,"Colleges, Universities, and Professional Schools",575581,341,11,1687.92,derived
2021-11-01,"Colleges, Universities, and Professional Schools",619984,330,11,1878.74,derived
2021-12-01,"Colleges, Universities, and Professional Schools",666045,341,11,1953.21,derived
2022-01-01,"Colleges, Universities, and Professional Schools",558085,341,11,1636.61,derived
2022-02-01,"Colleges, Universities, and Professional Schools",530043,308,11,1720.92,derived
2022-03-01,"Colleges, Universities, and Professional Schools",622556,341,11,1825.68,derived
2022-04-01,"Colleges, Universities, and Professional Schools",561394,300,10,1871.31,derived
2022-05-01,"Colleges, Universities, and Professional Schools",584703,310,10,1886.14,derived
2022-06-01,"Colleges, Universities, and Professional Schools",398959,240,8,1662.33,derived
2022-07-01,"Colleges, Universities, and Professional Schools",411645,248,8,1659.86,derived
2022-08-01,"Colleges, Universities, and Professional Schools",434373,248,8,1751.5,derived
2022-09-01,"Colleges, Universities, and Professional Schools",416204,240,8,1734.18,derived
2022-10-01,"Colleges, Universities, and Professional Schools",398931,248,8,1608.59,derived
2022-11-01,"Colleges, Universities, and Professional Schools",403565,240,8,1681.52,derived
2022-12-01,"Colleges, Universities, and Professional Schools",408639,217,7,1883.13,derived
2023-01-01,"Colleges, Universities, and Professional Schools",366394,217,7,1688.45,derived
2023-02-01,"Colleges, Universities, and Professional Schools",336454,196,7,1716.6,derived
2023-03-01,"Colleges, Universities, and Professional Schools",392045,217,7,1806.66,derived
2023-04-01,"Colleges, Universities, and Professional Schools",358513,210,7,1707.2,derived
2023-05-01,"Colleges, Universities, and Professional Schools",400284,217,7,1844.63,derived
2023-06-01,"Colleges, Universities, and Professional Schools",379191,210,7,1805.67,derived
2023-07-01,"Colleges, Universities, and Professional Schools",369267,217,7,1701.69,derived
2023-08-01,"Colleges, Universities, and Professional Schools",406699,217,7,1874.19,derived
2023-09-01,"Colleges, Universities, and Professional Schools",379590,210,7,1807.57,derived
2023-10-01,"Colleges, Universities, and Professional Schools",384662,217,7,1772.64,derived
2023-11-01,"Colleges, Universities, and Professional Schools",377319,210,7,1796.76,derived
2023-12-01,"Colleges, Universities, and Professional Schools",394053,217,7,1815.91,derived
2024-01-01,"Colleges, Universities, and Professional Schools",359794,217,7,1658.04,derived
2024-02-01,"Colleges, Universities, and Professional Schools",356888,203,7,1758.07,derived
2024-03-01,"Colleges, Universities, and Professional Schools",310804,186,6,1670.99,derived
2024-04-01,"Colleges, Universities, and Professional Schools",299621,180,6,1664.56,derived
2024-05-01,"Colleges, Universities, and Professional Schools",318456,186,6,1712.13,derived
2024-06-01,"Colleges, Universities, and Professional Schools",286966,180,6,1594.26,derived
2024-07-01,"Colleges, Universities, and Professional Schools",312367,186,6,1679.39,derived
2024-08-01,"Colleges, Universities, and Professional Schools",317485,186,6,1706.91,derived
2024-09-01,"Colleges, Universities, and Professional Schools",290950,180,6,1616.39,derived
2024-10-01,"Colleges, Universities, and Professional Schools",310706,186,6,1670.46,derived
2024-11-01,"Colleges, Universities, and Professional Schools",88865,60,2,1481.08,derived
2024-12-01,"Colleges, Universities, and Professional Schools",90928,62,2,1466.58,derived
2020-01-01,Commercial and Industrial Machinery and Equipment Rental and Leasing,168645,10757,347,15.68,derived
2020-02-01,Commercial and Industrial Machinery and Equipment Rental and Leasing,158121,10063,347,15.71,derived
2020-03-01,Commercial and Industrial Machinery and Equipment Rental and Leasing,89841,10757,347,8.35,derived
2020-04-01,Commercial and Industrial Machinery and Equipment Rental and Leasing,2869,10410,347,0.28,derived
2020-05-01,Commercial and Industrial Machinery and Equipment Rental and Leasing,80995,10757,347,7.53,derived
2020-06-01,Commercial and Industrial Machinery and Equipment Rental and Leasing,131047,10410,347,12.59,derived
2020-07-01,Commercial and Industrial Machinery and Equipment Rental and Leasing,132666,10757,347,12.33,derived
2020-08-01,Commercial and Industrial Machinery and Equipment Rental and Leasing,129688,10757,347,12.06,derived
2020-09-01,Commercial and Industrial Machinery and Equipment Rental and Leasing,133836,10410,347,12.86,derived
2020-10-01,Commercial and Industrial Machinery and Equipment Rental and Leasing,141578,10757,347,13.16,derived
2020-11-01,Commercial and Industrial Machinery and Equipment Rental and Leasing,141690,10410,347,13.61,derived
2020-12-01,Commercial and Industrial Machinery and Equipment Rental and Leasing,143797,10757,347,13.37,derived
2021-01-01,Commercial and Industrial Machinery and Equipment Rental and Leasing,106339,10726,346,9.91,derived
2021-02-01,Commercial and Industrial Machinery and Equipment Rental and Leasing,93244,9688,346,9.62,derived
2021-03-01,Commercial and Industrial Machinery and Equipment Rental and Leasing,155334,10757,347,14.44,derived
2021-04-01,Commercial and Industrial Machinery and Equipment Rental and Leasing,153663,10410,347,14.76,derived
2021-05-01,Commercial and Industrial Machinery and Equipment Rental and Leasing,155624,10788,348,14.43,derived
2021-06-01,Commercial and Industrial Machinery and Equipment Rental and Leasing,153566,10500,350,14.63,derived
2021-07-01,Commercial and Industrial Machinery and Equipment Rental and Leasing,161125,10850,350,14.85,derived
2021-08-01,Commercial and Industrial Machinery and Equipment Rental and Leasing,159365,11005,355,14.48,derived
2021-09-01,Commercial and Industrial Machinery and Equipment Rental and Leasing,149565,10710,357,13.96,derived
2021-10-01,Commercial and Industrial Machinery and Equipment Rental and Leasing,154504,11253,363,13.73,derived
2021-11-01,Commercial and Industrial Machinery and Equipment Rental and Leasing,167129,10920,364,15.3,derived
2021-12-01,Commercial and Industrial Machinery and Equipment Rental and Leasing,178166,11377,367,15.66,derived
2022-01-01,Commercial and Industrial Machinery and Equipment Rental and Leasing,137417,11408,368,12.05,derived
2022-02-01,Commercial and Industrial Machinery and Equipment Rental and Leasing,133316,10332,369,12.9,derived
2022-03-01,Commercial and Industrial Machinery and Equipment Rental and Leasing,162582,11501,371,14.14,derived
2022-04-01,Commercial and Industrial Machinery and Equipment Rental and Leasing,158324,11130,371,14.22,derived
2022-05-01,Commercial and Industrial Machinery and Equipment Rental and Leasing,165778,11594,374,14.3,derived
2022-06-01,Commercial and Industrial Machinery and Equipment Rental and Leasing,162189,11280,376,14.38,derived
2022-07-01,Commercial and Industrial Machinery and Equipment Rental and Leasing,166059,11811,381,14.06,derived
2022-08-01,Commercial and Industrial Machinery and Equipment Rental and Leasing,174477,11904,384,14.66,derived
2022-09-01,Commercial and Industrial Machinery and Equipment Rental and Leasing,161281,11550,385,13.96,derived
2022-10-01,Commercial and Industrial Machinery and Equipment Rental and Leasing,160290,12121,391,13.22,derived
2022-11-01,Commercial and Industrial Machinery and Equipment Rental and Leasing,168165,11760,392,14.3,derived
2022-12-01,Commercial and Industrial Machinery and Equipment Rental and Leasing,189061,12307,397,15.36,derived
2023-01-01,Commercial and Industrial Machinery and Equipment Rental and Leasing,158065,12617,407,12.53,derived
2023-02-01,Commercial and Industrial Machinery and Equipment Rental and Leasing,145215,11424,408,12.71,derived
2023-03-01,Commercial and Industrial Machinery and Equipment Rental and Leasing,171464,12679,409,13.52,derived
2023-04-01,Commercial and Industrial Machinery and Equipment Rental and Leasing,163744,12300,410,13.31,derived
2023-05-01,Commercial and Industrial Machinery and Equipment Rental and Leasing,177119,12710,410,13.94,derived
2023-06-01,Commercial and Industrial Machinery and Equipment Rental and Leasing,171584,12330,411,13.92,derived
2023-07-01,Commercial and Industrial Machinery and Equipment Rental and Leasing,173433,12865,415,13.48,derived
2023-08-01,Commercial and Industrial Machinery and Equipment Rental and Leasing,176817,12834,414,13.78,derived
2023-09-01,Commercial and Industrial Machinery and Equipment Rental and Leasing,162685,12420,414,13.1,derived
2023-10-01,Commercial and Industrial Machinery and Equipment Rental and Leasing,165320,12865,415,12.85,derived
2023-11-01,Commercial and Industrial Machinery and Equipment Rental and Leasing,173994,12450,415,13.98,derived
2023-12-01,Commercial and Industrial Machinery and Equipment Rental and Leasing,186032,12865,415,14.46,derived
2024-01-01,Commercial and Industrial Machinery and Equipment Rental and Leasing,159919,12896,416,12.4,derived
2024-02-01,Commercial and Industrial Machinery and Equipment Rental and Leasing,153834,12064,416,12.75,derived
2024-03-01,Commercial and Industrial Machinery and Equipment Rental and Leasing,167552,12896,416,12.99,derived
2024-04-01,Commercial and Industrial Machinery and Equipment Rental and Leasing,166080,12480,416,13.31,derived
2024-05-01,Commercial and Industrial Machinery and Equipment Rental and Leasing,176609,12958,418,13.63,derived
2024-06-01,Commercial and Industrial Machinery and Equipment Rental and Leasing,165336,12540,418,13.18,derived
2024-07-01,Commercial and Industrial Machinery and Equipment Rental and Leasing,179947,12989,419,13.85,derived
2024-08-01,Commercial and Industrial Machinery and Equipment Rental and Leasing,177213,12958,418,13.68,derived
2024-09-01,Commercial and Industrial Machinery and Equipment Rental and Leasing,160324,12570,419,12.75,derived
2024-10-01,Commercial and Industrial Machinery and Equipment Rental and Leasing,169613,13020,420,13.03,derived
2024-11-01,Commercial and Industrial Machinery and Equipment Rental and Leasing,174434,12630,421,13.81,derived
2024-12-01,Commercial and Industrial Machinery and Equipment Rental and Leasing,189865,13020,420,14.58,derived
2020-01-01,Computer and Peripheral Equipment Manufacturing,510,62,2,8.23,derived
2020-02-01,Computer and Peripheral Equipment Manufacturing,471,58,2,8.12,derived
2020-03-01,Computer and Peripheral Equipment Manufacturing,367,62,2,5.92,derived
2020-04-01,Computer and Peripheral Equipment Manufacturing,46,60,2,0.77,derived
2020-05-01,Computer and Peripheral Equipment Manufacturing,205,62,2,3.31,derived
2020-06-01,Computer and Peripheral Equipment Manufacturing,410,60,2,6.83,derived
2020-07-01,Computer and Peripheral Equipment Manufacturing,385,62,2,6.21,derived
2020-08-01,Computer and Peripheral Equipment Manufacturing,447,62,2,7.21,derived
2020-09-01,Computer and Peripheral Equipment Manufacturing,412,60,2,6.87,derived
2020-10-01,Computer and Peripheral Equipment Manufacturing,444,62,2,7.16,derived
2020-11-01,Computer and Peripheral Equipment Manufacturing,474,60,2,7.9,derived
2020-12-01,Computer and Peripheral Equipment Manufacturing,473,62,2,7.63,derived
2021-01-01,Computer and Peripheral Equipment Manufacturing,330,62,2,5.32,derived
2021-02-01,Computer and Peripheral Equipment Manufacturing,243,56,2,4.34,derived
2021-03-01,Computer and Peripheral Equipment Manufacturing,493,62,2,7.95,derived
2021-04-01,Computer and Peripheral Equipment Manufacturing,516,60,2,8.6,derived
2021-05-01,Computer and Peripheral Equipment Manufacturing,509,62,2,8.21,derived
2021-06-01,Computer and Peripheral Equipment Manufacturing,513,60,2,8.55,derived
2021-07-01,Computer and Peripheral Equipment Manufacturing,519,62,2,8.37,derived
2021-08-01,Computer and Peripheral Equipment Manufacturing,502,62,2,8.1,derived
2021-09-01,Computer and Peripheral Equipment Manufacturing,484,60,2,8.07,derived
2021-10-01,Computer and Peripheral Equipment Manufacturing,528,62,2,8.52,derived
2021-11-01,Computer and Peripheral Equipment Manufacturing,513,60,2,8.55,derived
2021-12-01,Computer and Peripheral Equipment Manufacturing,489,62,2,7.89,derived
2022-01-01,Computer and Peripheral Equipment Manufacturing,435,62,2,7.02,derived
2022-02-01,Computer and Peripheral Equipment Manufacturing,447,56,2,7.98,derived
2022-03-01,Computer and Peripheral Equipment Manufacturing,510,62,2,8.23,derived
2022-04-01,Computer and Peripheral Equipment Manufacturing,505,60,2,8.42,derived
2022-05-01,Computer and Peripheral Equipment Manufacturing,532,62,2,8.58,derived
2022-06-01,Computer and Peripheral Equipment Manufacturing,514,60,2,8.57,derived
2022-07-01,Computer and Peripheral Equipment Manufacturing,530,62,2,8.55,derived
2022-08-01,Computer and Peripheral Equipment Manufacturing,522,62,2,8.42,derived
2022-09-01,Computer and Peripheral Equipment Manufacturing,509,60,2,8.48,derived
2022-10-01,Computer and Peripheral Equipment Manufacturing,486,62,2,7.84,derived
2022-11-01,Computer and Peripheral Equipment Manufacturing,487,60,2,8.12,derived
2022-12-01,Computer and Peripheral Equipment Manufacturing,520,62,2,8.39,derived
2023-01-01,Computer and Peripheral Equipment Manufacturing,459,62,2,7.4,derived
2023-02-01,Computer and Peripheral Equipment Manufacturing,424,56,2,7.57,derived
2023-03-01,Computer and Peripheral Equipment Manufacturing,507,62,2,8.18,derived
2023-04-01,Computer and Peripheral Equipment Manufacturing,482,60,2,8.03,derived
2023-05-01,Computer and Peripheral Equipment Manufacturing,532,62,2,8.58,derived
2023-06-01,Computer and Peripheral Equipment Manufacturing,506,60,2,8.43,derived
2023-07-01,Computer and Peripheral Equipment Manufacturing,509,62,2,8.21,derived
2023-08-01,Computer and Peripheral Equipment Manufacturing,479,62,2,7.73,derived
2023-09-01,Computer and Peripheral Equipment Manufacturing,490,60,2,8.17,derived
2023-10-01,Computer and Peripheral Equipment Manufacturing,510,62,2,8.23,derived
2023-11-01,Computer and Peripheral Equipment Manufacturing,510,60,2,8.5,derived
2023-12-01,Computer and Peripheral Equipment Manufacturing,527,62,2,8.5,derived
2024-01-01,Computer and Peripheral Equipment Manufacturing,431,62,2,6.95,derived
2024-02-01,Computer and Peripheral Equipment Manufacturing,505,58,2,8.71,derived
2024-03-01,Computer and Peripheral Equipment Manufacturing,471,62,2,7.6,derived
2024-04-01,Computer and Peripheral Equipment Manufacturing,519,60,2,8.65,derived
2024-05-01,Computer and Peripheral Equipment Manufacturing,527,62,2,8.5,derived
2024-06-01,Computer and Peripheral Equipment Manufacturing,476,60,2,7.93,derived
2024-07-01,Computer and Peripheral Equipment Manufacturing,508,62,2,8.19,derived
2024-08-01,Computer and Peripheral Equipment Manufacturing,511,62,2,8.24,derived
2024-09-01,Computer and Peripheral Equipment Manufacturing,467,60,2,7.78,derived
2024-10-01,Computer and Peripheral Equipment Manufacturing,500,62,2,8.06,derived
2024-11-01,Computer and Peripheral Equipment Manufacturing,484,60,2,8.07,derived
2024-12-01,Computer and Peripheral Equipment Manufacturing,522,62,2,8.42,derived
2020-01-01,Consumer Goods Rental,122945,5611,181,21.91,derived
2020-02-01,Consumer Goods Rental,119261,5249,181,22.72,derived
2020-03-01,Consumer Goods Rental,76815,5611,181,13.69,derived
2020-04-01,Consumer Goods Rental,7138,5430,181,1.31,derived
2020-05-01,Consumer Goods Rental,64417,5611,181,11.48,derived
2020-06-01,Consumer Goods Rental,101571,5340,178,19.02,derived
2020-07-01,Consumer Goods Rental,104875,5518,178,19.01,derived
2020-08-01,Consumer Goods Rental,104112,5518,178,18.87,derived
2020-09-01,Consumer Goods Rental,104032,5310,177,19.59,derived
2020-10-01,Consumer Goods Rental,106843,5487,177,19.47,derived
2020-11-01,Consumer Goods Rental,103946,5310,177,19.58,derived
2020-12-01,Consumer Goods Rental,111737,5425,175,20.6,derived
2021-01-01,Consumer Goods Rental,67946,4464,144,15.22,derived
2021-02-01,Consumer Goods Rental,61512,4032,144,15.26,derived
2021-03-01,Consumer Goods Rental,87299,4464,144,19.56,derived
2021-04-01,Consumer Goods Rental,85566,4320,144,19.81,derived
2021-05-01,Consumer Goods Rental,86702,4464,144,19.42,derived
2021-06-01,Consumer Goods Rental,83571,4320,144,19.35,derived
2021-07-01,Consumer Goods Rental,88471,4433,143,19.96,derived
2021-08-01,Consumer Goods Rental,82855,4433,143,18.69,derived
2021-09-01,Consumer Goods Rental,77851,4260,142,18.27,derived
2021-10-01,Consumer Goods Rental,76673,4402,142,17.42,derived
2021-11-01,Consumer Goods Rental,82585,4260,142,19.39,derived
2021-12-01,Consumer Goods Rental,82590,4402,142,18.76,derived
2022-01-01,Consumer Goods Rental,62378,4402,142,14.17,derived
2022-02-01,Consumer Goods Rental,62921,3948,141,15.94,derived
2022-03-01,Consumer Goods Rental,79793,4371,141,18.26,derived
2022-04-01,Consumer Goods Rental,80000,4200,140,19.05,derived
2022-05-01,Consumer Goods Rental,78888,4278,138,18.44,derived
2022-06-01,Consumer Goods Rental,79735,4080,136,19.54,derived
2022-07-01,Consumer Goods Rental,81272,4216,136,19.28,derived
2022-08-01,Consumer Goods Rental,81156,4154,134,19.54,derived
2022-09-01,Consumer Goods Rental,73198,4050,135,18.07,derived
2022-10-01,Consumer Goods Rental,70811,4185,135,16.92,derived
2022-11-01,Consumer Goods Rental,73819,4050,135,18.23,derived
2022-12-01,Consumer Goods Rental,81033,4185,135,19.36,derived
2023-01-01,Consumer Goods Rental,62317,4185,135,14.89,derived
2023-02-01,Consumer Goods Rental,63111,3780,135,16.7,derived
2023-03-01,Consumer Goods Rental,74444,4154,134,17.92,derived
2023-04-01,Consumer Goods Rental,72932,4050,135,18.01,derived
2023-05-01,Consumer Goods Rental,77106,4185,135,18.42,derived
2023-06-01,Consumer Goods Rental,76934,4020,134,19.14,derived
2023-07-01,Consumer Goods Rental,79207,4216,136,18.79,derived
2023-08-01,Consumer Goods Rental,80441,4216,136,19.08,derived
2023-09-01,Consumer Goods Rental,68971,4080,136,16.9,derived
2023-10-01,Consumer Goods Rental,66609,4216,136,15.8,derived
2023-11-01,Consumer Goods Rental,73969,4080,136,18.13,derived
2023-12-01,Consumer Goods Rental,78700,4185,135,18.81,derived
2024-01-01,Consumer Goods Rental,55161,4123,133,13.38,derived
2024-02-01,Consumer Goods Rental,53680,3799,131,14.13,derived
2024-03-01,Consumer Goods Rental,67889,4061,131,16.72,derived
2024-04-01,Consumer Goods Rental,66812,3930,131,17.0,derived
2024-05-01,Consumer Goods Rental,72093,4061,131,17.75,derived
2024-06-01,Consumer Goods Rental,69839,3960,132,17.64,derived
2024-07-01,Consumer Goods Rental,76767,4123,133,18.62,derived
2024-08-01,Consumer Goods Rental,79430,4123,133,19.27,derived
2024-09-01,Consumer Goods Rental,63091,3960,132,15.93,derived
2024-10-01,Consumer Goods Rental,65505,4061,131,16.13,derived
2024-11-01,Consumer Goods Rental,73620,3990,133,18.45,derived
2024-12-01,Consumer Goods Rental,77402,4123,133,18.77,derived
2020-01-01,Converted Paper Product Manufacturing,563866,1550,50,363.78,derived
2020-02-01,Converted Paper Product Manufacturing,548928,1450,50,378.57,derived
2020-03-01,Converted Paper Product Manufacturing,314039,1550,50,202.61,derived
2020-04-01,Converted Paper Product Manufacturing,14153,1500,50,9.44,derived
2020-05-01,Converted Paper Product Manufacturing,240595,1550,50,155.22,derived
2020-06-01,Converted Paper Product Manufacturing,430054,1500,50,286.7,derived
2020-07-01,Converted Paper Product Manufacturing,444175,1550,50,286.56,derived
2020-08-01,Converted Paper Product Manufacturing,447207,1550,50,288.52,derived
2020-09-01,Converted Paper Product Manufacturing,434130,1500,50,289.42,derived
2020-10-01,Converted Paper Product Manufacturing,438144,1550,50,282.67,derived
2020-11-01,Converted Paper Product Manufacturing,447270,1500,50,298.18,derived
2020-12-01,Converted Paper Product Manufacturing,482466,1550,50,311.27,derived
2021-01-01,Converted Paper Product Manufacturing,341264,1550,50,220.17,derived
2021-02-01,Converted Paper Product Manufacturing,301927,1400,50,215.66,derived
2021-03-01,Converted Paper Product Manufacturing,475404,1550,50,306.71,derived
2021-04-01,Converted Paper Product Manufacturing,497441,1500,50,331.63,derived
2021-05-01,Converted Paper Product Manufacturing,522654,1550,50,337.2,derived
2021-06-01,Converted Paper Product Manufacturing,509023,1500,50,339.35,derived
2021-07-01,Converted Paper Product Manufacturing,532862,1550,50,343.78,derived
2021-08-01,Converted Paper Product Manufacturing,514656,1550,50,332.04,derived
2021-09-01,Converted Paper Product Manufacturing,481326,1500,50,320.88,derived
2021-10-01,Converted Paper Product Manufacturing,486001,1550,50,313.55,derived
2021-11-01,Converted Paper Product Manufacturing,523344,1500,50,348.9,derived
2021-12-01,Converted Paper Product Manufacturing,571147,1550,50,368.48,derived
2022-01-01,Converted Paper Product Manufacturing,426140,1550,50,274.93,derived
2022-02-01,Converted Paper Product Manufacturing,416767,1400,50,297.69,derived
2022-03-01,Converted Paper Product Manufacturing,503933,1581,51,318.74,derived
2022-04-01,Converted Paper Product Manufacturing,492148,1530,51,321.67,derived
2022-05-01,Converted Paper Product Manufacturing,509510,1581,51,322.27,derived
2022-06-01,Converted Paper Product Manufacturing,507852,1530,51,331.93,derived
2022-07-01,Converted Paper Product Manufacturing,524268,1581,51,331.61,derived
2022-08-01,Converted Paper Product Manufacturing,528323,1581,51,334.17,derived
2022-09-01,Converted Paper Product Manufacturing,485410,1530,51,317.26,derived
2022-10-01,Converted Paper Product Manufacturing,474097,1581,51,299.87,derived
2022-11-01,Converted Paper Product Manufacturing,501876,1530,51,328.02,derived
2022-12-01,Converted Paper Product Manufacturing,552001,1581,51,349.15,derived
2023-01-01,Converted Paper Product Manufacturing,447505,1581,51,283.05,derived
2023-02-01,Converted Paper Product Manufacturing,421456,1428,51,295.14,derived
2023-03-01,Converted Paper Product Manufacturing,489351,1581,51,309.52,derived
2023-04-01,Converted Paper Product Manufacturing,488126,1530,51,319.04,derived
2023-05-01,Converted Paper Product Manufacturing,510139,1581,51,322.67,derived
2023-06-01,Converted Paper Product Manufacturing,491354,1530,51,321.15,derived
2023-07-01,Converted Paper Product Manufacturing,510516,1581,51,322.91,derived
2023-08-01,Converted Paper Product Manufacturing,513265,1581,51,324.65,derived
2023-09-01,Converted Paper Product Manufacturing,468405,1530,51,306.15,derived
2023-10-01,Converted Paper Product Manufacturing,465587,1550,50,300.38,derived
2023-11-01,Converted Paper Product Manufacturing,494862,1500,50,329.91,derived
2023-12-01,Converted Paper Product Manufacturing,563017,1550,50,363.24,derived
2024-01-01,Converted Paper Product Manufacturing,451822,1550,50,291.5,derived
2024-02-01,Converted Paper Product Manufacturing,441048,1450,50,304.17,derived
2024-03-01,Converted Paper Product Manufacturing,483137,1550,50,311.7,derived
2024-04-01,Converted Paper Product Manufacturing,467751,1500,50,311.83,derived
2024-05-01,Converted Paper Product Manufacturing,506356,1550,50,326.68,derived
2024-06-01,Converted Paper Product Manufacturing,481904,1500,50,321.27,derived
2024-07-01,Converted Paper Product Manufacturing,501763,1550,50,323.72,derived
2024-08-01,Converted Paper Product Manufacturing,513230,1550,50,331.12,derived
2024-09-01,Converted Paper Product Manufacturing,452631,1500,50,301.75,derived
2024-10-01,Converted Paper Product Manufacturing,476398,1550,50,307.35,derived
2024-11-01,Converted Paper Product Manufacturing,510788,1500,50,340.53,derived
2024-12-01,Converted Paper Product Manufacturing,580901,1550,50,374.77,derived
2020-01-01,Couriers and Express Delivery Services,2156482,31620,1020,68.2,derived
2020-02-01,Couriers and Express Delivery Services,2058109,29580,1020,69.58,derived
2020-03-01,Couriers and Express Delivery Services,1209136,31620,1020,38.24,derived
2020-04-01,Couriers and Express Delivery Services,38308,30600,1020,1.25,derived
2020-05-01,Couriers and Express Delivery Services,968192,31620,1020,30.62,derived
2020-06-01,Couriers and Express Delivery Services,1829860,30600,1020,59.8,derived
2020-07-01,Couriers and Express Delivery Services,1805336,31899,1029,56.6,derived
2020-08-01,Couriers and Express Delivery Services,1813697,31868,1028,56.91,derived
2020-09-01,Couriers and Express Delivery Services,1795960,30870,1029,58.18,derived
2020-10-01,Couriers and Express Delivery Services,1876906,31930,1030,58.78,derived
2020-11-01,Couriers and Express Delivery Services,1937579,30990,1033,62.52,derived
2020-12-01,Couriers and Express Delivery Services,2601736,32116,1036,81.01,derived
2021-01-01,Couriers and Express Delivery Services,1655546,32116,1036,51.55,derived
2021-02-01,Couriers and Express Delivery Services,1344310,29008,1036,46.34,derived
2021-03-01,Couriers and Express Delivery Services,2059154,32457,1047,63.44,derived
2021-04-01,Couriers and Express Delivery Services,2112676,31470,1049,67.13,derived
2021-05-01,Couriers and Express Delivery Services,2162823,32519,1049,66.51,derived
2021-06-01,Couriers and Express Delivery Services,2198695,31530,1051,69.73,derived
2021-07-01,Couriers and Express Delivery Services,2324078,32643,1053,71.2,derived
2021-08-01,Couriers and Express Delivery Services,2177035,32643,1053,66.69,derived
2021-09-01,Couriers and Express Delivery Services,2188245,32430,1081,67.48,derived
2021-10-01,Couriers and Express Delivery Services,2177963,33573,1083,64.87,derived
2021-11-01,Couriers and Express Delivery Services,2318739,32550,1085,71.24,derived
2021-12-01,Couriers and Express Delivery Services,2622851,33666,1086,77.91,derived
2022-01-01,Couriers and Express Delivery Services,2003151,33666,1086,59.5,derived
2022-02-01,Couriers and Express Delivery Services,1870065,30436,1087,61.44,derived
2022-03-01,Couriers and Express Delivery Services,2250476,33697,1087,66.79,derived
2022-04-01,Couriers and Express Delivery Services,2229648,32640,1088,68.31,derived
2022-05-01,Couriers and Express Delivery Services,2227781,33511,1081,66.48,derived
2022-06-01,Couriers and Express Delivery Services,2282663,32460,1082,70.32,derived
2022-07-01,Couriers and Express Delivery Services,2314563,33542,1082,69.0,derived
2022-08-01,Couriers and Express Delivery Services,2400629,33542,1082,71.57,derived
2022-09-01,Couriers and Express Delivery Services,2174003,32400,1080,67.1,derived
2022-10-01,Couriers and Express Delivery Services,2186592,33449,1079,65.37,derived
2022-11-01,Couriers and Express Delivery Services,2253845,32430,1081,69.5,derived
2022-12-01,Couriers and Express Delivery Services,2865142,33635,1085,85.18,derived
2023-01-01,Couriers and Express Delivery Services,2146640,33356,1076,64.36,derived
2023-02-01,Couriers and Express Delivery Services,1919229,30128,1076,63.7,derived
2023-03-01,Couriers and Express Delivery Services,2221060,33387,1077,66.52,derived
2023-04-01,Couriers and Express Delivery Services,2129691,32370,1079,65.79,derived
2023-05-01,Couriers and Express Delivery Services,2306279,33418,1078,69.01,derived
2023-06-01,Couriers and Express Delivery Services,2290792,32340,1078,70.83,derived
2023-07-01,Couriers and Express Delivery Services,2289973,33387,1077,68.59,derived
2023-08-01,Couriers and Express Delivery Services,2360971,33418,1078,70.65,derived
2023-09-01,Couriers and Express Delivery Services,2164030,32400,1080,66.79,derived
2023-10-01,Couriers and Express Delivery Services,2171308,33604,1084,64.61,derived
2023-11-01,Couriers and Express Delivery Services,2257149,32490,1083,69.47,derived
2023-12-01,Couriers and Express Delivery Services,2588410,33573,1083,77.1,derived
2024-01-01,Couriers and Express Delivery Services,2155566,33604,1084,64.15,derived
2024-02-01,Couriers and Express Delivery Services,2016742,31436,1084,64.15,derived
2024-03-01,Couriers and Express Delivery Services,2177501,33666,1086,64.68,derived
2024-04-01,Couriers and Express Delivery Services,2130900,32610,1087,65.34,derived
2024-05-01,Couriers and Express Delivery Services,2298702,33728,1088,68.15,derived
2024-06-01,Couriers and Express Delivery Services,2191035,32730,1091,66.94,derived
2024-07-01,Couriers and Express Delivery Services,2368065,33573,1083,70.53,derived
2024-08-01,Couriers and Express Delivery Services,2396536,33542,1082,71.45,derived
2024-09-01,Couriers and Express Delivery Services,2025828,32310,1077,62.7,derived
2024-10-01,Couriers and Express Delivery Services,2134926,32984,1064,64.73,derived
2024-11-01,Couriers and Express Delivery Services,2243312,31890,1063,70.35,derived
2024-12-01,Couriers and Express Delivery Services,2552341,32829,1059,77.75,derived
2020-01-01,"Data Processing, Hosting, and Related Services",360553,2573,83,140.13,derived
2020-02-01,"Data Processing, Hosting, and Related Services",319226,2407,83,132.62,derived
2020-03-01,"Data Processing, Hosting, and Related Services",200054,2573,83,77.75,derived
2020-04-01,"Data Processing, Hosting, and Related Services",5510,2490,83,2.21,derived
2020-05-01,"Data Processing, Hosting, and Related Services",130388,2573,83,50.68,derived
2020-06-01,"Data Processing, Hosting, and Related Services",259209,2490,83,104.1,derived
2020-07-01,"Data Processing, Hosting, and Related Services",318641,2573,83,123.84,derived
2020-08-01,"Data Processing, Hosting, and Related Services",317468,2573,83,123.38,derived
2020-09-01,"Data Processing, Hosting, and Related Services",308968,2490,83,124.08,derived
2020-10-01,"Data Processing, Hosting, and Related Services",296746,2573,83,115.33,derived
2020-11-01,"Data Processing, Hosting, and Related Services",272773,2490,83,109.55,derived
2020-12-01,"Data Processing, Hosting, and Related Services",273053,2573,83,106.12,derived
2021-01-01,"Data Processing, Hosting, and Related Services",258610,2573,83,100.51,derived
2021-02-01,"Data Processing, Hosting, and Related Services",219145,2324,83,94.3,derived
2021-03-01,"Data Processing, Hosting, and Related Services",284407,2573,83,110.54,derived
2021-04-01,"Data Processing, Hosting, and Related Services",283567,2520,84,112.53,derived
2021-05-01,"Data Processing, Hosting, and Related Services",279922,2604,84,107.5,derived
2021-06-01,"Data Processing, Hosting, and Related Services",298882,2490,83,120.03,derived
2021-07-01,"Data Processing, Hosting, and Related Services",299834,2573,83,116.53,derived
2021-08-01,"Data Processing, Hosting, and Related Services",302272,2573,83,117.48,derived
2021-09-01,"Data Processing, Hosting, and Related Services",299374,2610,87,114.7,derived
2021-10-01,"Data Processing, Hosting, and Related Services",299533,2697,87,111.06,derived
2021-11-01,"Data Processing, Hosting, and Related Services",304357,2610,87,116.61,derived
2021-12-01,"Data Processing, Hosting, and Related Services",307028,2697,87,113.84,derived
2022-01-01,"Data Processing, Hosting, and Related Services",289314,2728,88,106.05,derived
2022-02-01,"Data Processing, Hosting, and Related Services",267403,2464,88,108.52,derived
2022-03-01,"Data Processing, Hosting, and Related Services",320284,2728,88,117.41,derived
2022-04-01,"Data Processing, Hosting, and Related Services",292814,2640,88,110.91,derived
2022-05-01,"Data Processing, Hosting, and Related Services",298465,2728,88,109.41,derived
2022-06-01,"Data Processing, Hosting, and Related Services",314762,2640,88,119.23,derived
2022-07-01,"Data Processing, Hosting, and Related Services",308166,2728,88,112.96,derived
2022-08-01,"Data Processing, Hosting, and Related Services",343365,2728,88,125.87,derived
2022-09-01,"Data Processing, Hosting, and Related Services",322659,2640,88,122.22,derived
2022-10-01,"Data Processing, Hosting, and Related Services",317914,2728,88,116.54,derived
2022-11-01,"Data Processing, Hosting, and Related Services",309313,2640,88,117.16,derived
2022-12-01,"Data Processing, Hosting, and Related Services",324973,2728,88,119.13,derived
2023-01-01,"Data Processing, Hosting, and Related Services",320957,2728,88,117.65,derived
2023-02-01,"Data Processing, Hosting, and Related Services",293203,2464,88,118.99,derived
2023-03-01,"Data Processing, Hosting, and Related Services",340575,2728,88,124.84,derived
2023-04-01,"Data Processing, Hosting, and Related Services",297338,2640,88,112.63,derived
2023-05-01,"Data Processing, Hosting, and Related Services",329401,2728,88,120.75,derived
2023-06-01,"Data Processing, Hosting, and Related Services",339559,2640,88,128.62,derived
2023-07-01,"Data Processing, Hosting, and Related Services",329568,2728,88,120.81,derived
2023-08-01,"Data Processing, Hosting, and Related Services",357033,2728,88,130.88,derived
2023-09-01,"Data Processing, Hosting, and Related Services",332227,2640,88,125.84,derived
2023-10-01,"Data Processing, Hosting, and Related Services",348057,2728,88,127.59,derived
2023-11-01,"Data Processing, Hosting, and Related Services",323124,2640,88,122.4,derived
2023-12-01,"Data Processing, Hosting, and Related Services",307905,2697,87,114.17,derived
2024-01-01,"Data Processing, Hosting, and Related Services",313626,2728,88,114.97,derived
2024-02-01,"Data Processing, Hosting, and Related Services",306712,2552,88,120.18,derived
2024-03-01,"Data Processing, Hosting, and Related Services",313740,2728,88,115.01,derived
2024-04-01,"Data Processing, Hosting, and Related Services",323463,2640,88,122.52,derived
2024-05-01,"Data Processing, Hosting, and Related Services",330145,2728,88,121.02,derived
2024-06-01,"Data Processing, Hosting, and Related Services",311175,2640,88,117.87,derived
2024-07-01,"Data Processing, Hosting, and Related Services",340138,2728,88,124.68,derived
2024-08-01,"Data Processing, Hosting, and Related Services",344437,2728,88,126.26,derived
2024-09-01,"Data Processing, Hosting, and Related Services",315741,2640,88,119.6,derived
2024-10-01,"Data Processing, Hosting, and Related Services",333317,2728,88,122.18,derived
2024-11-01,"Data Processing, Hosting, and Related Services",307197,2640,88,116.36,derived
2024-12-01,"Data Processing, Hosting, and Related Services",311492,2728,88,114.18,derived
2020-01-01,Department Stores,59902601,34534,1114,1734.6,derived
2020-02-01,Department Stores,55715486,31465,1085,1770.71,derived
2020-03-01,Department Stores,29598077,33573,1083,881.6,derived
2020-04-01,Department Stores,626063,32490,1083,19.27,derived
2020-05-01,Department Stores,14426658,33573,1083,429.71,derived
2020-06-01,Department Stores,32979441,32280,1076,1021.67,derived
2020-07-01,Department Stores,36260282,33015,1065,1098.3,derived
2020-08-01,Department Stores,37747967,32612,1052,1157.49,derived
2020-09-01,Department Stores,38327469,31110,1037,1232.0,derived
2020-10-01,Department Stores,42031961,32147,1037,1307.49,derived
2020-11-01,Department Stores,44977305,31110,1037,1445.75,derived
2020-12-01,Department Stores,56240285,32147,1037,1749.47,derived
2021-01-01,Department Stores,36128078,32116,1036,1124.92,derived
2021-02-01,Department Stores,32656360,29120,1040,1121.44,derived
2021-03-01,Department Stores,45458976,32240,1040,1410.02,derived
2021-04-01,Department Stores,48549071,31170,1039,1557.56,derived
2021-05-01,Department Stores,54020608,32271,1041,1673.97,derived
2021-06-01,Department Stores,51625447,31200,1040,1654.66,derived
2021-07-01,Department Stores,55686033,32333,1043,1722.27,derived
2021-08-01,Department Stores,54835393,32426,1046,1691.09,derived
2021-09-01,Department Stores,47818531,31500,1050,1518.05,derived
2021-10-01,Department Stores,51316922,32705,1055,1569.08,derived
2021-11-01,Department Stores,63377498,31770,1059,1994.89,derived
2021-12-01,Department Stores,73137444,32829,1059,2227.83,derived
2022-01-01,Department Stores,40224944,32860,1060,1224.13,derived
2022-02-01,Department Stores,40417078,29736,1062,1359.2,derived
2022-03-01,Department Stores,48873753,32860,1060,1487.33,derived
2022-04-01,Department Stores,52037220,32010,1067,1625.66,derived
2022-05-01,Department Stores,56626792,33077,1067,1711.97,derived
2022-06-01,Department Stores,53758299,31920,1064,1684.16,derived
2022-07-01,Department Stores,56728675,32984,1064,1719.88,derived
2022-08-01,Department Stores,56889412,32984,1064,1724.76,derived
2022-09-01,Department Stores,50339755,31890,1063,1578.54,derived
2022-10-01,Department Stores,53370758,33015,1065,1616.56,derived
2022-11-01,Department Stores,62935501,31920,1064,1971.66,derived
2022-12-01,Department Stores,81732529,32674,1054,2501.45,derived
2023-01-01,Department Stores,47226806,32674,1054,1445.39,derived
2023-02-01,Department Stores,44631517,29428,1051,1516.63,derived
2023-03-01,Department Stores,51045986,32612,1052,1565.25,derived
2023-04-01,Department Stores,53739482,31710,1057,1694.72,derived
2023-05-01,Department Stores,56144143,33046,1066,1698.97,derived
2023-06-01,Department Stores,53484296,32280,1076,1656.89,derived
2023-07-01,Department Stores,54990357,32922,1062,1670.32,derived
2023-08-01,Department Stores,54247336,32984,1064,1644.66,derived
2023-09-01,Department Stores,49701778,32100,1070,1548.34,derived
2023-10-01,Department Stores,51119230,33201,1071,1539.69,derived
2023-11-01,Department Stores,62662008,32160,1072,1948.45,derived
2023-12-01,Department Stores,81291985,33170,1070,2450.77,derived
2024-01-01,Department Stores,45943189,33201,1071,1383.79,derived
2024-02-01,Department Stores,43745224,31175,1075,1403.21,derived
2024-03-01,Department Stores,51920378,33294,1074,1559.45,derived
2024-04-01,Department Stores,49579112,32220,1074,1538.77,derived
2024-05-01,Department Stores,57174140,33294,1074,1717.25,derived
2024-06-01,Department Stores,53701724,32310,1077,1662.08,derived
2024-07-01,Department Stores,54406264,32891,1061,1654.14,derived
2024-08-01,Department Stores,55663460,32891,1061,1692.36,derived
2024-09-01,Department Stores,45568813,31920,1064,1427.59,derived
2024-10-01,Department Stores,47474389,31279,1009,1517.77,derived
2024-11-01,Department Stores,62384170,30270,1009,2060.92,derived
2024-12-01,Department Stores,74315853,31279,1009,2375.9,derived
2020-01-01,Depository Credit Intermediation,21746567,190092,6132,114.4,derived
2020-02-01,Depository Credit Intermediation,20294166,177857,6133,114.1,derived
2020-03-01,Depository Credit Intermediation,15533425,190123,6133,81.7,derived
2020-04-01,Depository Credit Intermediation,11429000,183960,6132,62.13,derived
2020-05-01,Depository Credit Intermediation,15141589,189441,6111,79.93,derived
2020-06-01,Depository Credit Intermediation,19414922,183240,6108,105.95,derived
2020-07-01,Depository Credit Intermediation,20038154,189565,6115,105.71,derived
2020-08-01,Depository Credit Intermediation,18844424,189627,6117,99.38,derived
2020-09-01,Depository Credit Intermediation,18322662,183270,6109,99.98,derived
2020-10-01,Depository Credit Intermediation,18548192,188511,6081,98.39,derived
2020-11-01,Depository Credit Intermediation,18104883,182220,6074,99.36,derived
2020-12-01,Depository Credit Intermediation,21433088,187922,6062,114.05,derived
2021-01-01,Depository Credit Intermediation,16103798,187643,6053,85.82,derived
2021-02-01,Depository Credit Intermediation,13773781,169148,6041,81.43,derived
2021-03-01,Depository Credit Intermediation,20657497,186651,6021,110.67,derived
2021-04-01,Depository Credit Intermediation,19774652,180360,6012,109.64,derived
2021-05-01,Depository Credit Intermediation,19685789,185628,5988,106.05,derived
2021-06-01,Depository Credit Intermediation,19852389,179280,5976,110.73,derived
2021-07-01,Depository Credit Intermediation,21050727,183985,5935,114.42,derived
2021-08-01,Depository Credit Intermediation,20021846,183427,5917,109.15,derived
2021-09-01,Depository Credit Intermediation,19355124,177000,5900,109.35,derived
2021-10-01,Depository Credit Intermediation,19178490,181319,5849,105.77,derived
2021-11-01,Depository Credit Intermediation,19011132,171210,5707,111.04,derived
2021-12-01,Depository Credit Intermediation,22061862,176514,5694,124.99,derived
2022-01-01,Depository Credit Intermediation,16191406,175956,5676,92.02,derived
2022-02-01,Depository Credit Intermediation,15783438,154588,5521,102.1,derived
2022-03-01,Depository Credit Intermediation,19107731,171988,5548,111.1,derived
2022-04-01,Depository Credit Intermediation,18431908,165870,5529,111.12,derived
2022-05-01,Depository Credit Intermediation,18304424,170934,5514,107.08,derived
2022-06-01,Depository Credit Intermediation,19103104,164220,5474,116.33,derived
2022-07-01,Depository Credit Intermediation,19081602,169787,5477,112.39,derived
2022-08-01,Depository Credit Intermediation,20008706,169539,5469,118.02,derived
2022-09-01,Depository Credit Intermediation,18388107,163920,5464,112.18,derived
2022-10-01,Depository Credit Intermediation,18095820,169043,5453,107.05,derived
2022-11-01,Depository Credit Intermediation,17910850,163320,5444,109.67,derived
2022-12-01,Depository Credit Intermediation,21096222,167617,5407,125.86,derived
2023-01-01,Depository Credit Intermediation,16734754,167307,5397,100.02,derived
2023-02-01,Depository Credit Intermediation,15732597,150752,5384,104.36,derived
2023-03-01,Depository Credit Intermediation,18700573,165850,5350,112.76,derived
2023-04-01,Depository Credit Intermediation,17224457,160110,5337,107.58,derived
2023-05-01,Depository Credit Intermediation,18643638,163494,5274,114.03,derived
2023-06-01,Depository Credit Intermediation,18487857,157560,5252,117.34,derived
2023-07-01,Depository Credit Intermediation,18265745,163060,5260,112.02,derived
2023-08-01,Depository Credit Intermediation,19067064,162502,5242,117.33,derived
2023-09-01,Depository Credit Intermediation,17296569,156900,5230,110.24,derived
2023-10-01,Depository Credit Intermediation,17632878,162068,5228,108.8,derived
2023-11-01,Depository Credit Intermediation,17481809,156840,5228,111.46,derived
2023-12-01,Depository Credit Intermediation,19659725,161572,5212,121.68,derived
2024-01-01,Depository Credit Intermediation,16488219,161386,5206,102.17,derived
2024-02-01,Depository Credit Intermediation,16096019,151409,5221,106.31,derived
2024-03-01,Depository Credit Intermediation,17206815,161262,5202,106.7,derived
2024-04-01,Depository Credit Intermediation,17112937,155970,5199,109.72,derived
2024-05-01,Depository Credit Intermediation,18306705,160394,5174,114.14,derived
2024-06-01,Depository Credit Intermediation,17136165,155190,5173,110.42,derived
2024-07-01,Depository Credit Intermediation,18608355,160425,5175,115.99,derived
2024-08-01,Depository Credit Intermediation,19039517,160270,5170,118.8,derived
2024-09-01,Depository Credit Intermediation,16403887,154860,5162,105.93,derived
2024-10-01,Depository Credit Intermediation,17629412,159991,5161,110.19,derived
2024-11-01,Depository Credit Intermediation,17097945,154620,5154,110.58,derived
2024-12-01,Depository Credit Intermediation,19452403,159588,5148,121.89,derived
2020-01-01,Direct Selling Establishments,60891,2883,93,21.12,derived
2020-02-01,Direct Selling Establishments,55265,2697,93,20.49,derived
2020-03-01,Direct Selling Establishments,32369,2883,93,11.23,derived
2020-04-01,Direct Selling Establishments,2419,2790,93,0.87,derived
2020-05-01,Direct Selling Establishments,18094,2883,93,6.28,derived
2020-06-01,Direct Selling Establishments,30133,2790,93,10.8,derived
2020-07-01,Direct Selling Establishments,24855,2883,93,8.62,derived
2020-08-01,Direct Selling Establishments,24887,2883,93,8.63,derived
2020-09-01,Direct Selling Establishments,30513,2790,93,10.94,derived
2020-10-01,Direct Selling Establishments,38225,2883,93,13.26,derived
2020-11-01,Direct Selling Establishments,40815,2790,93,14.63,derived
2020-12-01,Direct Selling Establishments,47077,2883,93,16.33,derived
2021-01-01,Direct Selling Establishments,39137,2883,93,13.58,derived
2021-02-01,Direct Selling Establishments,43060,2548,91,16.9,derived
2021-03-01,Direct Selling Establishments,47386,2821,91,16.8,derived
2021-04-01,Direct Selling Establishments,36945,2730,91,13.53,derived
2021-05-01,Direct Selling Establishments,32961,2821,91,11.68,derived
2021-06-01,Direct Selling Establishments,32923,2730,91,12.06,derived
2021-07-01,Direct Selling Establishments,28217,2821,91,10.0,derived
2021-08-01,Direct Selling Establishments,29508,2821,91,10.46,derived
2021-09-01,Direct Selling Establishments,33095,2730,91,12.12,derived
2021-10-01,Direct Selling Establishments,39884,2821,91,14.14,derived
2021-11-01,Direct Selling Establishments,46455,2730,91,17.02,derived
2021-12-01,Direct Selling Establishments,52592,2821,91,18.64,derived
2022-01-01,Direct Selling Establishments,48540,2821,91,17.21,derived
2022-02-01,Direct Selling Establishments,47445,2548,91,18.62,derived
2022-03-01,Direct Selling Establishments,48992,2821,91,17.37,derived
2022-04-01,Direct Selling Establishments,35717,2730,91,13.08,derived
2022-05-01,Direct Selling Establishments,33819,2821,91,11.99,derived
2022-06-01,Direct Selling Establishments,32516,2730,91,11.91,derived
2022-07-01,Direct Selling Establishments,25929,2821,91,9.19,derived
2022-08-01,Direct Selling Establishments,30234,2821,91,10.72,derived
2022-09-01,Direct Selling Establishments,34135,2760,92,12.37,derived
2022-10-01,Direct Selling Establishments,40421,2852,92,14.17,derived
2022-11-01,Direct Selling Establishments,45424,2760,92,16.46,derived
2022-12-01,Direct Selling Establishments,59457,2852,92,20.85,derived
2023-01-01,Direct Selling Establishments,49811,2852,92,17.47,derived
2023-02-01,Direct Selling Establishments,45165,2576,92,17.53,derived
2023-03-01,Direct Selling Establishments,47799,2852,92,16.76,derived
2023-04-01,Direct Selling Establishments,33266,2760,92,12.05,derived
2023-05-01,Direct Selling Establishments,35954,2852,92,12.61,derived
2023-06-01,Direct Selling Establishments,32678,2760,92,11.84,derived
2023-07-01,Direct Selling Establishments,25344,2852,92,8.89,derived
2023-08-01,Direct Selling Establishments,30194,2852,92,10.59,derived
2023-09-01,Direct Selling Establishments,31239,2760,92,11.32,derived
2023-10-01,Direct Selling Establishments,40953,2852,92,14.36,derived
2023-11-01,Direct Selling Establishments,45850,2760,92,16.61,derived
2023-12-01,Direct Selling Establishments,49838,2852,92,17.47,derived
2024-01-01,Direct Selling Establishments,52381,2852,92,18.37,derived
2024-02-01,Direct Selling Establishments,47493,2668,92,17.8,derived
2024-03-01,Direct Selling Establishments,44463,2852,92,15.59,derived
2024-04-01,Direct Selling Establishments,36062,2760,92,13.07,derived
2024-05-01,Direct Selling Establishments,35513,2852,92,12.45,derived
2024-06-01,Direct Selling Establishments,29562,2760,92,10.71,derived
2024-07-01,Direct Selling Establishments,27816,2852,92,9.75,derived
2024-08-01,Direct Selling Establishments,29411,2852,92,10.31,derived
2024-09-01,Direct Selling Establishments,30643,2760,92,11.1,derived
2024-10-01,Direct Selling Establishments,42813,2852,92,15.01,derived
2024-11-01,Direct Selling Establishments,43825,2760,92,15.88,derived
2024-12-01,Direct Selling Establishments,50568,2852,92,17.73,derived
2020-01-01,Drinking Places (Alcoholic Beverages),1072821,1674,54,640.87,derived
2020-02-01,Drinking Places (Alcoholic Beverages),1077844,1566,54,688.28,derived
2020-03-01,Drinking Places (Alcoholic Beverages),594287,1674,54,355.01,derived
2020-04-01,Drinking Places (Alcoholic Beverages),1808,1620,54,1.12,derived
2020-05-01,Drinking Places (Alcoholic Beverages),52189,1674,54,31.18,derived
2020-06-01,Drinking Places (Alcoholic Beverages),291557,1590,53,183.37,derived
2020-07-01,Drinking Places (Alcoholic Beverages),131136,1643,53,79.81,derived
2020-08-01,Drinking Places (Alcoholic Beverages),86128,1643,53,52.42,derived
2020-09-01,Drinking Places (Alcoholic Beverages),104844,1590,53,65.94,derived
2020-10-01,Drinking Places (Alcoholic Beverages),278355,1643,53,169.42,derived
2020-11-01,Drinking Places (Alcoholic Beverages),342211,1590,53,215.23,derived
2020-12-01,Drinking Places (Alcoholic Beverages),183317,1643,53,111.57,derived
2021-01-01,Drinking Places (Alcoholic Beverages),130565,1612,52,81.0,derived
2021-02-01,Drinking Places (Alcoholic Beverages),128131,1456,52,88.0,derived
2021-03-01,Drinking Places (Alcoholic Beverages),250384,1612,52,155.33,derived
2021-04-01,Drinking Places (Alcoholic Beverages),644012,1560,52,412.83,derived
2021-05-01,Drinking Places (Alcoholic Beverages),878240,1612,52,544.81,derived
2021-06-01,Drinking Places (Alcoholic Beverages),904660,1560,52,579.91,derived
2021-07-01,Drinking Places (Alcoholic Beverages),984287,1612,52,610.6,derived
2021-08-01,Drinking Places (Alcoholic Beverages),886960,1612,52,550.22,derived
2021-09-01,Drinking Places (Alcoholic Beverages),915804,1560,52,587.05,derived
2021-10-01,Drinking Places (Alcoholic Beverages),1016362,1612,52,630.5,derived
2021-11-01,Drinking Places (Alcoholic Beverages),933000,1560,52,598.08,derived
2021-12-01,Drinking Places (Alcoholic Beverages),1032702,1643,53,628.55,derived
2022-01-01,Drinking Places (Alcoholic Beverages),878066,1643,53,534.43,derived
2022-02-01,Drinking Places (Alcoholic Beverages),872526,1484,53,587.96,derived
2022-03-01,Drinking Places (Alcoholic Beverages),984272,1643,53,599.07,derived
2022-04-01,Drinking Places (Alcoholic Beverages),971252,1590,53,610.85,derived
2022-05-01,Drinking Places (Alcoholic Beverages),947178,1643,53,576.49,derived
2022-06-01,Drinking Places (Alcoholic Beverages),912116,1590,53,573.66,derived
2022-07-01,Drinking Places (Alcoholic Beverages),974309,1643,53,593.01,derived
2022-08-01,Drinking Places (Alcoholic Beverages),921277,1643,53,560.73,derived
2022-09-01,Drinking Places (Alcoholic Beverages),921927,1530,51,602.57,derived
2022-10-01,Drinking Places (Alcoholic Beverages),964791,1581,51,610.24,derived
2022-11-01,Drinking Places (Alcoholic Beverages),890371,1530,51,581.94,derived
2022-12-01,Drinking Places (Alcoholic Beverages),953356,1581,51,603.01,derived
2023-01-01,Drinking Places (Alcoholic Beverages),903970,1581,51,571.77,derived
2023-02-01,Drinking Places (Alcoholic Beverages),924321,1456,52,634.84,derived
2023-03-01,Drinking Places (Alcoholic Beverages),1000152,1612,52,620.44,derived
2023-04-01,Drinking Places (Alcoholic Beverages),967066,1560,52,619.91,derived
2023-05-01,Drinking Places (Alcoholic Beverages),918247,1612,52,569.63,derived
2023-06-01,Drinking Places (Alcoholic Beverages),894167,1560,52,573.18,derived
2023-07-01,Drinking Places (Alcoholic Beverages),941871,1612,52,584.29,derived
2023-08-01,Drinking Places (Alcoholic Beverages),881185,1612,52,546.64,derived
2023-09-01,Drinking Places (Alcoholic Beverages),962526,1590,53,605.36,derived
2023-10-01,Drinking Places (Alcoholic Beverages),953168,1643,53,580.14,derived
2023-11-01,Drinking Places (Alcoholic Beverages),930718,1590,53,585.36,derived
2023-12-01,Drinking Places (Alcoholic Beverages),1008093,1643,53,613.57,derived
2024-01-01,Drinking Places (Alcoholic Beverages),814450,1643,53,495.71,derived
2024-02-01,Drinking Places (Alcoholic Beverages),915666,1566,54,584.72,derived
2024-03-01,Drinking Places (Alcoholic Beverages),1039665,1674,54,621.07,derived
2024-04-01,Drinking Places (Alcoholic Beverages),913109,1620,54,563.65,derived
2024-05-01,Drinking Places (Alcoholic Beverages),967676,1674,54,578.06,derived
2024-06-01,Drinking Places (Alcoholic Beverages),928765,1620,54,573.31,derived
2024-07-01,Drinking Places (Alcoholic Beverages),901689,1674,54,538.64,derived
2024-08-01,Drinking Places (Alcoholic Beverages),915031,1643,53,556.93,derived
2024-09-01,Drinking Places (Alcoholic Beverages),859202,1590,53,540.38,derived
2024-10-01,Drinking Places (Alcoholic Beverages),895885,1643,53,545.27,derived
2024-11-01,Drinking Places (Alcoholic Beverages),922906,1620,54,569.7,derived
2024-12-01,Drinking Places (Alcoholic Beverages),934203,1643,53,568.6,derived
2020-01-01,Drycleaning and Laundry Services,106161,2728,88,38.92,derived
2020-02-01,Drycleaning and Laundry Services,97580,2552,88,38.24,derived
2020-03-01,Drycleaning and Laundry Services,70570,2728,88,25.87,derived
2020-04-01,Drycleaning and Laundry Services,29940,2640,88,11.34,derived
2020-05-01,Drycleaning and Laundry Services,68399,2728,88,25.07,derived
2020-06-01,Drycleaning and Laundry Services,87027,2640,88,32.96,derived
2020-07-01,Drycleaning and Laundry Services,82647,2728,88,30.3,derived
2020-08-01,Drycleaning and Laundry Services,80601,2728,88,29.55,derived
2020-09-01,Drycleaning and Laundry Services,81597,2640,88,30.91,derived
2020-10-01,Drycleaning and Laundry Services,86061,2728,88,31.55,derived
2020-11-01,Drycleaning and Laundry Services,88325,2640,88,33.46,derived
2020-12-01,Drycleaning and Laundry Services,100764,2728,88,36.94,derived
2021-01-01,Drycleaning and Laundry Services,72451,2728,88,26.56,derived
2021-02-01,Drycleaning and Laundry Services,61662,2464,88,25.03,derived
2021-03-01,Drycleaning and Laundry Services,97668,2728,88,35.8,derived
2021-04-01,Drycleaning and Laundry Services,95482,2640,88,36.17,derived
2021-05-01,Drycleaning and Laundry Services,96676,2728,88,35.44,derived
2021-06-01,Drycleaning and Laundry Services,97299,2670,89,36.44,derived
2021-07-01,Drycleaning and Laundry Services,100868,2759,89,36.56,derived
2021-08-01,Drycleaning and Laundry Services,96005,2759,89,34.8,derived
2021-09-01,Drycleaning and Laundry Services,91978,2670,89,34.45,derived
2021-10-01,Drycleaning and Laundry Services,93342,2759,89,33.83,derived
2021-11-01,Drycleaning and Laundry Services,100794,2670,89,37.75,derived
2021-12-01,Drycleaning and Laundry Services,111085,2790,90,39.82,derived
2022-01-01,Drycleaning and Laundry Services,83569,2790,90,29.95,derived
2022-02-01,Drycleaning and Laundry Services,80473,2520,90,31.93,derived
2022-03-01,Drycleaning and Laundry Services,99054,2790,90,35.5,derived
2022-04-01,Drycleaning and Laundry Services,98036,2730,91,35.91,derived
2022-05-01,Drycleaning and Laundry Services,92803,2697,87,34.41,derived
2022-06-01,Drycleaning and Laundry Services,92686,2610,87,35.51,derived
2022-07-01,Drycleaning and Laundry Services,87965,2666,86,33.0,derived
2022-08-01,Drycleaning and Laundry Services,93238,2697,87,34.57,derived
2022-09-01,Drycleaning and Laundry Services,86096,2610,87,32.99,derived
2022-10-01,Drycleaning and Laundry Services,86418,2666,86,32.41,derived
2022-11-01,Drycleaning and Laundry Services,91019,2580,86,35.28,derived
2022-12-01,Drycleaning and Laundry Services,102405,2666,86,38.41,derived
2023-01-01,Drycleaning and Laundry Services,83032,2666,86,31.14,derived
2023-02-01,Drycleaning and Laundry Services,77836,2408,86,32.32,derived
2023-03-01,Drycleaning and Laundry Services,91714,2666,86,34.4,derived
2023-04-01,Drycleaning and Laundry Services,83839,2580,86,32.5,derived
2023-05-01,Drycleaning and Laundry Services,92368,2666,86,34.65,derived
2023-06-01,Drycleaning and Laundry Services,89280,2580,86,34.6,derived
2023-07-01,Drycleaning and Laundry Services,87799,2666,86,32.93,derived
2023-08-01,Drycleaning and Laundry Services,87560,2480,80,35.31,derived
2023-09-01,Drycleaning and Laundry Services,79449,2370,79,33.52,derived
2023-10-01,Drycleaning and Laundry Services,82113,2480,80,33.11,derived
2023-11-01,Drycleaning and Laundry Services,86786,2400,80,36.16,derived
2023-12-01,Drycleaning and Laundry Services,94885,2480,80,38.26,derived
2024-01-01,Drycleaning and Laundry Services,80121,2480,80,32.31,derived
2024-02-01,Drycleaning and Laundry Services,77940,2320,80,33.59,derived
2024-03-01,Drycleaning and Laundry Services,83537,2480,80,33.68,derived
2024-04-01,Drycleaning and Laundry Services,83544,2400,80,34.81,derived
2024-05-01,Drycleaning and Laundry Services,89649,2480,80,36.15,derived
2024-06-01,Drycleaning and Laundry Services,81280,2460,82,33.04,derived
2024-07-01,Drycleaning and Laundry Services,87719,2542,82,34.51,derived
2024-08-01,Drycleaning and Laundry Services,87592,2542,82,34.46,derived
2024-09-01,Drycleaning and Laundry Services,76695,2430,81,31.56,derived
2024-10-01,Drycleaning and Laundry Services,83933,2511,81,33.43,derived
2024-11-01,Drycleaning and Laundry Services,85392,2430,81,35.14,derived
2024-12-01,Drycleaning and Laundry Services,96147,2511,81,38.29,derived
2020-01-01,Electronic and Precision Equipment Repair and Maintenance,200857,3007,97,66.8,derived
2020-02-01,Electronic and Precision Equipment Repair and Maintenance,194180,2813,97,69.03,derived
2020-03-01,Electronic and Precision Equipment Repair and Maintenance,109813,3007,97,36.52,derived
2020-04-01,Electronic and Precision Equipment Repair and Maintenance,3703,2910,97,1.27,derived
2020-05-01,Electronic and Precision Equipment Repair and Maintenance,77351,3007,97,25.72,derived
2020-06-01,Electronic and Precision Equipment Repair and Maintenance,152334,2910,97,52.35,derived
2020-07-01,Electronic and Precision Equipment Repair and Maintenance,152988,3007,97,50.88,derived
2020-08-01,Electronic and Precision Equipment Repair and Maintenance,156224,3007,97,51.95,derived
2020-09-01,Electronic and Precision Equipment Repair and Maintenance,152446,2910,97,52.39,derived
2020-10-01,Electronic and Precision Equipment Repair and Maintenance,162618,3007,97,54.08,derived
2020-11-01,Electronic and Precision Equipment Repair and Maintenance,165729,2910,97,56.95,derived
2020-12-01,Electronic and Precision Equipment Repair and Maintenance,180951,3007,97,60.18,derived
2021-01-01,Electronic and Precision Equipment Repair and Maintenance,139474,3007,97,46.38,derived
2021-02-01,Electronic and Precision Equipment Repair and Maintenance,115482,2688,96,42.96,derived
2021-03-01,Electronic and Precision Equipment Repair and Maintenance,179455,3038,98,59.07,derived
2021-04-01,Electronic and Precision Equipment Repair and Maintenance,183173,2970,99,61.67,derived
2021-05-01,Electronic and Precision Equipment Repair and Maintenance,191598,3100,100,61.81,derived
2021-06-01,Electronic and Precision Equipment Repair and Maintenance,191570,3000,100,63.86,derived
2021-07-01,Electronic and Precision Equipment Repair and Maintenance,215579,3100,100,69.54,derived
2021-08-01,Electronic and Precision Equipment Repair and Maintenance,212936,3100,100,68.69,derived
2021-09-01,Electronic and Precision Equipment Repair and Maintenance,185992,3000,100,62.0,derived
2021-10-01,Electronic and Precision Equipment Repair and Maintenance,195700,3100,100,63.13,derived
2021-11-01,Electronic and Precision Equipment Repair and Maintenance,203502,3000,100,67.83,derived
2021-12-01,Electronic and Precision Equipment Repair and Maintenance,249866,3100,100,80.6,derived
2022-01-01,Electronic and Precision Equipment Repair and Maintenance,171250,3131,101,54.69,derived
2022-02-01,Electronic and Precision Equipment Repair and Maintenance,166440,2828,101,58.85,derived
2022-03-01,Electronic and Precision Equipment Repair and Maintenance,204266,3131,101,65.24,derived
2022-04-01,Electronic and Precision Equipment Repair and Maintenance,196417,3060,102,64.19,derived
2022-05-01,Electronic and Precision Equipment Repair and Maintenance,194092,3069,99,63.24,derived
2022-06-01,Electronic and Precision Equipment Repair and Maintenance,198564,3030,101,65.53,derived
2022-07-01,Electronic and Precision Equipment Repair and Maintenance,217625,3224,104,67.5,derived
2022-08-01,Electronic and Precision Equipment Repair and Maintenance,218077,3255,105,67.0,derived
2022-09-01,Electronic and Precision Equipment Repair and Maintenance,195341,3150,105,62.01,derived
2022-10-01,Electronic and Precision Equipment Repair and Maintenance,196540,3224,104,60.96,derived
2022-11-01,Electronic and Precision Equipment Repair and Maintenance,203912,3180,106,64.12,derived
2022-12-01,Electronic and Precision Equipment Repair and Maintenance,258826,3317,107,78.03,derived
2023-01-01,Electronic and Precision Equipment Repair and Maintenance,192099,3317,107,57.91,derived
2023-02-01,Electronic and Precision Equipment Repair and Maintenance,175416,2968,106,59.1,derived
2023-03-01,Electronic and Precision Equipment Repair and Maintenance,201557,3286,106,61.34,derived
2023-04-01,Electronic and Precision Equipment Repair and Maintenance,200060,3210,107,62.32,derived
2023-05-01,Electronic and Precision Equipment Repair and Maintenance,205639,3317,107,62.0,derived
2023-06-01,Electronic and Precision Equipment Repair and Maintenance,208086,3210,107,64.82,derived
2023-07-01,Electronic and Precision Equipment Repair and Maintenance,223575,3379,109,66.17,derived
2023-08-01,Electronic and Precision Equipment Repair and Maintenance,216313,3317,107,65.21,derived
2023-09-01,Electronic and Precision Equipment Repair and Maintenance,197558,3240,108,60.97,derived
2023-10-01,Electronic and Precision Equipment Repair and Maintenance,206438,3441,111,59.99,derived
2023-11-01,Electronic and Precision Equipment Repair and Maintenance,224030,3420,114,65.51,derived
2023-12-01,Electronic and Precision Equipment Repair and Maintenance,289598,3534,114,81.95,derived
2024-01-01,Electronic and Precision Equipment Repair and Maintenance,199429,3534,114,56.43,derived
2024-02-01,Electronic and Precision Equipment Repair and Maintenance,198056,3335,115,59.39,derived
2024-03-01,Electronic and Precision Equipment Repair and Maintenance,222472,3596,116,61.87,derived
2024-04-01,Electronic and Precision Equipment Repair and Maintenance,213626,3510,117,60.86,derived
2024-05-01,Electronic and Precision Equipment Repair and Maintenance,231844,3689,119,62.85,derived
2024-06-01,Electronic and Precision Equipment Repair and Maintenance,231497,3570,119,64.85,derived
2024-07-01,Electronic and Precision Equipment Repair and Maintenance,243030,3751,121,64.79,derived
2024-08-01,Electronic and Precision Equipment Repair and Maintenance,249335,3751,121,66.47,derived
2024-09-01,Electronic and Precision Equipment Repair and Maintenance,212260,3690,123,57.52,derived
2024-10-01,Electronic and Precision Equipment Repair and Maintenance,216711,3751,121,57.77,derived
2024-11-01,Electronic and Precision Equipment Repair and Maintenance,232285,3600,120,64.52,derived
2024-12-01,Electronic and Precision Equipment Repair and Maintenance,287885,3751,121,76.75,derived
2020-01-01,Electronics and Appliance Stores,10875919,20615,665,527.57,derived
2020-02-01,Electronics and Appliance Stores,10081900,19285,665,522.78,derived
2020-03-01,Electronics and Appliance Stores,5602548,20615,665,271.77,derived
2020-04-01,Electronics and Appliance Stores,80557,19950,665,4.04,derived
2020-05-01,Electronics and Appliance Stores,1707516,20615,665,82.83,derived
2020-06-01,Electronics and Appliance Stores,4493355,19680,656,228.32,derived
2020-07-01,Electronics and Appliance Stores,4481674,20367,657,220.05,derived
2020-08-01,Electronics and Appliance Stores,5494254,20398,658,269.35,derived
2020-09-01,Electronics and Appliance Stores,7397535,19740,658,374.75,derived
2020-10-01,Electronics and Appliance Stores,8036749,20367,657,394.6,derived
2020-11-01,Electronics and Appliance Stores,9546310,19740,658,483.6,derived
2020-12-01,Electronics and Appliance Stores,10294098,20398,658,504.66,derived
2021-01-01,Electronics and Appliance Stores,7271773,20584,664,353.27,derived
2021-02-01,Electronics and Appliance Stores,6319007,18676,667,338.35,derived
2021-03-01,Electronics and Appliance Stores,9098156,20646,666,440.67,derived
2021-04-01,Electronics and Appliance Stores,9112864,19980,666,456.1,derived
2021-05-01,Electronics and Appliance Stores,9006029,20677,667,435.56,derived
2021-06-01,Electronics and Appliance Stores,8490807,19860,662,427.53,derived
2021-07-01,Electronics and Appliance Stores,8909533,20646,666,431.54,derived
2021-08-01,Electronics and Appliance Stores,8923000,20863,673,427.69,derived
2021-09-01,Electronics and Appliance Stores,9343316,20250,675,461.4,derived
2021-10-01,Electronics and Appliance Stores,9309216,21080,680,441.61,derived
2021-11-01,Electronics and Appliance Stores,11673583,20400,680,572.23,derived
2021-12-01,Electronics and Appliance Stores,13120371,21111,681,621.49,derived
2022-01-01,Electronics and Appliance Stores,8128152,21111,681,385.02,derived
2022-02-01,Electronics and Appliance Stores,7811192,19068,681,409.65,derived
2022-03-01,Electronics and Appliance Stores,9183995,21080,680,435.67,derived
2022-04-01,Electronics and Appliance Stores,9039115,20340,678,444.4,derived
2022-05-01,Electronics and Appliance Stores,8716220,21049,679,414.09,derived
2022-06-01,Electronics and Appliance Stores,8410755,20370,679,412.9,derived
2022-07-01,Electronics and Appliance Stores,8996435,21018,678,428.03,derived
2022-08-01,Electronics and Appliance Stores,8923500,21297,687,419.0,derived
2022-09-01,Electronics and Appliance Stores,9225871,20610,687,447.64,derived
2022-10-01,Electronics and Appliance Stores,8787809,21235,685,413.84,derived
2022-11-01,Electronics and Appliance Stores,10904151,20550,685,530.62,derived
2022-12-01,Electronics and Appliance Stores,12622461,21204,684,595.29,derived
2023-01-01,Electronics and Appliance Stores,8818705,21235,685,415.29,derived
2023-02-01,Electronics and Appliance Stores,7958416,19180,685,414.93,derived
2023-03-01,Electronics and Appliance Stores,8936617,21266,686,420.23,derived
2023-04-01,Electronics and Appliance Stores,8800448,20310,677,433.31,derived
2023-05-01,Electronics and Appliance Stores,8646283,21018,678,411.38,derived
2023-06-01,Electronics and Appliance Stores,8339719,20190,673,413.06,derived
2023-07-01,Electronics and Appliance Stores,8724989,20832,672,418.83,derived
2023-08-01,Electronics and Appliance Stores,8619334,20739,669,415.61,derived
2023-09-01,Electronics and Appliance Stores,8831719,19800,660,446.05,derived
2023-10-01,Electronics and Appliance Stores,8384676,20398,658,411.05,derived
2023-11-01,Electronics and Appliance Stores,10867257,19530,651,556.44,derived
2023-12-01,Electronics and Appliance Stores,12273351,19964,644,614.77,derived
2024-01-01,Electronics and Appliance Stores,8474595,19809,639,427.82,derived
2024-02-01,Electronics and Appliance Stores,8161800,18647,643,437.7,derived
2024-03-01,Electronics and Appliance Stores,9069187,19902,642,455.69,derived
2024-04-01,Electronics and Appliance Stores,8305382,19140,638,433.93,derived
2024-05-01,Electronics and Appliance Stores,8505453,19747,637,430.72,derived
2024-06-01,Electronics and Appliance Stores,8063136,19110,637,421.93,derived
2024-07-01,Electronics and Appliance Stores,8562717,19747,637,433.62,derived
2024-08-01,Electronics and Appliance Stores,8721812,19654,634,443.77,derived
2024-09-01,Electronics and Appliance Stores,8332016,18990,633,438.76,derived
2024-10-01,Electronics and Appliance Stores,8355403,19995,645,417.87,derived
2024-11-01,Electronics and Appliance Stores,11028997,19470,649,566.46,derived
2024-12-01,Electronics and Appliance Stores,11804470,20150,650,585.83,derived
2020-01-01,Employment Services,192034,15097,487,12.72,derived
2020-02-01,Employment Services,173202,14123,487,12.26,derived
2020-03-01,Employment Services,106890,15097,487,7.08,derived
2020-04-01,Employment Services,4158,14610,487,0.28,derived
2020-05-01,Employment Services,74528,15097,487,4.94,derived
2020-06-01,Employment Services,148117,14610,487,10.14,derived
2020-07-01,Employment Services,151942,15097,487,10.06,derived
2020-08-01,Employment Services,145923,15097,487,9.67,derived
2020-09-01,Employment Services,145737,14610,487,9.98,derived
2020-10-01,Employment Services,148840,15097,487,9.86,derived
2020-11-01,Employment Services,152655,14610,487,10.45,derived
2020-12-01,Employment Services,157522,15097,487,10.43,derived
2021-01-01,Employment Services,119780,15066,486,7.95,derived
2021-02-01,Employment Services,106597,13664,488,7.8,derived
2021-03-01,Employment Services,162725,15097,487,10.78,derived
2021-04-01,Employment Services,167203,14610,487,11.44,derived
2021-05-01,Employment Services,166253,15097,487,11.01,derived
2021-06-01,Employment Services,173415,14610,487,11.87,derived
2021-07-01,Employment Services,180737,15128,488,11.95,derived
2021-08-01,Employment Services,180796,15128,488,11.95,derived
2021-09-01,Employment Services,169292,14670,489,11.54,derived
2021-10-01,Employment Services,163270,15221,491,10.73,derived
2021-11-01,Employment Services,178080,14700,490,12.11,derived
2021-12-01,Employment Services,188917,15190,490,12.44,derived
2022-01-01,Employment Services,146698,15190,490,9.66,derived
2022-02-01,Employment Services,143754,13692,489,10.5,derived
2022-03-01,Employment Services,173794,15097,487,11.51,derived
2022-04-01,Employment Services,164243,14580,486,11.26,derived
2022-05-01,Employment Services,173053,15035,485,11.51,derived
2022-06-01,Employment Services,172676,14580,486,11.84,derived
2022-07-01,Employment Services,168022,14849,479,11.32,derived
2022-08-01,Employment Services,183768,14849,479,12.38,derived
2022-09-01,Employment Services,167374,14370,479,11.65,derived
2022-10-01,Employment Services,156393,14880,480,10.51,derived
2022-11-01,Employment Services,167774,14400,480,11.65,derived
2022-12-01,Employment Services,186023,14725,475,12.63,derived
2023-01-01,Employment Services,157927,14725,475,10.73,derived
2023-02-01,Employment Services,142109,13244,473,10.73,derived
2023-03-01,Employment Services,168779,14663,473,11.51,derived
2023-04-01,Employment Services,151761,14220,474,10.67,derived
2023-05-01,Employment Services,174568,14756,476,11.83,derived
2023-06-01,Employment Services,171787,14220,474,12.08,derived
2023-07-01,Employment Services,166433,14725,475,11.3,derived
2023-08-01,Employment Services,179776,14725,475,12.21,derived
2023-09-01,Employment Services,159246,14310,477,11.13,derived
2023-10-01,Employment Services,161609,14787,477,10.93,derived
2023-11-01,Employment Services,167558,14250,475,11.76,derived
2023-12-01,Employment Services,170115,14663,473,11.6,derived
2024-01-01,Employment Services,159459,14570,470,10.94,derived
2024-02-01,Employment Services,151490,13514,466,11.21,derived
2024-03-01,Employment Services,156778,14663,473,10.69,derived
2024-04-01,Employment Services,161945,14280,476,11.34,derived
2024-05-01,Employment Services,175217,14663,473,11.95,derived
2024-06-01,Employment Services,158173,14130,471,11.19,derived
2024-07-01,Employment Services,173835,14508,468,11.98,derived
2024-08-01,Employment Services,175696,14539,469,12.08,derived
2024-09-01,Employment Services,151349,13650,455,11.09,derived
2024-10-01,Employment Services,158285,14074,454,11.25,derived
2024-11-01,Employment Services,161158,13680,456,11.78,derived
2024-12-01,Employment Services,185855,14415,465,12.89,derived
2020-01-01,"Engine, Turbine, and Power Transmission Equipment Manufacturing",747,31,1,24.1,derived
2020-02-01,"Engine, Turbine, and Power Transmission Equipment Manufacturing",748,29,1,25.79,derived
2020-03-01,"Engine, Turbine, and Power Transmission Equipment Manufacturing",456,31,1,14.71,derived
2020-04-01,"Engine, Turbine, and Power Transmission Equipment Manufacturing",0,30,1,0.0,derived
2020-05-01,"Engine, Turbine, and Power Transmission Equipment Manufacturing",52,31,1,1.68,derived
2020-06-01,"Engine, Turbine, and Power Transmission Equipment Manufacturing",720,30,1,24.0,derived
2020-07-01,"Engine, Turbine, and Power Transmission Equipment Manufacturing",647,31,1,20.87,derived
2020-08-01,"Engine, Turbine, and Power Transmission Equipment Manufacturing",672,31,1,21.68,derived
2020-09-01,"Engine, Turbine, and Power Transmission Equipment Manufacturing",616,30,1,20.53,derived
2020-10-01,"Engine, Turbine, and Power Transmission Equipment Manufacturing",631,31,1,20.35,derived
2020-11-01,"Engine, Turbine, and Power Transmission Equipment Manufacturing",310,30,1,10.33,derived
2020-12-01,"Engine, Turbine, and Power Transmission Equipment Manufacturing",0,31,1,0.0,derived
2021-01-01,"Engine, Turbine, and Power Transmission Equipment Manufacturing",0,31,1,0.0,derived
2021-02-01,"Engine, Turbine, and Power Transmission Equipment Manufacturing",320,28,1,11.43,derived
2021-03-01,"Engine, Turbine, and Power Transmission Equipment Manufacturing",695,31,1,22.42,derived
2021-04-01,"Engine, Turbine, and Power Transmission Equipment Manufacturing",679,30,1,22.63,derived
2021-05-01,"Engine, Turbine, and Power Transmission Equipment Manufacturing",691,31,1,22.29,derived
2021-06-01,"Engine, Turbine, and Power Transmission Equipment Manufacturing",695,30,1,23.17,derived
2021-07-01,"Engine, Turbine, and Power Transmission Equipment Manufacturing",765,31,1,24.68,derived
2021-08-01,"Engine, Turbine, and Power Transmission Equipment Manufacturing",746,31,1,24.06,derived
2021-09-01,"Engine, Turbine, and Power Transmission Equipment Manufacturing",685,30,1,22.83,derived
2021-10-01,"Engine, Turbine, and Power Transmission Equipment Manufacturing",649,31,1,20.94,derived
2021-11-01,"Engine, Turbine, and Power Transmission Equipment Manufacturing",712,30,1,23.73,derived
2021-12-01,"Engine, Turbine, and Power Transmission Equipment Manufacturing",821,31,1,26.48,derived
2022-01-01,"Engine, Turbine, and Power Transmission Equipment Manufacturing",590,31,1,19.03,derived
2022-02-01,"Engine, Turbine, and Power Transmission Equipment Manufacturing",565,28,1,20.18,derived
2022-03-01,"Engine, Turbine, and Power Transmission Equipment Manufacturing",672,31,1,21.68,derived
2022-04-01,"Engine, Turbine, and Power Transmission Equipment Manufacturing",653,30,1,21.77,derived
2022-05-01,"Engine, Turbine, and Power Transmission Equipment Manufacturing",700,31,1,22.58,derived
2022-06-01,"Engine, Turbine, and Power Transmission Equipment Manufacturing",707,30,1,23.57,derived
2022-07-01,"Engine, Turbine, and Power Transmission Equipment Manufacturing",744,31,1,24.0,derived
2022-08-01,"Engine, Turbine, and Power Transmission Equipment Manufacturing",764,31,1,24.65,derived
2022-09-01,"Engine, Turbine, and Power Transmission Equipment Manufacturing",697,30,1,23.23,derived
2022-10-01,"Engine, Turbine, and Power Transmission Equipment Manufacturing",675,31,1,21.77,derived
2022-11-01,"Engine, Turbine, and Power Transmission Equipment Manufacturing",744,30,1,24.8,derived
2022-12-01,"Engine, Turbine, and Power Transmission Equipment Manufacturing",791,31,1,25.52,derived
2023-01-01,"Engine, Turbine, and Power Transmission Equipment Manufacturing",629,31,1,20.29,derived
2023-02-01,"Engine, Turbine, and Power Transmission Equipment Manufacturing",654,28,1,23.36,derived
2023-03-01,"Engine, Turbine, and Power Transmission Equipment Manufacturing",743,31,1,23.97,derived
2023-04-01,"Engine, Turbine, and Power Transmission Equipment Manufacturing",689,30,1,22.97,derived
2023-05-01,"Engine, Turbine, and Power Transmission Equipment Manufacturing",709,31,1,22.87,derived
2023-06-01,"Engine, Turbine, and Power Transmission Equipment Manufacturing",736,30,1,24.53,derived
2023-07-01,"Engine, Turbine, and Power Transmission Equipment Manufacturing",773,31,1,24.94,derived
2023-08-01,"Engine, Turbine, and Power Transmission Equipment Manufacturing",799,31,1,25.77,derived
2023-09-01,"Engine, Turbine, and Power Transmission Equipment Manufacturing",713,30,1,23.77,derived
2023-10-01,"Engine, Turbine, and Power Transmission Equipment Manufacturing",711,31,1,22.94,derived
2023-11-01,"Engine, Turbine, and Power Transmission Equipment Manufacturing",737,30,1,24.57,derived
2023-12-01,"Engine, Turbine, and Power Transmission Equipment Manufacturing",816,31,1,26.32,derived
2024-01-01,"Engine, Turbine, and Power Transmission Equipment Manufacturing",617,31,1,19.9,derived
2024-02-01,"Engine, Turbine, and Power Transmission Equipment Manufacturing",644,29,1,22.21,derived
2024-03-01,"Engine, Turbine, and Power Transmission Equipment Manufacturing",676,31,1,21.81,derived
2024-04-01,"Engine, Turbine, and Power Transmission Equipment Manufacturing",645,30,1,21.5,derived
2024-05-01,"Engine, Turbine, and Power Transmission Equipment Manufacturing",678,31,1,21.87,derived
2024-06-01,"Engine, Turbine, and Power Transmission Equipment Manufacturing",691,30,1,23.03,derived
2024-07-01,"Engine, Turbine, and Power Transmission Equipment Manufacturing",744,31,1,24.0,derived
2024-08-01,"Engine, Turbine, and Power Transmission Equipment Manufacturing",798,31,1,25.74,derived
2024-09-01,"Engine, Turbine, and Power Transmission Equipment Manufacturing",627,30,1,20.9,derived
2024-10-01,"Engine, Turbine, and Power Transmission Equipment Manufacturing",680,31,1,21.94,derived
2024-11-01,"Engine, Turbine, and Power Transmission Equipment Manufacturing",705,30,1,23.5,derived
2024-12-01,"Engine, Turbine, and Power Transmission Equipment Manufacturing",811,31,1,26.16,derived
2020-01-01,Florists,9738,372,12,26.18,derived
2020-02-01,Florists,9449,348,12,27.15,derived
2020-03-01,Florists,5568,372,12,14.97,derived
2020-04-01,Florists,0,360,12,0.0,derived
2020-05-01,Florists,1830,372,12,4.92,derived
2020-06-01,Florists,7742,360,12,21.51,derived
2020-07-01,Florists,8671,372,12,23.31,derived
2020-08-01,Florists,9036,372,12,24.29,derived
2020-09-01,Florists,9031,360,12,25.09,derived
2020-10-01,Florists,9515,372,12,25.58,derived
2020-11-01,Florists,8734,360,12,24.26,derived
2020-12-01,Florists,8835,372,12,23.75,derived
2021-01-01,Florists,6905,372,12,18.56,derived
2021-02-01,Florists,6845,336,12,20.37,derived
2021-03-01,Florists,9113,372,12,24.5,derived
2021-04-01,Florists,10018,360,12,27.83,derived
2021-05-01,Florists,10958,372,12,29.46,derived
2021-06-01,Florists,10744,360,12,29.84,derived
2021-07-01,Florists,10581,372,12,28.44,derived
2021-08-01,Florists,10319,372,12,27.74,derived
2021-09-01,Florists,10085,360,12,28.01,derived
2021-10-01,Florists,10312,372,12,27.72,derived
2021-11-01,Florists,9545,360,12,26.51,derived
2021-12-01,Florists,9657,372,12,25.96,derived
2022-01-01,Florists,7928,372,12,21.31,derived
2022-02-01,Florists,7434,308,11,24.14,derived
2022-03-01,Florists,8447,341,11,24.77,derived
2022-04-01,Florists,9321,330,11,28.25,derived
2022-05-01,Florists,9855,341,11,28.9,derived
2022-06-01,Florists,9765,330,11,29.59,derived
2022-07-01,Florists,9122,341,11,26.75,derived
2022-08-01,Florists,9311,341,11,27.3,derived
2022-09-01,Florists,9128,330,11,27.66,derived
2022-10-01,Florists,8946,341,11,26.23,derived
2022-11-01,Florists,8265,330,11,25.05,derived
2022-12-01,Florists,8746,341,11,25.65,derived
2023-01-01,Florists,7844,341,11,23.0,derived
2023-02-01,Florists,7246,308,11,23.53,derived
2023-03-01,Florists,8354,341,11,24.5,derived
2023-04-01,Florists,8777,330,11,26.6,derived
2023-05-01,Florists,9926,341,11,29.11,derived
2023-06-01,Florists,9805,330,11,29.71,derived
2023-07-01,Florists,8519,310,10,27.48,derived
2023-08-01,Florists,8683,310,10,28.01,derived
2023-09-01,Florists,8163,300,10,27.21,derived
2023-10-01,Florists,8364,310,10,26.98,derived
2023-11-01,Florists,7660,300,10,25.53,derived
2023-12-01,Florists,8351,310,10,26.94,derived
2024-01-01,Florists,6959,310,10,22.45,derived
2024-02-01,Florists,8153,319,11,25.56,derived
2024-03-01,Florists,8925,341,11,26.17,derived
2024-04-01,Florists,8744,330,11,26.5,derived
2024-05-01,Florists,9990,341,11,29.3,derived
2024-06-01,Florists,9938,330,11,30.12,derived
2024-07-01,Florists,9188,341,11,26.94,derived
2024-08-01,Florists,9805,341,11,28.75,derived
2024-09-01,Florists,7957,300,10,26.52,derived
2024-10-01,Florists,7318,279,9,26.23,derived
2024-11-01,Florists,6985,270,9,25.87,derived
2024-12-01,Florists,7535,279,9,27.01,derived
2020-01-01,Footwear Manufacturing,1663,31,1,53.65,derived
2020-02-01,Footwear Manufacturing,1449,29,1,49.97,derived
2020-03-01,Footwear Manufacturing,642,31,1,20.71,derived
2020-04-01,Footwear Manufacturing,0,30,1,0.0,derived
2020-05-01,Footwear Manufacturing,540,31,1,17.42,derived
2020-06-01,Footwear Manufacturing,1041,30,1,34.7,derived
2020-07-01,Footwear Manufacturing,1005,31,1,32.42,derived
2020-08-01,Footwear Manufacturing,1005,31,1,32.42,derived
2020-09-01,Footwear Manufacturing,1060,30,1,35.33,derived
2020-10-01,Footwear Manufacturing,1206,31,1,38.9,derived
2020-11-01,Footwear Manufacturing,1306,30,1,43.53,derived
2020-12-01,Footwear Manufacturing,1373,31,1,44.29,derived
2021-01-01,Footwear Manufacturing,987,31,1,31.84,derived
2021-02-01,Footwear Manufacturing,959,28,1,34.25,derived
2021-03-01,Footwear Manufacturing,1206,31,1,38.9,derived
2021-04-01,Footwear Manufacturing,1260,30,1,42.0,derived
2021-05-01,Footwear Manufacturing,1392,31,1,44.9,derived
2021-06-01,Footwear Manufacturing,1392,30,1,46.4,derived
2021-07-01,Footwear Manufacturing,1460,31,1,47.1,derived
2021-08-01,Footwear Manufacturing,1431,31,1,46.16,derived
2021-09-01,Footwear Manufacturing,2166,60,2,36.1,derived
2021-10-01,Footwear Manufacturing,1575,31,1,50.81,derived
2021-11-01,Footwear Manufacturing,1548,30,1,51.6,derived
2021-12-01,Footwear Manufacturing,1546,31,1,49.87,derived
2022-01-01,Footwear Manufacturing,1345,31,1,43.39,derived
2022-02-01,Footwear Manufacturing,1210,28,1,43.21,derived
2022-03-01,Footwear Manufacturing,1536,31,1,49.55,derived
2022-04-01,Footwear Manufacturing,1490,30,1,49.67,derived
2022-05-01,Footwear Manufacturing,1567,31,1,50.55,derived
2022-06-01,Footwear Manufacturing,1434,30,1,47.8,derived
2022-07-01,Footwear Manufacturing,1527,31,1,49.26,derived
2022-08-01,Footwear Manufacturing,1490,31,1,48.06,derived
2022-09-01,Footwear Manufacturing,1396,30,1,46.53,derived
2022-10-01,Footwear Manufacturing,1452,31,1,46.84,derived
2022-11-01,Footwear Manufacturing,1576,30,1,52.53,derived
2022-12-01,Footwear Manufacturing,1653,31,1,53.32,derived
2023-01-01,Footwear Manufacturing,1394,31,1,44.97,derived
2023-02-01,Footwear Manufacturing,1272,28,1,45.43,derived
2023-03-01,Footwear Manufacturing,1386,31,1,44.71,derived
2023-04-01,Footwear Manufacturing,1411,30,1,47.03,derived
2023-05-01,Footwear Manufacturing,1483,31,1,47.84,derived
2023-06-01,Footwear Manufacturing,3521,60,2,58.68,derived
2023-07-01,Footwear Manufacturing,3649,62,2,58.85,derived
2023-08-01,Footwear Manufacturing,3546,62,2,57.19,derived
2023-09-01,Footwear Manufacturing,3504,60,2,58.4,derived
2023-10-01,Footwear Manufacturing,3569,62,2,57.56,derived
2023-11-01,Footwear Manufacturing,5554,90,3,61.71,derived
2023-12-01,Footwear Manufacturing,7970,93,3,85.7,derived
2024-01-01,Footwear Manufacturing,4785,93,3,51.45,derived
2024-02-01,Footwear Manufacturing,4383,87,3,50.38,derived
2024-03-01,Footwear Manufacturing,5269,93,3,56.66,derived
2024-04-01,Footwear Manufacturing,4902,90,3,54.47,derived
2024-05-01,Footwear Manufacturing,5245,93,3,56.4,derived
2024-06-01,Footwear Manufacturing,5389,90,3,59.88,derived
2024-07-01,Footwear Manufacturing,5618,93,3,60.41,derived
2024-08-01,Footwear Manufacturing,5416,93,3,58.24,derived
2024-09-01,Footwear Manufacturing,4822,90,3,53.58,derived
2024-10-01,Footwear Manufacturing,5040,93,3,54.19,derived
2024-11-01,Footwear Manufacturing,6025,90,3,66.94,derived
2024-12-01,Footwear Manufacturing,7892,93,3,84.86,derived
2020-01-01,"Foundation, Structure, and Building Exterior Contractors",15366,1147,37,13.4,derived
2020-02-01,"Foundation, Structure, and Building Exterior Contractors",14275,1073,37,13.3,derived
2020-03-01,"Foundation, Structure, and Building Exterior Contractors",8428,1147,37,7.35,derived
2020-04-01,"Foundation, Structure, and Building Exterior Contractors",157,1110,37,0.14,derived
2020-05-01,"Foundation, Structure, and Building Exterior Contractors",6545,1147,37,5.71,derived
2020-06-01,"Foundation, Structure, and Building Exterior Contractors",11270,1110,37,10.15,derived
2020-07-01,"Foundation, Structure, and Building Exterior Contractors",11637,1147,37,10.15,derived
2020-08-01,"Foundation, Structure, and Building Exterior Contractors",10987,1147,37,9.58,derived
2020-09-01,"Foundation, Structure, and Building Exterior Contractors",11465,1110,37,10.33,derived
2020-10-01,"Foundation, Structure, and Building Exterior Contractors",12408,1147,37,10.82,derived
2020-11-01,"Foundation, Structure, and Building Exterior Contractors",12670,1110,37,11.41,derived
2020-12-01,"Foundation, Structure, and Building Exterior Contractors",12833,1147,37,11.19,derived
2021-01-01,"Foundation, Structure, and Building Exterior Contractors",9678,1147,37,8.44,derived
2021-02-01,"Foundation, Structure, and Building Exterior Contractors",8374,1036,37,8.08,derived
2021-03-01,"Foundation, Structure, and Building Exterior Contractors",13431,1147,37,11.71,derived
2021-04-01,"Foundation, Structure, and Building Exterior Contractors",13611,1080,36,12.6,derived
2021-05-01,"Foundation, Structure, and Building Exterior Contractors",13985,1147,37,12.19,derived
2021-06-01,"Foundation, Structure, and Building Exterior Contractors",14111,1110,37,12.71,derived
2021-07-01,"Foundation, Structure, and Building Exterior Contractors",14469,1147,37,12.61,derived
2021-08-01,"Foundation, Structure, and Building Exterior Contractors",14124,1147,37,12.31,derived
2021-09-01,"Foundation, Structure, and Building Exterior Contractors",13321,1110,37,12.0,derived
2021-10-01,"Foundation, Structure, and Building Exterior Contractors",13159,1147,37,11.47,derived
2021-11-01,"Foundation, Structure, and Building Exterior Contractors",14272,1110,37,12.86,derived
2021-12-01,"Foundation, Structure, and Building Exterior Contractors",14865,1147,37,12.96,derived
2022-01-01,"Foundation, Structure, and Building Exterior Contractors",12182,1147,37,10.62,derived
2022-02-01,"Foundation, Structure, and Building Exterior Contractors",11320,1008,36,11.23,derived
2022-03-01,"Foundation, Structure, and Building Exterior Contractors",13834,1116,36,12.4,derived
2022-04-01,"Foundation, Structure, and Building Exterior Contractors",12935,1080,36,11.98,derived
2022-05-01,"Foundation, Structure, and Building Exterior Contractors",13993,1116,36,12.54,derived
2022-06-01,"Foundation, Structure, and Building Exterior Contractors",13528,1080,36,12.53,derived
2022-07-01,"Foundation, Structure, and Building Exterior Contractors",13121,1116,36,11.76,derived
2022-08-01,"Foundation, Structure, and Building Exterior Contractors",13727,1085,35,12.65,derived
2022-09-01,"Foundation, Structure, and Building Exterior Contractors",12822,1050,35,12.21,derived
2022-10-01,"Foundation, Structure, and Building Exterior Contractors",12758,1116,36,11.43,derived
2022-11-01,"Foundation, Structure, and Building Exterior Contractors",13638,1110,37,12.29,derived
2022-12-01,"Foundation, Structure, and Building Exterior Contractors",14646,1147,37,12.77,derived
2023-01-01,"Foundation, Structure, and Building Exterior Contractors",12642,1147,37,11.02,derived
2023-02-01,"Foundation, Structure, and Building Exterior Contractors",11597,1036,37,11.19,derived
2023-03-01,"Foundation, Structure, and Building Exterior Contractors",14111,1178,38,11.98,derived
2023-04-01,"Foundation, Structure, and Building Exterior Contractors",13043,1140,38,11.44,derived
2023-05-01,"Foundation, Structure, and Building Exterior Contractors",14094,1147,37,12.29,derived
2023-06-01,"Foundation, Structure, and Building Exterior Contractors",13462,1110,37,12.13,derived
2023-07-01,"Foundation, Structure, and Building Exterior Contractors",13370,1147,37,11.66,derived
2023-08-01,"Foundation, Structure, and Building Exterior Contractors",13960,1147,37,12.17,derived
2023-09-01,"Foundation, Structure, and Building Exterior Contractors",12742,1080,36,11.8,derived
2023-10-01,"Foundation, Structure, and Building Exterior Contractors",13056,1147,37,11.38,derived
2023-11-01,"Foundation, Structure, and Building Exterior Contractors",13434,1110,37,12.1,derived
2023-12-01,"Foundation, Structure, and Building Exterior Contractors",13961,1147,37,12.17,derived
2024-01-01,"Foundation, Structure, and Building Exterior Contractors",12733,1147,37,11.1,derived
2024-02-01,"Foundation, Structure, and Building Exterior Contractors",12152,1073,37,11.33,derived
2024-03-01,"Foundation, Structure, and Building Exterior Contractors",13356,1178,38,11.34,derived
2024-04-01,"Foundation, Structure, and Building Exterior Contractors",14311,1260,42,11.36,derived
2024-05-01,"Foundation, Structure, and Building Exterior Contractors",15159,1302,42,11.64,derived
2024-06-01,"Foundation, Structure, and Building Exterior Contractors",13576,1230,41,11.04,derived
2024-07-01,"Foundation, Structure, and Building Exterior Contractors",14549,1240,40,11.73,derived
2024-08-01,"Foundation, Structure, and Building Exterior Contractors",14370,1240,40,11.59,derived
2024-09-01,"Foundation, Structure, and Building Exterior Contractors",13671,1290,43,10.6,derived
2024-10-01,"Foundation, Structure, and Building Exterior Contractors",14402,1333,43,10.8,derived
2024-11-01,"Foundation, Structure, and Building Exterior Contractors",14641,1290,43,11.35,derived
2024-12-01,"Foundation, Structure, and Building Exterior Contractors",15949,1333,43,11.96,derived
2020-01-01,Freight Transportation Arrangement,15559,1085,35,14.34,derived
2020-02-01,Freight Transportation Arrangement,14501,1015,35,14.29,derived
2020-03-01,Freight Transportation Arrangement,8486,1085,35,7.82,derived
2020-04-01,Freight Transportation Arrangement,171,1050,35,0.16,derived
2020-05-01,Freight Transportation Arrangement,6066,1085,35,5.59,derived
2020-06-01,Freight Transportation Arrangement,11080,1050,35,10.55,derived
2020-07-01,Freight Transportation Arrangement,12083,1085,35,11.14,derived
2020-08-01,Freight Transportation Arrangement,11602,1085,35,10.69,derived
2020-09-01,Freight Transportation Arrangement,11655,1050,35,11.1,derived
2020-10-01,Freight Transportation Arrangement,12100,1085,35,11.15,derived
2020-11-01,Freight Transportation Arrangement,12508,1050,35,11.91,derived
2020-12-01,Freight Transportation Arrangement,13062,1085,35,12.04,derived
2021-01-01,Freight Transportation Arrangement,9674,1085,35,8.92,derived
2021-02-01,Freight Transportation Arrangement,8379,980,35,8.55,derived
2021-03-01,Freight Transportation Arrangement,13148,1085,35,12.12,derived
2021-04-01,Freight Transportation Arrangement,13725,1050,35,13.07,derived
2021-05-01,Freight Transportation Arrangement,13870,1085,35,12.78,derived
2021-06-01,Freight Transportation Arrangement,13849,1050,35,13.19,derived
2021-07-01,Freight Transportation Arrangement,14344,1085,35,13.22,derived
2021-08-01,Freight Transportation Arrangement,13927,1085,35,12.84,derived
2021-09-01,Freight Transportation Arrangement,13479,1050,35,12.84,derived
2021-10-01,Freight Transportation Arrangement,13273,1085,35,12.23,derived
2021-11-01,Freight Transportation Arrangement,14433,1050,35,13.75,derived
2021-12-01,Freight Transportation Arrangement,15640,1085,35,14.41,derived
2022-01-01,Freight Transportation Arrangement,12144,1085,35,11.19,derived
2022-02-01,Freight Transportation Arrangement,11397,980,35,11.63,derived
2022-03-01,Freight Transportation Arrangement,13739,1085,35,12.66,derived
2022-04-01,Freight Transportation Arrangement,13685,1050,35,13.03,derived
2022-05-01,Freight Transportation Arrangement,14397,1085,35,13.27,derived
2022-06-01,Freight Transportation Arrangement,13912,1050,35,13.25,derived
2022-07-01,Freight Transportation Arrangement,13676,1085,35,12.6,derived
2022-08-01,Freight Transportation Arrangement,14724,1085,35,13.57,derived
2022-09-01,Freight Transportation Arrangement,13810,1050,35,13.15,derived
2022-10-01,Freight Transportation Arrangement,13016,1085,35,12.0,derived
2022-11-01,Freight Transportation Arrangement,13831,1050,35,13.17,derived
2022-12-01,Freight Transportation Arrangement,15364,1085,35,14.16,derived
2023-01-01,Freight Transportation Arrangement,12509,1085,35,11.53,derived
2023-02-01,Freight Transportation Arrangement,11981,980,35,12.23,derived
2023-03-01,Freight Transportation Arrangement,13903,1085,35,12.81,derived
2023-04-01,Freight Transportation Arrangement,12907,1050,35,12.29,derived
2023-05-01,Freight Transportation Arrangement,14112,1085,35,13.01,derived
2023-06-01,Freight Transportation Arrangement,13877,1050,35,13.22,derived
2023-07-01,Freight Transportation Arrangement,13857,1085,35,12.77,derived
2023-08-01,Freight Transportation Arrangement,14691,1085,35,13.54,derived
2023-09-01,Freight Transportation Arrangement,13351,1050,35,12.72,derived
2023-10-01,Freight Transportation Arrangement,13542,1085,35,12.48,derived
2023-11-01,Freight Transportation Arrangement,13743,1050,35,13.09,derived
2023-12-01,Freight Transportation Arrangement,15429,1116,36,13.83,derived
2024-01-01,Freight Transportation Arrangement,13338,1116,36,11.95,derived
2024-02-01,Freight Transportation Arrangement,13183,1044,36,12.63,derived
2024-03-01,Freight Transportation Arrangement,13794,1116,36,12.36,derived
2024-04-01,Freight Transportation Arrangement,13748,1080,36,12.73,derived
2024-05-01,Freight Transportation Arrangement,14833,1116,36,13.29,derived
2024-06-01,Freight Transportation Arrangement,13798,1080,36,12.78,derived
2024-07-01,Freight Transportation Arrangement,14945,1116,36,13.39,derived
2024-08-01,Freight Transportation Arrangement,14956,1116,36,13.4,derived
2024-09-01,Freight Transportation Arrangement,13375,1080,36,12.38,derived
2024-10-01,Freight Transportation Arrangement,13985,1116,36,12.53,derived
2024-11-01,Freight Transportation Arrangement,14574,1080,36,13.49,derived
2024-12-01,Freight Transportation Arrangement,16184,1116,36,14.5,derived
2020-01-01,Furniture Stores,10692532,36146,1166,295.82,derived
2020-02-01,Furniture Stores,10460283,33814,1166,309.35,derived
2020-03-01,Furniture Stores,5227813,36115,1165,144.75,derived
2020-04-01,Furniture Stores,102447,34920,1164,2.93,derived
2020-05-01,Furniture Stores,4107111,36146,1166,113.63,derived
2020-06-01,Furniture Stores,7799964,34950,1165,223.17,derived
2020-07-01,Furniture Stores,9050600,35991,1161,251.47,derived
2020-08-01,Furniture Stores,9248925,35960,1160,257.2,derived
2020-09-01,Furniture Stores,9016268,34440,1148,261.8,derived
2020-10-01,Furniture Stores,7416189,33976,1096,218.28,derived
2020-11-01,Furniture Stores,8510515,32820,1094,259.31,derived
2020-12-01,Furniture Stores,7214878,33883,1093,212.94,derived
2021-01-01,Furniture Stores,7664443,33914,1094,226.0,derived
2021-02-01,Furniture Stores,6407508,30576,1092,209.56,derived
2021-03-01,Furniture Stores,8406130,33883,1093,248.09,derived
2021-04-01,Furniture Stores,7681245,33090,1103,232.13,derived
2021-05-01,Furniture Stores,8629264,34317,1107,251.46,derived
2021-06-01,Furniture Stores,7707825,33270,1109,231.67,derived
2021-07-01,Furniture Stores,8998861,34410,1110,261.52,derived
2021-08-01,Furniture Stores,8241786,34379,1109,239.73,derived
2021-09-01,Furniture Stores,8073282,33270,1109,242.66,derived
2021-10-01,Furniture Stores,7698419,34441,1111,223.52,derived
2021-11-01,Furniture Stores,9401057,33450,1115,281.05,derived
2021-12-01,Furniture Stores,8531733,34782,1122,245.29,derived
2022-01-01,Furniture Stores,7343510,34875,1125,210.57,derived
2022-02-01,Furniture Stores,7299272,31500,1125,231.72,derived
2022-03-01,Furniture Stores,7740062,34565,1115,223.93,derived
2022-04-01,Furniture Stores,6998000,33480,1116,209.02,derived
2022-05-01,Furniture Stores,7618819,34596,1116,220.22,derived
2022-06-01,Furniture Stores,6896389,33510,1117,205.8,derived
2022-07-01,Furniture Stores,7881136,34875,1125,225.98,derived
2022-08-01,Furniture Stores,7733464,35092,1132,220.38,derived
2022-09-01,Furniture Stores,7653904,34020,1134,224.98,derived
2022-10-01,Furniture Stores,7096579,35185,1135,201.69,derived
2022-11-01,Furniture Stores,8778059,34140,1138,257.12,derived
2022-12-01,Furniture Stores,8210937,35309,1139,232.55,derived
2023-01-01,Furniture Stores,7271241,35154,1134,206.84,derived
2023-02-01,Furniture Stores,6807097,31808,1136,214.01,derived
2023-03-01,Furniture Stores,7057206,35185,1135,200.57,derived
2023-04-01,Furniture Stores,6205837,34080,1136,182.1,derived
2023-05-01,Furniture Stores,6747297,35340,1140,190.93,derived
2023-06-01,Furniture Stores,6500083,34200,1140,190.06,derived
2023-07-01,Furniture Stores,7337067,35371,1141,207.43,derived
2023-08-01,Furniture Stores,6941337,35309,1139,196.59,derived
2023-09-01,Furniture Stores,6766832,34140,1138,198.21,derived
2023-10-01,Furniture Stores,6168333,35185,1135,175.31,derived
2023-11-01,Furniture Stores,8499164,34140,1138,248.95,derived
2023-12-01,Furniture Stores,7749925,35123,1133,220.65,derived
2024-01-01,Furniture Stores,6437040,35061,1131,183.6,derived
2024-02-01,Furniture Stores,6408021,32799,1131,195.37,derived
2024-03-01,Furniture Stores,6435194,35061,1131,183.54,derived
2024-04-01,Furniture Stores,5743435,33930,1131,169.27,derived
2024-05-01,Furniture Stores,6584642,35247,1137,186.81,derived
2024-06-01,Furniture Stores,6237078,33930,1131,183.82,derived
2024-07-01,Furniture Stores,6856725,35123,1133,195.22,derived
2024-08-01,Furniture Stores,6884073,35123,1133,196.0,derived
2024-09-01,Furniture Stores,6096070,34200,1140,178.25,derived
2024-10-01,Furniture Stores,5686272,34286,1106,165.85,derived
2024-11-01,Furniture Stores,7771809,31770,1059,244.63,derived
2024-12-01,Furniture Stores,6928659,32612,1052,212.46,derived
2020-01-01,Gasoline Stations,260212673,287959,9289,903.64,derived
2020-02-01,Gasoline Stations,255848802,269439,9291,949.56,derived
2020-03-01,Gasoline Stations,218274910,288238,9298,757.27,derived
2020-04-01,Gasoline Stations,143596232,278910,9297,514.85,derived
2020-05-01,Gasoline Stations,243186012,288145,9295,843.97,derived
2020-06-01,Gasoline Stations,302120660,278880,9296,1083.34,derived
2020-07-01,Gasoline Stations,282485798,288579,9309,978.89,derived
2020-08-01,Gasoline Stations,262314156,288796,9316,908.3,derived
2020-09-01,Gasoline Stations,268032616,279570,9319,958.73,derived
2020-10-01,Gasoline Stations,271422757,289137,9327,938.73,derived
2020-11-01,Gasoline Stations,235802636,279870,9329,842.54,derived
2020-12-01,Gasoline Stations,221529160,289943,9353,764.04,derived
2021-01-01,Gasoline Stations,196771904,289974,9354,678.58,derived
2021-02-01,Gasoline Stations,184831689,262528,9376,704.05,derived
2021-03-01,Gasoline Stations,278948991,290873,9383,959.01,derived
2021-04-01,Gasoline Stations,289574875,281730,9391,1027.85,derived
2021-05-01,Gasoline Stations,332090195,291617,9407,1138.79,derived
2021-06-01,Gasoline Stations,324010878,282180,9406,1148.24,derived
2021-07-01,Gasoline Stations,322292936,291834,9414,1104.37,derived
2021-08-01,Gasoline Stations,284218464,291462,9402,975.15,derived
2021-09-01,Gasoline Stations,280194139,282690,9423,991.17,derived
2021-10-01,Gasoline Stations,280482947,291524,9404,962.13,derived
2021-11-01,Gasoline Stations,261784983,282120,9404,927.92,derived
2021-12-01,Gasoline Stations,247871064,291214,9394,851.16,derived
2022-01-01,Gasoline Stations,200621728,290160,9360,691.42,derived
2022-02-01,Gasoline Stations,209822207,262164,9363,800.35,derived
2022-03-01,Gasoline Stations,277858724,290966,9386,954.95,derived
2022-04-01,Gasoline Stations,289294789,281280,9376,1028.49,derived
2022-05-01,Gasoline Stations,322010083,290749,9379,1107.52,derived
2022-06-01,Gasoline Stations,331456534,280680,9356,1180.91,derived
2022-07-01,Gasoline Stations,323881476,290253,9363,1115.86,derived
2022-08-01,Gasoline Stations,292962820,289850,9350,1010.74,derived
2022-09-01,Gasoline Stations,286120023,280470,9349,1020.14,derived
2022-10-01,Gasoline Stations,282935475,289819,9349,976.25,derived
2022-11-01,Gasoline Stations,257300228,280260,9342,918.08,derived
2022-12-01,Gasoline Stations,247079759,289881,9351,852.35,derived
2023-01-01,Gasoline Stations,222861317,285386,9206,780.91,derived
2023-02-01,Gasoline Stations,217855194,257152,9184,847.18,derived
2023-03-01,Gasoline Stations,265739032,284208,9168,935.02,derived
2023-04-01,Gasoline Stations,282131643,274770,9159,1026.79,derived
2023-05-01,Gasoline Stations,316888711,283867,9157,1116.33,derived
2023-06-01,Gasoline Stations,320753526,274590,9153,1168.12,derived
2023-07-01,Gasoline Stations,320221403,283805,9155,1128.31,derived
2023-08-01,Gasoline Stations,285516575,283495,9145,1007.13,derived
2023-09-01,Gasoline Stations,272680125,274710,9157,992.61,derived
2023-10-01,Gasoline Stations,272459833,283929,9159,959.61,derived
2023-11-01,Gasoline Stations,254890553,274800,9160,927.55,derived
2023-12-01,Gasoline Stations,241278940,283929,9159,849.79,derived
2024-01-01,Gasoline Stations,223946873,283836,9156,789.0,derived
2024-02-01,Gasoline Stations,226980989,265640,9160,854.47,derived
2024-03-01,Gasoline Stations,267325159,284270,9170,940.39,derived
2024-04-01,Gasoline Stations,277209364,275250,9175,1007.12,derived
2024-05-01,Gasoline Stations,322081053,284394,9174,1132.52,derived
2024-06-01,Gasoline Stations,321459817,275340,9178,1167.5,derived
2024-07-01,Gasoline Stations,320710023,284642,9182,1126.71,derived
2024-08-01,Gasoline Stations,291912623,284859,9189,1024.76,derived
2024-09-01,Gasoline Stations,264521382,279270,9309,947.19,derived
2024-10-01,Gasoline Stations,267980532,288393,9303,929.22,derived
2024-11-01,Gasoline Stations,253635652,278550,9285,910.56,derived
2024-12-01,Gasoline Stations,242517028,287122,9262,844.65,derived
2020-01-01,General Freight Trucking,226795,1178,38,192.53,derived
2020-02-01,General Freight Trucking,217147,1102,38,197.05,derived
2020-03-01,General Freight Trucking,125515,1178,38,106.55,derived
2020-04-01,General Freight Trucking,2853,1140,38,2.5,derived
2020-05-01,General Freight Trucking,114144,1178,38,96.9,derived
2020-06-01,General Freight Trucking,189839,1140,38,166.53,derived
2020-07-01,General Freight Trucking,182130,1178,38,154.61,derived
2020-08-01,General Freight Trucking,172774,1178,38,146.67,derived
2020-09-01,General Freight Trucking,167818,1140,38,147.21,derived
2020-10-01,General Freight Trucking,182095,1178,38,154.58,derived
2020-11-01,General Freight Trucking,193579,1140,38,169.81,derived
2020-12-01,General Freight Trucking,211992,1178,38,179.96,derived
2021-01-01,General Freight Trucking,152551,1178,38,129.5,derived
2021-02-01,General Freight Trucking,133036,1064,38,125.03,derived
2021-03-01,General Freight Trucking,203148,1178,38,172.45,derived
2021-04-01,General Freight Trucking,210437,1140,38,184.59,derived
2021-05-01,General Freight Trucking,210507,1178,38,178.7,derived
2021-06-01,General Freight Trucking,205680,1140,38,180.42,derived
2021-07-01,General Freight Trucking,215028,1178,38,182.54,derived
2021-08-01,General Freight Trucking,204981,1178,38,174.01,derived
2021-09-01,General Freight Trucking,195777,1140,38,171.73,derived
2021-10-01,General Freight Trucking,197891,1178,38,167.99,derived
2021-11-01,General Freight Trucking,217016,1140,38,190.36,derived
2021-12-01,General Freight Trucking,254660,1178,38,216.18,derived
2022-01-01,General Freight Trucking,182066,1178,38,154.56,derived
2022-02-01,General Freight Trucking,175226,1064,38,164.69,derived
2022-03-01,General Freight Trucking,210855,1178,38,178.99,derived
2022-04-01,General Freight Trucking,203241,1140,38,178.28,derived
2022-05-01,General Freight Trucking,207682,1178,38,176.3,derived
2022-06-01,General Freight Trucking,208895,1140,38,183.24,derived
2022-07-01,General Freight Trucking,214460,1178,38,182.05,derived
2022-08-01,General Freight Trucking,213209,1178,38,180.99,derived
2022-09-01,General Freight Trucking,196085,1140,38,172.0,derived
2022-10-01,General Freight Trucking,197056,1178,38,167.28,derived
2022-11-01,General Freight Trucking,209334,1140,38,183.63,derived
2022-12-01,General Freight Trucking,245694,1178,38,208.57,derived
2023-01-01,General Freight Trucking,187774,1178,38,159.4,derived
2023-02-01,General Freight Trucking,175872,1064,38,165.29,derived
2023-03-01,General Freight Trucking,210896,1178,38,179.03,derived
2023-04-01,General Freight Trucking,157804,1050,35,150.29,derived
2023-05-01,General Freight Trucking,166017,1085,35,153.01,derived
2023-06-01,General Freight Trucking,160057,1050,35,152.44,derived
2023-07-01,General Freight Trucking,166315,1085,35,153.29,derived
2023-08-01,General Freight Trucking,166844,1085,35,153.77,derived
2023-09-01,General Freight Trucking,150980,1050,35,143.79,derived
2023-10-01,General Freight Trucking,154168,1085,35,142.09,derived
2023-11-01,General Freight Trucking,162905,1050,35,155.15,derived
2023-12-01,General Freight Trucking,184725,1085,35,170.25,derived
2024-01-01,General Freight Trucking,149725,1085,35,138.0,derived
2024-02-01,General Freight Trucking,144932,1015,35,142.79,derived
2024-03-01,General Freight Trucking,156132,1085,35,143.9,derived
2024-04-01,General Freight Trucking,152710,1080,36,141.4,derived
2024-05-01,General Freight Trucking,167939,1147,37,146.42,derived
2024-06-01,General Freight Trucking,162204,1110,37,146.13,derived
2024-07-01,General Freight Trucking,174292,1178,38,147.96,derived
2024-08-01,General Freight Trucking,171060,1178,38,145.21,derived
2024-09-01,General Freight Trucking,142247,1080,36,131.71,derived
2024-10-01,General Freight Trucking,153490,1116,36,137.54,derived
2024-11-01,General Freight Trucking,164726,1080,36,152.52,derived
2024-12-01,General Freight Trucking,186220,1116,36,166.86,derived
2020-01-01,"General Merchandise Stores, including Warehouse Clubs and Supercenters",218724246,116560,3760,1876.49,derived
2020-02-01,"General Merchandise Stores, including Warehouse Clubs and Supercenters",211150785,109011,3759,1936.97,derived
2020-03-01,"General Merchandise Stores, including Warehouse Clubs and Supercenters",145840135,116591,3761,1250.87,derived
2020-04-01,"General Merchandise Stores, including Warehouse Clubs and Supercenters",87680439,112830,3761,777.1,derived
2020-05-01,"General Merchandise Stores, including Warehouse Clubs and Supercenters",146871071,116684,3764,1258.71,derived
2020-06-01,"General Merchandise Stores, including Warehouse Clubs and Supercenters",176544273,112950,3765,1563.03,derived
2020-07-01,"General Merchandise Stores, including Warehouse Clubs and Supercenters",169263667,116839,3769,1448.69,derived
2020-08-01,"General Merchandise Stores, including Warehouse Clubs and Supercenters",174219150,116777,3767,1491.9,derived
2020-09-01,"General Merchandise Stores, including Warehouse Clubs and Supercenters",177905196,113070,3769,1573.41,derived
2020-10-01,"General Merchandise Stores, including Warehouse Clubs and Supercenters",195960071,115878,3738,1691.09,derived
2020-11-01,"General Merchandise Stores, including Warehouse Clubs and Supercenters",204538946,112140,3738,1823.96,derived
2020-12-01,"General Merchandise Stores, including Warehouse Clubs and Supercenters",227640688,115878,3738,1964.49,derived
2021-01-01,"General Merchandise Stores, including Warehouse Clubs and Supercenters",173748224,115878,3738,1499.41,derived
2021-02-01,"General Merchandise Stores, including Warehouse Clubs and Supercenters",148753858,104832,3744,1418.97,derived
2021-03-01,"General Merchandise Stores, including Warehouse Clubs and Supercenters",191977915,116219,3749,1651.86,derived
2021-04-01,"General Merchandise Stores, including Warehouse Clubs and Supercenters",204780963,112470,3749,1820.76,derived
2021-05-01,"General Merchandise Stores, including Warehouse Clubs and Supercenters",206825206,118513,3823,1745.17,derived
2021-06-01,"General Merchandise Stores, including Warehouse Clubs and Supercenters",201827249,114870,3829,1757.01,derived
2021-07-01,"General Merchandise Stores, including Warehouse Clubs and Supercenters",199117888,118792,3832,1676.19,derived
2021-08-01,"General Merchandise Stores, including Warehouse Clubs and Supercenters",195176188,119009,3839,1640.01,derived
2021-09-01,"General Merchandise Stores, including Warehouse Clubs and Supercenters",190879503,115500,3850,1652.64,derived
2021-10-01,"General Merchandise Stores, including Warehouse Clubs and Supercenters",210300671,119877,3867,1754.3,derived
2021-11-01,"General Merchandise Stores, including Warehouse Clubs and Supercenters",224378403,116340,3878,1928.64,derived
2021-12-01,"General Merchandise Stores, including Warehouse Clubs and Supercenters",266389632,120621,3891,2208.48,derived
2022-01-01,"General Merchandise Stores, including Warehouse Clubs and Supercenters",180953093,120559,3889,1500.95,derived
2022-02-01,"General Merchandise Stores, including Warehouse Clubs and Supercenters",167883156,109060,3895,1539.37,derived
2022-03-01,"General Merchandise Stores, including Warehouse Clubs and Supercenters",189871894,120931,3901,1570.08,derived
2022-04-01,"General Merchandise Stores, including Warehouse Clubs and Supercenters",206005900,117450,3915,1753.99,derived
2022-05-01,"General Merchandise Stores, including Warehouse Clubs and Supercenters",209314814,121396,3916,1724.23,derived
2022-06-01,"General Merchandise Stores, including Warehouse Clubs and Supercenters",207639931,117840,3928,1762.05,derived
2022-07-01,"General Merchandise Stores, including Warehouse Clubs and Supercenters",207334207,121954,3934,1700.1,derived
2022-08-01,"General Merchandise Stores, including Warehouse Clubs and Supercenters",203847965,121923,3933,1671.94,derived
2022-09-01,"General Merchandise Stores, including Warehouse Clubs and Supercenters",198433538,118410,3947,1675.82,derived
2022-10-01,"General Merchandise Stores, including Warehouse Clubs and Supercenters",212874004,122729,3959,1734.5,derived
2022-11-01,"General Merchandise Stores, including Warehouse Clubs and Supercenters",217146917,118770,3959,1828.3,derived
2022-12-01,"General Merchandise Stores, including Warehouse Clubs and Supercenters",253567356,122946,3966,2062.43,derived
2023-01-01,"General Merchandise Stores, including Warehouse Clubs and Supercenters",191825601,123039,3969,1559.06,derived
2023-02-01,"General Merchandise Stores, including Warehouse Clubs and Supercenters",177582144,111244,3973,1596.33,derived
2023-03-01,"General Merchandise Stores, including Warehouse Clubs and Supercenters",190753182,123380,3980,1546.06,derived
2023-04-01,"General Merchandise Stores, including Warehouse Clubs and Supercenters",207674151,119010,3967,1745.01,derived
2023-05-01,"General Merchandise Stores, including Warehouse Clubs and Supercenters",208344086,122667,3957,1698.45,derived
2023-06-01,"General Merchandise Stores, including Warehouse Clubs and Supercenters",206353606,118860,3962,1736.11,derived
2023-07-01,"General Merchandise Stores, including Warehouse Clubs and Supercenters",205543599,123163,3973,1668.87,derived
2023-08-01,"General Merchandise Stores, including Warehouse Clubs and Supercenters",198686876,123039,3969,1614.83,derived
2023-09-01,"General Merchandise Stores, including Warehouse Clubs and Supercenters",194989280,119310,3977,1634.31,derived
2023-10-01,"General Merchandise Stores, including Warehouse Clubs and Supercenters",206928970,123690,3990,1672.96,derived
2023-11-01,"General Merchandise Stores, including Warehouse Clubs and Supercenters",216635460,120090,4003,1803.94,derived
2023-12-01,"General Merchandise Stores, including Warehouse Clubs and Supercenters",259135843,124186,4006,2086.68,derived
2024-01-01,"General Merchandise Stores, including Warehouse Clubs and Supercenters",181561073,124186,4006,1462.01,derived
2024-02-01,"General Merchandise Stores, including Warehouse Clubs and Supercenters",182398551,116290,4010,1568.48,derived
2024-03-01,"General Merchandise Stores, including Warehouse Clubs and Supercenters",196675354,124372,4012,1581.35,derived
2024-04-01,"General Merchandise Stores, including Warehouse Clubs and Supercenters",197825706,118710,3957,1666.46,derived
2024-05-01,"General Merchandise Stores, including Warehouse Clubs and Supercenters",212562683,121954,3934,1742.97,derived
2024-06-01,"General Merchandise Stores, including Warehouse Clubs and Supercenters",207462401,118110,3937,1756.52,derived
2024-07-01,"General Merchandise Stores, including Warehouse Clubs and Supercenters",201053850,122016,3936,1647.77,derived
2024-08-01,"General Merchandise Stores, including Warehouse Clubs and Supercenters",204657792,122388,3948,1672.2,derived
2024-09-01,"General Merchandise Stores, including Warehouse Clubs and Supercenters",186620503,119040,3968,1567.71,derived
2024-10-01,"General Merchandise Stores, including Warehouse Clubs and Supercenters",201227781,122760,3960,1639.2,derived
2024-11-01,"General Merchandise Stores, including Warehouse Clubs and Supercenters",218558728,119010,3967,1836.47,derived
2024-12-01,"General Merchandise Stores, including Warehouse Clubs and Supercenters",254897863,122822,3962,2075.34,derived
2020-01-01,General Rental Centers,255837,5921,191,43.21,derived
2020-02-01,General Rental Centers,245468,5539,191,44.32,derived
2020-03-01,General Rental Centers,146092,5921,191,24.67,derived
2020-04-01,General Rental Centers,7768,5730,191,1.36,derived
2020-05-01,General Rental Centers,117725,5921,191,19.88,derived
2020-06-01,General Rental Centers,207068,5730,191,36.14,derived
2020-07-01,General Rental Centers,222144,5921,191,37.52,derived
2020-08-01,General Rental Centers,200716,5921,191,33.9,derived
2020-09-01,General Rental Centers,199762,5730,191,34.86,derived
2020-10-01,General Rental Centers,202812,5921,191,34.25,derived
2020-11-01,General Rental Centers,195406,5730,191,34.1,derived
2020-12-01,General Rental Centers,227988,5921,191,38.5,derived
2021-01-01,General Rental Centers,158011,5921,191,26.69,derived
2021-02-01,General Rental Centers,153830,5348,191,28.76,derived
2021-03-01,General Rental Centers,235585,5921,191,39.79,derived
2021-04-01,General Rental Centers,231543,5700,190,40.62,derived
2021-05-01,General Rental Centers,237558,5890,190,40.33,derived
2021-06-01,General Rental Centers,235752,5700,190,41.36,derived
2021-07-01,General Rental Centers,249681,5890,190,42.39,derived
2021-08-01,General Rental Centers,230153,5890,190,39.08,derived
2021-09-01,General Rental Centers,224740,5700,190,39.43,derived
2021-10-01,General Rental Centers,225867,5890,190,38.35,derived
2021-11-01,General Rental Centers,243053,5700,190,42.64,derived
2021-12-01,General Rental Centers,244001,5890,190,41.43,derived
2022-01-01,General Rental Centers,208883,5859,189,35.65,derived
2022-02-01,General Rental Centers,199722,5292,189,37.74,derived
2022-03-01,General Rental Centers,240333,5890,190,40.8,derived
2022-04-01,General Rental Centers,230153,5670,189,40.59,derived
2022-05-01,General Rental Centers,231812,5828,188,39.78,derived
2022-06-01,General Rental Centers,239280,5640,188,42.43,derived
2022-07-01,General Rental Centers,235944,5828,188,40.48,derived
2022-08-01,General Rental Centers,244053,5828,188,41.88,derived
2022-09-01,General Rental Centers,230078,5640,188,40.79,derived
2022-10-01,General Rental Centers,228864,5766,186,39.69,derived
2022-11-01,General Rental Centers,229389,5580,186,41.11,derived
2022-12-01,General Rental Centers,241722,5766,186,41.92,derived
2023-01-01,General Rental Centers,201331,5766,186,34.92,derived
2023-02-01,General Rental Centers,194223,5208,186,37.29,derived
2023-03-01,General Rental Centers,231127,5766,186,40.08,derived
2023-04-01,General Rental Centers,217861,5580,186,39.04,derived
2023-05-01,General Rental Centers,231382,5766,186,40.13,derived
2023-06-01,General Rental Centers,229306,5580,186,41.09,derived
2023-07-01,General Rental Centers,226079,5766,186,39.21,derived
2023-08-01,General Rental Centers,240319,5797,187,41.46,derived
2023-09-01,General Rental Centers,217638,5610,187,38.79,derived
2023-10-01,General Rental Centers,217012,5797,187,37.44,derived
2023-11-01,General Rental Centers,228376,5610,187,40.71,derived
2023-12-01,General Rental Centers,239907,5797,187,41.38,derived
2024-01-01,General Rental Centers,191310,5766,186,33.18,derived
2024-02-01,General Rental Centers,181277,5394,186,33.61,derived
2024-03-01,General Rental Centers,208597,5735,185,36.37,derived
2024-04-01,General Rental Centers,210367,5370,179,39.17,derived
2024-05-01,General Rental Centers,221853,5549,179,39.98,derived
2024-06-01,General Rental Centers,206800,5370,179,38.51,derived
2024-07-01,General Rental Centers,222831,5549,179,40.16,derived
2024-08-01,General Rental Centers,231061,5549,179,41.64,derived
2024-09-01,General Rental Centers,203062,5370,179,37.81,derived
2024-10-01,General Rental Centers,214800,5549,179,38.71,derived
2024-11-01,General Rental Centers,219207,5370,179,40.82,derived
2024-12-01,General Rental Centers,230638,5549,179,41.56,derived
2020-01-01,Glass and Glass Product Manufacturing,32086,310,10,103.5,derived
2020-02-01,Glass and Glass Product Manufacturing,31965,290,10,110.22,derived
2020-03-01,Glass and Glass Product Manufacturing,19271,310,10,62.16,derived
2020-04-01,Glass and Glass Product Manufacturing,0,300,10,0.0,derived
2020-05-01,Glass and Glass Product Manufacturing,10726,310,10,34.6,derived
2020-06-01,Glass and Glass Product Manufacturing,27693,300,10,92.31,derived
2020-07-01,Glass and Glass Product Manufacturing,29203,310,10,94.2,derived
2020-08-01,Glass and Glass Product Manufacturing,29530,310,10,95.26,derived
2020-09-01,Glass and Glass Product Manufacturing,26824,300,10,89.41,derived
2020-10-01,Glass and Glass Product Manufacturing,26450,310,10,85.32,derived
2020-11-01,Glass and Glass Product Manufacturing,23012,300,10,76.71,derived
2020-12-01,Glass and Glass Product Manufacturing,19212,310,10,61.97,derived
2021-01-01,Glass and Glass Product Manufacturing,14227,310,10,45.89,derived
2021-02-01,Glass and Glass Product Manufacturing,15502,280,10,55.36,derived
2021-03-01,Glass and Glass Product Manufacturing,28891,310,10,93.2,derived
2021-04-01,Glass and Glass Product Manufacturing,28636,300,10,95.45,derived
2021-05-01,Glass and Glass Product Manufacturing,30307,310,10,97.76,derived
2021-06-01,Glass and Glass Product Manufacturing,28784,300,10,95.95,derived
2021-07-01,Glass and Glass Product Manufacturing,31692,310,10,102.23,derived
2021-08-01,Glass and Glass Product Manufacturing,31718,310,10,102.32,derived
2021-09-01,Glass and Glass Product Manufacturing,28358,300,10,94.53,derived
2021-10-01,Glass and Glass Product Manufacturing,29640,310,10,95.61,derived
2021-11-01,Glass and Glass Product Manufacturing,30603,300,10,102.01,derived
2021-12-01,Glass and Glass Product Manufacturing,32182,310,10,103.81,derived
2022-01-01,Glass and Glass Product Manufacturing,24433,310,10,78.82,derived
2022-02-01,Glass and Glass Product Manufacturing,24756,280,10,88.41,derived
2022-03-01,Glass and Glass Product Manufacturing,28816,310,10,92.95,derived
2022-04-01,Glass and Glass Product Manufacturing,28181,300,10,93.94,derived
2022-05-01,Glass and Glass Product Manufacturing,28906,310,10,93.25,derived
2022-06-01,Glass and Glass Product Manufacturing,29469,300,10,98.23,derived
2022-07-01,Glass and Glass Product Manufacturing,30210,310,10,97.45,derived
2022-08-01,Glass and Glass Product Manufacturing,32016,310,10,103.28,derived
2022-09-01,Glass and Glass Product Manufacturing,28565,300,10,95.22,derived
2022-10-01,Glass and Glass Product Manufacturing,28227,310,10,91.05,derived
2022-11-01,Glass and Glass Product Manufacturing,30559,300,10,101.86,derived
2022-12-01,Glass and Glass Product Manufacturing,32039,310,10,103.35,derived
2023-01-01,Glass and Glass Product Manufacturing,26389,310,10,85.13,derived
2023-02-01,Glass and Glass Product Manufacturing,25087,280,10,89.6,derived
2023-03-01,Glass and Glass Product Manufacturing,28902,310,10,93.23,derived
2023-04-01,Glass and Glass Product Manufacturing,28919,300,10,96.4,derived
2023-05-01,Glass and Glass Product Manufacturing,29423,310,10,94.91,derived
2023-06-01,Glass and Glass Product Manufacturing,29409,300,10,98.03,derived
2023-07-01,Glass and Glass Product Manufacturing,30907,310,10,99.7,derived
2023-08-01,Glass and Glass Product Manufacturing,32106,310,10,103.57,derived
2023-09-01,Glass and Glass Product Manufacturing,29206,300,10,97.35,derived
2023-10-01,Glass and Glass Product Manufacturing,28502,310,10,91.94,derived
2023-11-01,Glass and Glass Product Manufacturing,30287,300,10,100.96,derived
2023-12-01,Glass and Glass Product Manufacturing,33553,310,10,108.24,derived
2024-01-01,Glass and Glass Product Manufacturing,26405,310,10,85.18,derived
2024-02-01,Glass and Glass Product Manufacturing,26897,290,10,92.75,derived
2024-03-01,Glass and Glass Product Manufacturing,28316,310,10,91.34,derived
2024-04-01,Glass and Glass Product Manufacturing,27368,300,10,91.23,derived
2024-05-01,Glass and Glass Product Manufacturing,30132,310,10,97.2,derived
2024-06-01,Glass and Glass Product Manufacturing,28932,300,10,96.44,derived
2024-07-01,Glass and Glass Product Manufacturing,30105,310,10,97.11,derived
2024-08-01,Glass and Glass Product Manufacturing,32916,310,10,106.18,derived
2024-09-01,Glass and Glass Product Manufacturing,27170,300,10,90.57,derived
2024-10-01,Glass and Glass Product Manufacturing,29080,310,10,93.81,derived
2024-11-01,Glass and Glass Product Manufacturing,30870,300,10,102.9,derived
2024-12-01,Glass and Glass Product Manufacturing,33950,310,10,109.52,derived
2020-01-01,Grantmaking and Giving Services,323637,3410,110,94.91,derived
2020-02-01,Grantmaking and Giving Services,291755,3190,110,91.46,derived
2020-03-01,Grantmaking and Giving Services,197347,3410,110,57.87,derived
2020-04-01,Grantmaking and Giving Services,5752,3300,110,1.74,derived
2020-05-01,Grantmaking and Giving Services,148814,3410,110,43.64,derived
2020-06-01,Grantmaking and Giving Services,269142,3300,110,81.56,derived
2020-07-01,Grantmaking and Giving Services,290890,3441,111,84.54,derived
2020-08-01,Grantmaking and Giving Services,264616,3441,111,76.9,derived
2020-09-01,Grantmaking and Giving Services,277206,3330,111,83.25,derived
2020-10-01,Grantmaking and Giving Services,282948,3441,111,82.23,derived
2020-11-01,Grantmaking and Giving Services,287393,3330,111,86.3,derived
2020-12-01,Grantmaking and Giving Services,286744,3441,111,83.33,derived
2021-01-01,Grantmaking and Giving Services,220922,3410,110,64.79,derived
2021-02-01,Grantmaking and Giving Services,192199,3080,110,62.4,derived
2021-03-01,Grantmaking and Giving Services,313105,3410,110,91.82,derived
2021-04-01,Grantmaking and Giving Services,315486,3300,110,95.6,derived
2021-05-01,Grantmaking and Giving Services,302139,3410,110,88.6,derived
2021-06-01,Grantmaking and Giving Services,307735,3270,109,94.11,derived
2021-07-01,Grantmaking and Giving Services,326414,3379,109,96.6,derived
2021-08-01,Grantmaking and Giving Services,318089,3379,109,94.14,derived
2021-09-01,Grantmaking and Giving Services,313493,3270,109,95.87,derived
2021-10-01,Grantmaking and Giving Services,299531,3379,109,88.64,derived
2021-11-01,Grantmaking and Giving Services,328630,3270,109,100.5,derived
2021-12-01,Grantmaking and Giving Services,329027,3379,109,97.37,derived
2022-01-01,Grantmaking and Giving Services,261035,3379,109,77.25,derived
2022-02-01,Grantmaking and Giving Services,263916,3052,109,86.47,derived
2022-03-01,Grantmaking and Giving Services,332668,3379,109,98.45,derived
2022-04-01,Grantmaking and Giving Services,313292,3270,109,95.81,derived
2022-05-01,Grantmaking and Giving Services,311569,3379,109,92.21,derived
2022-06-01,Grantmaking and Giving Services,308345,3300,110,93.44,derived
2022-07-01,Grantmaking and Giving Services,306250,3410,110,89.81,derived
2022-08-01,Grantmaking and Giving Services,339490,3503,113,96.91,derived
2022-09-01,Grantmaking and Giving Services,314211,3390,113,92.69,derived
2022-10-01,Grantmaking and Giving Services,301782,3503,113,86.15,derived
2022-11-01,Grantmaking and Giving Services,321760,3390,113,94.91,derived
2022-12-01,Grantmaking and Giving Services,343621,3503,113,98.09,derived
2023-01-01,Grantmaking and Giving Services,290864,3503,113,83.03,derived
2023-02-01,Grantmaking and Giving Services,281242,3164,113,88.89,derived
2023-03-01,Grantmaking and Giving Services,328832,3472,112,94.71,derived
2023-04-01,Grantmaking and Giving Services,293207,3360,112,87.26,derived
2023-05-01,Grantmaking and Giving Services,324109,3472,112,93.35,derived
2023-06-01,Grantmaking and Giving Services,318396,3360,112,94.76,derived
2023-07-01,Grantmaking and Giving Services,299929,3441,111,87.16,derived
2023-08-01,Grantmaking and Giving Services,328035,3441,111,95.33,derived
2023-09-01,Grantmaking and Giving Services,293536,3330,111,88.15,derived
2023-10-01,Grantmaking and Giving Services,303991,3410,110,89.15,derived
2023-11-01,Grantmaking and Giving Services,313722,3270,109,95.94,derived
2023-12-01,Grantmaking and Giving Services,304869,3379,109,90.22,derived
2024-01-01,Grantmaking and Giving Services,281683,3348,108,84.13,derived
2024-02-01,Grantmaking and Giving Services,278491,3132,108,88.92,derived
2024-03-01,Grantmaking and Giving Services,293229,3348,108,87.58,derived
2024-04-01,Grantmaking and Giving Services,300901,3240,108,92.87,derived
2024-05-01,Grantmaking and Giving Services,313151,3348,108,93.53,derived
2024-06-01,Grantmaking and Giving Services,280771,3270,109,85.86,derived
2024-07-01,Grantmaking and Giving Services,320616,3379,109,94.88,derived
2024-08-01,Grantmaking and Giving Services,317299,3379,109,93.9,derived
2024-09-01,Grantmaking and Giving Services,279714,3270,109,85.54,derived
2024-10-01,Grantmaking and Giving Services,301736,3379,109,89.3,derived
2024-11-01,Grantmaking and Giving Services,303149,3270,109,92.71,derived
2024-12-01,Grantmaking and Giving Services,321627,3379,109,95.18,derived
2020-01-01,Grocery Stores,321482164,173166,5586,1856.5,derived
2020-02-01,Grocery Stores,302678518,162052,5588,1867.79,derived
2020-03-01,Grocery Stores,218964907,173042,5582,1265.39,derived
2020-04-01,Grocery Stores,129396708,167460,5582,772.7,derived
2020-05-01,Grocery Stores,188703605,173073,5583,1090.31,derived
2020-06-01,Grocery Stores,241654933,167460,5582,1443.06,derived
2020-07-01,Grocery Stores,243986339,173042,5582,1409.98,derived
2020-08-01,Grocery Stores,236693034,173011,5581,1368.08,derived
2020-09-01,Grocery Stores,246406495,167580,5586,1470.38,derived
2020-10-01,Grocery Stores,262749304,173290,5590,1516.24,derived
2020-11-01,Grocery Stores,260396193,167550,5585,1554.14,derived
2020-12-01,Grocery Stores,270581762,173042,5582,1563.68,derived
2021-01-01,Grocery Stores,243854682,173166,5586,1408.21,derived
2021-02-01,Grocery Stores,208464363,156492,5589,1332.11,derived
2021-03-01,Grocery Stores,270822632,174034,5614,1556.15,derived
2021-04-01,Grocery Stores,273189677,168360,5612,1622.65,derived
2021-05-01,Grocery Stores,274725396,173228,5588,1585.92,derived
2021-06-01,Grocery Stores,261122687,167850,5595,1555.69,derived
2021-07-01,Grocery Stores,274766759,174871,5641,1571.25,derived
2021-08-01,Grocery Stores,259944949,174840,5640,1486.76,derived
2021-09-01,Grocery Stores,265144500,169230,5641,1566.77,derived
2021-10-01,Grocery Stores,282359687,174964,5644,1613.82,derived
2021-11-01,Grocery Stores,287948467,169110,5637,1702.73,derived
2021-12-01,Grocery Stores,316673661,174902,5642,1810.58,derived
2022-01-01,Grocery Stores,258430311,174933,5643,1477.31,derived
2022-02-01,Grocery Stores,239957159,157976,5642,1518.95,derived
2022-03-01,Grocery Stores,268860844,175026,5646,1536.12,derived
2022-04-01,Grocery Stores,273380869,169290,5643,1614.87,derived
2022-05-01,Grocery Stores,277871822,175243,5653,1585.64,derived
2022-06-01,Grocery Stores,273140039,169980,5666,1606.9,derived
2022-07-01,Grocery Stores,282114567,175987,5677,1603.04,derived
2022-08-01,Grocery Stores,272894168,176297,5687,1547.92,derived
2022-09-01,Grocery Stores,271296077,170520,5684,1590.99,derived
2022-10-01,Grocery Stores,284221404,176390,5690,1611.32,derived
2022-11-01,Grocery Stores,284119315,170910,5697,1662.39,derived
2022-12-01,Grocery Stores,309588002,176855,5705,1750.52,derived
2023-01-01,Grocery Stores,280336109,176948,5708,1584.29,derived
2023-02-01,Grocery Stores,252383988,159992,5714,1577.48,derived
2023-03-01,Grocery Stores,266421704,177134,5714,1504.07,derived
2023-04-01,Grocery Stores,272477336,171540,5718,1588.42,derived
2023-05-01,Grocery Stores,278011158,177227,5717,1568.67,derived
2023-06-01,Grocery Stores,282119449,171360,5712,1646.36,derived
2023-07-01,Grocery Stores,293326128,177351,5721,1653.93,derived
2023-08-01,Grocery Stores,276412819,177568,5728,1556.66,derived
2023-09-01,Grocery Stores,265721017,172230,5741,1542.83,derived
2023-10-01,Grocery Stores,277131895,178064,5744,1556.36,derived
2023-11-01,Grocery Stores,286190811,171990,5733,1664.0,derived
2023-12-01,Grocery Stores,315912790,177692,5732,1777.87,derived
2024-01-01,Grocery Stores,265738709,177413,5723,1497.85,derived
2024-02-01,Grocery Stores,254930483,166112,5728,1534.69,derived
2024-03-01,Grocery Stores,268859561,177723,5733,1512.8,derived
2024-04-01,Grocery Stores,261648325,171660,5722,1524.22,derived
2024-05-01,Grocery Stores,281953718,178002,5742,1583.99,derived
2024-06-01,Grocery Stores,284682108,172380,5746,1651.48,derived
2024-07-01,Grocery Stores,290926439,183861,5931,1582.32,derived
2024-08-01,Grocery Stores,284554849,183954,5934,1546.88,derived
2024-09-01,Grocery Stores,261800103,177840,5928,1472.11,derived
2024-10-01,Grocery Stores,273772192,183427,5917,1492.54,derived
2024-11-01,Grocery Stores,282954916,177300,5910,1595.91,derived
2024-12-01,Grocery Stores,315898873,183241,5911,1723.95,derived
2020-01-01,Grocery and Related Product Merchant Wholesalers,655335,1891,61,346.55,derived
2020-02-01,Grocery and Related Product Merchant Wholesalers,613107,1769,61,346.58,derived
2020-03-01,Grocery and Related Product Merchant Wholesalers,367744,1891,61,194.47,derived
2020-04-01,Grocery and Related Product Merchant Wholesalers,6652,1830,61,3.63,derived
2020-05-01,Grocery and Related Product Merchant Wholesalers,195880,1891,61,103.59,derived
2020-06-01,Grocery and Related Product Merchant Wholesalers,500917,1830,61,273.73,derived
2020-07-01,Grocery and Related Product Merchant Wholesalers,579031,1891,61,306.2,derived
2020-08-01,Grocery and Related Product Merchant Wholesalers,557549,1891,61,294.84,derived
2020-09-01,Grocery and Related Product Merchant Wholesalers,564757,1830,61,308.61,derived
2020-10-01,Grocery and Related Product Merchant Wholesalers,566776,1891,61,299.72,derived
2020-11-01,Grocery and Related Product Merchant Wholesalers,525712,1830,61,287.27,derived
2020-12-01,Grocery and Related Product Merchant Wholesalers,572437,1891,61,302.72,derived
2021-01-01,Grocery and Related Product Merchant Wholesalers,528181,1891,61,279.31,derived
2021-02-01,Grocery and Related Product Merchant Wholesalers,448794,1708,61,262.76,derived
2021-03-01,Grocery and Related Product Merchant Wholesalers,575271,1891,61,304.22,derived
2021-04-01,Grocery and Related Product Merchant Wholesalers,545074,1830,61,297.85,derived
2021-05-01,Grocery and Related Product Merchant Wholesalers,546413,1891,61,288.95,derived
2021-06-01,Grocery and Related Product Merchant Wholesalers,565109,1830,61,308.8,derived
2021-07-01,Grocery and Related Product Merchant Wholesalers,554555,1891,61,293.26,derived
2021-08-01,Grocery and Related Product Merchant Wholesalers,555491,1891,61,293.76,derived
2021-09-01,Grocery and Related Product Merchant Wholesalers,573819,1830,61,313.56,derived
2021-10-01,Grocery and Related Product Merchant Wholesalers,563079,1891,61,297.77,derived
2021-11-01,Grocery and Related Product Merchant Wholesalers,547730,1830,61,299.31,derived
2021-12-01,Grocery and Related Product Merchant Wholesalers,621210,1922,62,323.21,derived
2022-01-01,Grocery and Related Product Merchant Wholesalers,528487,1922,62,274.97,derived
2022-02-01,Grocery and Related Product Merchant Wholesalers,501009,1736,62,288.6,derived
2022-03-01,Grocery and Related Product Merchant Wholesalers,579848,1922,62,301.69,derived
2022-04-01,Grocery and Related Product Merchant Wholesalers,529403,1860,62,284.63,derived
2022-05-01,Grocery and Related Product Merchant Wholesalers,527346,1922,62,274.37,derived
2022-06-01,Grocery and Related Product Merchant Wholesalers,561599,1860,62,301.93,derived
2022-07-01,Grocery and Related Product Merchant Wholesalers,535902,1922,62,278.83,derived
2022-08-01,Grocery and Related Product Merchant Wholesalers,581556,1953,63,297.78,derived
2022-09-01,Grocery and Related Product Merchant Wholesalers,567202,1890,63,300.11,derived
2022-10-01,Grocery and Related Product Merchant Wholesalers,554203,1953,63,283.77,derived
2022-11-01,Grocery and Related Product Merchant Wholesalers,547768,1890,63,289.82,derived
2022-12-01,Grocery and Related Product Merchant Wholesalers,621123,1984,64,313.07,derived
2023-01-01,Grocery and Related Product Merchant Wholesalers,569674,1984,64,287.13,derived
2023-02-01,Grocery and Related Product Merchant Wholesalers,502158,1764,63,284.67,derived
2023-03-01,Grocery and Related Product Merchant Wholesalers,578319,1953,63,296.12,derived
2023-04-01,Grocery and Related Product Merchant Wholesalers,535405,1890,63,283.28,derived
2023-05-01,Grocery and Related Product Merchant Wholesalers,563018,1984,64,283.78,derived
2023-06-01,Grocery and Related Product Merchant Wholesalers,585659,1860,62,314.87,derived
2023-07-01,Grocery and Related Product Merchant Wholesalers,555317,1922,62,288.93,derived
2023-08-01,Grocery and Related Product Merchant Wholesalers,580209,1922,62,301.88,derived
2023-09-01,Grocery and Related Product Merchant Wholesalers,564184,1860,62,303.32,derived
2023-10-01,Grocery and Related Product Merchant Wholesalers,562517,1922,62,292.67,derived
2023-11-01,Grocery and Related Product Merchant Wholesalers,594209,1890,63,314.4,derived
2023-12-01,Grocery and Related Product Merchant Wholesalers,689449,1984,64,347.5,derived
2024-01-01,Grocery and Related Product Merchant Wholesalers,584050,1953,63,299.05,derived
2024-02-01,Grocery and Related Product Merchant Wholesalers,551170,1827,63,301.68,derived
2024-03-01,Grocery and Related Product Merchant Wholesalers,584930,1953,63,299.5,derived
2024-04-01,Grocery and Related Product Merchant Wholesalers,583574,1920,64,303.94,derived
2024-05-01,Grocery and Related Product Merchant Wholesalers,593500,1984,64,299.14,derived
2024-06-01,Grocery and Related Product Merchant Wholesalers,605464,1950,65,310.49,derived
2024-07-01,Grocery and Related Product Merchant Wholesalers,597836,2015,65,296.69,derived
2024-08-01,Grocery and Related Product Merchant Wholesalers,625417,2015,65,310.38,derived
2024-09-01,Grocery and Related Product Merchant Wholesalers,576861,1890,63,305.22,derived
2024-10-01,Grocery and Related Product Merchant Wholesalers,583964,1953,63,299.01,derived
2024-11-01,Grocery and Related Product Merchant Wholesalers,581837,1890,63,307.85,derived
2024-12-01,Grocery and Related Product Merchant Wholesalers,641942,1922,62,334.0,derived
2020-01-01,"Hardware, and Plumbing and Heating Equipment and Supplies Merchant Wholesalers",357681,11842,382,30.2,derived
2020-02-01,"Hardware, and Plumbing and Heating Equipment and Supplies Merchant Wholesalers",314881,11078,382,28.42,derived
2020-03-01,"Hardware, and Plumbing and Heating Equipment and Supplies Merchant Wholesalers",194229,11842,382,16.4,derived
2020-04-01,"Hardware, and Plumbing and Heating Equipment and Supplies Merchant Wholesalers",4427,11460,382,0.39,derived
2020-05-01,"Hardware, and Plumbing and Heating Equipment and Supplies Merchant Wholesalers",123389,11842,382,10.42,derived
2020-06-01,"Hardware, and Plumbing and Heating Equipment and Supplies Merchant Wholesalers",277814,11460,382,24.24,derived
2020-07-01,"Hardware, and Plumbing and Heating Equipment and Supplies Merchant Wholesalers",305079,11842,382,25.76,derived
2020-08-01,"Hardware, and Plumbing and Heating Equipment and Supplies Merchant Wholesalers",280195,11842,382,23.66,derived
2020-09-01,"Hardware, and Plumbing and Heating Equipment and Supplies Merchant Wholesalers",304450,11460,382,26.57,derived
2020-10-01,"Hardware, and Plumbing and Heating Equipment and Supplies Merchant Wholesalers",306420,11842,382,25.88,derived
2020-11-01,"Hardware, and Plumbing and Heating Equipment and Supplies Merchant Wholesalers",274224,11460,382,23.93,derived
2020-12-01,"Hardware, and Plumbing and Heating Equipment and Supplies Merchant Wholesalers",290502,11842,382,24.53,derived
2021-01-01,"Hardware, and Plumbing and Heating Equipment and Supplies Merchant Wholesalers",278196,11842,382,23.49,derived
2021-02-01,"Hardware, and Plumbing and Heating Equipment and Supplies Merchant Wholesalers",253205,10752,384,23.55,derived
2021-03-01,"Hardware, and Plumbing and Heating Equipment and Supplies Merchant Wholesalers",331141,11904,384,27.82,derived
2021-04-01,"Hardware, and Plumbing and Heating Equipment and Supplies Merchant Wholesalers",319253,11550,385,27.64,derived
2021-05-01,"Hardware, and Plumbing and Heating Equipment and Supplies Merchant Wholesalers",298861,11935,385,25.04,derived
2021-06-01,"Hardware, and Plumbing and Heating Equipment and Supplies Merchant Wholesalers",327465,11610,387,28.21,derived
2021-07-01,"Hardware, and Plumbing and Heating Equipment and Supplies Merchant Wholesalers",318300,11997,387,26.53,derived
2021-08-01,"Hardware, and Plumbing and Heating Equipment and Supplies Merchant Wholesalers",321824,11997,387,26.83,derived
2021-09-01,"Hardware, and Plumbing and Heating Equipment and Supplies Merchant Wholesalers",331805,11640,388,28.51,derived
2021-10-01,"Hardware, and Plumbing and Heating Equipment and Supplies Merchant Wholesalers",308931,12028,388,25.68,derived
2021-11-01,"Hardware, and Plumbing and Heating Equipment and Supplies Merchant Wholesalers",307033,11640,388,26.38,derived
2021-12-01,"Hardware, and Plumbing and Heating Equipment and Supplies Merchant Wholesalers",336260,11935,385,28.17,derived
2022-01-01,"Hardware, and Plumbing and Heating Equipment and Supplies Merchant Wholesalers",294862,11935,385,24.71,derived
2022-02-01,"Hardware, and Plumbing and Heating Equipment and Supplies Merchant Wholesalers",274560,10780,385,25.47,derived
2022-03-01,"Hardware, and Plumbing and Heating Equipment and Supplies Merchant Wholesalers",332206,11935,385,27.83,derived
2022-04-01,"Hardware, and Plumbing and Heating Equipment and Supplies Merchant Wholesalers",305962,11730,391,26.08,derived
2022-05-01,"Hardware, and Plumbing and Heating Equipment and Supplies Merchant Wholesalers",304342,12090,390,25.17,derived
2022-06-01,"Hardware, and Plumbing and Heating Equipment and Supplies Merchant Wholesalers",320548,11700,390,27.4,derived
2022-07-01,"Hardware, and Plumbing and Heating Equipment and Supplies Merchant Wholesalers",289195,12121,391,23.86,derived
2022-08-01,"Hardware, and Plumbing and Heating Equipment and Supplies Merchant Wholesalers",331343,12214,394,27.13,derived
2022-09-01,"Hardware, and Plumbing and Heating Equipment and Supplies Merchant Wholesalers",327793,11820,394,27.73,derived
2022-10-01,"Hardware, and Plumbing and Heating Equipment and Supplies Merchant Wholesalers",310642,12276,396,25.3,derived
2022-11-01,"Hardware, and Plumbing and Heating Equipment and Supplies Merchant Wholesalers",312999,11820,394,26.48,derived
2022-12-01,"Hardware, and Plumbing and Heating Equipment and Supplies Merchant Wholesalers",340651,12183,393,27.96,derived
2023-01-01,"Hardware, and Plumbing and Heating Equipment and Supplies Merchant Wholesalers",316128,12183,393,25.95,derived
2023-02-01,"Hardware, and Plumbing and Heating Equipment and Supplies Merchant Wholesalers",285456,11060,395,25.81,derived
2023-03-01,"Hardware, and Plumbing and Heating Equipment and Supplies Merchant Wholesalers",332742,12214,394,27.24,derived
2023-04-01,"Hardware, and Plumbing and Heating Equipment and Supplies Merchant Wholesalers",294196,11820,394,24.89,derived
2023-05-01,"Hardware, and Plumbing and Heating Equipment and Supplies Merchant Wholesalers",321233,12214,394,26.3,derived
2023-06-01,"Hardware, and Plumbing and Heating Equipment and Supplies Merchant Wholesalers",325805,11850,395,27.49,derived
2023-07-01,"Hardware, and Plumbing and Heating Equipment and Supplies Merchant Wholesalers",302643,12307,397,24.59,derived
2023-08-01,"Hardware, and Plumbing and Heating Equipment and Supplies Merchant Wholesalers",338500,12338,398,27.44,derived
2023-09-01,"Hardware, and Plumbing and Heating Equipment and Supplies Merchant Wholesalers",322199,11970,399,26.92,derived
2023-10-01,"Hardware, and Plumbing and Heating Equipment and Supplies Merchant Wholesalers",323191,12338,398,26.19,derived
2023-11-01,"Hardware, and Plumbing and Heating Equipment and Supplies Merchant Wholesalers",318559,11940,398,26.68,derived
2023-12-01,"Hardware, and Plumbing and Heating Equipment and Supplies Merchant Wholesalers",334953,12369,399,27.08,derived
2024-01-01,"Hardware, and Plumbing and Heating Equipment and Supplies Merchant Wholesalers",339499,12369,399,27.45,derived
2024-02-01,"Hardware, and Plumbing and Heating Equipment and Supplies Merchant Wholesalers",306817,11513,397,26.65,derived
2024-03-01,"Hardware, and Plumbing and Heating Equipment and Supplies Merchant Wholesalers",320484,12338,398,25.98,derived
2024-04-01,"Hardware, and Plumbing and Heating Equipment and Supplies Merchant Wholesalers",329513,11940,398,27.6,derived
2024-05-01,"Hardware, and Plumbing and Heating Equipment and Supplies Merchant Wholesalers",324615,12214,394,26.58,derived
2024-06-01,"Hardware, and Plumbing and Heating Equipment and Supplies Merchant Wholesalers",305553,11850,395,25.79,derived
2024-07-01,"Hardware, and Plumbing and Heating Equipment and Supplies Merchant Wholesalers",322920,12245,395,26.37,derived
2024-08-01,"Hardware, and Plumbing and Heating Equipment and Supplies Merchant Wholesalers",332336,12245,395,27.14,derived
2024-09-01,"Hardware, and Plumbing and Heating Equipment and Supplies Merchant Wholesalers",319636,11850,395,26.97,derived
2024-10-01,"Hardware, and Plumbing and Heating Equipment and Supplies Merchant Wholesalers",336859,12245,395,27.51,derived
2024-11-01,"Hardware, and Plumbing and Heating Equipment and Supplies Merchant Wholesalers",313319,11820,394,26.51,derived
2024-12-01,"Hardware, and Plumbing and Heating Equipment and Supplies Merchant Wholesalers",333106,12183,393,27.34,derived
2020-01-01,Health and Personal Care Stores,113547369,248589,8019,456.77,derived
2020-02-01,Health and Personal Care Stores,104409634,232522,8018,449.03,derived
2020-03-01,Health and Personal Care Stores,76814363,248496,8016,309.12,derived
2020-04-01,Health and Personal Care Stores,47490694,240390,8013,197.56,derived
2020-05-01,Health and Personal Care Stores,67599268,248403,8013,272.14,derived
2020-06-01,Health and Personal Care Stores,84231550,240300,8010,350.53,derived
2020-07-01,Health and Personal Care Stores,82951092,248217,8007,334.19,derived
2020-08-01,Health and Personal Care Stores,79206955,245830,7930,322.2,derived
2020-09-01,Health and Personal Care Stores,84697956,237300,7910,356.92,derived
2020-10-01,Health and Personal Care Stores,86498291,243722,7862,354.91,derived
2020-11-01,Health and Personal Care Stores,83039548,235770,7859,352.21,derived
2020-12-01,Health and Personal Care Stores,89178328,243567,7857,366.13,derived
2021-01-01,Health and Personal Care Stores,84927414,243381,7851,348.95,derived
2021-02-01,Health and Personal Care Stores,74315662,219884,7853,337.98,derived
2021-03-01,Health and Personal Care Stores,99048219,243381,7851,406.97,derived
2021-04-01,Health and Personal Care Stores,95870394,235530,7851,407.04,derived
2021-05-01,Health and Personal Care Stores,93533640,243164,7844,384.65,derived
2021-06-01,Health and Personal Care Stores,92288770,235200,7840,392.38,derived
2021-07-01,Health and Personal Care Stores,92957853,243040,7840,382.48,derived
2021-08-01,Health and Personal Care Stores,96365533,243102,7842,396.4,derived
2021-09-01,Health and Personal Care Stores,97662835,235620,7854,414.49,derived
2021-10-01,Health and Personal Care Stores,96842878,243815,7865,397.2,derived
2021-11-01,Health and Personal Care Stores,98467061,235920,7864,417.37,derived
2021-12-01,Health and Personal Care Stores,123395898,243381,7851,507.01,derived
2022-01-01,Health and Personal Care Stores,99363405,242823,7833,409.2,derived
2022-02-01,Health and Personal Care Stores,86904529,219044,7823,396.74,derived
2022-03-01,Health and Personal Care Stores,96086737,242451,7821,396.31,derived
2022-04-01,Health and Personal Care Stores,93408311,234450,7815,398.41,derived
2022-05-01,Health and Personal Care Stores,97203327,242141,7811,401.43,derived
2022-06-01,Health and Personal Care Stores,96510375,235110,7837,410.49,derived
2022-07-01,Health and Personal Care Stores,97168264,243195,7845,399.55,derived
2022-08-01,Health and Personal Care Stores,95232756,243288,7848,391.44,derived
2022-09-01,Health and Personal Care Stores,96022652,233520,7784,411.2,derived
2022-10-01,Health and Personal Care Stores,96060671,241335,7785,398.04,derived
2022-11-01,Health and Personal Care Stores,94083955,233610,7787,402.74,derived
2022-12-01,Health and Personal Care Stores,108433355,240746,7766,450.41,derived
2023-01-01,Health and Personal Care Stores,97245297,239940,7740,405.29,derived
2023-02-01,Health and Personal Care Stores,88164129,216188,7721,407.81,derived
2023-03-01,Health and Personal Care Stores,93132742,239041,7711,389.61,derived
2023-04-01,Health and Personal Care Stores,91370734,231000,7700,395.54,derived
2023-05-01,Health and Personal Care Stores,97381372,238390,7690,408.5,derived
2023-06-01,Health and Personal Care Stores,95205770,230670,7689,412.74,derived
2023-07-01,Health and Personal Care Stores,90575238,238421,7691,379.9,derived
2023-08-01,Health and Personal Care Stores,90737803,238545,7695,380.38,derived
2023-09-01,Health and Personal Care Stores,92205697,229470,7649,401.82,derived
2023-10-01,Health and Personal Care Stores,92682830,236158,7618,392.46,derived
2023-11-01,Health and Personal Care Stores,91218400,227970,7599,400.13,derived
2023-12-01,Health and Personal Care Stores,103196973,234143,7553,440.74,derived
2024-01-01,Health and Personal Care Stores,88697298,232996,7516,380.68,derived
2024-02-01,Health and Personal Care Stores,83172581,217413,7497,382.56,derived
2024-03-01,Health and Personal Care Stores,86892089,231260,7460,375.73,derived
2024-04-01,Health and Personal Care Stores,85019624,223770,7459,379.94,derived
2024-05-01,Health and Personal Care Stores,90056484,230423,7433,390.83,derived
2024-06-01,Health and Personal Care Stores,85172733,222810,7427,382.27,derived
2024-07-01,Health and Personal Care Stores,86475579,230237,7427,375.59,derived
2024-08-01,Health and Personal Care Stores,87902050,230051,7421,382.1,derived
2024-09-01,Health and Personal Care Stores,84230876,222510,7417,378.55,derived
2024-10-01,Health and Personal Care Stores,86880518,230051,7421,377.66,derived
2024-11-01,Health and Personal Care Stores,87377502,221730,7391,394.07,derived
2024-12-01,Health and Personal Care Stores,100154225,228966,7386,437.42,derived
2020-01-01,Home Furnishings Stores,7795554,18228,588,427.67,derived
2020-02-01,Home Furnishings Stores,7223830,17081,589,422.92,derived
2020-03-01,Home Furnishings Stores,3682851,18414,594,200.0,derived
2020-04-01,Home Furnishings Stores,9868,17820,594,0.55,derived
2020-05-01,Home Furnishings Stores,1365766,18321,591,74.55,derived
2020-06-01,Home Furnishings Stores,4813918,17700,590,271.97,derived
2020-07-01,Home Furnishings Stores,5906206,18290,590,322.92,derived
2020-08-01,Home Furnishings Stores,6500240,18290,590,355.4,derived
2020-09-01,Home Furnishings Stores,6616432,17700,590,373.81,derived
2020-10-01,Home Furnishings Stores,6801730,18166,586,374.42,derived
2020-11-01,Home Furnishings Stores,8162606,17610,587,463.52,derived
2020-12-01,Home Furnishings Stores,9536883,18197,587,524.09,derived
2021-01-01,Home Furnishings Stores,6458668,18135,585,356.14,derived
2021-02-01,Home Furnishings Stores,5197390,16408,586,316.76,derived
2021-03-01,Home Furnishings Stores,7067594,18197,587,388.39,derived
2021-04-01,Home Furnishings Stores,6913078,17640,588,391.9,derived
2021-05-01,Home Furnishings Stores,7476466,18197,587,410.86,derived
2021-06-01,Home Furnishings Stores,6857910,17580,586,390.1,derived
2021-07-01,Home Furnishings Stores,7556605,17918,578,421.73,derived
2021-08-01,Home Furnishings Stores,7487789,17949,579,417.17,derived
2021-09-01,Home Furnishings Stores,7043961,17370,579,405.52,derived
2021-10-01,Home Furnishings Stores,7223686,17949,579,402.46,derived
2021-11-01,Home Furnishings Stores,9180872,17460,582,525.82,derived
2021-12-01,Home Furnishings Stores,10961635,18042,582,607.56,derived
2022-01-01,Home Furnishings Stores,6113076,17918,578,341.17,derived
2022-02-01,Home Furnishings Stores,5750129,16240,580,354.07,derived
2022-03-01,Home Furnishings Stores,6498020,17856,576,363.91,derived
2022-04-01,Home Furnishings Stores,6301532,17310,577,364.04,derived
2022-05-01,Home Furnishings Stores,6329360,17887,577,353.85,derived
2022-06-01,Home Furnishings Stores,5996018,17370,579,345.19,derived
2022-07-01,Home Furnishings Stores,6665779,17918,578,372.02,derived
2022-08-01,Home Furnishings Stores,6661387,17918,578,371.77,derived
2022-09-01,Home Furnishings Stores,6291713,17280,576,364.1,derived
2022-10-01,Home Furnishings Stores,6442183,17980,580,358.3,derived
2022-11-01,Home Furnishings Stores,8423714,17520,584,480.81,derived
2022-12-01,Home Furnishings Stores,10300843,18073,583,569.96,derived
2023-01-01,Home Furnishings Stores,6245332,18042,582,346.16,derived
2023-02-01,Home Furnishings Stores,5471679,16324,583,335.19,derived
2023-03-01,Home Furnishings Stores,5924997,18011,581,328.97,derived
2023-04-01,Home Furnishings Stores,5679686,17010,567,333.9,derived
2023-05-01,Home Furnishings Stores,5947500,17205,555,345.68,derived
2023-06-01,Home Furnishings Stores,5944173,16620,554,357.65,derived
2023-07-01,Home Furnishings Stores,5722140,16058,518,356.34,derived
2023-08-01,Home Furnishings Stores,5603280,16089,519,348.27,derived
2023-09-01,Home Furnishings Stores,5388467,15660,522,344.09,derived
2023-10-01,Home Furnishings Stores,5464002,16275,525,335.73,derived
2023-11-01,Home Furnishings Stores,7703467,15690,523,490.98,derived
2023-12-01,Home Furnishings Stores,9263551,16306,526,568.11,derived
2024-01-01,Home Furnishings Stores,5130296,16244,524,315.83,derived
2024-02-01,Home Furnishings Stores,4819516,15196,524,317.16,derived
2024-03-01,Home Furnishings Stores,5409077,16058,518,336.85,derived
2024-04-01,Home Furnishings Stores,4842581,15600,520,310.42,derived
2024-05-01,Home Furnishings Stores,5323538,16151,521,329.61,derived
2024-06-01,Home Furnishings Stores,5285828,15660,522,337.54,derived
2024-07-01,Home Furnishings Stores,6003941,16213,523,370.32,derived
2024-08-01,Home Furnishings Stores,6188187,16213,523,381.68,derived
2024-09-01,Home Furnishings Stores,5350094,15360,512,348.31,derived
2024-10-01,Home Furnishings Stores,5548425,15996,516,346.86,derived
2024-11-01,Home Furnishings Stores,8306057,15420,514,538.65,derived
2024-12-01,Home Furnishings Stores,9889566,15717,507,629.23,derived
2020-01-01,Household Appliances and Electrical and Electronic Goods Merchant Wholesalers,146589,4371,141,33.54,derived
2020-02-01,Household Appliances and Electrical and Electronic Goods Merchant Wholesalers,131903,4089,141,32.26,derived
2020-03-01,Household Appliances and Electrical and Electronic Goods Merchant Wholesalers,80308,4371,141,18.37,derived
2020-04-01,Household Appliances and Electrical and Electronic Goods Merchant Wholesalers,1899,4230,141,0.45,derived
2020-05-01,Household Appliances and Electrical and Electronic Goods Merchant Wholesalers,49030,4371,141,11.22,derived
2020-06-01,Household Appliances and Electrical and Electronic Goods Merchant Wholesalers,105567,4230,141,24.96,derived
2020-07-01,Household Appliances and Electrical and Electronic Goods Merchant Wholesalers,115431,4371,141,26.41,derived
2020-08-01,Household Appliances and Electrical and Electronic Goods Merchant Wholesalers,107383,4371,141,24.57,derived
2020-09-01,Household Appliances and Electrical and Electronic Goods Merchant Wholesalers,117578,4230,141,27.8,derived
2020-10-01,Household Appliances and Electrical and Electronic Goods Merchant Wholesalers,121663,4371,141,27.83,derived
2020-11-01,Household Appliances and Electrical and Electronic Goods Merchant Wholesalers,106800,4230,141,25.25,derived
2020-12-01,Household Appliances and Electrical and Electronic Goods Merchant Wholesalers,112573,4371,141,25.75,derived
2021-01-01,Household Appliances and Electrical and Electronic Goods Merchant Wholesalers,106578,4371,141,24.38,derived
2021-02-01,Household Appliances and Electrical and Electronic Goods Merchant Wholesalers,95835,3948,141,24.27,derived
2021-03-01,Household Appliances and Electrical and Electronic Goods Merchant Wholesalers,128135,4371,141,29.31,derived
2021-04-01,Household Appliances and Electrical and Electronic Goods Merchant Wholesalers,126145,4230,141,29.82,derived
2021-05-01,Household Appliances and Electrical and Electronic Goods Merchant Wholesalers,118124,4371,141,27.02,derived
2021-06-01,Household Appliances and Electrical and Electronic Goods Merchant Wholesalers,126986,4230,141,30.02,derived
2021-07-01,Household Appliances and Electrical and Electronic Goods Merchant Wholesalers,123682,4371,141,28.3,derived
2021-08-01,Household Appliances and Electrical and Electronic Goods Merchant Wholesalers,125268,4402,142,28.46,derived
2021-09-01,Household Appliances and Electrical and Electronic Goods Merchant Wholesalers,127396,4260,142,29.91,derived
2021-10-01,Household Appliances and Electrical and Electronic Goods Merchant Wholesalers,121833,4402,142,27.68,derived
2021-11-01,Household Appliances and Electrical and Electronic Goods Merchant Wholesalers,121648,4260,142,28.56,derived
2021-12-01,Household Appliances and Electrical and Electronic Goods Merchant Wholesalers,133631,4371,141,30.57,derived
2022-01-01,Household Appliances and Electrical and Electronic Goods Merchant Wholesalers,117393,4371,141,26.86,derived
2022-02-01,Household Appliances and Electrical and Electronic Goods Merchant Wholesalers,107612,3948,141,27.26,derived
2022-03-01,Household Appliances and Electrical and Electronic Goods Merchant Wholesalers,131056,4402,142,29.77,derived
2022-04-01,Household Appliances and Electrical and Electronic Goods Merchant Wholesalers,119034,4290,143,27.75,derived
2022-05-01,Household Appliances and Electrical and Electronic Goods Merchant Wholesalers,117190,4433,143,26.44,derived
2022-06-01,Household Appliances and Electrical and Electronic Goods Merchant Wholesalers,121079,4260,142,28.42,derived
2022-07-01,Household Appliances and Electrical and Electronic Goods Merchant Wholesalers,112921,4402,142,25.65,derived
2022-08-01,Household Appliances and Electrical and Electronic Goods Merchant Wholesalers,128708,4433,143,29.03,derived
2022-09-01,Household Appliances and Electrical and Electronic Goods Merchant Wholesalers,122871,4290,143,28.64,derived
2022-10-01,Household Appliances and Electrical and Electronic Goods Merchant Wholesalers,118895,4433,143,26.82,derived
2022-11-01,Household Appliances and Electrical and Electronic Goods Merchant Wholesalers,119935,4290,143,27.96,derived
2022-12-01,Household Appliances and Electrical and Electronic Goods Merchant Wholesalers,134798,4464,144,30.2,derived
2023-01-01,Household Appliances and Electrical and Electronic Goods Merchant Wholesalers,122573,4464,144,27.46,derived
2023-02-01,Household Appliances and Electrical and Electronic Goods Merchant Wholesalers,111789,4088,146,27.35,derived
2023-03-01,Household Appliances and Electrical and Electronic Goods Merchant Wholesalers,129790,4526,146,28.68,derived
2023-04-01,Household Appliances and Electrical and Electronic Goods Merchant Wholesalers,116285,4410,147,26.37,derived
2023-05-01,Household Appliances and Electrical and Electronic Goods Merchant Wholesalers,123001,4557,147,26.99,derived
2023-06-01,Household Appliances and Electrical and Electronic Goods Merchant Wholesalers,127200,4440,148,28.65,derived
2023-07-01,Household Appliances and Electrical and Electronic Goods Merchant Wholesalers,117753,4588,148,25.67,derived
2023-08-01,Household Appliances and Electrical and Electronic Goods Merchant Wholesalers,129411,4588,148,28.21,derived
2023-09-01,Household Appliances and Electrical and Electronic Goods Merchant Wholesalers,125072,4470,149,27.98,derived
2023-10-01,Household Appliances and Electrical and Electronic Goods Merchant Wholesalers,125174,4619,149,27.1,derived
2023-11-01,Household Appliances and Electrical and Electronic Goods Merchant Wholesalers,124407,4440,148,28.02,derived
2023-12-01,Household Appliances and Electrical and Electronic Goods Merchant Wholesalers,133518,4588,148,29.1,derived
2024-01-01,Household Appliances and Electrical and Electronic Goods Merchant Wholesalers,131290,4588,148,28.62,derived
2024-02-01,Household Appliances and Electrical and Electronic Goods Merchant Wholesalers,119807,4292,148,27.91,derived
2024-03-01,Household Appliances and Electrical and Electronic Goods Merchant Wholesalers,126396,4588,148,27.55,derived
2024-04-01,Household Appliances and Electrical and Electronic Goods Merchant Wholesalers,127202,4440,148,28.65,derived
2024-05-01,Household Appliances and Electrical and Electronic Goods Merchant Wholesalers,126457,4588,148,27.56,derived
2024-06-01,Household Appliances and Electrical and Electronic Goods Merchant Wholesalers,121150,4470,149,27.1,derived
2024-07-01,Household Appliances and Electrical and Electronic Goods Merchant Wholesalers,125027,4619,149,27.07,derived
2024-08-01,Household Appliances and Electrical and Electronic Goods Merchant Wholesalers,131463,4619,149,28.46,derived
2024-09-01,Household Appliances and Electrical and Electronic Goods Merchant Wholesalers,122858,4440,148,27.67,derived
2024-10-01,Household Appliances and Electrical and Electronic Goods Merchant Wholesalers,129498,4588,148,28.23,derived
2024-11-01,Household Appliances and Electrical and Electronic Goods Merchant Wholesalers,123746,4440,148,27.87,derived
2024-12-01,Household Appliances and Electrical and Electronic Goods Merchant Wholesalers,137472,4588,148,29.96,derived
2020-01-01,Industrial Machinery Manufacturing,4580,93,3,49.25,derived
2020-02-01,Industrial Machinery Manufacturing,4368,87,3,50.21,derived
2020-03-01,Industrial Machinery Manufacturing,2398,93,3,25.78,derived
2020-04-01,Industrial Machinery Manufacturing,0,90,3,0.0,derived
2020-05-01,Industrial Machinery Manufacturing,1550,93,3,16.67,derived
2020-06-01,Industrial Machinery Manufacturing,3029,90,3,33.66,derived
2020-07-01,Industrial Machinery Manufacturing,3277,93,3,35.24,derived
2020-08-01,Industrial Machinery Manufacturing,3392,93,3,36.47,derived
2020-09-01,Industrial Machinery Manufacturing,3474,90,3,38.6,derived
2020-10-01,Industrial Machinery Manufacturing,3479,93,3,37.41,derived
2020-11-01,Industrial Machinery Manufacturing,3878,90,3,43.09,derived
2020-12-01,Industrial Machinery Manufacturing,3864,93,3,41.55,derived
2021-01-01,Industrial Machinery Manufacturing,2899,93,3,31.17,derived
2021-02-01,Industrial Machinery Manufacturing,2609,84,3,31.06,derived
2021-03-01,Industrial Machinery Manufacturing,3728,93,3,40.09,derived
2021-04-01,Industrial Machinery Manufacturing,4006,90,3,44.51,derived
2021-05-01,Industrial Machinery Manufacturing,4200,93,3,45.16,derived
2021-06-01,Industrial Machinery Manufacturing,4325,90,3,48.06,derived
2021-07-01,Industrial Machinery Manufacturing,4413,93,3,47.45,derived
2021-08-01,Industrial Machinery Manufacturing,4390,93,3,47.2,derived
2021-09-01,Industrial Machinery Manufacturing,4183,90,3,46.48,derived
2021-10-01,Industrial Machinery Manufacturing,4176,93,3,44.9,derived
2021-11-01,Industrial Machinery Manufacturing,4488,90,3,49.87,derived
2021-12-01,Industrial Machinery Manufacturing,4486,93,3,48.24,derived
2022-01-01,Industrial Machinery Manufacturing,3637,93,3,39.11,derived
2022-02-01,Industrial Machinery Manufacturing,3845,84,3,45.77,derived
2022-03-01,Industrial Machinery Manufacturing,4168,93,3,44.82,derived
2022-04-01,Industrial Machinery Manufacturing,4233,90,3,47.03,derived
2022-05-01,Industrial Machinery Manufacturing,4376,93,3,47.05,derived
2022-06-01,Industrial Machinery Manufacturing,4294,90,3,47.71,derived
2022-07-01,Industrial Machinery Manufacturing,4186,93,3,45.01,derived
2022-08-01,Industrial Machinery Manufacturing,4453,93,3,47.88,derived
2022-09-01,Industrial Machinery Manufacturing,4266,90,3,47.4,derived
2022-10-01,Industrial Machinery Manufacturing,4207,93,3,45.24,derived
2022-11-01,Industrial Machinery Manufacturing,4489,90,3,49.88,derived
2022-12-01,Industrial Machinery Manufacturing,4733,93,3,50.89,derived
2023-01-01,Industrial Machinery Manufacturing,3890,93,3,41.83,derived
2023-02-01,Industrial Machinery Manufacturing,3611,84,3,42.99,derived
2023-03-01,Industrial Machinery Manufacturing,4169,93,3,44.83,derived
2023-04-01,Industrial Machinery Manufacturing,4134,90,3,45.93,derived
2023-05-01,Industrial Machinery Manufacturing,4427,93,3,47.6,derived
2023-06-01,Industrial Machinery Manufacturing,4091,90,3,45.46,derived
2023-07-01,Industrial Machinery Manufacturing,4241,93,3,45.6,derived
2023-08-01,Industrial Machinery Manufacturing,4212,93,3,45.29,derived
2023-09-01,Industrial Machinery Manufacturing,3984,90,3,44.27,derived
2023-10-01,Industrial Machinery Manufacturing,3961,93,3,42.59,derived
2023-11-01,Industrial Machinery Manufacturing,4389,90,3,48.77,derived
2023-12-01,Industrial Machinery Manufacturing,4475,93,3,48.12,derived
2024-01-01,Industrial Machinery Manufacturing,3942,93,3,42.39,derived
2024-02-01,Industrial Machinery Manufacturing,4110,87,3,47.24,derived
2024-03-01,Industrial Machinery Manufacturing,4135,93,3,44.46,derived
2024-04-01,Industrial Machinery Manufacturing,4079,90,3,45.32,derived
2024-05-01,Industrial Machinery Manufacturing,4296,93,3,46.19,derived
2024-06-01,Industrial Machinery Manufacturing,3904,90,3,43.38,derived
2024-07-01,Industrial Machinery Manufacturing,4251,93,3,45.71,derived
2024-08-01,Industrial Machinery Manufacturing,4289,93,3,46.12,derived
2024-09-01,Industrial Machinery Manufacturing,4071,90,3,45.23,derived
2024-10-01,Industrial Machinery Manufacturing,4219,93,3,45.37,derived
2024-11-01,Industrial Machinery Manufacturing,4289,90,3,47.66,derived
2024-12-01,Industrial Machinery Manufacturing,4717,93,3,50.72,derived
2020-01-01,Insurance Carriers,533495,11191,361,47.67,derived
2020-02-01,Insurance Carriers,497806,10469,361,47.55,derived
2020-03-01,Insurance Carriers,286016,11191,361,25.56,derived
2020-04-01,Insurance Carriers,4869,10830,361,0.45,derived
2020-05-01,Insurance Carriers,193586,11191,361,17.3,derived
2020-06-01,Insurance Carriers,407445,10830,361,37.62,derived
2020-07-01,Insurance Carriers,431343,11191,361,38.54,derived
2020-08-01,Insurance Carriers,411086,11191,361,36.73,derived
2020-09-01,Insurance Carriers,409334,10890,363,37.59,derived
2020-10-01,Insurance Carriers,413455,11253,363,36.74,derived
2020-11-01,Insurance Carriers,410809,10950,365,37.52,derived
2020-12-01,Insurance Carriers,469134,11315,365,41.46,derived
2021-01-01,Insurance Carriers,337241,11284,364,29.89,derived
2021-02-01,Insurance Carriers,304928,10192,364,29.92,derived
2021-03-01,Insurance Carriers,454692,11253,363,40.41,derived
2021-04-01,Insurance Carriers,462568,10830,361,42.71,derived
2021-05-01,Insurance Carriers,465715,11036,356,42.2,derived
2021-06-01,Insurance Carriers,478091,10680,356,44.77,derived
2021-07-01,Insurance Carriers,506808,11067,357,45.79,derived
2021-08-01,Insurance Carriers,491668,11129,359,44.18,derived
2021-09-01,Insurance Carriers,471983,10800,360,43.7,derived
2021-10-01,Insurance Carriers,477744,11222,362,42.57,derived
2021-11-01,Insurance Carriers,477078,10860,362,43.93,derived
2021-12-01,Insurance Carriers,562973,11191,361,50.31,derived
2022-01-01,Insurance Carriers,423386,11222,362,37.73,derived
2022-02-01,Insurance Carriers,418726,10164,363,41.2,derived
2022-03-01,Insurance Carriers,503503,11253,363,44.74,derived
2022-04-01,Insurance Carriers,490476,10890,363,45.04,derived
2022-05-01,Insurance Carriers,498362,11253,363,44.29,derived
2022-06-01,Insurance Carriers,507460,10860,362,46.73,derived
2022-07-01,Insurance Carriers,518643,11253,363,46.09,derived
2022-08-01,Insurance Carriers,545895,11284,364,48.38,derived
2022-09-01,Insurance Carriers,496110,10890,363,45.56,derived
2022-10-01,Insurance Carriers,487908,11253,363,43.36,derived
2022-11-01,Insurance Carriers,481006,10860,362,44.29,derived
2022-12-01,Insurance Carriers,578474,11253,363,51.41,derived
2023-01-01,Insurance Carriers,460221,11222,362,41.01,derived
2023-02-01,Insurance Carriers,434600,10136,362,42.88,derived
2023-03-01,Insurance Carriers,508133,11253,363,45.16,derived
2023-04-01,Insurance Carriers,481286,10920,364,44.07,derived
2023-05-01,Insurance Carriers,522655,11315,365,46.19,derived
2023-06-01,Insurance Carriers,498193,10740,358,46.39,derived
2023-07-01,Insurance Carriers,510614,11098,358,46.01,derived
2023-08-01,Insurance Carriers,519801,11067,357,46.97,derived
2023-09-01,Insurance Carriers,467915,10710,357,43.69,derived
2023-10-01,Insurance Carriers,476740,11067,357,43.08,derived
2023-11-01,Insurance Carriers,469090,10680,356,43.92,derived
2023-12-01,Insurance Carriers,552581,11036,356,50.07,derived
2024-01-01,Insurance Carriers,451737,11036,356,40.93,derived
2024-02-01,Insurance Carriers,444572,10237,353,43.43,derived
2024-03-01,Insurance Carriers,475280,10943,353,43.43,derived
2024-04-01,Insurance Carriers,466223,10560,352,44.15,derived
2024-05-01,Insurance Carriers,513931,11005,355,46.7,derived
2024-06-01,Insurance Carriers,489660,10680,356,45.85,derived
2024-07-01,Insurance Carriers,521077,10974,354,47.48,derived
2024-08-01,Insurance Carriers,540737,11191,361,48.32,derived
2024-09-01,Insurance Carriers,475093,10860,362,43.75,derived
2024-10-01,Insurance Carriers,507753,11253,363,45.12,derived
2024-11-01,Insurance Carriers,470398,10560,352,44.55,derived
2024-12-01,Insurance Carriers,576448,10943,353,52.68,derived
2020-01-01,Interurban and Rural Bus Transportation,50375,3131,101,16.09,derived
2020-02-01,Interurban and Rural Bus Transportation,49969,2929,101,17.06,derived
2020-03-01,Interurban and Rural Bus Transportation,29730,3131,101,9.5,derived
2020-04-01,Interurban and Rural Bus Transportation,350,3030,101,0.12,derived
2020-05-01,Interurban and Rural Bus Transportation,15415,3131,101,4.92,derived
2020-06-01,Interurban and Rural Bus Transportation,37403,3030,101,12.34,derived
2020-07-01,Interurban and Rural Bus Transportation,31513,3131,101,10.06,derived
2020-08-01,Interurban and Rural Bus Transportation,39063,3131,101,12.48,derived
2020-09-01,Interurban and Rural Bus Transportation,37277,3030,101,12.3,derived
2020-10-01,Interurban and Rural Bus Transportation,38747,3131,101,12.38,derived
2020-11-01,Interurban and Rural Bus Transportation,39066,3030,101,12.89,derived
2020-12-01,Interurban and Rural Bus Transportation,41903,3131,101,13.38,derived
2021-01-01,Interurban and Rural Bus Transportation,28433,3131,101,9.08,derived
2021-02-01,Interurban and Rural Bus Transportation,26220,2884,103,9.09,derived
2021-03-01,Interurban and Rural Bus Transportation,47267,3286,106,14.38,derived
2021-04-01,Interurban and Rural Bus Transportation,47860,3180,106,15.05,derived
2021-05-01,Interurban and Rural Bus Transportation,50203,3286,106,15.28,derived
2021-06-01,Interurban and Rural Bus Transportation,51384,3240,108,15.86,derived
2021-07-01,Interurban and Rural Bus Transportation,54287,3317,107,16.37,derived
2021-08-01,Interurban and Rural Bus Transportation,53394,3348,108,15.95,derived
2021-09-01,Interurban and Rural Bus Transportation,47733,3240,108,14.73,derived
2021-10-01,Interurban and Rural Bus Transportation,49995,3348,108,14.93,derived
2021-11-01,Interurban and Rural Bus Transportation,53410,3300,110,16.18,derived
2021-12-01,Interurban and Rural Bus Transportation,58704,3441,111,17.06,derived
2022-01-01,Interurban and Rural Bus Transportation,40074,3348,108,11.97,derived
2022-02-01,Interurban and Rural Bus Transportation,39512,3024,108,13.07,derived
2022-03-01,Interurban and Rural Bus Transportation,50347,3317,107,15.18,derived
2022-04-01,Interurban and Rural Bus Transportation,48616,3210,107,15.15,derived
2022-05-01,Interurban and Rural Bus Transportation,51806,3410,110,15.19,derived
2022-06-01,Interurban and Rural Bus Transportation,50783,3180,106,15.97,derived
2022-07-01,Interurban and Rural Bus Transportation,53615,3286,106,16.32,derived
2022-08-01,Interurban and Rural Bus Transportation,54252,3317,107,16.36,derived
2022-09-01,Interurban and Rural Bus Transportation,47759,3240,108,14.74,derived
2022-10-01,Interurban and Rural Bus Transportation,47511,3348,108,14.19,derived
2022-11-01,Interurban and Rural Bus Transportation,50021,3300,110,15.16,derived
2022-12-01,Interurban and Rural Bus Transportation,58595,3472,112,16.88,derived
2023-01-01,Interurban and Rural Bus Transportation,45195,3472,112,13.02,derived
2023-02-01,Interurban and Rural Bus Transportation,39194,2828,101,13.86,derived
2023-03-01,Interurban and Rural Bus Transportation,46523,3100,100,15.01,derived
2023-04-01,Interurban and Rural Bus Transportation,44712,3000,100,14.9,derived
2023-05-01,Interurban and Rural Bus Transportation,46515,3100,100,15.0,derived
2023-06-01,Interurban and Rural Bus Transportation,46881,3000,100,15.63,derived
2023-07-01,Interurban and Rural Bus Transportation,50276,3131,101,16.06,derived
2023-08-01,Interurban and Rural Bus Transportation,50074,3193,103,15.68,derived
2023-09-01,Interurban and Rural Bus Transportation,45406,3120,104,14.55,derived
2023-10-01,Interurban and Rural Bus Transportation,44382,3193,103,13.9,derived
2023-11-01,Interurban and Rural Bus Transportation,47404,3090,103,15.34,derived
2023-12-01,Interurban and Rural Bus Transportation,54283,3193,103,17.0,derived
2024-01-01,Interurban and Rural Bus Transportation,42312,3193,103,13.25,derived
2024-02-01,Interurban and Rural Bus Transportation,41399,2987,103,13.86,derived
2024-03-01,Interurban and Rural Bus Transportation,46584,3193,103,14.59,derived
2024-04-01,Interurban and Rural Bus Transportation,43727,3090,103,14.15,derived
2024-05-01,Interurban and Rural Bus Transportation,47365,3193,103,14.83,derived
2024-06-01,Interurban and Rural Bus Transportation,46578,3090,103,15.07,derived
2024-07-01,Interurban and Rural Bus Transportation,48539,3193,103,15.2,derived
2024-08-01,Interurban and Rural Bus Transportation,50522,3193,103,15.82,derived
2024-09-01,Interurban and Rural Bus Transportation,42806,3090,103,13.85,derived
2024-10-01,Interurban and Rural Bus Transportation,44347,3193,103,13.89,derived
2024-11-01,Interurban and Rural Bus Transportation,48669,3090,103,15.75,derived
2024-12-01,Interurban and Rural Bus Transportation,55555,3193,103,17.4,derived
2020-01-01,Investigation and Security Services,9867,775,25,12.73,derived
2020-02-01,Investigation and Security Services,8882,725,25,12.25,derived
2020-03-01,Investigation and Security Services,5168,775,25,6.67,derived
2020-04-01,Investigation and Security Services,86,750,25,0.11,derived
2020-05-01,Investigation and Security Services,4378,775,25,5.65,derived
2020-06-01,Investigation and Security Services,7444,750,25,9.93,derived
2020-07-01,Investigation and Security Services,7685,775,25,9.92,derived
2020-08-01,Investigation and Security Services,7344,775,25,9.48,derived
2020-09-01,Investigation and Security Services,7368,750,25,9.82,derived
2020-10-01,Investigation and Security Services,6952,775,25,8.97,derived
2020-11-01,Investigation and Security Services,7679,750,25,10.24,derived
2020-12-01,Investigation and Security Services,8207,775,25,10.59,derived
2021-01-01,Investigation and Security Services,6114,775,25,7.89,derived
2021-02-01,Investigation and Security Services,5482,700,25,7.83,derived
2021-03-01,Investigation and Security Services,8030,775,25,10.36,derived
2021-04-01,Investigation and Security Services,8322,750,25,11.1,derived
2021-05-01,Investigation and Security Services,8361,775,25,10.79,derived
2021-06-01,Investigation and Security Services,9003,750,25,12.0,derived
2021-07-01,Investigation and Security Services,9540,775,25,12.31,derived
2021-08-01,Investigation and Security Services,9114,775,25,11.76,derived
2021-09-01,Investigation and Security Services,8825,750,25,11.77,derived
2021-10-01,Investigation and Security Services,8216,775,25,10.6,derived
2021-11-01,Investigation and Security Services,9366,750,25,12.49,derived
2021-12-01,Investigation and Security Services,10046,775,25,12.96,derived
2022-01-01,Investigation and Security Services,7809,775,25,10.08,derived
2022-02-01,Investigation and Security Services,7792,700,25,11.13,derived
2022-03-01,Investigation and Security Services,8864,775,25,11.44,derived
2022-04-01,Investigation and Security Services,8483,750,25,11.31,derived
2022-05-01,Investigation and Security Services,8995,775,25,11.61,derived
2022-06-01,Investigation and Security Services,9119,750,25,12.16,derived
2022-07-01,Investigation and Security Services,8823,775,25,11.38,derived
2022-08-01,Investigation and Security Services,9579,775,25,12.36,derived
2022-09-01,Investigation and Security Services,8762,750,25,11.68,derived
2022-10-01,Investigation and Security Services,8182,775,25,10.56,derived
2022-11-01,Investigation and Security Services,8808,750,25,11.74,derived
2022-12-01,Investigation and Security Services,9733,775,25,12.56,derived
2023-01-01,Investigation and Security Services,8499,775,25,10.97,derived
2023-02-01,Investigation and Security Services,7262,700,25,10.37,derived
2023-03-01,Investigation and Security Services,8861,775,25,11.43,derived
2023-04-01,Investigation and Security Services,8047,750,25,10.73,derived
2023-05-01,Investigation and Security Services,9270,775,25,11.96,derived
2023-06-01,Investigation and Security Services,9105,750,25,12.14,derived
2023-07-01,Investigation and Security Services,8815,775,25,11.37,derived
2023-08-01,Investigation and Security Services,9274,775,25,11.97,derived
2023-09-01,Investigation and Security Services,8238,750,25,10.98,derived
2023-10-01,Investigation and Security Services,8228,775,25,10.62,derived
2023-11-01,Investigation and Security Services,8823,750,25,11.76,derived
2023-12-01,Investigation and Security Services,9024,775,25,11.64,derived
2024-01-01,Investigation and Security Services,8796,775,25,11.35,derived
2024-02-01,Investigation and Security Services,7925,725,25,10.93,derived
2024-03-01,Investigation and Security Services,7681,744,24,10.32,derived
2024-04-01,Investigation and Security Services,8036,720,24,11.16,derived
2024-05-01,Investigation and Security Services,8545,744,24,11.49,derived
2024-06-01,Investigation and Security Services,7825,720,24,10.87,derived
2024-07-01,Investigation and Security Services,8867,744,24,11.92,derived
2024-08-01,Investigation and Security Services,8546,744,24,11.49,derived
2024-09-01,Investigation and Security Services,7550,720,24,10.49,derived
2024-10-01,Investigation and Security Services,8009,713,23,11.23,derived
2024-11-01,Investigation and Security Services,7811,690,23,11.32,derived
2024-12-01,Investigation and Security Services,8447,713,23,11.85,derived
2020-01-01,"Jewelry, Luggage, and Leather Goods Stores",4827842,21142,682,228.35,derived
2020-02-01,"Jewelry, Luggage, and Leather Goods Stores",4640820,19778,682,234.65,derived
2020-03-01,"Jewelry, Luggage, and Leather Goods Stores",1887048,21142,682,89.26,derived
2020-04-01,"Jewelry, Luggage, and Leather Goods Stores",4808,20490,683,0.23,derived
2020-05-01,"Jewelry, Luggage, and Leather Goods Stores",714828,21173,683,33.76,derived
2020-06-01,"Jewelry, Luggage, and Leather Goods Stores",2145364,20430,681,105.01,derived
2020-07-01,"Jewelry, Luggage, and Leather Goods Stores",2597520,21080,680,123.22,derived
2020-08-01,"Jewelry, Luggage, and Leather Goods Stores",2424492,21080,680,115.01,derived
2020-09-01,"Jewelry, Luggage, and Leather Goods Stores",2546815,20430,681,124.66,derived
2020-10-01,"Jewelry, Luggage, and Leather Goods Stores",2692020,21111,681,127.52,derived
2020-11-01,"Jewelry, Luggage, and Leather Goods Stores",3645666,20460,682,178.19,derived
2020-12-01,"Jewelry, Luggage, and Leather Goods Stores",5628526,21049,679,267.4,derived
2021-01-01,"Jewelry, Luggage, and Leather Goods Stores",2928859,20894,674,140.18,derived
2021-02-01,"Jewelry, Luggage, and Leather Goods Stores",2800608,18732,669,149.51,derived
2021-03-01,"Jewelry, Luggage, and Leather Goods Stores",3381606,20677,667,163.54,derived
2021-04-01,"Jewelry, Luggage, and Leather Goods Stores",3604903,19950,665,180.7,derived
2021-05-01,"Jewelry, Luggage, and Leather Goods Stores",4557892,20553,663,221.76,derived
2021-06-01,"Jewelry, Luggage, and Leather Goods Stores",4046922,19860,662,203.77,derived
2021-07-01,"Jewelry, Luggage, and Leather Goods Stores",4458578,20677,667,215.63,derived
2021-08-01,"Jewelry, Luggage, and Leather Goods Stores",4052670,20677,667,196.0,derived
2021-09-01,"Jewelry, Luggage, and Leather Goods Stores",3325929,20010,667,166.21,derived
2021-10-01,"Jewelry, Luggage, and Leather Goods Stores",3353932,20584,664,162.94,derived
2021-11-01,"Jewelry, Luggage, and Leather Goods Stores",5117138,19920,664,256.88,derived
2021-12-01,"Jewelry, Luggage, and Leather Goods Stores",7820327,20615,665,379.35,derived
2022-01-01,"Jewelry, Luggage, and Leather Goods Stores",3365221,20522,662,163.98,derived
2022-02-01,"Jewelry, Luggage, and Leather Goods Stores",3707065,18592,664,199.39,derived
2022-03-01,"Jewelry, Luggage, and Leather Goods Stores",3780572,20398,658,185.34,derived
2022-04-01,"Jewelry, Luggage, and Leather Goods Stores",4037371,19860,662,203.29,derived
2022-05-01,"Jewelry, Luggage, and Leather Goods Stores",4726340,20460,660,231.0,derived
2022-06-01,"Jewelry, Luggage, and Leather Goods Stores",4063748,19740,658,205.86,derived
2022-07-01,"Jewelry, Luggage, and Leather Goods Stores",4468933,20460,660,218.42,derived
2022-08-01,"Jewelry, Luggage, and Leather Goods Stores",4363846,20460,660,213.29,derived
2022-09-01,"Jewelry, Luggage, and Leather Goods Stores",3467422,19710,657,175.92,derived
2022-10-01,"Jewelry, Luggage, and Leather Goods Stores",3494482,20336,656,171.84,derived
2022-11-01,"Jewelry, Luggage, and Leather Goods Stores",4988138,19920,664,250.41,derived
2022-12-01,"Jewelry, Luggage, and Leather Goods Stores",8098597,20584,664,393.44,derived
2023-01-01,"Jewelry, Luggage, and Leather Goods Stores",3962532,20522,662,193.09,derived
2023-02-01,"Jewelry, Luggage, and Leather Goods Stores",3956949,18452,659,214.45,derived
2023-03-01,"Jewelry, Luggage, and Leather Goods Stores",3727994,20398,658,182.76,derived
2023-04-01,"Jewelry, Luggage, and Leather Goods Stores",3922702,19860,662,197.52,derived
2023-05-01,"Jewelry, Luggage, and Leather Goods Stores",4817763,20615,665,233.7,derived
2023-06-01,"Jewelry, Luggage, and Leather Goods Stores",4346900,19890,663,218.55,derived
2023-07-01,"Jewelry, Luggage, and Leather Goods Stores",4779982,20615,665,231.87,derived
2023-08-01,"Jewelry, Luggage, and Leather Goods Stores",4414064,20367,657,216.73,derived
2023-09-01,"Jewelry, Luggage, and Leather Goods Stores",3767639,19830,661,190.0,derived
2023-10-01,"Jewelry, Luggage, and Leather Goods Stores",3656422,20553,663,177.9,derived
2023-11-01,"Jewelry, Luggage, and Leather Goods Stores",5451771,20040,668,272.04,derived
2023-12-01,"Jewelry, Luggage, and Leather Goods Stores",8550801,20708,668,412.92,derived
2024-01-01,"Jewelry, Luggage, and Leather Goods Stores",4131652,20615,665,200.42,derived
2024-02-01,"Jewelry, Luggage, and Leather Goods Stores",4396609,19314,666,227.64,derived
2024-03-01,"Jewelry, Luggage, and Leather Goods Stores",4259327,20584,664,206.92,derived
2024-04-01,"Jewelry, Luggage, and Leather Goods Stores",3820593,19830,661,192.67,derived
2024-05-01,"Jewelry, Luggage, and Leather Goods Stores",5152667,20584,664,250.32,derived
2024-06-01,"Jewelry, Luggage, and Leather Goods Stores",4582112,19950,665,229.68,derived
2024-07-01,"Jewelry, Luggage, and Leather Goods Stores",4856832,20677,667,234.89,derived
2024-08-01,"Jewelry, Luggage, and Leather Goods Stores",4770618,20646,666,231.07,derived
2024-09-01,"Jewelry, Luggage, and Leather Goods Stores",3837887,19980,666,192.09,derived
2024-10-01,"Jewelry, Luggage, and Leather Goods Stores",3826892,20708,668,184.8,derived
2024-11-01,"Jewelry, Luggage, and Leather Goods Stores",5851419,20160,672,290.25,derived
2024-12-01,"Jewelry, Luggage, and Leather Goods Stores",8841340,20832,672,424.41,derived
2020-01-01,Lawn and Garden Equipment and Supplies Stores,154079,1767,57,87.2,derived
2020-02-01,Lawn and Garden Equipment and Supplies Stores,152908,1653,57,92.5,derived
2020-03-01,Lawn and Garden Equipment and Supplies Stores,103065,1767,57,58.33,derived
2020-04-01,Lawn and Garden Equipment and Supplies Stores,3330,1710,57,1.95,derived
2020-05-01,Lawn and Garden Equipment and Supplies Stores,65497,1767,57,37.07,derived
2020-06-01,Lawn and Garden Equipment and Supplies Stores,150332,1710,57,87.91,derived
2020-07-01,Lawn and Garden Equipment and Supplies Stores,144684,1767,57,81.88,derived
2020-08-01,Lawn and Garden Equipment and Supplies Stores,145417,1767,57,82.3,derived
2020-09-01,Lawn and Garden Equipment and Supplies Stores,150557,1710,57,88.05,derived
2020-10-01,Lawn and Garden Equipment and Supplies Stores,150911,1767,57,85.41,derived
2020-11-01,Lawn and Garden Equipment and Supplies Stores,147349,1710,57,86.17,derived
2020-12-01,Lawn and Garden Equipment and Supplies Stores,131537,1767,57,74.44,derived
2021-01-01,Lawn and Garden Equipment and Supplies Stores,109863,1767,57,62.17,derived
2021-02-01,Lawn and Garden Equipment and Supplies Stores,96563,1596,57,60.5,derived
2021-03-01,Lawn and Garden Equipment and Supplies Stores,155726,1767,57,88.13,derived
2021-04-01,Lawn and Garden Equipment and Supplies Stores,171390,1710,57,100.23,derived
2021-05-01,Lawn and Garden Equipment and Supplies Stores,186313,1767,57,105.44,derived
2021-06-01,Lawn and Garden Equipment and Supplies Stores,177700,1710,57,103.92,derived
2021-07-01,Lawn and Garden Equipment and Supplies Stores,164384,1767,57,93.03,derived
2021-08-01,Lawn and Garden Equipment and Supplies Stores,159336,1767,57,90.17,derived
2021-09-01,Lawn and Garden Equipment and Supplies Stores,164619,1710,57,96.27,derived
2021-10-01,Lawn and Garden Equipment and Supplies Stores,167494,1860,60,90.05,derived
2021-11-01,Lawn and Garden Equipment and Supplies Stores,171197,1800,60,95.11,derived
2021-12-01,Lawn and Garden Equipment and Supplies Stores,150616,1860,60,80.98,derived
2022-01-01,Lawn and Garden Equipment and Supplies Stores,127816,1860,60,68.72,derived
2022-02-01,Lawn and Garden Equipment and Supplies Stores,130061,1708,61,76.15,derived
2022-03-01,Lawn and Garden Equipment and Supplies Stores,166940,1891,61,88.28,derived
2022-04-01,Lawn and Garden Equipment and Supplies Stores,184866,1830,61,101.02,derived
2022-05-01,Lawn and Garden Equipment and Supplies Stores,193968,1891,61,102.57,derived
2022-06-01,Lawn and Garden Equipment and Supplies Stores,185132,1830,61,101.17,derived
2022-07-01,Lawn and Garden Equipment and Supplies Stores,168034,1891,61,88.86,derived
2022-08-01,Lawn and Garden Equipment and Supplies Stores,168043,1891,61,88.86,derived
2022-09-01,Lawn and Garden Equipment and Supplies Stores,171066,1830,61,93.48,derived
2022-10-01,Lawn and Garden Equipment and Supplies Stores,165258,1922,62,85.98,derived
2022-11-01,Lawn and Garden Equipment and Supplies Stores,56341,780,26,72.23,derived
2022-12-01,Lawn and Garden Equipment and Supplies Stores,50383,806,26,62.51,derived
2023-01-01,Lawn and Garden Equipment and Supplies Stores,44218,806,26,54.86,derived
2023-02-01,Lawn and Garden Equipment and Supplies Stores,44043,728,26,60.5,derived
2023-03-01,Lawn and Garden Equipment and Supplies Stores,55835,806,26,69.27,derived
2023-04-01,Lawn and Garden Equipment and Supplies Stores,60132,780,26,77.09,derived
2023-05-01,Lawn and Garden Equipment and Supplies Stores,64122,806,26,79.56,derived
2023-06-01,Lawn and Garden Equipment and Supplies Stores,60776,780,26,77.92,derived
2023-07-01,Lawn and Garden Equipment and Supplies Stores,56697,806,26,70.34,derived
2023-08-01,Lawn and Garden Equipment and Supplies Stores,55672,806,26,69.07,derived
2023-09-01,Lawn and Garden Equipment and Supplies Stores,57902,840,28,68.93,derived
2023-10-01,Lawn and Garden Equipment and Supplies Stores,55759,868,28,64.24,derived
2023-11-01,Lawn and Garden Equipment and Supplies Stores,57597,810,27,71.11,derived
2023-12-01,Lawn and Garden Equipment and Supplies Stores,53683,837,27,64.14,derived
2024-01-01,Lawn and Garden Equipment and Supplies Stores,45601,837,27,54.48,derived
2024-02-01,Lawn and Garden Equipment and Supplies Stores,46256,783,27,59.08,derived
2024-03-01,Lawn and Garden Equipment and Supplies Stores,58086,868,28,66.92,derived
2024-04-01,Lawn and Garden Equipment and Supplies Stores,58203,840,28,69.29,derived
2024-05-01,Lawn and Garden Equipment and Supplies Stores,66575,868,28,76.7,derived
2024-06-01,Lawn and Garden Equipment and Supplies Stores,60511,810,27,74.7,derived
2024-07-01,Lawn and Garden Equipment and Supplies Stores,54748,837,27,65.41,derived
2024-08-01,Lawn and Garden Equipment and Supplies Stores,57495,837,27,68.69,derived
2024-09-01,Lawn and Garden Equipment and Supplies Stores,53560,810,27,66.12,derived
2024-10-01,Lawn and Garden Equipment and Supplies Stores,53830,837,27,64.31,derived
2024-11-01,Lawn and Garden Equipment and Supplies Stores,58163,810,27,71.81,derived
2024-12-01,Lawn and Garden Equipment and Supplies Stores,52496,837,27,62.72,derived
2020-01-01,Lessors of Real Estate,4686842,35402,1142,132.39,derived
2020-02-01,Lessors of Real Estate,4912614,35061,1209,140.12,derived
2020-03-01,Lessors of Real Estate,2812824,37634,1214,74.74,derived
2020-04-01,Lessors of Real Estate,42421,36420,1214,1.16,derived
2020-05-01,Lessors of Real Estate,1922880,37634,1214,51.09,derived
2020-06-01,Lessors of Real Estate,3692736,36450,1215,101.31,derived
2020-07-01,Lessors of Real Estate,3938464,37665,1215,104.57,derived
2020-08-01,Lessors of Real Estate,4037989,37665,1215,107.21,derived
2020-09-01,Lessors of Real Estate,3969598,36540,1218,108.64,derived
2020-10-01,Lessors of Real Estate,4132685,37727,1217,109.54,derived
2020-11-01,Lessors of Real Estate,4220047,36510,1217,115.59,derived
2020-12-01,Lessors of Real Estate,4336010,37789,1219,114.74,derived
2021-01-01,Lessors of Real Estate,3421164,37727,1217,90.68,derived
2021-02-01,Lessors of Real Estate,2945726,34076,1217,86.45,derived
2021-03-01,Lessors of Real Estate,4439748,37975,1225,116.91,derived
2021-04-01,Lessors of Real Estate,4545258,36810,1227,123.48,derived
2021-05-01,Lessors of Real Estate,4831221,38161,1231,126.6,derived
2021-06-01,Lessors of Real Estate,4724592,36990,1233,127.73,derived
2021-07-01,Lessors of Real Estate,5120662,38471,1241,133.1,derived
2021-08-01,Lessors of Real Estate,4921303,38688,1248,127.2,derived
2021-09-01,Lessors of Real Estate,4687628,37500,1250,125.0,derived
2021-10-01,Lessors of Real Estate,4833491,38781,1251,124.64,derived
2021-11-01,Lessors of Real Estate,5040439,37950,1265,132.82,derived
2021-12-01,Lessors of Real Estate,5280813,39463,1273,133.82,derived
2022-01-01,Lessors of Real Estate,4355336,39804,1284,109.42,derived
2022-02-01,Lessors of Real Estate,4181317,36232,1294,115.4,derived
2022-03-01,Lessors of Real Estate,5013764,40300,1300,124.41,derived
2022-04-01,Lessors of Real Estate,4995055,39330,1311,127.0,derived
2022-05-01,Lessors of Real Estate,5137161,40796,1316,125.92,derived
2022-06-01,Lessors of Real Estate,5080970,39990,1333,127.06,derived
2022-07-01,Lessors of Real Estate,5351732,41416,1336,129.22,derived
2022-08-01,Lessors of Real Estate,5418801,41478,1338,130.64,derived
2022-09-01,Lessors of Real Estate,4968773,40110,1337,123.88,derived
2022-10-01,Lessors of Real Estate,5093777,41540,1340,122.62,derived
2022-11-01,Lessors of Real Estate,5141948,40290,1343,127.62,derived
2022-12-01,Lessors of Real Estate,5644230,41912,1352,134.67,derived
2023-01-01,Lessors of Real Estate,4730816,41974,1354,112.71,derived
2023-02-01,Lessors of Real Estate,4330927,37912,1354,114.24,derived
2023-03-01,Lessors of Real Estate,5101004,42098,1358,121.17,derived
2023-04-01,Lessors of Real Estate,5033059,40740,1358,123.54,derived
2023-05-01,Lessors of Real Estate,5292716,42222,1362,125.35,derived
2023-06-01,Lessors of Real Estate,5171637,41130,1371,125.74,derived
2023-07-01,Lessors of Real Estate,5312170,42501,1371,124.99,derived
2023-08-01,Lessors of Real Estate,5501111,43431,1401,126.66,derived
2023-09-01,Lessors of Real Estate,5127466,42090,1403,121.82,derived
2023-10-01,Lessors of Real Estate,5154726,43679,1409,118.01,derived
2023-11-01,Lessors of Real Estate,5414979,42360,1412,127.83,derived
2023-12-01,Lessors of Real Estate,5812243,44051,1421,131.94,derived
2024-01-01,Lessors of Real Estate,4862934,44175,1425,110.08,derived
2024-02-01,Lessors of Real Estate,4730309,41383,1427,114.31,derived
2024-03-01,Lessors of Real Estate,5269226,44361,1431,118.78,derived
2024-04-01,Lessors of Real Estate,5074008,42930,1431,118.19,derived
2024-05-01,Lessors of Real Estate,5495232,44547,1437,123.36,derived
2024-06-01,Lessors of Real Estate,5275865,43140,1438,122.3,derived
2024-07-01,Lessors of Real Estate,5451798,44144,1424,123.5,derived
2024-08-01,Lessors of Real Estate,5722700,44764,1444,127.84,derived
2024-09-01,Lessors of Real Estate,5246727,46530,1551,112.76,derived
2024-10-01,Lessors of Real Estate,5540343,48298,1558,114.71,derived
2024-11-01,Lessors of Real Estate,5922878,47010,1567,125.99,derived
2024-12-01,Lessors of Real Estate,6383639,48856,1576,130.66,derived
2020-01-01,Lumber and Other Construction Materials Merchant Wholesalers,91676,2666,86,34.39,derived
2020-02-01,Lumber and Other Construction Materials Merchant Wholesalers,79742,2494,86,31.97,derived
2020-03-01,Lumber and Other Construction Materials Merchant Wholesalers,48732,2666,86,18.28,derived
2020-04-01,Lumber and Other Construction Materials Merchant Wholesalers,2014,2580,86,0.78,derived
2020-05-01,Lumber and Other Construction Materials Merchant Wholesalers,36553,2666,86,13.71,derived
2020-06-01,Lumber and Other Construction Materials Merchant Wholesalers,70435,2580,86,27.3,derived
2020-07-01,Lumber and Other Construction Materials Merchant Wholesalers,78762,2697,87,29.2,derived
2020-08-01,Lumber and Other Construction Materials Merchant Wholesalers,70400,2697,87,26.1,derived
2020-09-01,Lumber and Other Construction Materials Merchant Wholesalers,79142,2610,87,30.32,derived
2020-10-01,Lumber and Other Construction Materials Merchant Wholesalers,81533,2697,87,30.23,derived
2020-11-01,Lumber and Other Construction Materials Merchant Wholesalers,74809,2610,87,28.66,derived
2020-12-01,Lumber and Other Construction Materials Merchant Wholesalers,80684,2697,87,29.92,derived
2021-01-01,Lumber and Other Construction Materials Merchant Wholesalers,63463,2294,74,27.66,derived
2021-02-01,Lumber and Other Construction Materials Merchant Wholesalers,48810,2072,74,23.56,derived
2021-03-01,Lumber and Other Construction Materials Merchant Wholesalers,72031,2294,74,31.4,derived
2021-04-01,Lumber and Other Construction Materials Merchant Wholesalers,70610,2220,74,31.81,derived
2021-05-01,Lumber and Other Construction Materials Merchant Wholesalers,63926,2263,73,28.25,derived
2021-06-01,Lumber and Other Construction Materials Merchant Wholesalers,69197,2190,73,31.6,derived
2021-07-01,Lumber and Other Construction Materials Merchant Wholesalers,67738,2263,73,29.93,derived
2021-08-01,Lumber and Other Construction Materials Merchant Wholesalers,66313,2170,70,30.56,derived
2021-09-01,Lumber and Other Construction Materials Merchant Wholesalers,69123,2100,70,32.92,derived
2021-10-01,Lumber and Other Construction Materials Merchant Wholesalers,64794,2170,70,29.86,derived
2021-11-01,Lumber and Other Construction Materials Merchant Wholesalers,64444,2100,70,30.69,derived
2021-12-01,Lumber and Other Construction Materials Merchant Wholesalers,69367,2139,69,32.43,derived
2022-01-01,Lumber and Other Construction Materials Merchant Wholesalers,59104,2170,70,27.24,derived
2022-02-01,Lumber and Other Construction Materials Merchant Wholesalers,56740,1960,70,28.95,derived
2022-03-01,Lumber and Other Construction Materials Merchant Wholesalers,68458,2139,69,32.0,derived
2022-04-01,Lumber and Other Construction Materials Merchant Wholesalers,62227,2070,69,30.06,derived
2022-05-01,Lumber and Other Construction Materials Merchant Wholesalers,61242,2139,69,28.63,derived
2022-06-01,Lumber and Other Construction Materials Merchant Wholesalers,63970,2070,69,30.9,derived
2022-07-01,Lumber and Other Construction Materials Merchant Wholesalers,58403,2139,69,27.3,derived
2022-08-01,Lumber and Other Construction Materials Merchant Wholesalers,66600,2139,69,31.14,derived
2022-09-01,Lumber and Other Construction Materials Merchant Wholesalers,65049,2070,69,31.42,derived
2022-10-01,Lumber and Other Construction Materials Merchant Wholesalers,62197,2139,69,29.08,derived
2022-11-01,Lumber and Other Construction Materials Merchant Wholesalers,63336,2100,70,30.16,derived
2022-12-01,Lumber and Other Construction Materials Merchant Wholesalers,70850,2170,70,32.65,derived
2023-01-01,Lumber and Other Construction Materials Merchant Wholesalers,62895,2170,70,28.98,derived
2023-02-01,Lumber and Other Construction Materials Merchant Wholesalers,56817,1960,70,28.99,derived
2023-03-01,Lumber and Other Construction Materials Merchant Wholesalers,68518,2201,71,31.13,derived
2023-04-01,Lumber and Other Construction Materials Merchant Wholesalers,59747,2130,71,28.05,derived
2023-05-01,Lumber and Other Construction Materials Merchant Wholesalers,66165,2294,74,28.84,derived
2023-06-01,Lumber and Other Construction Materials Merchant Wholesalers,67437,2220,74,30.38,derived
2023-07-01,Lumber and Other Construction Materials Merchant Wholesalers,60562,2294,74,26.4,derived
2023-08-01,Lumber and Other Construction Materials Merchant Wholesalers,68205,2294,74,29.73,derived
2023-09-01,Lumber and Other Construction Materials Merchant Wholesalers,65921,2220,74,29.69,derived
2023-10-01,Lumber and Other Construction Materials Merchant Wholesalers,66581,2294,74,29.02,derived
2023-11-01,Lumber and Other Construction Materials Merchant Wholesalers,66357,2250,75,29.49,derived
2023-12-01,Lumber and Other Construction Materials Merchant Wholesalers,67238,2325,75,28.92,derived
2024-01-01,Lumber and Other Construction Materials Merchant Wholesalers,69406,2325,75,29.85,derived
2024-02-01,Lumber and Other Construction Materials Merchant Wholesalers,64672,2204,76,29.34,derived
2024-03-01,Lumber and Other Construction Materials Merchant Wholesalers,68396,2387,77,28.65,derived
2024-04-01,Lumber and Other Construction Materials Merchant Wholesalers,70004,2340,78,29.92,derived
2024-05-01,Lumber and Other Construction Materials Merchant Wholesalers,69793,2449,79,28.5,derived
2024-06-01,Lumber and Other Construction Materials Merchant Wholesalers,65858,2400,80,27.44,derived
2024-07-01,Lumber and Other Construction Materials Merchant Wholesalers,69470,2480,80,28.01,derived
2024-08-01,Lumber and Other Construction Materials Merchant Wholesalers,70378,2480,80,28.38,derived
2024-09-01,Lumber and Other Construction Materials Merchant Wholesalers,67655,2400,80,28.19,derived
2024-10-01,Lumber and Other Construction Materials Merchant Wholesalers,71492,2449,79,29.19,derived
2024-11-01,Lumber and Other Construction Materials Merchant Wholesalers,67563,2370,79,28.51,derived
2024-12-01,Lumber and Other Construction Materials Merchant Wholesalers,69925,2449,79,28.55,derived
2020-01-01,"Machinery, Equipment, and Supplies Merchant Wholesalers",2455230,24056,776,102.06,derived
2020-02-01,"Machinery, Equipment, and Supplies Merchant Wholesalers",2206316,22504,776,98.04,derived
2020-03-01,"Machinery, Equipment, and Supplies Merchant Wholesalers",1320200,24056,776,54.88,derived
2020-04-01,"Machinery, Equipment, and Supplies Merchant Wholesalers",46423,23280,776,1.99,derived
2020-05-01,"Machinery, Equipment, and Supplies Merchant Wholesalers",932109,24056,776,38.75,derived
2020-06-01,"Machinery, Equipment, and Supplies Merchant Wholesalers",1970397,23280,776,84.64,derived
2020-07-01,"Machinery, Equipment, and Supplies Merchant Wholesalers",2108435,24087,777,87.53,derived
2020-08-01,"Machinery, Equipment, and Supplies Merchant Wholesalers",1956028,24149,779,81.0,derived
2020-09-01,"Machinery, Equipment, and Supplies Merchant Wholesalers",2074662,23370,779,88.77,derived
2020-10-01,"Machinery, Equipment, and Supplies Merchant Wholesalers",2149555,24149,779,89.01,derived
2020-11-01,"Machinery, Equipment, and Supplies Merchant Wholesalers",1900347,23340,778,81.42,derived
2020-12-01,"Machinery, Equipment, and Supplies Merchant Wholesalers",1966649,24118,778,81.54,derived
2021-01-01,"Machinery, Equipment, and Supplies Merchant Wholesalers",1845242,24087,777,76.61,derived
2021-02-01,"Machinery, Equipment, and Supplies Merchant Wholesalers",1696530,21812,779,77.78,derived
2021-03-01,"Machinery, Equipment, and Supplies Merchant Wholesalers",2251723,24087,777,93.48,derived
2021-04-01,"Machinery, Equipment, and Supplies Merchant Wholesalers",2175292,23370,779,93.08,derived
2021-05-01,"Machinery, Equipment, and Supplies Merchant Wholesalers",2039571,24149,779,84.46,derived
2021-06-01,"Machinery, Equipment, and Supplies Merchant Wholesalers",2162965,23370,779,92.55,derived
2021-07-01,"Machinery, Equipment, and Supplies Merchant Wholesalers",2136013,24118,778,88.57,derived
2021-08-01,"Machinery, Equipment, and Supplies Merchant Wholesalers",2130254,24118,778,88.33,derived
2021-09-01,"Machinery, Equipment, and Supplies Merchant Wholesalers",2181974,23430,781,93.13,derived
2021-10-01,"Machinery, Equipment, and Supplies Merchant Wholesalers",2106228,24211,781,86.99,derived
2021-11-01,"Machinery, Equipment, and Supplies Merchant Wholesalers",2081063,23430,781,88.82,derived
2021-12-01,"Machinery, Equipment, and Supplies Merchant Wholesalers",2262451,24335,785,92.97,derived
2022-01-01,"Machinery, Equipment, and Supplies Merchant Wholesalers",1974042,24304,784,81.22,derived
2022-02-01,"Machinery, Equipment, and Supplies Merchant Wholesalers",1863706,21924,783,85.01,derived
2022-03-01,"Machinery, Equipment, and Supplies Merchant Wholesalers",2228717,24242,782,91.94,derived
2022-04-01,"Machinery, Equipment, and Supplies Merchant Wholesalers",2034344,23520,784,86.49,derived
2022-05-01,"Machinery, Equipment, and Supplies Merchant Wholesalers",1992337,24397,787,81.66,derived
2022-06-01,"Machinery, Equipment, and Supplies Merchant Wholesalers",2072827,23580,786,87.91,derived
2022-07-01,"Machinery, Equipment, and Supplies Merchant Wholesalers",1941276,24428,788,79.47,derived
2022-08-01,"Machinery, Equipment, and Supplies Merchant Wholesalers",2177238,24521,791,88.79,derived
2022-09-01,"Machinery, Equipment, and Supplies Merchant Wholesalers",2112952,23730,791,89.04,derived
2022-10-01,"Machinery, Equipment, and Supplies Merchant Wholesalers",2058393,24552,792,83.84,derived
2022-11-01,"Machinery, Equipment, and Supplies Merchant Wholesalers",2048529,23790,793,86.11,derived
2022-12-01,"Machinery, Equipment, and Supplies Merchant Wholesalers",2232216,24552,792,90.92,derived
2023-01-01,"Machinery, Equipment, and Supplies Merchant Wholesalers",2057575,24552,792,83.8,derived
2023-02-01,"Machinery, Equipment, and Supplies Merchant Wholesalers",1881325,22176,792,84.84,derived
2023-03-01,"Machinery, Equipment, and Supplies Merchant Wholesalers",2187751,24769,799,88.33,derived
2023-04-01,"Machinery, Equipment, and Supplies Merchant Wholesalers",1969409,24300,810,81.05,derived
2023-05-01,"Machinery, Equipment, and Supplies Merchant Wholesalers",2114212,25265,815,83.68,derived
2023-06-01,"Machinery, Equipment, and Supplies Merchant Wholesalers",2159164,24480,816,88.2,derived
2023-07-01,"Machinery, Equipment, and Supplies Merchant Wholesalers",2009049,25389,819,79.13,derived
2023-08-01,"Machinery, Equipment, and Supplies Merchant Wholesalers",2200271,25451,821,86.45,derived
2023-09-01,"Machinery, Equipment, and Supplies Merchant Wholesalers",2184197,24840,828,87.93,derived
2023-10-01,"Machinery, Equipment, and Supplies Merchant Wholesalers",2211132,25854,834,85.52,derived
2023-11-01,"Machinery, Equipment, and Supplies Merchant Wholesalers",2137182,24810,827,86.14,derived
2023-12-01,"Machinery, Equipment, and Supplies Merchant Wholesalers",2257087,25730,830,87.72,derived
2024-01-01,"Machinery, Equipment, and Supplies Merchant Wholesalers",2176552,25668,828,84.8,derived
2024-02-01,"Machinery, Equipment, and Supplies Merchant Wholesalers",2064729,24128,832,85.57,derived
2024-03-01,"Machinery, Equipment, and Supplies Merchant Wholesalers",2188088,25761,831,84.94,derived
2024-04-01,"Machinery, Equipment, and Supplies Merchant Wholesalers",2184526,24930,831,87.63,derived
2024-05-01,"Machinery, Equipment, and Supplies Merchant Wholesalers",2173485,25668,828,84.68,derived
2024-06-01,"Machinery, Equipment, and Supplies Merchant Wholesalers",2076470,24840,828,83.59,derived
2024-07-01,"Machinery, Equipment, and Supplies Merchant Wholesalers",2142650,25637,827,83.58,derived
2024-08-01,"Machinery, Equipment, and Supplies Merchant Wholesalers",2257915,25699,829,87.86,derived
2024-09-01,"Machinery, Equipment, and Supplies Merchant Wholesalers",2147258,24870,829,86.34,derived
2024-10-01,"Machinery, Equipment, and Supplies Merchant Wholesalers",2252216,25668,828,87.74,derived
2024-11-01,"Machinery, Equipment, and Supplies Merchant Wholesalers",2145724,24750,825,86.7,derived
2024-12-01,"Machinery, Equipment, and Supplies Merchant Wholesalers",2290626,25482,822,89.89,derived
2020-01-01,Management of Companies and Enterprises,19222,1271,41,15.12,derived
2020-02-01,Management of Companies and Enterprises,19452,1189,41,16.36,derived
2020-03-01,Management of Companies and Enterprises,10954,1271,41,8.62,derived
2020-04-01,Management of Companies and Enterprises,80,1230,41,0.07,derived
2020-05-01,Management of Companies and Enterprises,8188,1271,41,6.44,derived
2020-06-01,Management of Companies and Enterprises,12640,1230,41,10.28,derived
2020-07-01,Management of Companies and Enterprises,12009,1271,41,9.45,derived
2020-08-01,Management of Companies and Enterprises,12651,1271,41,9.95,derived
2020-09-01,Management of Companies and Enterprises,13076,1230,41,10.63,derived
2020-10-01,Management of Companies and Enterprises,15455,1271,41,12.16,derived
2020-11-01,Management of Companies and Enterprises,15553,1230,41,12.64,derived
2020-12-01,Management of Companies and Enterprises,16467,1271,41,12.96,derived
2021-01-01,Management of Companies and Enterprises,13184,1271,41,10.37,derived
2021-02-01,Management of Companies and Enterprises,11652,1148,41,10.15,derived
2021-03-01,Management of Companies and Enterprises,18068,1426,46,12.67,derived
2021-04-01,Management of Companies and Enterprises,20002,1470,49,13.61,derived
2021-05-01,Management of Companies and Enterprises,19781,1519,49,13.02,derived
2021-06-01,Management of Companies and Enterprises,18929,1470,49,12.88,derived
2021-07-01,Management of Companies and Enterprises,19972,1519,49,13.15,derived
2021-08-01,Management of Companies and Enterprises,19065,1519,49,12.55,derived
2021-09-01,Management of Companies and Enterprises,19053,1470,49,12.96,derived
2021-10-01,Management of Companies and Enterprises,19520,1519,49,12.85,derived
2021-11-01,Management of Companies and Enterprises,20695,1470,49,14.08,derived
2021-12-01,Management of Companies and Enterprises,21601,1519,49,14.22,derived
2022-01-01,Management of Companies and Enterprises,17818,1519,49,11.73,derived
2022-02-01,Management of Companies and Enterprises,17300,1372,49,12.61,derived
2022-03-01,Management of Companies and Enterprises,20490,1519,49,13.49,derived
2022-04-01,Management of Companies and Enterprises,21380,1470,49,14.54,derived
2022-05-01,Management of Companies and Enterprises,18763,1426,46,13.16,derived
2022-06-01,Management of Companies and Enterprises,17852,1410,47,12.66,derived
2022-07-01,Management of Companies and Enterprises,18066,1457,47,12.4,derived
2022-08-01,Management of Companies and Enterprises,18741,1457,47,12.86,derived
2022-09-01,Management of Companies and Enterprises,18450,1410,47,13.09,derived
2022-10-01,Management of Companies and Enterprises,18613,1457,47,12.77,derived
2022-11-01,Management of Companies and Enterprises,18865,1380,46,13.67,derived
2022-12-01,Management of Companies and Enterprises,20994,1395,45,15.05,derived
2023-01-01,Management of Companies and Enterprises,17005,1395,45,12.19,derived
2023-02-01,Management of Companies and Enterprises,16279,1260,45,12.92,derived
2023-03-01,Management of Companies and Enterprises,18757,1395,45,13.45,derived
2023-04-01,Management of Companies and Enterprises,17861,1350,45,13.23,derived
2023-05-01,Management of Companies and Enterprises,18485,1395,45,13.25,derived
2023-06-01,Management of Companies and Enterprises,16962,1350,45,12.56,derived
2023-07-01,Management of Companies and Enterprises,17403,1395,45,12.48,derived
2023-08-01,Management of Companies and Enterprises,17583,1395,45,12.6,derived
2023-09-01,Management of Companies and Enterprises,17831,1350,45,13.21,derived
2023-10-01,Management of Companies and Enterprises,17135,1364,44,12.56,derived
2023-11-01,Management of Companies and Enterprises,18024,1320,44,13.65,derived
2023-12-01,Management of Companies and Enterprises,19543,1333,43,14.66,derived
2024-01-01,Management of Companies and Enterprises,17014,1333,43,12.76,derived
2024-02-01,Management of Companies and Enterprises,16830,1247,43,13.5,derived
2024-03-01,Management of Companies and Enterprises,17632,1333,43,13.23,derived
2024-04-01,Management of Companies and Enterprises,17154,1290,43,13.3,derived
2024-05-01,Management of Companies and Enterprises,17806,1333,43,13.36,derived
2024-06-01,Management of Companies and Enterprises,16036,1290,43,12.43,derived
2024-07-01,Management of Companies and Enterprises,17095,1333,43,12.82,derived
2024-08-01,Management of Companies and Enterprises,17407,1333,43,13.06,derived
2024-09-01,Management of Companies and Enterprises,16934,1290,43,13.13,derived
2024-10-01,Management of Companies and Enterprises,17542,1333,43,13.16,derived
2024-11-01,Management of Companies and Enterprises,18842,1290,43,14.61,derived
2024-12-01,Management of Companies and Enterprises,19836,1333,43,14.88,derived
2020-01-01,"Management, Scientific, and Technical Consulting Services",78236,1736,56,45.07,derived
2020-02-01,"Management, Scientific, and Technical Consulting Services",72678,1624,56,44.75,derived
2020-03-01,"Management, Scientific, and Technical Consulting Services",42322,1736,56,24.38,derived
2020-04-01,"Management, Scientific, and Technical Consulting Services",389,1680,56,0.23,derived
2020-05-01,"Management, Scientific, and Technical Consulting Services",23139,1736,56,13.33,derived
2020-06-01,"Management, Scientific, and Technical Consulting Services",50708,1680,56,30.18,derived
2020-07-01,"Management, Scientific, and Technical Consulting Services",54513,1736,56,31.4,derived
2020-08-01,"Management, Scientific, and Technical Consulting Services",51897,1736,56,29.89,derived
2020-09-01,"Management, Scientific, and Technical Consulting Services",54666,1680,56,32.54,derived
2020-10-01,"Management, Scientific, and Technical Consulting Services",51537,1736,56,29.69,derived
2020-11-01,"Management, Scientific, and Technical Consulting Services",56280,1680,56,33.5,derived
2020-12-01,"Management, Scientific, and Technical Consulting Services",60407,1736,56,34.8,derived
2021-01-01,"Management, Scientific, and Technical Consulting Services",43825,1736,56,25.24,derived
2021-02-01,"Management, Scientific, and Technical Consulting Services",38996,1568,56,24.87,derived
2021-03-01,"Management, Scientific, and Technical Consulting Services",61817,1736,56,35.61,derived
2021-04-01,"Management, Scientific, and Technical Consulting Services",63671,1680,56,37.9,derived
2021-05-01,"Management, Scientific, and Technical Consulting Services",65915,1736,56,37.97,derived
2021-06-01,"Management, Scientific, and Technical Consulting Services",67738,1680,56,40.32,derived
2021-07-01,"Management, Scientific, and Technical Consulting Services",71160,1736,56,40.99,derived
2021-08-01,"Management, Scientific, and Technical Consulting Services",70870,1736,56,40.82,derived
2021-09-01,"Management, Scientific, and Technical Consulting Services",67494,1680,56,40.17,derived
2021-10-01,"Management, Scientific, and Technical Consulting Services",66601,1736,56,38.36,derived
2021-11-01,"Management, Scientific, and Technical Consulting Services",70890,1680,56,42.2,derived
2021-12-01,"Management, Scientific, and Technical Consulting Services",75052,1736,56,43.23,derived
2022-01-01,"Management, Scientific, and Technical Consulting Services",58393,1736,56,33.64,derived
2022-02-01,"Management, Scientific, and Technical Consulting Services",57859,1568,56,36.9,derived
2022-03-01,"Management, Scientific, and Technical Consulting Services",69265,1736,56,39.9,derived
2022-04-01,"Management, Scientific, and Technical Consulting Services",66622,1680,56,39.66,derived
2022-05-01,"Management, Scientific, and Technical Consulting Services",69770,1767,57,39.49,derived
2022-06-01,"Management, Scientific, and Technical Consulting Services",71261,1710,57,41.67,derived
2022-07-01,"Management, Scientific, and Technical Consulting Services",70434,1767,57,39.86,derived
2022-08-01,"Management, Scientific, and Technical Consulting Services",74827,1767,57,42.35,derived
2022-09-01,"Management, Scientific, and Technical Consulting Services",70568,1710,57,41.27,derived
2022-10-01,"Management, Scientific, and Technical Consulting Services",67341,1767,57,38.11,derived
2022-11-01,"Management, Scientific, and Technical Consulting Services",70629,1710,57,41.3,derived
2022-12-01,"Management, Scientific, and Technical Consulting Services",77076,1767,57,43.62,derived
2023-01-01,"Management, Scientific, and Technical Consulting Services",64310,1767,57,36.4,derived
2023-02-01,"Management, Scientific, and Technical Consulting Services",59237,1596,57,37.12,derived
2023-03-01,"Management, Scientific, and Technical Consulting Services",69743,1767,57,39.47,derived
2023-04-01,"Management, Scientific, and Technical Consulting Services",65991,1710,57,38.59,derived
2023-05-01,"Management, Scientific, and Technical Consulting Services",71905,1767,57,40.69,derived
2023-06-01,"Management, Scientific, and Technical Consulting Services",71017,1710,57,41.53,derived
2023-07-01,"Management, Scientific, and Technical Consulting Services",71436,1767,57,40.43,derived
2023-08-01,"Management, Scientific, and Technical Consulting Services",73741,1767,57,41.73,derived
2023-09-01,"Management, Scientific, and Technical Consulting Services",68977,1710,57,40.34,derived
2023-10-01,"Management, Scientific, and Technical Consulting Services",68829,1767,57,38.95,derived
2023-11-01,"Management, Scientific, and Technical Consulting Services",71030,1710,57,41.54,derived
2023-12-01,"Management, Scientific, and Technical Consulting Services",76033,1767,57,43.03,derived
2024-01-01,"Management, Scientific, and Technical Consulting Services",64140,1767,57,36.3,derived
2024-02-01,"Management, Scientific, and Technical Consulting Services",62806,1653,57,38.0,derived
2024-03-01,"Management, Scientific, and Technical Consulting Services",67323,1767,57,38.1,derived
2024-04-01,"Management, Scientific, and Technical Consulting Services",67201,1710,57,39.3,derived
2024-05-01,"Management, Scientific, and Technical Consulting Services",72093,1767,57,40.8,derived
2024-06-01,"Management, Scientific, and Technical Consulting Services",68700,1710,57,40.18,derived
2024-07-01,"Management, Scientific, and Technical Consulting Services",72078,1767,57,40.79,derived
2024-08-01,"Management, Scientific, and Technical Consulting Services",73259,1767,57,41.46,derived
2024-09-01,"Management, Scientific, and Technical Consulting Services",68917,1740,58,39.61,derived
2024-10-01,"Management, Scientific, and Technical Consulting Services",70768,1798,58,39.36,derived
2024-11-01,"Management, Scientific, and Technical Consulting Services",70498,1680,56,41.96,derived
2024-12-01,"Management, Scientific, and Technical Consulting Services",80979,1767,57,45.83,derived
2020-01-01,Miscellaneous Durable Goods Merchant Wholesalers,586213,5177,167,113.23,derived
2020-02-01,Miscellaneous Durable Goods Merchant Wholesalers,508832,4843,167,105.07,derived
2020-03-01,Miscellaneous Durable Goods Merchant Wholesalers,319139,5177,167,61.65,derived
2020-04-01,Miscellaneous Durable Goods Merchant Wholesalers,20831,5010,167,4.16,derived
2020-05-01,Miscellaneous Durable Goods Merchant Wholesalers,207173,5177,167,40.02,derived
2020-06-01,Miscellaneous Durable Goods Merchant Wholesalers,472447,5010,167,94.3,derived
2020-07-01,Miscellaneous Durable Goods Merchant Wholesalers,518039,5177,167,100.07,derived
2020-08-01,Miscellaneous Durable Goods Merchant Wholesalers,450493,5115,165,88.07,derived
2020-09-01,Miscellaneous Durable Goods Merchant Wholesalers,482754,4950,165,97.53,derived
2020-10-01,Miscellaneous Durable Goods Merchant Wholesalers,480157,5270,170,91.11,derived
2020-11-01,Miscellaneous Durable Goods Merchant Wholesalers,435365,5100,170,85.37,derived
2020-12-01,Miscellaneous Durable Goods Merchant Wholesalers,495318,5425,175,91.3,derived
2021-01-01,Miscellaneous Durable Goods Merchant Wholesalers,446487,5487,177,81.37,derived
2021-02-01,Miscellaneous Durable Goods Merchant Wholesalers,389036,4956,177,78.5,derived
2021-03-01,Miscellaneous Durable Goods Merchant Wholesalers,531052,5487,177,96.78,derived
2021-04-01,Miscellaneous Durable Goods Merchant Wholesalers,506902,5340,178,94.93,derived
2021-05-01,Miscellaneous Durable Goods Merchant Wholesalers,470709,5518,178,85.3,derived
2021-06-01,Miscellaneous Durable Goods Merchant Wholesalers,520251,5370,179,96.88,derived
2021-07-01,Miscellaneous Durable Goods Merchant Wholesalers,510871,5549,179,92.07,derived
2021-08-01,Miscellaneous Durable Goods Merchant Wholesalers,501413,5549,179,90.36,derived
2021-09-01,Miscellaneous Durable Goods Merchant Wholesalers,515491,5370,179,95.99,derived
2021-10-01,Miscellaneous Durable Goods Merchant Wholesalers,478536,5487,177,87.21,derived
2021-11-01,Miscellaneous Durable Goods Merchant Wholesalers,493111,5310,177,92.86,derived
2021-12-01,Miscellaneous Durable Goods Merchant Wholesalers,575187,5487,177,104.83,derived
2022-01-01,Miscellaneous Durable Goods Merchant Wholesalers,436372,5487,177,79.53,derived
2022-02-01,Miscellaneous Durable Goods Merchant Wholesalers,418210,4900,175,85.35,derived
2022-03-01,Miscellaneous Durable Goods Merchant Wholesalers,510757,5394,174,94.69,derived
2022-04-01,Miscellaneous Durable Goods Merchant Wholesalers,455154,5250,175,86.7,derived
2022-05-01,Miscellaneous Durable Goods Merchant Wholesalers,446182,5456,176,81.78,derived
2022-06-01,Miscellaneous Durable Goods Merchant Wholesalers,483335,5340,178,90.51,derived
2022-07-01,Miscellaneous Durable Goods Merchant Wholesalers,445112,5549,179,80.21,derived
2022-08-01,Miscellaneous Durable Goods Merchant Wholesalers,503384,5549,179,90.72,derived
2022-09-01,Miscellaneous Durable Goods Merchant Wholesalers,480846,5370,179,89.54,derived
2022-10-01,Miscellaneous Durable Goods Merchant Wholesalers,455515,5580,180,81.63,derived
2022-11-01,Miscellaneous Durable Goods Merchant Wholesalers,468960,5400,180,86.84,derived
2022-12-01,Miscellaneous Durable Goods Merchant Wholesalers,548708,5611,181,97.79,derived
2023-01-01,Miscellaneous Durable Goods Merchant Wholesalers,471597,5642,182,83.59,derived
2023-02-01,Miscellaneous Durable Goods Merchant Wholesalers,428978,5096,182,84.18,derived
2023-03-01,Miscellaneous Durable Goods Merchant Wholesalers,500879,5580,180,89.76,derived
2023-04-01,Miscellaneous Durable Goods Merchant Wholesalers,440680,5400,180,81.61,derived
2023-05-01,Miscellaneous Durable Goods Merchant Wholesalers,479797,5580,180,85.99,derived
2023-06-01,Miscellaneous Durable Goods Merchant Wholesalers,500023,5430,181,92.09,derived
2023-07-01,Miscellaneous Durable Goods Merchant Wholesalers,458758,5580,180,82.21,derived
2023-08-01,Miscellaneous Durable Goods Merchant Wholesalers,503904,5642,182,89.31,derived
2023-09-01,Miscellaneous Durable Goods Merchant Wholesalers,473123,5490,183,86.18,derived
2023-10-01,Miscellaneous Durable Goods Merchant Wholesalers,478557,5673,183,84.36,derived
2023-11-01,Miscellaneous Durable Goods Merchant Wholesalers,483973,5490,183,88.16,derived
2023-12-01,Miscellaneous Durable Goods Merchant Wholesalers,529072,5673,183,93.26,derived
2024-01-01,Miscellaneous Durable Goods Merchant Wholesalers,493938,5673,183,87.07,derived
2024-02-01,Miscellaneous Durable Goods Merchant Wholesalers,459565,5365,185,85.66,derived
2024-03-01,Miscellaneous Durable Goods Merchant Wholesalers,484599,5828,188,83.15,derived
2024-04-01,Miscellaneous Durable Goods Merchant Wholesalers,492118,5610,187,87.72,derived
2024-05-01,Miscellaneous Durable Goods Merchant Wholesalers,497192,5797,187,85.77,derived
2024-06-01,Miscellaneous Durable Goods Merchant Wholesalers,474714,5640,188,84.17,derived
2024-07-01,Miscellaneous Durable Goods Merchant Wholesalers,496599,5859,189,84.76,derived
2024-08-01,Miscellaneous Durable Goods Merchant Wholesalers,505504,5828,188,86.74,derived
2024-09-01,Miscellaneous Durable Goods Merchant Wholesalers,483296,6030,201,80.15,derived
2024-10-01,Miscellaneous Durable Goods Merchant Wholesalers,513215,6293,203,81.55,derived
2024-11-01,Miscellaneous Durable Goods Merchant Wholesalers,493192,6090,203,80.98,derived
2024-12-01,Miscellaneous Durable Goods Merchant Wholesalers,557507,6293,203,88.59,derived
2020-01-01,Motion Picture and Video Industries,6670452,6727,217,991.59,derived
2020-02-01,Motion Picture and Video Industries,6483810,6293,217,1030.32,derived
2020-03-01,Motion Picture and Video Industries,3642197,6727,217,541.43,derived
2020-04-01,Motion Picture and Video Industries,151320,6510,217,23.24,derived
2020-05-01,Motion Picture and Video Industries,1615589,6727,217,240.16,derived
2020-06-01,Motion Picture and Video Industries,3855362,6510,217,592.22,derived
2020-07-01,Motion Picture and Video Industries,3803037,6727,217,565.34,derived
2020-08-01,Motion Picture and Video Industries,3529199,6696,216,527.06,derived
2020-09-01,Motion Picture and Video Industries,3244222,6510,217,498.34,derived
2020-10-01,Motion Picture and Video Industries,3824231,6696,216,571.12,derived
2020-11-01,Motion Picture and Video Industries,3786123,6480,216,584.28,derived
2020-12-01,Motion Picture and Video Industries,5166978,6696,216,771.65,derived
2021-01-01,Motion Picture and Video Industries,3187427,6696,216,476.02,derived
2021-02-01,Motion Picture and Video Industries,2937993,6020,215,488.04,derived
2021-03-01,Motion Picture and Video Industries,4794343,6758,218,709.43,derived
2021-04-01,Motion Picture and Video Industries,4634657,6540,218,708.66,derived
2021-05-01,Motion Picture and Video Industries,5027275,6758,218,743.9,derived
2021-06-01,Motion Picture and Video Industries,5702570,6540,218,871.95,derived
2021-07-01,Motion Picture and Video Industries,6198017,6696,216,925.63,derived
2021-08-01,Motion Picture and Video Industries,6041427,6696,216,902.24,derived
2021-09-01,Motion Picture and Video Industries,5472958,6540,218,836.84,derived
2021-10-01,Motion Picture and Video Industries,5818632,6758,218,861.0,derived
2021-11-01,Motion Picture and Video Industries,6050982,6540,218,925.23,derived
2021-12-01,Motion Picture and Video Industries,7671149,6758,218,1135.12,derived
2022-01-01,Motion Picture and Video Industries,5125324,6665,215,768.99,derived
2022-02-01,Motion Picture and Video Industries,4875867,5936,212,821.41,derived
2022-03-01,Motion Picture and Video Industries,5681775,6541,211,868.64,derived
2022-04-01,Motion Picture and Video Industries,5564701,6330,211,879.1,derived
2022-05-01,Motion Picture and Video Industries,5860198,6572,212,891.69,derived
2022-06-01,Motion Picture and Video Industries,6155839,6390,213,963.36,derived
2022-07-01,Motion Picture and Video Industries,6719733,6665,215,1008.21,derived
2022-08-01,Motion Picture and Video Industries,6786145,6634,214,1022.93,derived
2022-09-01,Motion Picture and Video Industries,5737845,6480,216,885.47,derived
2022-10-01,Motion Picture and Video Industries,5657169,6727,217,840.96,derived
2022-11-01,Motion Picture and Video Industries,5570380,6510,217,855.67,derived
2022-12-01,Motion Picture and Video Industries,7022761,6696,216,1048.8,derived
2023-01-01,Motion Picture and Video Industries,5465142,6603,213,827.68,derived
2023-02-01,Motion Picture and Video Industries,5086910,5964,213,852.94,derived
2023-03-01,Motion Picture and Video Industries,5731987,6541,211,876.32,derived
2023-04-01,Motion Picture and Video Industries,5733534,6330,211,905.77,derived
2023-05-01,Motion Picture and Video Industries,5916542,6510,210,908.84,derived
2023-06-01,Motion Picture and Video Industries,6233599,6360,212,980.13,derived
2023-07-01,Motion Picture and Video Industries,6951464,6603,213,1052.77,derived
2023-08-01,Motion Picture and Video Industries,6665866,6541,211,1019.09,derived
2023-09-01,Motion Picture and Video Industries,5716309,6330,211,903.05,derived
2023-10-01,Motion Picture and Video Industries,5679924,6479,209,876.67,derived
2023-11-01,Motion Picture and Video Industries,5571866,6270,209,888.65,derived
2023-12-01,Motion Picture and Video Industries,7063653,6448,208,1095.48,derived
2024-01-01,Motion Picture and Video Industries,5159147,6479,209,796.29,derived
2024-02-01,Motion Picture and Video Industries,4935147,6090,210,810.37,derived
2024-03-01,Motion Picture and Video Industries,5616527,6541,211,858.66,derived
2024-04-01,Motion Picture and Video Industries,5256395,6300,210,834.35,derived
2024-05-01,Motion Picture and Video Industries,5682426,6510,210,872.88,derived
2024-06-01,Motion Picture and Video Industries,5852643,6270,209,933.44,derived
2024-07-01,Motion Picture and Video Industries,6234358,6417,207,971.54,derived
2024-08-01,Motion Picture and Video Industries,6603202,6386,206,1034.01,derived
2024-09-01,Motion Picture and Video Industries,5374137,6180,206,869.6,derived
2024-10-01,Motion Picture and Video Industries,5562131,6355,205,875.24,derived
2024-11-01,Motion Picture and Video Industries,5834026,6150,205,948.62,derived
2024-12-01,Motion Picture and Video Industries,7664902,6293,203,1218.0,derived
2020-01-01,Motor Vehicle and Motor Vehicle Parts and Supplies Merchant Wholesalers,125351,3224,104,38.88,derived
2020-02-01,Motor Vehicle and Motor Vehicle Parts and Supplies Merchant Wholesalers,111891,3016,104,37.1,derived
2020-03-01,Motor Vehicle and Motor Vehicle Parts and Supplies Merchant Wholesalers,66798,3224,104,20.72,derived
2020-04-01,Motor Vehicle and Motor Vehicle Parts and Supplies Merchant Wholesalers,2635,3150,105,0.84,derived
2020-05-01,Motor Vehicle and Motor Vehicle Parts and Supplies Merchant Wholesalers,44511,3255,105,13.67,derived
2020-06-01,Motor Vehicle and Motor Vehicle Parts and Supplies Merchant Wholesalers,102797,3150,105,32.63,derived
2020-07-01,Motor Vehicle and Motor Vehicle Parts and Supplies Merchant Wholesalers,110980,3255,105,34.1,derived
2020-08-01,Motor Vehicle and Motor Vehicle Parts and Supplies Merchant Wholesalers,101934,3286,106,31.02,derived
2020-09-01,Motor Vehicle and Motor Vehicle Parts and Supplies Merchant Wholesalers,107404,3180,106,33.77,derived
2020-10-01,Motor Vehicle and Motor Vehicle Parts and Supplies Merchant Wholesalers,110382,3286,106,33.59,derived
2020-11-01,Motor Vehicle and Motor Vehicle Parts and Supplies Merchant Wholesalers,96629,3180,106,30.39,derived
2020-12-01,Motor Vehicle and Motor Vehicle Parts and Supplies Merchant Wholesalers,97919,3286,106,29.8,derived
2021-01-01,Motor Vehicle and Motor Vehicle Parts and Supplies Merchant Wholesalers,95748,3286,106,29.14,derived
2021-02-01,Motor Vehicle and Motor Vehicle Parts and Supplies Merchant Wholesalers,88193,2996,107,29.44,derived
2021-03-01,Motor Vehicle and Motor Vehicle Parts and Supplies Merchant Wholesalers,117277,3317,107,35.36,derived
2021-04-01,Motor Vehicle and Motor Vehicle Parts and Supplies Merchant Wholesalers,112458,3180,106,35.36,derived
2021-05-01,Motor Vehicle and Motor Vehicle Parts and Supplies Merchant Wholesalers,102612,3286,106,31.23,derived
2021-06-01,Motor Vehicle and Motor Vehicle Parts and Supplies Merchant Wholesalers,112080,3180,106,35.25,derived
2021-07-01,Motor Vehicle and Motor Vehicle Parts and Supplies Merchant Wholesalers,111064,3317,107,33.48,derived
2021-08-01,Motor Vehicle and Motor Vehicle Parts and Supplies Merchant Wholesalers,111364,3317,107,33.57,derived
2021-09-01,Motor Vehicle and Motor Vehicle Parts and Supplies Merchant Wholesalers,115379,3210,107,35.94,derived
2021-10-01,Motor Vehicle and Motor Vehicle Parts and Supplies Merchant Wholesalers,107816,3317,107,32.5,derived
2021-11-01,Motor Vehicle and Motor Vehicle Parts and Supplies Merchant Wholesalers,107387,3210,107,33.45,derived
2021-12-01,Motor Vehicle and Motor Vehicle Parts and Supplies Merchant Wholesalers,113983,3317,107,34.36,derived
2022-01-01,Motor Vehicle and Motor Vehicle Parts and Supplies Merchant Wholesalers,102118,3317,107,30.79,derived
2022-02-01,Motor Vehicle and Motor Vehicle Parts and Supplies Merchant Wholesalers,97745,2996,107,32.63,derived
2022-03-01,Motor Vehicle and Motor Vehicle Parts and Supplies Merchant Wholesalers,116537,3317,107,35.13,derived
2022-04-01,Motor Vehicle and Motor Vehicle Parts and Supplies Merchant Wholesalers,104050,3210,107,32.41,derived
2022-05-01,Motor Vehicle and Motor Vehicle Parts and Supplies Merchant Wholesalers,102736,3317,107,30.97,derived
2022-06-01,Motor Vehicle and Motor Vehicle Parts and Supplies Merchant Wholesalers,107204,3210,107,33.4,derived
2022-07-01,Motor Vehicle and Motor Vehicle Parts and Supplies Merchant Wholesalers,99530,3317,107,30.01,derived
2022-08-01,Motor Vehicle and Motor Vehicle Parts and Supplies Merchant Wholesalers,114204,3348,108,34.11,derived
2022-09-01,Motor Vehicle and Motor Vehicle Parts and Supplies Merchant Wholesalers,110480,3240,108,34.1,derived
2022-10-01,Motor Vehicle and Motor Vehicle Parts and Supplies Merchant Wholesalers,105915,3348,108,31.64,derived
2022-11-01,Motor Vehicle and Motor Vehicle Parts and Supplies Merchant Wholesalers,106336,3240,108,32.82,derived
2022-12-01,Motor Vehicle and Motor Vehicle Parts and Supplies Merchant Wholesalers,119430,3348,108,35.67,derived
2023-01-01,Motor Vehicle and Motor Vehicle Parts and Supplies Merchant Wholesalers,107141,3348,108,32.0,derived
2023-02-01,Motor Vehicle and Motor Vehicle Parts and Supplies Merchant Wholesalers,96903,3024,108,32.04,derived
2023-03-01,Motor Vehicle and Motor Vehicle Parts and Supplies Merchant Wholesalers,113033,3348,108,33.76,derived
2023-04-01,Motor Vehicle and Motor Vehicle Parts and Supplies Merchant Wholesalers,100539,3240,108,31.03,derived
2023-05-01,Motor Vehicle and Motor Vehicle Parts and Supplies Merchant Wholesalers,108015,3348,108,32.26,derived
2023-06-01,Motor Vehicle and Motor Vehicle Parts and Supplies Merchant Wholesalers,111291,3240,108,34.35,derived
2023-07-01,Motor Vehicle and Motor Vehicle Parts and Supplies Merchant Wholesalers,102257,3348,108,30.54,derived
2023-08-01,Motor Vehicle and Motor Vehicle Parts and Supplies Merchant Wholesalers,114249,3348,108,34.12,derived
2023-09-01,Motor Vehicle and Motor Vehicle Parts and Supplies Merchant Wholesalers,108637,3240,108,33.53,derived
2023-10-01,Motor Vehicle and Motor Vehicle Parts and Supplies Merchant Wholesalers,107446,3317,107,32.39,derived
2023-11-01,Motor Vehicle and Motor Vehicle Parts and Supplies Merchant Wholesalers,105399,3210,107,32.83,derived
2023-12-01,Motor Vehicle and Motor Vehicle Parts and Supplies Merchant Wholesalers,108361,3317,107,32.67,derived
2024-01-01,Motor Vehicle and Motor Vehicle Parts and Supplies Merchant Wholesalers,110400,3317,107,33.28,derived
2024-02-01,Motor Vehicle and Motor Vehicle Parts and Supplies Merchant Wholesalers,100270,3103,107,32.31,derived
2024-03-01,Motor Vehicle and Motor Vehicle Parts and Supplies Merchant Wholesalers,107219,3317,107,32.32,derived
2024-04-01,Motor Vehicle and Motor Vehicle Parts and Supplies Merchant Wholesalers,107459,3210,107,33.48,derived
2024-05-01,Motor Vehicle and Motor Vehicle Parts and Supplies Merchant Wholesalers,106591,3317,107,32.13,derived
2024-06-01,Motor Vehicle and Motor Vehicle Parts and Supplies Merchant Wholesalers,103142,3210,107,32.13,derived
2024-07-01,Motor Vehicle and Motor Vehicle Parts and Supplies Merchant Wholesalers,106219,3317,107,32.02,derived
2024-08-01,Motor Vehicle and Motor Vehicle Parts and Supplies Merchant Wholesalers,111899,3317,107,33.74,derived
2024-09-01,Motor Vehicle and Motor Vehicle Parts and Supplies Merchant Wholesalers,105526,3210,107,32.87,derived
2024-10-01,Motor Vehicle and Motor Vehicle Parts and Supplies Merchant Wholesalers,110788,3348,108,33.09,derived
2024-11-01,Motor Vehicle and Motor Vehicle Parts and Supplies Merchant Wholesalers,105120,3240,108,32.44,derived
2024-12-01,Motor Vehicle and Motor Vehicle Parts and Supplies Merchant Wholesalers,110733,3348,108,33.07,derived
2020-01-01,Natural Gas Distribution,16636,806,26,20.64,derived
2020-02-01,Natural Gas Distribution,16546,754,26,21.94,derived
2020-03-01,Natural Gas Distribution,9778,806,26,12.13,derived
2020-04-01,Natural Gas Distribution,0,780,26,0.0,derived
2020-05-01,Natural Gas Distribution,893,806,26,1.11,derived
2020-06-01,Natural Gas Distribution,14373,780,26,18.43,derived
2020-07-01,Natural Gas Distribution,16318,806,26,20.25,derived
2020-08-01,Natural Gas Distribution,15717,806,26,19.5,derived
2020-09-01,Natural Gas Distribution,15231,780,26,19.53,derived
2020-10-01,Natural Gas Distribution,14886,806,26,18.47,derived
2020-11-01,Natural Gas Distribution,15162,780,26,19.44,derived
2020-12-01,Natural Gas Distribution,16139,806,26,20.02,derived
2021-01-01,Natural Gas Distribution,10842,806,26,13.45,derived
2021-02-01,Natural Gas Distribution,8723,728,26,11.98,derived
2021-03-01,Natural Gas Distribution,14774,806,26,18.33,derived
2021-04-01,Natural Gas Distribution,14704,780,26,18.85,derived
2021-05-01,Natural Gas Distribution,17003,837,27,20.31,derived
2021-06-01,Natural Gas Distribution,17159,810,27,21.18,derived
2021-07-01,Natural Gas Distribution,18109,837,27,21.64,derived
2021-08-01,Natural Gas Distribution,17915,837,27,21.4,derived
2021-09-01,Natural Gas Distribution,16136,810,27,19.92,derived
2021-10-01,Natural Gas Distribution,15697,837,27,18.75,derived
2021-11-01,Natural Gas Distribution,16399,810,27,20.25,derived
2021-12-01,Natural Gas Distribution,18246,837,27,21.8,derived
2022-01-01,Natural Gas Distribution,12507,837,27,14.94,derived
2022-02-01,Natural Gas Distribution,12796,756,27,16.93,derived
2022-03-01,Natural Gas Distribution,15352,837,27,18.34,derived
2022-04-01,Natural Gas Distribution,15356,810,27,18.96,derived
2022-05-01,Natural Gas Distribution,16134,837,27,19.28,derived
2022-06-01,Natural Gas Distribution,17264,810,27,21.31,derived
2022-07-01,Natural Gas Distribution,17637,837,27,21.07,derived
2022-08-01,Natural Gas Distribution,18421,837,27,22.01,derived
2022-09-01,Natural Gas Distribution,16009,810,27,19.76,derived
2022-10-01,Natural Gas Distribution,15561,837,27,18.59,derived
2022-11-01,Natural Gas Distribution,14205,750,25,18.94,derived
2022-12-01,Natural Gas Distribution,15283,775,25,19.72,derived
2023-01-01,Natural Gas Distribution,12625,806,26,15.66,derived
2023-02-01,Natural Gas Distribution,12157,728,26,16.7,derived
2023-03-01,Natural Gas Distribution,13755,806,26,17.07,derived
2023-04-01,Natural Gas Distribution,14161,780,26,18.16,derived
2023-05-01,Natural Gas Distribution,15248,806,26,18.92,derived
2023-06-01,Natural Gas Distribution,15749,780,26,20.19,derived
2023-07-01,Natural Gas Distribution,16387,806,26,20.33,derived
2023-08-01,Natural Gas Distribution,16589,806,26,20.58,derived
2023-09-01,Natural Gas Distribution,14385,780,26,18.44,derived
2023-10-01,Natural Gas Distribution,13994,806,26,17.36,derived
2023-11-01,Natural Gas Distribution,14777,780,26,18.94,derived
2023-12-01,Natural Gas Distribution,17108,806,26,21.23,derived
2024-01-01,Natural Gas Distribution,12440,806,26,15.43,derived
2024-02-01,Natural Gas Distribution,12487,754,26,16.56,derived
2024-03-01,Natural Gas Distribution,12849,775,25,16.58,derived
2024-04-01,Natural Gas Distribution,12746,750,25,16.99,derived
2024-05-01,Natural Gas Distribution,14375,775,25,18.55,derived
2024-06-01,Natural Gas Distribution,15084,750,25,20.11,derived
2024-07-01,Natural Gas Distribution,15012,775,25,19.37,derived
2024-08-01,Natural Gas Distribution,16144,775,25,20.83,derived
2024-09-01,Natural Gas Distribution,13044,750,25,17.39,derived
2024-10-01,Natural Gas Distribution,13403,775,25,17.29,derived
2024-11-01,Natural Gas Distribution,14238,750,25,18.98,derived
2024-12-01,Natural Gas Distribution,17159,775,25,22.14,derived
2020-01-01,Nondepository Credit Intermediation,1890627,34069,1099,55.49,derived
2020-02-01,Nondepository Credit Intermediation,1803535,31871,1099,56.59,derived
2020-03-01,Nondepository Credit Intermediation,1067683,34069,1099,31.34,derived
2020-04-01,Nondepository Credit Intermediation,50921,32850,1095,1.55,derived
2020-05-01,Nondepository Credit Intermediation,924419,33387,1077,27.69,derived
2020-06-01,Nondepository Credit Intermediation,1408034,32310,1077,43.58,derived
2020-07-01,Nondepository Credit Intermediation,1384807,33387,1077,41.48,derived
2020-08-01,Nondepository Credit Intermediation,1378526,32891,1061,41.91,derived
2020-09-01,Nondepository Credit Intermediation,1416812,31860,1062,44.47,derived
2020-10-01,Nondepository Credit Intermediation,1556361,32922,1062,47.27,derived
2020-11-01,Nondepository Credit Intermediation,1479088,31860,1062,46.42,derived
2020-12-01,Nondepository Credit Intermediation,1742831,32798,1058,53.14,derived
2021-01-01,Nondepository Credit Intermediation,1219392,32488,1048,37.53,derived
2021-02-01,Nondepository Credit Intermediation,1085166,29288,1046,37.05,derived
2021-03-01,Nondepository Credit Intermediation,1602738,32302,1042,49.62,derived
2021-04-01,Nondepository Credit Intermediation,1657014,30930,1031,53.57,derived
2021-05-01,Nondepository Credit Intermediation,1655579,30783,993,53.78,derived
2021-06-01,Nondepository Credit Intermediation,1663573,29790,993,55.84,derived
2021-07-01,Nondepository Credit Intermediation,1744581,30721,991,56.79,derived
2021-08-01,Nondepository Credit Intermediation,1685219,30566,986,55.13,derived
2021-09-01,Nondepository Credit Intermediation,1573002,29460,982,53.39,derived
2021-10-01,Nondepository Credit Intermediation,1604255,30380,980,52.81,derived
2021-11-01,Nondepository Credit Intermediation,1600781,29220,974,54.78,derived
2021-12-01,Nondepository Credit Intermediation,1966594,30132,972,65.27,derived
2022-01-01,Nondepository Credit Intermediation,1458593,30008,968,48.61,derived
2022-02-01,Nondepository Credit Intermediation,1388763,27104,968,51.24,derived
2022-03-01,Nondepository Credit Intermediation,1648535,29853,963,55.22,derived
2022-04-01,Nondepository Credit Intermediation,1610506,28590,953,56.33,derived
2022-05-01,Nondepository Credit Intermediation,1617953,29450,950,54.94,derived
2022-06-01,Nondepository Credit Intermediation,1647106,28410,947,57.98,derived
2022-07-01,Nondepository Credit Intermediation,1692755,29233,943,57.91,derived
2022-08-01,Nondepository Credit Intermediation,1718644,29109,939,59.04,derived
2022-09-01,Nondepository Credit Intermediation,1558836,28110,937,55.45,derived
2022-10-01,Nondepository Credit Intermediation,1546839,28861,931,53.6,derived
2022-11-01,Nondepository Credit Intermediation,1486601,27330,911,54.39,derived
2022-12-01,Nondepository Credit Intermediation,1895089,28241,911,67.1,derived
2023-01-01,Nondepository Credit Intermediation,1463466,28179,909,51.93,derived
2023-02-01,Nondepository Credit Intermediation,1343487,24220,865,55.47,derived
2023-03-01,Nondepository Credit Intermediation,1528407,26753,863,57.13,derived
2023-04-01,Nondepository Credit Intermediation,1433854,25740,858,55.71,derived
2023-05-01,Nondepository Credit Intermediation,1527876,26567,857,57.51,derived
2023-06-01,Nondepository Credit Intermediation,1521835,25680,856,59.26,derived
2023-07-01,Nondepository Credit Intermediation,1575338,27373,883,57.55,derived
2023-08-01,Nondepository Credit Intermediation,1559607,27342,882,57.04,derived
2023-09-01,Nondepository Credit Intermediation,1444946,26460,882,54.61,derived
2023-10-01,Nondepository Credit Intermediation,1458703,27342,882,53.35,derived
2023-11-01,Nondepository Credit Intermediation,1433145,26220,874,54.66,derived
2023-12-01,Nondepository Credit Intermediation,1773586,26970,870,65.76,derived
2024-01-01,Nondepository Credit Intermediation,1395122,26753,863,52.15,derived
2024-02-01,Nondepository Credit Intermediation,1365643,24998,862,54.63,derived
2024-03-01,Nondepository Credit Intermediation,1485296,26629,859,55.78,derived
2024-04-01,Nondepository Credit Intermediation,1412015,25710,857,54.92,derived
2024-05-01,Nondepository Credit Intermediation,1500768,26381,851,56.89,derived
2024-06-01,Nondepository Credit Intermediation,1421419,25260,842,56.27,derived
2024-07-01,Nondepository Credit Intermediation,1517070,26009,839,58.33,derived
2024-08-01,Nondepository Credit Intermediation,1529113,25978,838,58.86,derived
2024-09-01,Nondepository Credit Intermediation,1327864,25140,838,52.82,derived
2024-10-01,Nondepository Credit Intermediation,1404125,25916,836,54.18,derived
2024-11-01,Nondepository Credit Intermediation,1386302,25080,836,55.28,derived
2024-12-01,Nondepository Credit Intermediation,1686939,25916,836,65.09,derived
2020-01-01,Nonmetallic Mineral Mining and Quarrying,337955,3999,129,84.51,derived
2020-02-01,Nonmetallic Mineral Mining and Quarrying,328491,3741,129,87.81,derived
2020-03-01,Nonmetallic Mineral Mining and Quarrying,184782,3999,129,46.21,derived
2020-04-01,Nonmetallic Mineral Mining and Quarrying,5608,3870,129,1.45,derived
2020-05-01,Nonmetallic Mineral Mining and Quarrying,166992,3999,129,41.76,derived
2020-06-01,Nonmetallic Mineral Mining and Quarrying,275728,3870,129,71.25,derived
2020-07-01,Nonmetallic Mineral Mining and Quarrying,263738,3999,129,65.95,derived
2020-08-01,Nonmetallic Mineral Mining and Quarrying,261429,3999,129,65.37,derived
2020-09-01,Nonmetallic Mineral Mining and Quarrying,245875,3870,129,63.53,derived
2020-10-01,Nonmetallic Mineral Mining and Quarrying,272184,3999,129,68.06,derived
2020-11-01,Nonmetallic Mineral Mining and Quarrying,293323,3870,129,75.79,derived
2020-12-01,Nonmetallic Mineral Mining and Quarrying,322491,3999,129,80.64,derived
2021-01-01,Nonmetallic Mineral Mining and Quarrying,232427,3999,129,58.12,derived
2021-02-01,Nonmetallic Mineral Mining and Quarrying,198396,3612,129,54.93,derived
2021-03-01,Nonmetallic Mineral Mining and Quarrying,298260,3999,129,74.58,derived
2021-04-01,Nonmetallic Mineral Mining and Quarrying,305087,3870,129,78.83,derived
2021-05-01,Nonmetallic Mineral Mining and Quarrying,319979,3999,129,80.01,derived
2021-06-01,Nonmetallic Mineral Mining and Quarrying,307337,3870,129,79.42,derived
2021-07-01,Nonmetallic Mineral Mining and Quarrying,329133,3999,129,82.3,derived
2021-08-01,Nonmetallic Mineral Mining and Quarrying,303641,3999,129,75.93,derived
2021-09-01,Nonmetallic Mineral Mining and Quarrying,283281,3870,129,73.2,derived
2021-10-01,Nonmetallic Mineral Mining and Quarrying,295175,3999,129,73.81,derived
2021-11-01,Nonmetallic Mineral Mining and Quarrying,316115,3870,129,81.68,derived
2021-12-01,Nonmetallic Mineral Mining and Quarrying,363801,3999,129,90.97,derived
2022-01-01,Nonmetallic Mineral Mining and Quarrying,272169,3999,129,68.06,derived
2022-02-01,Nonmetallic Mineral Mining and Quarrying,258570,3612,129,71.59,derived
2022-03-01,Nonmetallic Mineral Mining and Quarrying,308842,3999,129,77.23,derived
2022-04-01,Nonmetallic Mineral Mining and Quarrying,295299,3870,129,76.3,derived
2022-05-01,Nonmetallic Mineral Mining and Quarrying,303630,3999,129,75.93,derived
2022-06-01,Nonmetallic Mineral Mining and Quarrying,306823,3870,129,79.28,derived
2022-07-01,Nonmetallic Mineral Mining and Quarrying,333362,3999,129,83.36,derived
2022-08-01,Nonmetallic Mineral Mining and Quarrying,319785,3999,129,79.97,derived
2022-09-01,Nonmetallic Mineral Mining and Quarrying,286878,3870,129,74.13,derived
2022-10-01,Nonmetallic Mineral Mining and Quarrying,294085,3999,129,73.54,derived
2022-11-01,Nonmetallic Mineral Mining and Quarrying,305337,3870,129,78.9,derived
2022-12-01,Nonmetallic Mineral Mining and Quarrying,356976,3999,129,89.27,derived
2023-01-01,Nonmetallic Mineral Mining and Quarrying,279164,3999,129,69.81,derived
2023-02-01,Nonmetallic Mineral Mining and Quarrying,263388,3612,129,72.92,derived
2023-03-01,Nonmetallic Mineral Mining and Quarrying,307450,3999,129,76.88,derived
2023-04-01,Nonmetallic Mineral Mining and Quarrying,296430,3870,129,76.6,derived
2023-05-01,Nonmetallic Mineral Mining and Quarrying,304185,3999,129,76.07,derived
2023-06-01,Nonmetallic Mineral Mining and Quarrying,305152,3870,129,78.85,derived
2023-07-01,Nonmetallic Mineral Mining and Quarrying,324915,3999,129,81.25,derived
2023-08-01,Nonmetallic Mineral Mining and Quarrying,305706,3999,129,76.45,derived
2023-09-01,Nonmetallic Mineral Mining and Quarrying,283025,3870,129,73.13,derived
2023-10-01,Nonmetallic Mineral Mining and Quarrying,282951,3999,129,70.76,derived
2023-11-01,Nonmetallic Mineral Mining and Quarrying,302801,3870,129,78.24,derived
2023-12-01,Nonmetallic Mineral Mining and Quarrying,364090,3999,129,91.05,derived
2024-01-01,Nonmetallic Mineral Mining and Quarrying,271411,3999,129,67.87,derived
2024-02-01,Nonmetallic Mineral Mining and Quarrying,269624,3741,129,72.07,derived
2024-03-01,Nonmetallic Mineral Mining and Quarrying,302073,3999,129,75.54,derived
2024-04-01,Nonmetallic Mineral Mining and Quarrying,281964,3870,129,72.86,derived
2024-05-01,Nonmetallic Mineral Mining and Quarrying,308409,3999,129,77.12,derived
2024-06-01,Nonmetallic Mineral Mining and Quarrying,306973,3870,129,79.32,derived
2024-07-01,Nonmetallic Mineral Mining and Quarrying,314295,3999,129,78.59,derived
2024-08-01,Nonmetallic Mineral Mining and Quarrying,318722,3999,129,79.7,derived
2024-09-01,Nonmetallic Mineral Mining and Quarrying,272782,3870,129,70.49,derived
2024-10-01,Nonmetallic Mineral Mining and Quarrying,282868,3999,129,70.73,derived
2024-11-01,Nonmetallic Mineral Mining and Quarrying,315403,3870,129,81.5,derived
2024-12-01,Nonmetallic Mineral Mining and Quarrying,375777,3999,129,93.97,derived
2020-01-01,"Office Supplies, Stationery, and Gift Stores",9776013,23622,762,413.85,derived
2020-02-01,"Office Supplies, Stationery, and Gift Stores",8892444,22069,761,402.94,derived
2020-03-01,"Office Supplies, Stationery, and Gift Stores",5468898,23560,760,232.13,derived
2020-04-01,"Office Supplies, Stationery, and Gift Stores",105260,22800,760,4.62,derived
2020-05-01,"Office Supplies, Stationery, and Gift Stores",3007410,23467,757,128.15,derived
2020-06-01,"Office Supplies, Stationery, and Gift Stores",6156217,22650,755,271.8,derived
2020-07-01,"Office Supplies, Stationery, and Gift Stores",7012536,23250,750,301.61,derived
2020-08-01,"Office Supplies, Stationery, and Gift Stores",8693800,23250,750,373.93,derived
2020-09-01,"Office Supplies, Stationery, and Gift Stores",8162773,22470,749,363.27,derived
2020-10-01,"Office Supplies, Stationery, and Gift Stores",9580055,23250,750,412.05,derived
2020-11-01,"Office Supplies, Stationery, and Gift Stores",7521657,22290,743,337.45,derived
2020-12-01,"Office Supplies, Stationery, and Gift Stores",8901327,23033,743,386.46,derived
2021-01-01,"Office Supplies, Stationery, and Gift Stores",7750442,22754,734,340.62,derived
2021-02-01,"Office Supplies, Stationery, and Gift Stores",6604861,20524,733,321.81,derived
2021-03-01,"Office Supplies, Stationery, and Gift Stores",8169399,22630,730,361.0,derived
2021-04-01,"Office Supplies, Stationery, and Gift Stores",7952864,21870,729,363.64,derived
2021-05-01,"Office Supplies, Stationery, and Gift Stores",8210877,22568,728,363.83,derived
2021-06-01,"Office Supplies, Stationery, and Gift Stores",8023315,21750,725,368.89,derived
2021-07-01,"Office Supplies, Stationery, and Gift Stores",8433688,22289,719,378.38,derived
2021-08-01,"Office Supplies, Stationery, and Gift Stores",9802561,22165,715,442.25,derived
2021-09-01,"Office Supplies, Stationery, and Gift Stores",8185361,21450,715,381.6,derived
2021-10-01,"Office Supplies, Stationery, and Gift Stores",10029449,22227,717,451.23,derived
2021-11-01,"Office Supplies, Stationery, and Gift Stores",7928771,21540,718,368.1,derived
2021-12-01,"Office Supplies, Stationery, and Gift Stores",9983160,22227,717,449.15,derived
2022-01-01,"Office Supplies, Stationery, and Gift Stores",7633291,22196,716,343.9,derived
2022-02-01,"Office Supplies, Stationery, and Gift Stores",7218866,19852,709,363.63,derived
2022-03-01,"Office Supplies, Stationery, and Gift Stores",7860763,21886,706,359.17,derived
2022-04-01,"Office Supplies, Stationery, and Gift Stores",7540526,21120,704,357.03,derived
2022-05-01,"Office Supplies, Stationery, and Gift Stores",7362589,21824,704,337.36,derived
2022-06-01,"Office Supplies, Stationery, and Gift Stores",7227445,21120,704,342.21,derived
2022-07-01,"Office Supplies, Stationery, and Gift Stores",7751305,21762,702,356.19,derived
2022-08-01,"Office Supplies, Stationery, and Gift Stores",9148779,21700,700,421.6,derived
2022-09-01,"Office Supplies, Stationery, and Gift Stores",7639066,21000,700,363.77,derived
2022-10-01,"Office Supplies, Stationery, and Gift Stores",8943986,21607,697,413.94,derived
2022-11-01,"Office Supplies, Stationery, and Gift Stores",7178164,20760,692,345.77,derived
2022-12-01,"Office Supplies, Stationery, and Gift Stores",9404268,20832,672,451.43,derived
2023-01-01,"Office Supplies, Stationery, and Gift Stores",7543430,20677,667,364.82,derived
2023-02-01,"Office Supplies, Stationery, and Gift Stores",6895589,18648,666,369.78,derived
2023-03-01,"Office Supplies, Stationery, and Gift Stores",7392222,20553,663,359.67,derived
2023-04-01,"Office Supplies, Stationery, and Gift Stores",6842112,19800,660,345.56,derived
2023-05-01,"Office Supplies, Stationery, and Gift Stores",6867838,20336,656,337.72,derived
2023-06-01,"Office Supplies, Stationery, and Gift Stores",6776951,19560,652,346.47,derived
2023-07-01,"Office Supplies, Stationery, and Gift Stores",7017634,20119,649,348.81,derived
2023-08-01,"Office Supplies, Stationery, and Gift Stores",8227743,20181,651,407.7,derived
2023-09-01,"Office Supplies, Stationery, and Gift Stores",7097594,19530,651,363.42,derived
2023-10-01,"Office Supplies, Stationery, and Gift Stores",7775686,20119,649,386.48,derived
2023-11-01,"Office Supplies, Stationery, and Gift Stores",6719305,19440,648,345.64,derived
2023-12-01,"Office Supplies, Stationery, and Gift Stores",8851194,20026,646,441.99,derived
2024-01-01,"Office Supplies, Stationery, and Gift Stores",6776295,19933,643,339.95,derived
2024-02-01,"Office Supplies, Stationery, and Gift Stores",6561271,18589,641,352.97,derived
2024-03-01,"Office Supplies, Stationery, and Gift Stores",6789708,19716,636,344.38,derived
2024-04-01,"Office Supplies, Stationery, and Gift Stores",6357730,19020,634,334.27,derived
2024-05-01,"Office Supplies, Stationery, and Gift Stores",6616863,19623,633,337.2,derived
2024-06-01,"Office Supplies, Stationery, and Gift Stores",6347096,18900,630,335.83,derived
2024-07-01,"Office Supplies, Stationery, and Gift Stores",6574226,19375,625,339.31,derived
2024-08-01,"Office Supplies, Stationery, and Gift Stores",7917107,19313,623,409.94,derived
2024-09-01,"Office Supplies, Stationery, and Gift Stores",6353399,18690,623,339.94,derived
2024-10-01,"Office Supplies, Stationery, and Gift Stores",7307829,19313,623,378.39,derived
2024-11-01,"Office Supplies, Stationery, and Gift Stores",6439516,18690,623,344.54,derived
2024-12-01,"Office Supplies, Stationery, and Gift Stores",8099368,19313,623,419.37,derived
2020-01-01,Offices of Dentists,535386,14322,462,37.38,derived
2020-02-01,Offices of Dentists,487358,13398,462,36.38,derived
2020-03-01,Offices of Dentists,302722,14322,462,21.14,derived
2020-04-01,Offices of Dentists,3807,13860,462,0.27,derived
2020-05-01,Offices of Dentists,144181,14322,462,10.07,derived
2020-06-01,Offices of Dentists,334706,13800,460,24.25,derived
2020-07-01,Offices of Dentists,383033,14260,460,26.86,derived
2020-08-01,Offices of Dentists,367781,14260,460,25.79,derived
2020-09-01,Offices of Dentists,392695,13800,460,28.46,derived
2020-10-01,Offices of Dentists,433540,14322,462,30.27,derived
2020-11-01,Offices of Dentists,378532,13860,462,27.31,derived
2020-12-01,Offices of Dentists,339820,14415,465,23.57,derived
2021-01-01,Offices of Dentists,364379,14384,464,25.33,derived
2021-02-01,Offices of Dentists,338363,13048,466,25.93,derived
2021-03-01,Offices of Dentists,479084,14415,465,33.24,derived
2021-04-01,Offices of Dentists,464265,13920,464,33.35,derived
2021-05-01,Offices of Dentists,436954,14291,461,30.58,derived
2021-06-01,Offices of Dentists,449870,13860,462,32.46,derived
2021-07-01,Offices of Dentists,477446,14353,463,33.26,derived
2021-08-01,Offices of Dentists,476079,14508,468,32.81,derived
2021-09-01,Offices of Dentists,448225,14100,470,31.79,derived
2021-10-01,Offices of Dentists,449570,14539,469,30.92,derived
2021-11-01,Offices of Dentists,442099,14190,473,31.16,derived
2021-12-01,Offices of Dentists,406886,14663,473,27.75,derived
2022-01-01,Offices of Dentists,414564,14787,477,28.04,derived
2022-02-01,Offices of Dentists,405491,13468,481,30.11,derived
2022-03-01,Offices of Dentists,505207,14942,482,33.81,derived
2022-04-01,Offices of Dentists,464473,14520,484,31.99,derived
2022-05-01,Offices of Dentists,454467,15035,485,30.23,derived
2022-06-01,Offices of Dentists,450847,14520,484,31.05,derived
2022-07-01,Offices of Dentists,454605,15066,486,30.17,derived
2022-08-01,Offices of Dentists,518825,15345,495,33.81,derived
2022-09-01,Offices of Dentists,452949,14910,497,30.38,derived
2022-10-01,Offices of Dentists,459263,15500,500,29.63,derived
2022-11-01,Offices of Dentists,448382,15090,503,29.71,derived
2022-12-01,Offices of Dentists,431264,15624,504,27.6,derived
2023-01-01,Offices of Dentists,470845,15748,508,29.9,derived
2023-02-01,Offices of Dentists,432657,14392,514,30.06,derived
2023-03-01,Offices of Dentists,523684,15996,516,32.74,derived
2023-04-01,Offices of Dentists,458994,15450,515,29.71,derived
2023-05-01,Offices of Dentists,490341,15996,516,30.65,derived
2023-06-01,Offices of Dentists,480383,15630,521,30.73,derived
2023-07-01,Offices of Dentists,480003,16337,527,29.38,derived
2023-08-01,Offices of Dentists,524593,16306,526,32.17,derived
2023-09-01,Offices of Dentists,461826,15810,527,29.21,derived
2023-10-01,Offices of Dentists,482238,16337,527,29.52,derived
2023-11-01,Offices of Dentists,469369,15960,532,29.41,derived
2023-12-01,Offices of Dentists,415302,16244,524,25.57,derived
2024-01-01,Offices of Dentists,482125,16368,528,29.46,derived
2024-02-01,Offices of Dentists,461466,15341,529,30.08,derived
2024-03-01,Offices of Dentists,490109,16399,529,29.89,derived
2024-04-01,Offices of Dentists,496929,15930,531,31.19,derived
2024-05-01,Offices of Dentists,494834,16492,532,30.0,derived
2024-06-01,Offices of Dentists,449120,15930,531,28.19,derived
2024-07-01,Offices of Dentists,505414,16492,532,30.65,derived
2024-08-01,Offices of Dentists,525324,16585,535,31.67,derived
2024-09-01,Offices of Dentists,461754,16110,537,28.66,derived
2024-10-01,Offices of Dentists,504044,16678,538,30.22,derived
2024-11-01,Offices of Dentists,479776,16350,545,29.34,derived
2024-12-01,Offices of Dentists,446758,16926,546,26.39,derived
2020-01-01,Offices of Other Health Practitioners,1025888,14818,478,69.23,derived
2020-02-01,Offices of Other Health Practitioners,975912,13862,478,70.4,derived
2020-03-01,Offices of Other Health Practitioners,540083,14818,478,36.45,derived
2020-04-01,Offices of Other Health Practitioners,5998,14340,478,0.42,derived
2020-05-01,Offices of Other Health Practitioners,202295,14818,478,13.65,derived
2020-06-01,Offices of Other Health Practitioners,493816,14340,478,34.44,derived
2020-07-01,Offices of Other Health Practitioners,641981,14818,478,43.32,derived
2020-08-01,Offices of Other Health Practitioners,687612,14818,478,46.4,derived
2020-09-01,Offices of Other Health Practitioners,702834,14340,478,49.01,derived
2020-10-01,Offices of Other Health Practitioners,747629,14818,478,50.45,derived
2020-11-01,Offices of Other Health Practitioners,664029,14370,479,46.21,derived
2020-12-01,Offices of Other Health Practitioners,742183,14942,482,49.67,derived
2021-01-01,Offices of Other Health Practitioners,731809,14973,483,48.88,derived
2021-02-01,Offices of Other Health Practitioners,619294,13580,485,45.6,derived
2021-03-01,Offices of Other Health Practitioners,848257,15035,485,56.42,derived
2021-04-01,Offices of Other Health Practitioners,806459,14580,486,55.31,derived
2021-05-01,Offices of Other Health Practitioners,762265,15066,486,50.6,derived
2021-06-01,Offices of Other Health Practitioners,801099,14550,485,55.06,derived
2021-07-01,Offices of Other Health Practitioners,866401,15066,486,57.51,derived
2021-08-01,Offices of Other Health Practitioners,858552,14942,482,57.46,derived
2021-09-01,Offices of Other Health Practitioners,773816,14280,476,54.19,derived
2021-10-01,Offices of Other Health Practitioners,783666,14818,478,52.89,derived
2021-11-01,Offices of Other Health Practitioners,765887,14460,482,52.97,derived
2021-12-01,Offices of Other Health Practitioners,865795,14942,482,57.94,derived
2022-01-01,Offices of Other Health Practitioners,764956,14973,483,51.09,derived
2022-02-01,Offices of Other Health Practitioners,738304,13580,485,54.37,derived
2022-03-01,Offices of Other Health Practitioners,883077,15066,486,58.61,derived
2022-04-01,Offices of Other Health Practitioners,822589,14640,488,56.19,derived
2022-05-01,Offices of Other Health Practitioners,771823,15221,491,50.71,derived
2022-06-01,Offices of Other Health Practitioners,790730,14730,491,53.68,derived
2022-07-01,Offices of Other Health Practitioners,826689,15283,493,54.09,derived
2022-08-01,Offices of Other Health Practitioners,910839,15345,495,59.36,derived
2022-09-01,Offices of Other Health Practitioners,786687,14880,496,52.87,derived
2022-10-01,Offices of Other Health Practitioners,787324,15376,496,51.2,derived
2022-11-01,Offices of Other Health Practitioners,749744,14730,491,50.9,derived
2022-12-01,Offices of Other Health Practitioners,883349,15252,492,57.92,derived
2023-01-01,Offices of Other Health Practitioners,848484,15252,492,55.63,derived
2023-02-01,Offices of Other Health Practitioners,765122,13720,490,55.77,derived
2023-03-01,Offices of Other Health Practitioners,898591,15345,495,58.56,derived
2023-04-01,Offices of Other Health Practitioners,798620,14910,497,53.56,derived
2023-05-01,Offices of Other Health Practitioners,796591,15407,497,51.7,derived
2023-06-01,Offices of Other Health Practitioners,806093,14970,499,53.85,derived
2023-07-01,Offices of Other Health Practitioners,834335,15624,504,53.4,derived
2023-08-01,Offices of Other Health Practitioners,910737,15655,505,58.18,derived
2023-09-01,Offices of Other Health Practitioners,790827,15120,504,52.3,derived
2023-10-01,Offices of Other Health Practitioners,778706,15624,504,49.84,derived
2023-11-01,Offices of Other Health Practitioners,768138,15240,508,50.4,derived
2023-12-01,Offices of Other Health Practitioners,912232,15748,508,57.93,derived
2024-01-01,Offices of Other Health Practitioners,829825,15717,507,52.8,derived
2024-02-01,Offices of Other Health Practitioners,808683,14703,507,55.0,derived
2024-03-01,Offices of Other Health Practitioners,868024,15717,507,55.23,derived
2024-04-01,Offices of Other Health Practitioners,827291,15270,509,54.18,derived
2024-05-01,Offices of Other Health Practitioners,810745,15872,512,51.08,derived
2024-06-01,Offices of Other Health Practitioners,792328,15390,513,51.48,derived
2024-07-01,Offices of Other Health Practitioners,848472,15965,515,53.15,derived
2024-08-01,Offices of Other Health Practitioners,921724,16089,519,57.29,derived
2024-09-01,Offices of Other Health Practitioners,775258,15600,520,49.7,derived
2024-10-01,Offices of Other Health Practitioners,818034,16213,523,50.46,derived
2024-11-01,Offices of Other Health Practitioners,802940,15600,520,51.47,derived
2024-12-01,Offices of Other Health Practitioners,900820,16151,521,55.77,derived
2020-01-01,Offices of Real Estate Agents and Brokers,733698,27621,891,26.56,derived
2020-02-01,Offices of Real Estate Agents and Brokers,702837,25839,891,27.2,derived
2020-03-01,Offices of Real Estate Agents and Brokers,399175,27621,891,14.45,derived
2020-04-01,Offices of Real Estate Agents and Brokers,6821,26730,891,0.26,derived
2020-05-01,Offices of Real Estate Agents and Brokers,249533,27621,891,9.03,derived
2020-06-01,Offices of Real Estate Agents and Brokers,569209,26730,891,21.29,derived
2020-07-01,Offices of Real Estate Agents and Brokers,583053,27621,891,21.11,derived
2020-08-01,Offices of Real Estate Agents and Brokers,606692,27621,891,21.96,derived
2020-09-01,Offices of Real Estate Agents and Brokers,593438,26730,891,22.2,derived
2020-10-01,Offices of Real Estate Agents and Brokers,616743,27621,891,22.33,derived
2020-11-01,Offices of Real Estate Agents and Brokers,606745,26700,890,22.72,derived
2020-12-01,Offices of Real Estate Agents and Brokers,588282,27683,893,21.25,derived
2021-01-01,Offices of Real Estate Agents and Brokers,472548,27683,893,17.07,derived
2021-02-01,Offices of Real Estate Agents and Brokers,440249,25032,894,17.59,derived
2021-03-01,Offices of Real Estate Agents and Brokers,663176,27807,897,23.85,derived
2021-04-01,Offices of Real Estate Agents and Brokers,682789,27150,905,25.15,derived
2021-05-01,Offices of Real Estate Agents and Brokers,711461,27962,902,25.44,derived
2021-06-01,Offices of Real Estate Agents and Brokers,711852,27450,915,25.93,derived
2021-07-01,Offices of Real Estate Agents and Brokers,766347,28737,927,26.67,derived
2021-08-01,Offices of Real Estate Agents and Brokers,755389,28706,926,26.31,derived
2021-09-01,Offices of Real Estate Agents and Brokers,703206,27960,932,25.15,derived
2021-10-01,Offices of Real Estate Agents and Brokers,717298,28830,930,24.88,derived
2021-11-01,Offices of Real Estate Agents and Brokers,746540,27960,932,26.7,derived
2021-12-01,Offices of Real Estate Agents and Brokers,746198,28737,927,25.97,derived
2022-01-01,Offices of Real Estate Agents and Brokers,617404,28737,927,21.48,derived
2022-02-01,Offices of Real Estate Agents and Brokers,607722,25956,927,23.41,derived
2022-03-01,Offices of Real Estate Agents and Brokers,727856,28799,929,25.27,derived
2022-04-01,Offices of Real Estate Agents and Brokers,731687,27960,932,26.17,derived
2022-05-01,Offices of Real Estate Agents and Brokers,741895,29047,937,25.54,derived
2022-06-01,Offices of Real Estate Agents and Brokers,731038,28050,935,26.06,derived
2022-07-01,Offices of Real Estate Agents and Brokers,749277,28861,931,25.96,derived
2022-08-01,Offices of Real Estate Agents and Brokers,779774,28799,929,27.08,derived
2022-09-01,Offices of Real Estate Agents and Brokers,713207,27810,927,25.65,derived
2022-10-01,Offices of Real Estate Agents and Brokers,709143,28861,931,24.57,derived
2022-11-01,Offices of Real Estate Agents and Brokers,723554,28020,934,25.82,derived
2022-12-01,Offices of Real Estate Agents and Brokers,771043,28985,935,26.6,derived
2023-01-01,Offices of Real Estate Agents and Brokers,681020,28706,926,23.72,derived
2023-02-01,Offices of Real Estate Agents and Brokers,619567,25900,925,23.92,derived
2023-03-01,Offices of Real Estate Agents and Brokers,709771,28582,922,24.83,derived
2023-04-01,Offices of Real Estate Agents and Brokers,694025,27690,923,25.06,derived
2023-05-01,Offices of Real Estate Agents and Brokers,736971,28520,920,25.84,derived
2023-06-01,Offices of Real Estate Agents and Brokers,715443,27540,918,25.98,derived
2023-07-01,Offices of Real Estate Agents and Brokers,736083,28551,921,25.78,derived
2023-08-01,Offices of Real Estate Agents and Brokers,753745,28396,916,26.54,derived
2023-09-01,Offices of Real Estate Agents and Brokers,688066,27480,916,25.04,derived
2023-10-01,Offices of Real Estate Agents and Brokers,692109,28489,919,24.29,derived
2023-11-01,Offices of Real Estate Agents and Brokers,716120,27600,920,25.95,derived
2023-12-01,Offices of Real Estate Agents and Brokers,754689,28520,920,26.46,derived
2024-01-01,Offices of Real Estate Agents and Brokers,659420,28551,921,23.1,derived
2024-02-01,Offices of Real Estate Agents and Brokers,645786,26680,920,24.2,derived
2024-03-01,Offices of Real Estate Agents and Brokers,703806,28582,922,24.62,derived
2024-04-01,Offices of Real Estate Agents and Brokers,681110,27720,924,24.57,derived
2024-05-01,Offices of Real Estate Agents and Brokers,728856,28644,924,25.45,derived
2024-06-01,Offices of Real Estate Agents and Brokers,694035,27780,926,24.98,derived
2024-07-01,Offices of Real Estate Agents and Brokers,730417,28706,926,25.44,derived
2024-08-01,Offices of Real Estate Agents and Brokers,761572,28551,921,26.67,derived
2024-09-01,Offices of Real Estate Agents and Brokers,659830,27480,916,24.01,derived
2024-10-01,Offices of Real Estate Agents and Brokers,681714,28334,914,24.06,derived
2024-11-01,Offices of Real Estate Agents and Brokers,717734,27450,915,26.15,derived
2024-12-01,Offices of Real Estate Agents and Brokers,770458,28396,916,27.13,derived
2020-01-01,Other Amusement and Recreation Industries,37785264,80569,2599,468.98,derived
2020-02-01,Other Amusement and Recreation Industries,31549003,75313,2597,418.91,derived
2020-03-01,Other Amusement and Recreation Industries,20864584,80569,2599,258.97,derived
2020-04-01,Other Amusement and Recreation Industries,253109,77910,2597,3.25,derived
2020-05-01,Other Amusement and Recreation Industries,2961196,80414,2594,36.82,derived
2020-06-01,Other Amusement and Recreation Industries,15040346,77190,2573,194.85,derived
2020-07-01,Other Amusement and Recreation Industries,14933849,78988,2548,189.06,derived
2020-08-01,Other Amusement and Recreation Industries,16450549,79081,2551,208.02,derived
2020-09-01,Other Amusement and Recreation Industries,25456920,76020,2534,334.87,derived
2020-10-01,Other Amusement and Recreation Industries,25044883,78399,2529,319.45,derived
2020-11-01,Other Amusement and Recreation Industries,22995510,75810,2527,303.33,derived
2020-12-01,Other Amusement and Recreation Industries,18892107,78275,2525,241.36,derived
2021-01-01,Other Amusement and Recreation Industries,30998206,77965,2515,397.59,derived
2021-02-01,Other Amusement and Recreation Industries,21153522,70448,2516,300.27,derived
2021-03-01,Other Amusement and Recreation Industries,25398932,77996,2516,325.64,derived
2021-04-01,Other Amusement and Recreation Industries,24447988,75330,2511,324.55,derived
2021-05-01,Other Amusement and Recreation Industries,24715275,78120,2520,316.38,derived
2021-06-01,Other Amusement and Recreation Industries,20836830,75660,2522,275.4,derived
2021-07-01,Other Amusement and Recreation Industries,17124162,78430,2530,218.34,derived
2021-08-01,Other Amusement and Recreation Industries,18863287,78554,2534,240.13,derived
2021-09-01,Other Amusement and Recreation Industries,25623723,75900,2530,337.6,derived
2021-10-01,Other Amusement and Recreation Industries,24822772,78740,2540,315.25,derived
2021-11-01,Other Amusement and Recreation Industries,24643759,76020,2534,324.17,derived
2021-12-01,Other Amusement and Recreation Industries,23439360,78771,2541,297.56,derived
2022-01-01,Other Amusement and Recreation Industries,30150804,78926,2546,382.01,derived
2022-02-01,Other Amusement and Recreation Industries,26849005,71904,2568,373.4,derived
2022-03-01,Other Amusement and Recreation Industries,27395310,79670,2570,343.86,derived
2022-04-01,Other Amusement and Recreation Industries,24551460,76890,2563,319.31,derived
2022-05-01,Other Amusement and Recreation Industries,26227099,79515,2565,329.84,derived
2022-06-01,Other Amusement and Recreation Industries,21575229,76980,2566,280.27,derived
2022-07-01,Other Amusement and Recreation Industries,16774648,79887,2577,209.98,derived
2022-08-01,Other Amusement and Recreation Industries,18655330,79918,2578,233.43,derived
2022-09-01,Other Amusement and Recreation Industries,24191693,77160,2572,313.53,derived
2022-10-01,Other Amusement and Recreation Industries,23346160,79732,2572,292.81,derived
2022-11-01,Other Amusement and Recreation Industries,23133191,77250,2575,299.46,derived
2022-12-01,Other Amusement and Recreation Industries,22391989,80476,2596,278.24,derived
2023-01-01,Other Amusement and Recreation Industries,33075567,80538,2598,410.68,derived
2023-02-01,Other Amusement and Recreation Industries,27222143,72548,2591,375.23,derived
2023-03-01,Other Amusement and Recreation Industries,25826578,80600,2600,320.43,derived
2023-04-01,Other Amusement and Recreation Industries,24143164,78270,2609,308.46,derived
2023-05-01,Other Amusement and Recreation Industries,26831555,81282,2622,330.1,derived
2023-06-01,Other Amusement and Recreation Industries,20201380,78810,2627,256.33,derived
2023-07-01,Other Amusement and Recreation Industries,15388079,81437,2627,188.96,derived
2023-08-01,Other Amusement and Recreation Industries,16406597,81561,2631,201.16,derived
2023-09-01,Other Amusement and Recreation Industries,22334812,78900,2630,283.08,derived
2023-10-01,Other Amusement and Recreation Industries,25218421,81406,2626,309.79,derived
2023-11-01,Other Amusement and Recreation Industries,24023450,78930,2631,304.36,derived
2023-12-01,Other Amusement and Recreation Industries,21820123,81499,2629,267.73,derived
2024-01-01,Other Amusement and Recreation Industries,31284062,81375,2625,384.44,derived
2024-02-01,Other Amusement and Recreation Industries,27559946,76096,2624,362.17,derived
2024-03-01,Other Amusement and Recreation Industries,25314391,81623,2633,310.14,derived
2024-04-01,Other Amusement and Recreation Industries,23188067,79080,2636,293.22,derived
2024-05-01,Other Amusement and Recreation Industries,24522957,81747,2637,299.99,derived
2024-06-01,Other Amusement and Recreation Industries,18924642,79020,2634,239.49,derived
2024-07-01,Other Amusement and Recreation Industries,15920871,81840,2640,194.54,derived
2024-08-01,Other Amusement and Recreation Industries,16522760,81747,2637,202.12,derived
2024-09-01,Other Amusement and Recreation Industries,22383399,78690,2623,284.45,derived
2024-10-01,Other Amusement and Recreation Industries,23898200,81406,2626,293.57,derived
2024-11-01,Other Amusement and Recreation Industries,23023865,78450,2615,293.48,derived
2024-12-01,Other Amusement and Recreation Industries,22580067,80910,2610,279.08,derived
2020-01-01,Other Chemical Product and Preparation Manufacturing,19832,155,5,127.95,derived
2020-02-01,Other Chemical Product and Preparation Manufacturing,20128,145,5,138.81,derived
2020-03-01,Other Chemical Product and Preparation Manufacturing,11708,155,5,75.54,derived
2020-04-01,Other Chemical Product and Preparation Manufacturing,285,150,5,1.9,derived
2020-05-01,Other Chemical Product and Preparation Manufacturing,2919,155,5,18.83,derived
2020-06-01,Other Chemical Product and Preparation Manufacturing,12967,150,5,86.45,derived
2020-07-01,Other Chemical Product and Preparation Manufacturing,19093,155,5,123.18,derived
2020-08-01,Other Chemical Product and Preparation Manufacturing,17823,155,5,114.99,derived
2020-09-01,Other Chemical Product and Preparation Manufacturing,16134,150,5,107.56,derived
2020-10-01,Other Chemical Product and Preparation Manufacturing,16706,155,5,107.78,derived
2020-11-01,Other Chemical Product and Preparation Manufacturing,17309,150,5,115.39,derived
2020-12-01,Other Chemical Product and Preparation Manufacturing,19985,155,5,128.94,derived
2021-01-01,Other Chemical Product and Preparation Manufacturing,13380,155,5,86.32,derived
2021-02-01,Other Chemical Product and Preparation Manufacturing,10509,140,5,75.06,derived
2021-03-01,Other Chemical Product and Preparation Manufacturing,17544,155,5,113.19,derived
2021-04-01,Other Chemical Product and Preparation Manufacturing,17745,150,5,118.3,derived
2021-05-01,Other Chemical Product and Preparation Manufacturing,19801,155,5,127.75,derived
2021-06-01,Other Chemical Product and Preparation Manufacturing,19370,150,5,129.13,derived
2021-07-01,Other Chemical Product and Preparation Manufacturing,20406,155,5,131.65,derived
2021-08-01,Other Chemical Product and Preparation Manufacturing,19493,155,5,125.76,derived
2021-09-01,Other Chemical Product and Preparation Manufacturing,18045,150,5,120.3,derived
2021-10-01,Other Chemical Product and Preparation Manufacturing,18265,155,5,117.84,derived
2021-11-01,Other Chemical Product and Preparation Manufacturing,19615,150,5,130.77,derived
2021-12-01,Other Chemical Product and Preparation Manufacturing,21372,155,5,137.88,derived
2022-01-01,Other Chemical Product and Preparation Manufacturing,14545,155,5,93.84,derived
2022-02-01,Other Chemical Product and Preparation Manufacturing,15533,140,5,110.95,derived
2022-03-01,Other Chemical Product and Preparation Manufacturing,18235,155,5,117.65,derived
2022-04-01,Other Chemical Product and Preparation Manufacturing,17913,150,5,119.42,derived
2022-05-01,Other Chemical Product and Preparation Manufacturing,18781,155,5,121.17,derived
2022-06-01,Other Chemical Product and Preparation Manufacturing,20010,150,5,133.4,derived
2022-07-01,Other Chemical Product and Preparation Manufacturing,20434,155,5,131.83,derived
2022-08-01,Other Chemical Product and Preparation Manufacturing,19998,155,5,129.02,derived
2022-09-01,Other Chemical Product and Preparation Manufacturing,17860,150,5,119.07,derived
2022-10-01,Other Chemical Product and Preparation Manufacturing,17693,155,5,114.15,derived
2022-11-01,Other Chemical Product and Preparation Manufacturing,18767,150,5,125.11,derived
2022-12-01,Other Chemical Product and Preparation Manufacturing,21397,155,5,138.05,derived
2023-01-01,Other Chemical Product and Preparation Manufacturing,16390,155,5,105.74,derived
2023-02-01,Other Chemical Product and Preparation Manufacturing,15144,140,5,108.17,derived
2023-03-01,Other Chemical Product and Preparation Manufacturing,18148,155,5,117.08,derived
2023-04-01,Other Chemical Product and Preparation Manufacturing,18134,150,5,120.89,derived
2023-05-01,Other Chemical Product and Preparation Manufacturing,18857,155,5,121.66,derived
2023-06-01,Other Chemical Product and Preparation Manufacturing,19488,150,5,129.92,derived
2023-07-01,Other Chemical Product and Preparation Manufacturing,20374,155,5,131.45,derived
2023-08-01,Other Chemical Product and Preparation Manufacturing,19678,155,5,126.95,derived
2023-09-01,Other Chemical Product and Preparation Manufacturing,17348,150,5,115.65,derived
2023-10-01,Other Chemical Product and Preparation Manufacturing,17277,155,5,111.46,derived
2023-11-01,Other Chemical Product and Preparation Manufacturing,18674,150,5,124.49,derived
2023-12-01,Other Chemical Product and Preparation Manufacturing,21780,155,5,140.52,derived
2024-01-01,Other Chemical Product and Preparation Manufacturing,15360,155,5,99.1,derived
2024-02-01,Other Chemical Product and Preparation Manufacturing,15697,145,5,108.26,derived
2024-03-01,Other Chemical Product and Preparation Manufacturing,17340,155,5,111.87,derived
2024-04-01,Other Chemical Product and Preparation Manufacturing,16793,150,5,111.95,derived
2024-05-01,Other Chemical Product and Preparation Manufacturing,18991,155,5,122.52,derived
2024-06-01,Other Chemical Product and Preparation Manufacturing,19601,150,5,130.67,derived
2024-07-01,Other Chemical Product and Preparation Manufacturing,19639,155,5,126.7,derived
2024-08-01,Other Chemical Product and Preparation Manufacturing,20608,155,5,132.95,derived
2024-09-01,Other Chemical Product and Preparation Manufacturing,16886,150,5,112.57,derived
2024-10-01,Other Chemical Product and Preparation Manufacturing,17276,155,5,111.46,derived
2024-11-01,Other Chemical Product and Preparation Manufacturing,18962,150,5,126.41,derived
2024-12-01,Other Chemical Product and Preparation Manufacturing,22610,155,5,145.87,derived
2020-01-01,Other Financial Investment Activities,445942,32705,1055,13.64,derived
2020-02-01,Other Financial Investment Activities,398959,30624,1056,13.03,derived
2020-03-01,Other Financial Investment Activities,245702,32736,1056,7.51,derived
2020-04-01,Other Financial Investment Activities,14407,31680,1056,0.45,derived
2020-05-01,Other Financial Investment Activities,184745,32736,1056,5.64,derived
2020-06-01,Other Financial Investment Activities,337319,31680,1056,10.65,derived
2020-07-01,Other Financial Investment Activities,345409,32736,1056,10.55,derived
2020-08-01,Other Financial Investment Activities,324455,32736,1056,9.91,derived
2020-09-01,Other Financial Investment Activities,332716,31680,1056,10.5,derived
2020-10-01,Other Financial Investment Activities,335674,32767,1057,10.24,derived
2020-11-01,Other Financial Investment Activities,327170,31710,1057,10.32,derived
2020-12-01,Other Financial Investment Activities,358681,32767,1057,10.95,derived
2021-01-01,Other Financial Investment Activities,405201,48453,1563,8.36,derived
2021-02-01,Other Financial Investment Activities,408024,43764,1563,9.32,derived
2021-03-01,Other Financial Investment Activities,642223,54994,1774,11.68,derived
2021-04-01,Other Financial Investment Activities,668115,53310,1777,12.53,derived
2021-05-01,Other Financial Investment Activities,643541,54994,1774,11.7,derived
2021-06-01,Other Financial Investment Activities,672143,53310,1777,12.61,derived
2021-07-01,Other Financial Investment Activities,689441,55118,1778,12.51,derived
2021-08-01,Other Financial Investment Activities,677941,55273,1783,12.27,derived
2021-09-01,Other Financial Investment Activities,653202,53490,1783,12.21,derived
2021-10-01,Other Financial Investment Activities,630004,55273,1783,11.4,derived
2021-11-01,Other Financial Investment Activities,652780,53580,1786,12.18,derived
2021-12-01,Other Financial Investment Activities,728285,55521,1791,13.12,derived
2022-01-01,Other Financial Investment Activities,592668,55521,1791,10.67,derived
2022-02-01,Other Financial Investment Activities,577924,50232,1794,11.51,derived
2022-03-01,Other Financial Investment Activities,693361,55676,1796,12.45,derived
2022-04-01,Other Financial Investment Activities,657455,54090,1803,12.15,derived
2022-05-01,Other Financial Investment Activities,674758,56079,1809,12.03,derived
2022-06-01,Other Financial Investment Activities,677193,54360,1812,12.46,derived
2022-07-01,Other Financial Investment Activities,654560,56079,1809,11.67,derived
2022-08-01,Other Financial Investment Activities,724120,56141,1811,12.9,derived
2022-09-01,Other Financial Investment Activities,663620,54450,1815,12.19,derived
2022-10-01,Other Financial Investment Activities,639092,56296,1816,11.35,derived
2022-11-01,Other Financial Investment Activities,647910,54450,1815,11.9,derived
2022-12-01,Other Financial Investment Activities,738140,56172,1812,13.14,derived
2023-01-01,Other Financial Investment Activities,646378,56141,1811,11.51,derived
2023-02-01,Other Financial Investment Activities,606328,50820,1815,11.93,derived
2023-03-01,Other Financial Investment Activities,693378,56358,1818,12.3,derived
2023-04-01,Other Financial Investment Activities,620881,54660,1822,11.36,derived
2023-05-01,Other Financial Investment Activities,691673,56544,1824,12.23,derived
2023-06-01,Other Financial Investment Activities,687014,54810,1827,12.53,derived
2023-07-01,Other Financial Investment Activities,674891,56668,1828,11.91,derived
2023-08-01,Other Financial Investment Activities,714816,56637,1827,12.62,derived
2023-09-01,Other Financial Investment Activities,638745,54870,1829,11.64,derived
2023-10-01,Other Financial Investment Activities,665542,57009,1839,11.67,derived
2023-11-01,Other Financial Investment Activities,644094,55260,1842,11.66,derived
2023-12-01,Other Financial Investment Activities,724663,57288,1848,12.65,derived
2024-01-01,Other Financial Investment Activities,665770,57288,1848,11.62,derived
2024-02-01,Other Financial Investment Activities,659916,53563,1847,12.32,derived
2024-03-01,Other Financial Investment Activities,664667,57195,1845,11.62,derived
2024-04-01,Other Financial Investment Activities,671467,55410,1847,12.12,derived
2024-05-01,Other Financial Investment Activities,707747,57288,1848,12.35,derived
2024-06-01,Other Financial Investment Activities,621534,55260,1842,11.25,derived
2024-07-01,Other Financial Investment Activities,730348,57133,1843,12.78,derived
2024-08-01,Other Financial Investment Activities,708663,57381,1851,12.35,derived
2024-09-01,Other Financial Investment Activities,636748,55380,1846,11.5,derived
2024-10-01,Other Financial Investment Activities,681199,57319,1849,11.88,derived
2024-11-01,Other Financial Investment Activities,640126,55650,1855,11.5,derived
2024-12-01,Other Financial Investment Activities,748028,57505,1855,13.01,derived
2020-01-01,Other General Purpose Machinery Manufacturing,52955,62,2,854.11,derived
2020-02-01,Other General Purpose Machinery Manufacturing,53170,58,2,916.72,derived
2020-03-01,Other General Purpose Machinery Manufacturing,26455,62,2,426.69,derived
2020-04-01,Other General Purpose Machinery Manufacturing,0,60,2,0.0,derived
2020-05-01,Other General Purpose Machinery Manufacturing,20949,62,2,337.89,derived
2020-06-01,Other General Purpose Machinery Manufacturing,48313,60,2,805.22,derived
2020-07-01,Other General Purpose Machinery Manufacturing,48165,62,2,776.85,derived
2020-08-01,Other General Purpose Machinery Manufacturing,47244,62,2,762.0,derived
2020-09-01,Other General Purpose Machinery Manufacturing,44089,60,2,734.82,derived
2020-10-01,Other General Purpose Machinery Manufacturing,44711,62,2,721.15,derived
2020-11-01,Other General Purpose Machinery Manufacturing,46718,60,2,778.63,derived
2020-12-01,Other General Purpose Machinery Manufacturing,51415,62,2,829.27,derived
2021-01-01,Other General Purpose Machinery Manufacturing,37262,62,2,601.0,derived
2021-02-01,Other General Purpose Machinery Manufacturing,33051,56,2,590.2,derived
2021-03-01,Other General Purpose Machinery Manufacturing,46385,62,2,748.15,derived
2021-04-01,Other General Purpose Machinery Manufacturing,45503,60,2,758.38,derived
2021-05-01,Other General Purpose Machinery Manufacturing,50263,62,2,810.69,derived
2021-06-01,Other General Purpose Machinery Manufacturing,51630,60,2,860.5,derived
2021-07-01,Other General Purpose Machinery Manufacturing,53538,62,2,863.52,derived
2021-08-01,Other General Purpose Machinery Manufacturing,51090,62,2,824.03,derived
2021-09-01,Other General Purpose Machinery Manufacturing,49250,60,2,820.83,derived
2021-10-01,Other General Purpose Machinery Manufacturing,50471,62,2,814.05,derived
2021-11-01,Other General Purpose Machinery Manufacturing,50640,60,2,844.0,derived
2021-12-01,Other General Purpose Machinery Manufacturing,56977,62,2,918.98,derived
2022-01-01,Other General Purpose Machinery Manufacturing,43326,62,2,698.81,derived
2022-02-01,Other General Purpose Machinery Manufacturing,42585,56,2,760.45,derived
2022-03-01,Other General Purpose Machinery Manufacturing,51776,62,2,835.1,derived
2022-04-01,Other General Purpose Machinery Manufacturing,51123,60,2,852.05,derived
2022-05-01,Other General Purpose Machinery Manufacturing,53914,62,2,869.58,derived
2022-06-01,Other General Purpose Machinery Manufacturing,52169,60,2,869.48,derived
2022-07-01,Other General Purpose Machinery Manufacturing,55032,62,2,887.61,derived
2022-08-01,Other General Purpose Machinery Manufacturing,53884,62,2,869.1,derived
2022-09-01,Other General Purpose Machinery Manufacturing,49625,60,2,827.08,derived
2022-10-01,Other General Purpose Machinery Manufacturing,51162,62,2,825.19,derived
2022-11-01,Other General Purpose Machinery Manufacturing,51722,60,2,862.03,derived
2022-12-01,Other General Purpose Machinery Manufacturing,57623,62,2,929.4,derived
2023-01-01,Other General Purpose Machinery Manufacturing,45608,62,2,735.61,derived
2023-02-01,Other General Purpose Machinery Manufacturing,42867,56,2,765.48,derived
2023-03-01,Other General Purpose Machinery Manufacturing,49588,62,2,799.81,derived
2023-04-01,Other General Purpose Machinery Manufacturing,48306,60,2,805.1,derived
2023-05-01,Other General Purpose Machinery Manufacturing,51053,62,2,823.44,derived
2023-06-01,Other General Purpose Machinery Manufacturing,51602,60,2,860.03,derived
2023-07-01,Other General Purpose Machinery Manufacturing,52720,62,2,850.32,derived
2023-08-01,Other General Purpose Machinery Manufacturing,49833,62,2,803.76,derived
2023-09-01,Other General Purpose Machinery Manufacturing,47966,60,2,799.43,derived
2023-10-01,Other General Purpose Machinery Manufacturing,48103,62,2,775.85,derived
2023-11-01,Other General Purpose Machinery Manufacturing,49759,60,2,829.32,derived
2023-12-01,Other General Purpose Machinery Manufacturing,58571,62,2,944.69,derived
2024-01-01,Other General Purpose Machinery Manufacturing,45660,62,2,736.45,derived
2024-02-01,Other General Purpose Machinery Manufacturing,42530,58,2,733.28,derived
2024-03-01,Other General Purpose Machinery Manufacturing,50571,62,2,815.66,derived
2024-04-01,Other General Purpose Machinery Manufacturing,46451,60,2,774.18,derived
2024-05-01,Other General Purpose Machinery Manufacturing,50376,62,2,812.52,derived
2024-06-01,Other General Purpose Machinery Manufacturing,50445,60,2,840.75,derived
2024-07-01,Other General Purpose Machinery Manufacturing,51833,62,2,836.02,derived
2024-08-01,Other General Purpose Machinery Manufacturing,54301,62,2,875.82,derived
2024-09-01,Other General Purpose Machinery Manufacturing,45338,60,2,755.63,derived
2024-10-01,Other General Purpose Machinery Manufacturing,46755,62,2,754.11,derived
2024-11-01,Other General Purpose Machinery Manufacturing,50576,60,2,842.93,derived
2024-12-01,Other General Purpose Machinery Manufacturing,57056,62,2,920.26,derived
2020-01-01,Other Investment Pools and Funds,4015,248,8,16.19,derived
2020-02-01,Other Investment Pools and Funds,3939,232,8,16.98,derived
2020-03-01,Other Investment Pools and Funds,2198,248,8,8.86,derived
2020-04-01,Other Investment Pools and Funds,0,240,8,0.0,derived
2020-05-01,Other Investment Pools and Funds,1406,248,8,5.67,derived
2020-06-01,Other Investment Pools and Funds,3140,240,8,13.08,derived
2020-07-01,Other Investment Pools and Funds,3119,248,8,12.58,derived
2020-08-01,Other Investment Pools and Funds,3110,248,8,12.54,derived
2020-09-01,Other Investment Pools and Funds,2955,240,8,12.31,derived
2020-10-01,Other Investment Pools and Funds,3179,248,8,12.82,derived
2020-11-01,Other Investment Pools and Funds,2983,240,8,12.43,derived
2020-12-01,Other Investment Pools and Funds,3041,248,8,12.26,derived
2021-01-01,Other Investment Pools and Funds,2196,248,8,8.85,derived
2021-02-01,Other Investment Pools and Funds,2013,224,8,8.99,derived
2021-03-01,Other Investment Pools and Funds,3492,248,8,14.08,derived
2021-04-01,Other Investment Pools and Funds,3709,240,8,15.45,derived
2021-05-01,Other Investment Pools and Funds,3797,248,8,15.31,derived
2021-06-01,Other Investment Pools and Funds,3720,240,8,15.5,derived
2021-07-01,Other Investment Pools and Funds,3931,248,8,15.85,derived
2021-08-01,Other Investment Pools and Funds,3949,248,8,15.92,derived
2021-09-01,Other Investment Pools and Funds,3502,240,8,14.59,derived
2021-10-01,Other Investment Pools and Funds,3525,248,8,14.21,derived
2021-11-01,Other Investment Pools and Funds,3697,240,8,15.4,derived
2021-12-01,Other Investment Pools and Funds,4384,248,8,17.68,derived
2022-01-01,Other Investment Pools and Funds,3292,248,8,13.27,derived
2022-02-01,Other Investment Pools and Funds,3124,224,8,13.95,derived
2022-03-01,Other Investment Pools and Funds,3658,248,8,14.75,derived
2022-04-01,Other Investment Pools and Funds,3703,240,8,15.43,derived
2022-05-01,Other Investment Pools and Funds,3748,248,8,15.11,derived
2022-06-01,Other Investment Pools and Funds,3804,240,8,15.85,derived
2022-07-01,Other Investment Pools and Funds,3902,248,8,15.73,derived
2022-08-01,Other Investment Pools and Funds,4022,248,8,16.22,derived
2022-09-01,Other Investment Pools and Funds,3648,240,8,15.2,derived
2022-10-01,Other Investment Pools and Funds,3569,248,8,14.39,derived
2022-11-01,Other Investment Pools and Funds,3934,270,9,14.57,derived
2022-12-01,Other Investment Pools and Funds,4827,279,9,17.3,derived
2023-01-01,Other Investment Pools and Funds,3405,248,8,13.73,derived
2023-02-01,Other Investment Pools and Funds,3175,224,8,14.17,derived
2023-03-01,Other Investment Pools and Funds,3632,248,8,14.65,derived
2023-04-01,Other Investment Pools and Funds,3437,240,8,14.32,derived
2023-05-01,Other Investment Pools and Funds,3663,248,8,14.77,derived
2023-06-01,Other Investment Pools and Funds,3562,240,8,14.84,derived
2023-07-01,Other Investment Pools and Funds,3750,248,8,15.12,derived
2023-08-01,Other Investment Pools and Funds,3278,217,7,15.11,derived
2023-09-01,Other Investment Pools and Funds,3106,210,7,14.79,derived
2023-10-01,Other Investment Pools and Funds,3093,217,7,14.25,derived
2023-11-01,Other Investment Pools and Funds,3068,210,7,14.61,derived
2023-12-01,Other Investment Pools and Funds,3794,217,7,17.48,derived
2024-01-01,Other Investment Pools and Funds,3016,217,7,13.9,derived
2024-02-01,Other Investment Pools and Funds,2951,203,7,14.54,derived
2024-03-01,Other Investment Pools and Funds,3123,217,7,14.39,derived
2024-04-01,Other Investment Pools and Funds,3092,210,7,14.72,derived
2024-05-01,Other Investment Pools and Funds,3243,217,7,14.94,derived
2024-06-01,Other Investment Pools and Funds,3146,210,7,14.98,derived
2024-07-01,Other Investment Pools and Funds,3254,217,7,15.0,derived
2024-08-01,Other Investment Pools and Funds,3316,217,7,15.28,derived
2024-09-01,Other Investment Pools and Funds,2987,210,7,14.22,derived
2024-10-01,Other Investment Pools and Funds,3137,217,7,14.46,derived
2024-11-01,Other Investment Pools and Funds,3181,210,7,15.15,derived
2024-12-01,Other Investment Pools and Funds,4015,217,7,18.5,derived
2020-01-01,Other Leather and Allied Product Manufacturing,61842,496,16,124.68,derived
2020-02-01,Other Leather and Allied Product Manufacturing,60245,464,16,129.84,derived
2020-03-01,Other Leather and Allied Product Manufacturing,31772,496,16,64.06,derived
2020-04-01,Other Leather and Allied Product Manufacturing,110,480,16,0.23,derived
2020-05-01,Other Leather and Allied Product Manufacturing,13273,496,16,26.76,derived
2020-06-01,Other Leather and Allied Product Manufacturing,30265,480,16,63.05,derived
2020-07-01,Other Leather and Allied Product Manufacturing,38912,496,16,78.45,derived
2020-08-01,Other Leather and Allied Product Manufacturing,43081,496,16,86.86,derived
2020-09-01,Other Leather and Allied Product Manufacturing,44328,480,16,92.35,derived
2020-10-01,Other Leather and Allied Product Manufacturing,45141,496,16,91.01,derived
2020-11-01,Other Leather and Allied Product Manufacturing,50357,480,16,104.91,derived
2020-12-01,Other Leather and Allied Product Manufacturing,57852,496,16,116.64,derived
2021-01-01,Other Leather and Allied Product Manufacturing,41900,496,16,84.48,derived
2021-02-01,Other Leather and Allied Product Manufacturing,36283,448,16,80.99,derived
2021-03-01,Other Leather and Allied Product Manufacturing,49271,496,16,99.34,derived
2021-04-01,Other Leather and Allied Product Manufacturing,50757,480,16,105.74,derived
2021-05-01,Other Leather and Allied Product Manufacturing,56754,496,16,114.42,derived
2021-06-01,Other Leather and Allied Product Manufacturing,55694,480,16,116.03,derived
2021-07-01,Other Leather and Allied Product Manufacturing,59552,496,16,120.06,derived
2021-08-01,Other Leather and Allied Product Manufacturing,59455,496,16,119.87,derived
2021-09-01,Other Leather and Allied Product Manufacturing,55336,480,16,115.28,derived
2021-10-01,Other Leather and Allied Product Manufacturing,59550,496,16,120.06,derived
2021-11-01,Other Leather and Allied Product Manufacturing,62108,480,16,129.39,derived
2021-12-01,Other Leather and Allied Product Manufacturing,69662,496,16,140.45,derived
2022-01-01,Other Leather and Allied Product Manufacturing,50287,496,16,101.39,derived
2022-02-01,Other Leather and Allied Product Manufacturing,47915,448,16,106.95,derived
2022-03-01,Other Leather and Allied Product Manufacturing,55695,496,16,112.29,derived
2022-04-01,Other Leather and Allied Product Manufacturing,58818,480,16,122.54,derived
2022-05-01,Other Leather and Allied Product Manufacturing,60191,496,16,121.35,derived
2022-06-01,Other Leather and Allied Product Manufacturing,58798,480,16,122.5,derived
2022-07-01,Other Leather and Allied Product Manufacturing,62849,496,16,126.71,derived
2022-08-01,Other Leather and Allied Product Manufacturing,64722,496,16,130.49,derived
2022-09-01,Other Leather and Allied Product Manufacturing,56877,480,16,118.49,derived
2022-10-01,Other Leather and Allied Product Manufacturing,61413,496,16,123.82,derived
2022-11-01,Other Leather and Allied Product Manufacturing,61808,480,16,128.77,derived
2022-12-01,Other Leather and Allied Product Manufacturing,78768,496,16,158.81,derived
2023-01-01,Other Leather and Allied Product Manufacturing,54719,496,16,110.32,derived
2023-02-01,Other Leather and Allied Product Manufacturing,48640,448,16,108.57,derived
2023-03-01,Other Leather and Allied Product Manufacturing,56431,496,16,113.77,derived
2023-04-01,Other Leather and Allied Product Manufacturing,60461,480,16,125.96,derived
2023-05-01,Other Leather and Allied Product Manufacturing,62422,496,16,125.85,derived
2023-06-01,Other Leather and Allied Product Manufacturing,58883,480,16,122.67,derived
2023-07-01,Other Leather and Allied Product Manufacturing,63640,496,16,128.31,derived
2023-08-01,Other Leather and Allied Product Manufacturing,66306,496,16,133.68,derived
2023-09-01,Other Leather and Allied Product Manufacturing,58556,480,16,121.99,derived
2023-10-01,Other Leather and Allied Product Manufacturing,31847,310,10,102.73,derived
2023-11-01,Other Leather and Allied Product Manufacturing,34239,300,10,114.13,derived
2023-12-01,Other Leather and Allied Product Manufacturing,42077,310,10,135.73,derived
2024-01-01,Other Leather and Allied Product Manufacturing,28398,310,10,91.61,derived
2024-02-01,Other Leather and Allied Product Manufacturing,29153,290,10,100.53,derived
2024-03-01,Other Leather and Allied Product Manufacturing,31085,310,10,100.27,derived
2024-04-01,Other Leather and Allied Product Manufacturing,30302,300,10,101.01,derived
2024-05-01,Other Leather and Allied Product Manufacturing,33408,310,10,107.77,derived
2024-06-01,Other Leather and Allied Product Manufacturing,35528,300,10,118.43,derived
2024-07-01,Other Leather and Allied Product Manufacturing,37087,310,10,119.64,derived
2024-08-01,Other Leather and Allied Product Manufacturing,38630,310,10,124.61,derived
2024-09-01,Other Leather and Allied Product Manufacturing,30133,300,10,100.44,derived
2024-10-01,Other Leather and Allied Product Manufacturing,32939,310,10,106.25,derived
2024-11-01,Other Leather and Allied Product Manufacturing,35502,300,10,118.34,derived
2024-12-01,Other Leather and Allied Product Manufacturing,41049,310,10,132.42,derived
2020-01-01,Other Miscellaneous Store Retailers,13391938,29357,947,456.18,derived
2020-02-01,Other Miscellaneous Store Retailers,13090559,27463,947,476.66,derived
2020-03-01,Other Miscellaneous Store Retailers,8545604,29388,948,290.79,derived
2020-04-01,Other Miscellaneous Store Retailers,263014,28410,947,9.26,derived
2020-05-01,Other Miscellaneous Store Retailers,6395092,29357,947,217.84,derived
2020-06-01,Other Miscellaneous Store Retailers,10959654,28410,947,385.77,derived
2020-07-01,Other Miscellaneous Store Retailers,12185247,29264,944,416.39,derived
2020-08-01,Other Miscellaneous Store Retailers,12060514,29233,943,412.57,derived
2020-09-01,Other Miscellaneous Store Retailers,11837117,28260,942,418.86,derived
2020-10-01,Other Miscellaneous Store Retailers,12547252,29140,940,430.59,derived
2020-11-01,Other Miscellaneous Store Retailers,11913176,28230,941,422.0,derived
2020-12-01,Other Miscellaneous Store Retailers,13103402,29171,941,449.19,derived
2021-01-01,Other Miscellaneous Store Retailers,11737273,29140,940,402.79,derived
2021-02-01,Other Miscellaneous Store Retailers,10326716,26292,939,392.77,derived
2021-03-01,Other Miscellaneous Store Retailers,13463542,29047,937,463.51,derived
2021-04-01,Other Miscellaneous Store Retailers,13537181,28140,938,481.07,derived
2021-05-01,Other Miscellaneous Store Retailers,14918329,29109,939,512.5,derived
2021-06-01,Other Miscellaneous Store Retailers,14809079,28200,940,525.14,derived
2021-07-01,Other Miscellaneous Store Retailers,15678816,29171,941,537.48,derived
2021-08-01,Other Miscellaneous Store Retailers,14722830,29171,941,504.71,derived
2021-09-01,Other Miscellaneous Store Retailers,13204159,28230,941,467.73,derived
2021-10-01,Other Miscellaneous Store Retailers,13371216,29202,942,457.89,derived
2021-11-01,Other Miscellaneous Store Retailers,13023627,28260,942,460.85,derived
2021-12-01,Other Miscellaneous Store Retailers,14874197,29202,942,509.36,derived
2022-01-01,Other Miscellaneous Store Retailers,12308332,29109,939,422.84,derived
2022-02-01,Other Miscellaneous Store Retailers,11437653,26264,938,435.49,derived
2022-03-01,Other Miscellaneous Store Retailers,13273217,29202,942,454.53,derived
2022-04-01,Other Miscellaneous Store Retailers,13338839,28260,942,472.0,derived
2022-05-01,Other Miscellaneous Store Retailers,14488745,29233,943,495.63,derived
2022-06-01,Other Miscellaneous Store Retailers,14897654,28410,947,524.38,derived
2022-07-01,Other Miscellaneous Store Retailers,15749953,29419,949,535.37,derived
2022-08-01,Other Miscellaneous Store Retailers,14765594,29450,950,501.38,derived
2022-09-01,Other Miscellaneous Store Retailers,12956834,28500,950,454.63,derived
2022-10-01,Other Miscellaneous Store Retailers,13049989,29450,950,443.12,derived
2022-11-01,Other Miscellaneous Store Retailers,12704230,28530,951,445.29,derived
2022-12-01,Other Miscellaneous Store Retailers,14521548,29574,954,491.02,derived
2023-01-01,Other Miscellaneous Store Retailers,12346963,29450,950,419.25,derived
2023-02-01,Other Miscellaneous Store Retailers,11420100,26516,947,430.69,derived
2023-03-01,Other Miscellaneous Store Retailers,13137875,29264,944,448.94,derived
2023-04-01,Other Miscellaneous Store Retailers,13059480,28380,946,460.16,derived
2023-05-01,Other Miscellaneous Store Retailers,14316052,29419,949,486.63,derived
2023-06-01,Other Miscellaneous Store Retailers,15057587,28560,952,527.23,derived
2023-07-01,Other Miscellaneous Store Retailers,15589468,29543,953,527.69,derived
2023-08-01,Other Miscellaneous Store Retailers,14163292,29481,951,480.42,derived
2023-09-01,Other Miscellaneous Store Retailers,12735622,28560,952,445.93,derived
2023-10-01,Other Miscellaneous Store Retailers,12553316,29884,964,420.07,derived
2023-11-01,Other Miscellaneous Store Retailers,12536116,28890,963,433.93,derived
2023-12-01,Other Miscellaneous Store Retailers,14479361,30070,970,481.52,derived
2024-01-01,Other Miscellaneous Store Retailers,11666966,30070,970,387.99,derived
2024-02-01,Other Miscellaneous Store Retailers,11385691,28130,970,404.75,derived
2024-03-01,Other Miscellaneous Store Retailers,13039489,30039,969,434.09,derived
2024-04-01,Other Miscellaneous Store Retailers,12323350,29010,967,424.8,derived
2024-05-01,Other Miscellaneous Store Retailers,14064134,29977,967,469.16,derived
2024-06-01,Other Miscellaneous Store Retailers,14713713,29010,967,507.19,derived
2024-07-01,Other Miscellaneous Store Retailers,14640002,30039,969,487.37,derived
2024-08-01,Other Miscellaneous Store Retailers,13904131,30039,969,462.87,derived
2024-09-01,Other Miscellaneous Store Retailers,12138028,29070,969,417.54,derived
2024-10-01,Other Miscellaneous Store Retailers,12423925,30101,971,412.74,derived
2024-11-01,Other Miscellaneous Store Retailers,12709658,29160,972,435.86,derived
2024-12-01,Other Miscellaneous Store Retailers,13922844,30132,972,462.06,derived
2020-01-01,Other Motor Vehicle Dealers,1206299,17484,564,68.99,derived
2020-02-01,Other Motor Vehicle Dealers,1257527,16356,564,76.88,derived
2020-03-01,Other Motor Vehicle Dealers,691240,17484,564,39.54,derived
2020-04-01,Other Motor Vehicle Dealers,25315,16920,564,1.5,derived
2020-05-01,Other Motor Vehicle Dealers,513380,17484,564,29.36,derived
2020-06-01,Other Motor Vehicle Dealers,908184,16890,563,53.77,derived
2020-07-01,Other Motor Vehicle Dealers,888218,17422,562,50.98,derived
2020-08-01,Other Motor Vehicle Dealers,907717,17422,562,52.1,derived
2020-09-01,Other Motor Vehicle Dealers,935688,16860,562,55.5,derived
2020-10-01,Other Motor Vehicle Dealers,998891,17422,562,57.34,derived
2020-11-01,Other Motor Vehicle Dealers,846075,16860,562,50.18,derived
2020-12-01,Other Motor Vehicle Dealers,840513,17453,563,48.16,derived
2021-01-01,Other Motor Vehicle Dealers,826073,17515,565,47.16,derived
2021-02-01,Other Motor Vehicle Dealers,789832,15848,566,49.84,derived
2021-03-01,Other Motor Vehicle Dealers,1161872,17608,568,65.99,derived
2021-04-01,Other Motor Vehicle Dealers,1170564,17040,568,68.7,derived
2021-05-01,Other Motor Vehicle Dealers,1088987,17639,569,61.74,derived
2021-06-01,Other Motor Vehicle Dealers,1087157,17070,569,63.69,derived
2021-07-01,Other Motor Vehicle Dealers,1064188,17670,570,60.23,derived
2021-08-01,Other Motor Vehicle Dealers,1042212,17670,570,58.98,derived
2021-09-01,Other Motor Vehicle Dealers,997430,17130,571,58.23,derived
2021-10-01,Other Motor Vehicle Dealers,1017595,17732,572,57.39,derived
2021-11-01,Other Motor Vehicle Dealers,955764,17220,574,55.5,derived
2021-12-01,Other Motor Vehicle Dealers,1011699,17794,574,56.86,derived
2022-01-01,Other Motor Vehicle Dealers,924955,17763,573,52.07,derived
2022-02-01,Other Motor Vehicle Dealers,960237,16072,574,59.75,derived
2022-03-01,Other Motor Vehicle Dealers,1187760,17794,574,66.75,derived
2022-04-01,Other Motor Vehicle Dealers,1151804,17220,574,66.89,derived
2022-05-01,Other Motor Vehicle Dealers,1062779,17794,574,59.73,derived
2022-06-01,Other Motor Vehicle Dealers,1083748,17250,575,62.83,derived
2022-07-01,Other Motor Vehicle Dealers,1023484,17825,575,57.42,derived
2022-08-01,Other Motor Vehicle Dealers,1068780,17856,576,59.86,derived
2022-09-01,Other Motor Vehicle Dealers,997189,17250,575,57.81,derived
2022-10-01,Other Motor Vehicle Dealers,1007844,17856,576,56.44,derived
2022-11-01,Other Motor Vehicle Dealers,914626,17250,575,53.02,derived
2022-12-01,Other Motor Vehicle Dealers,984976,17825,575,55.26,derived
2023-01-01,Other Motor Vehicle Dealers,907725,17639,569,51.46,derived
2023-02-01,Other Motor Vehicle Dealers,968092,15904,568,60.87,derived
2023-03-01,Other Motor Vehicle Dealers,1101850,17670,570,62.36,derived
2023-04-01,Other Motor Vehicle Dealers,1092142,17100,570,63.87,derived
2023-05-01,Other Motor Vehicle Dealers,1035148,17763,573,58.28,derived
2023-06-01,Other Motor Vehicle Dealers,1015171,17280,576,58.75,derived
2023-07-01,Other Motor Vehicle Dealers,978435,17856,576,54.8,derived
2023-08-01,Other Motor Vehicle Dealers,1003725,17825,575,56.31,derived
2023-09-01,Other Motor Vehicle Dealers,967900,17280,576,56.01,derived
2023-10-01,Other Motor Vehicle Dealers,970243,17856,576,54.34,derived
2023-11-01,Other Motor Vehicle Dealers,874742,17280,576,50.62,derived
2023-12-01,Other Motor Vehicle Dealers,906631,17825,575,50.86,derived
2024-01-01,Other Motor Vehicle Dealers,782900,17794,574,44.0,derived
2024-02-01,Other Motor Vehicle Dealers,820204,16704,576,49.1,derived
2024-03-01,Other Motor Vehicle Dealers,980541,17856,576,54.91,derived
2024-04-01,Other Motor Vehicle Dealers,988879,17250,575,57.33,derived
2024-05-01,Other Motor Vehicle Dealers,1007693,17980,580,56.05,derived
2024-06-01,Other Motor Vehicle Dealers,948600,17400,580,54.52,derived
2024-07-01,Other Motor Vehicle Dealers,917863,18042,582,50.87,derived
2024-08-01,Other Motor Vehicle Dealers,995902,17949,579,55.49,derived
2024-09-01,Other Motor Vehicle Dealers,892568,17340,578,51.47,derived
2024-10-01,Other Motor Vehicle Dealers,920969,18011,581,51.13,derived
2024-11-01,Other Motor Vehicle Dealers,834755,17250,575,48.39,derived
2024-12-01,Other Motor Vehicle Dealers,880807,17732,572,49.67,derived
2020-01-01,Other Personal Services,5283329,4588,148,1151.55,derived
2020-02-01,Other Personal Services,4981422,4292,148,1160.63,derived
2020-03-01,Other Personal Services,2520753,4588,148,549.42,derived
2020-04-01,Other Personal Services,35461,4440,148,7.99,derived
2020-05-01,Other Personal Services,1918483,4588,148,418.15,derived
2020-06-01,Other Personal Services,3734913,4440,148,841.2,derived
2020-07-01,Other Personal Services,3699141,4588,148,806.26,derived
2020-08-01,Other Personal Services,3625871,4588,148,790.29,derived
2020-09-01,Other Personal Services,3601931,4440,148,811.25,derived
2020-10-01,Other Personal Services,3469805,4588,148,756.28,derived
2020-11-01,Other Personal Services,3678080,4440,148,828.4,derived
2020-12-01,Other Personal Services,3730370,4588,148,813.07,derived
2021-01-01,Other Personal Services,2864187,4588,148,624.28,derived
2021-02-01,Other Personal Services,2801183,4144,148,675.96,derived
2021-03-01,Other Personal Services,4032985,4619,149,873.13,derived
2021-04-01,Other Personal Services,3960702,4470,149,886.06,derived
2021-05-01,Other Personal Services,4282130,4619,149,927.07,derived
2021-06-01,Other Personal Services,4237204,4500,150,941.6,derived
2021-07-01,Other Personal Services,4558135,4681,151,973.75,derived
2021-08-01,Other Personal Services,4345182,4712,152,922.15,derived
2021-09-01,Other Personal Services,4085717,4560,152,895.99,derived
2021-10-01,Other Personal Services,4232534,4712,152,898.25,derived
2021-11-01,Other Personal Services,4528284,4740,158,955.33,derived
2021-12-01,Other Personal Services,5037477,4929,159,1022.01,derived
2022-01-01,Other Personal Services,3819042,4929,159,774.81,derived
2022-02-01,Other Personal Services,3645784,4452,159,818.91,derived
2022-03-01,Other Personal Services,4363254,4960,160,879.69,derived
2022-04-01,Other Personal Services,4281911,4830,161,886.52,derived
2022-05-01,Other Personal Services,4507086,4960,160,908.69,derived
2022-06-01,Other Personal Services,4657610,4800,160,970.34,derived
2022-07-01,Other Personal Services,4995361,4960,160,1007.13,derived
2022-08-01,Other Personal Services,4901962,4991,161,982.16,derived
2022-09-01,Other Personal Services,4551380,4920,164,925.08,derived
2022-10-01,Other Personal Services,4633712,5177,167,895.06,derived
2022-11-01,Other Personal Services,4609241,5010,167,920.01,derived
2022-12-01,Other Personal Services,5197659,5208,168,998.01,derived
2023-01-01,Other Personal Services,4184644,5239,169,798.75,derived
2023-02-01,Other Personal Services,3918587,4732,169,828.1,derived
2023-03-01,Other Personal Services,4491619,5332,172,842.39,derived
2023-04-01,Other Personal Services,4468022,5160,172,865.9,derived
2023-05-01,Other Personal Services,4696936,5301,171,886.05,derived
2023-06-01,Other Personal Services,4729778,5100,170,927.41,derived
2023-07-01,Other Personal Services,5037537,5270,170,955.89,derived
2023-08-01,Other Personal Services,4767765,5239,169,910.05,derived
2023-09-01,Other Personal Services,4459520,5100,170,874.42,derived
2023-10-01,Other Personal Services,4540520,5363,173,846.64,derived
2023-11-01,Other Personal Services,4599915,5310,177,866.27,derived
2023-12-01,Other Personal Services,5361396,5549,179,966.19,derived
2024-01-01,Other Personal Services,4225647,5549,179,761.52,derived
2024-02-01,Other Personal Services,4085411,5220,180,782.65,derived
2024-03-01,Other Personal Services,4423555,5673,183,779.76,derived
2024-04-01,Other Personal Services,4037182,5370,179,751.8,derived
2024-05-01,Other Personal Services,4395546,5580,180,787.73,derived
2024-06-01,Other Personal Services,4421154,5430,181,814.21,derived
2024-07-01,Other Personal Services,4611854,5642,182,817.41,derived
2024-08-01,Other Personal Services,4701764,5704,184,824.29,derived
2024-09-01,Other Personal Services,3983025,5490,183,725.51,derived
2024-10-01,Other Personal Services,4212885,5735,185,734.59,derived
2024-11-01,Other Personal Services,4382092,5640,188,776.97,derived
2024-12-01,Other Personal Services,5003728,5859,189,854.02,derived
2020-01-01,"Other Professional, Scientific, and Technical Services",956552,17577,567,54.42,derived
2020-02-01,"Other Professional, Scientific, and Technical Services",924633,16443,567,56.23,derived
2020-03-01,"Other Professional, Scientific, and Technical Services",506715,17577,567,28.83,derived
2020-04-01,"Other Professional, Scientific, and Technical Services",12913,17010,567,0.76,derived
2020-05-01,"Other Professional, Scientific, and Technical Services",383989,17577,567,21.85,derived
2020-06-01,"Other Professional, Scientific, and Technical Services",739476,17040,568,43.4,derived
2020-07-01,"Other Professional, Scientific, and Technical Services",751480,17608,568,42.68,derived
2020-08-01,"Other Professional, Scientific, and Technical Services",748986,17608,568,42.54,derived
2020-09-01,"Other Professional, Scientific, and Technical Services",757271,17040,568,44.44,derived
2020-10-01,"Other Professional, Scientific, and Technical Services",807539,17608,568,45.86,derived
2020-11-01,"Other Professional, Scientific, and Technical Services",803894,17040,568,47.18,derived
2020-12-01,"Other Professional, Scientific, and Technical Services",874997,17608,568,49.69,derived
2021-01-01,"Other Professional, Scientific, and Technical Services",660772,17608,568,37.53,derived
2021-02-01,"Other Professional, Scientific, and Technical Services",556241,15904,568,34.97,derived
2021-03-01,"Other Professional, Scientific, and Technical Services",836279,17639,569,47.41,derived
2021-04-01,"Other Professional, Scientific, and Technical Services",849594,17130,571,49.6,derived
2021-05-01,"Other Professional, Scientific, and Technical Services",880356,17701,571,49.73,derived
2021-06-01,"Other Professional, Scientific, and Technical Services",897119,17130,571,52.37,derived
2021-07-01,"Other Professional, Scientific, and Technical Services",973978,17732,572,54.93,derived
2021-08-01,"Other Professional, Scientific, and Technical Services",931189,17732,572,52.51,derived
2021-09-01,"Other Professional, Scientific, and Technical Services",848484,17160,572,49.45,derived
2021-10-01,"Other Professional, Scientific, and Technical Services",874439,17732,572,49.31,derived
2021-11-01,"Other Professional, Scientific, and Technical Services",932124,17160,572,54.32,derived
2021-12-01,"Other Professional, Scientific, and Technical Services",1039176,17732,572,58.6,derived
2022-01-01,"Other Professional, Scientific, and Technical Services",760142,17701,571,42.94,derived
2022-02-01,"Other Professional, Scientific, and Technical Services",738651,15988,571,46.2,derived
2022-03-01,"Other Professional, Scientific, and Technical Services",887258,17701,571,50.12,derived
2022-04-01,"Other Professional, Scientific, and Technical Services",874153,17130,571,51.03,derived
2022-05-01,"Other Professional, Scientific, and Technical Services",875780,17701,571,49.48,derived
2022-06-01,"Other Professional, Scientific, and Technical Services",901431,17130,571,52.62,derived
2022-07-01,"Other Professional, Scientific, and Technical Services",953545,17763,573,53.68,derived
2022-08-01,"Other Professional, Scientific, and Technical Services",956639,17732,572,53.95,derived
2022-09-01,"Other Professional, Scientific, and Technical Services",857618,17130,571,50.07,derived
2022-10-01,"Other Professional, Scientific, and Technical Services",859294,17794,574,48.29,derived
2022-11-01,"Other Professional, Scientific, and Technical Services",900644,17340,578,51.94,derived
2022-12-01,"Other Professional, Scientific, and Technical Services",1050085,17515,565,59.95,derived
2023-01-01,"Other Professional, Scientific, and Technical Services",811957,17515,565,46.36,derived
2023-02-01,"Other Professional, Scientific, and Technical Services",750230,15792,564,47.51,derived
2023-03-01,"Other Professional, Scientific, and Technical Services",862883,17484,564,49.35,derived
2023-04-01,"Other Professional, Scientific, and Technical Services",845798,16950,565,49.9,derived
2023-05-01,"Other Professional, Scientific, and Technical Services",877305,17577,567,49.91,derived
2023-06-01,"Other Professional, Scientific, and Technical Services",913551,17310,577,52.78,derived
2023-07-01,"Other Professional, Scientific, and Technical Services",954155,17949,579,53.16,derived
2023-08-01,"Other Professional, Scientific, and Technical Services",934522,18011,581,51.89,derived
2023-09-01,"Other Professional, Scientific, and Technical Services",855524,17400,580,49.17,derived
2023-10-01,"Other Professional, Scientific, and Technical Services",851592,17918,578,47.53,derived
2023-11-01,"Other Professional, Scientific, and Technical Services",892462,17310,577,51.56,derived
2023-12-01,"Other Professional, Scientific, and Technical Services",1062573,17825,575,59.61,derived
2024-01-01,"Other Professional, Scientific, and Technical Services",812128,17825,575,45.56,derived
2024-02-01,"Other Professional, Scientific, and Technical Services",805239,16704,576,48.21,derived
2024-03-01,"Other Professional, Scientific, and Technical Services",906923,18104,584,50.1,derived
2024-04-01,"Other Professional, Scientific, and Technical Services",847517,17550,585,48.29,derived
2024-05-01,"Other Professional, Scientific, and Technical Services",919171,18135,585,50.68,derived
2024-06-01,"Other Professional, Scientific, and Technical Services",895572,17550,585,51.03,derived
2024-07-01,"Other Professional, Scientific, and Technical Services",930753,18135,585,51.32,derived
2024-08-01,"Other Professional, Scientific, and Technical Services",956614,18104,584,52.84,derived
2024-09-01,"Other Professional, Scientific, and Technical Services",803388,17520,584,45.86,derived
2024-10-01,"Other Professional, Scientific, and Technical Services",861803,18104,584,47.6,derived
2024-11-01,"Other Professional, Scientific, and Technical Services",927115,17550,585,52.83,derived
2024-12-01,"Other Professional, Scientific, and Technical Services",1077249,18104,584,59.5,derived
2020-01-01,Other Schools and Instruction,1453753,16306,526,89.15,derived
2020-02-01,Other Schools and Instruction,1377577,15254,526,90.31,derived
2020-03-01,Other Schools and Instruction,799684,16337,527,48.95,derived
2020-04-01,Other Schools and Instruction,19921,15810,527,1.26,derived
2020-05-01,Other Schools and Instruction,545276,16337,527,33.38,derived
2020-06-01,Other Schools and Instruction,1109748,15810,527,70.19,derived
2020-07-01,Other Schools and Instruction,1167673,16337,527,71.47,derived
2020-08-01,Other Schools and Instruction,1136307,16337,527,69.55,derived
2020-09-01,Other Schools and Instruction,1158871,15810,527,73.3,derived
2020-10-01,Other Schools and Instruction,1186247,16523,533,71.79,derived
2020-11-01,Other Schools and Instruction,1185280,15990,533,74.13,derived
2020-12-01,Other Schools and Instruction,1237062,16492,532,75.01,derived
2021-01-01,Other Schools and Instruction,948103,16492,532,57.49,derived
2021-02-01,Other Schools and Instruction,870474,14924,533,58.33,derived
2021-03-01,Other Schools and Instruction,1275177,16554,534,77.03,derived
2021-04-01,Other Schools and Instruction,1284266,15990,533,80.32,derived
2021-05-01,Other Schools and Instruction,1337585,16492,532,81.11,derived
2021-06-01,Other Schools and Instruction,1361212,15960,532,85.29,derived
2021-07-01,Other Schools and Instruction,1407952,16523,533,85.21,derived
2021-08-01,Other Schools and Instruction,1357188,16554,534,81.99,derived
2021-09-01,Other Schools and Instruction,1331877,15990,533,83.29,derived
2021-10-01,Other Schools and Instruction,1341102,16554,534,81.01,derived
2021-11-01,Other Schools and Instruction,1404252,16050,535,87.49,derived
2021-12-01,Other Schools and Instruction,1494646,16585,535,90.12,derived
2022-01-01,Other Schools and Instruction,1162336,16492,532,70.48,derived
2022-02-01,Other Schools and Instruction,1141802,14980,535,76.22,derived
2022-03-01,Other Schools and Instruction,1354499,16585,535,81.67,derived
2022-04-01,Other Schools and Instruction,1332229,16020,534,83.16,derived
2022-05-01,Other Schools and Instruction,1367234,16554,534,82.59,derived
2022-06-01,Other Schools and Instruction,1399308,16050,535,87.18,derived
2022-07-01,Other Schools and Instruction,1382898,16554,534,83.54,derived
2022-08-01,Other Schools and Instruction,1420376,16492,532,86.13,derived
2022-09-01,Other Schools and Instruction,1360958,15930,531,85.43,derived
2022-10-01,Other Schools and Instruction,1349262,16492,532,81.81,derived
2022-11-01,Other Schools and Instruction,1360665,15960,532,85.25,derived
2022-12-01,Other Schools and Instruction,1546546,16430,530,94.13,derived
2023-01-01,Other Schools and Instruction,1242907,16461,531,75.51,derived
2023-02-01,Other Schools and Instruction,1165274,14868,531,78.37,derived
2023-03-01,Other Schools and Instruction,1347978,16492,532,81.74,derived
2023-04-01,Other Schools and Instruction,1286449,15930,531,80.76,derived
2023-05-01,Other Schools and Instruction,1388823,16461,531,84.37,derived
2023-06-01,Other Schools and Instruction,1390740,15930,531,87.3,derived
2023-07-01,Other Schools and Instruction,1375071,16492,532,83.38,derived
2023-08-01,Other Schools and Instruction,1417523,16461,531,86.11,derived
2023-09-01,Other Schools and Instruction,1324550,15900,530,83.31,derived
2023-10-01,Other Schools and Instruction,1336839,16461,531,81.21,derived
2023-11-01,Other Schools and Instruction,1348652,15930,531,84.66,derived
2023-12-01,Other Schools and Instruction,1482314,16492,532,89.88,derived
2024-01-01,Other Schools and Instruction,1238860,16461,531,75.26,derived
2024-02-01,Other Schools and Instruction,1207717,15370,530,78.58,derived
2024-03-01,Other Schools and Instruction,1307193,16492,532,79.26,derived
2024-04-01,Other Schools and Instruction,1283280,15990,533,80.26,derived
2024-05-01,Other Schools and Instruction,1393412,16585,535,84.02,derived
2024-06-01,Other Schools and Instruction,1322291,16170,539,81.77,derived
2024-07-01,Other Schools and Instruction,1383343,16740,540,82.64,derived
2024-08-01,Other Schools and Instruction,1446217,16864,544,85.76,derived
2024-09-01,Other Schools and Instruction,1281687,16380,546,78.25,derived
2024-10-01,Other Schools and Instruction,1323118,16926,546,78.17,derived
2024-11-01,Other Schools and Instruction,1365130,16380,546,83.34,derived
2024-12-01,Other Schools and Instruction,1541499,16988,548,90.74,derived
2020-01-01,Other Support Activities for Transportation,13665,651,21,20.99,derived
2020-02-01,Other Support Activities for Transportation,12975,609,21,21.31,derived
2020-03-01,Other Support Activities for Transportation,7184,651,21,11.04,derived
2020-04-01,Other Support Activities for Transportation,46,630,21,0.07,derived
2020-05-01,Other Support Activities for Transportation,4357,651,21,6.69,derived
2020-06-01,Other Support Activities for Transportation,8863,630,21,14.07,derived
2020-07-01,Other Support Activities for Transportation,8849,651,21,13.59,derived
2020-08-01,Other Support Activities for Transportation,8950,651,21,13.75,derived
2020-09-01,Other Support Activities for Transportation,9768,630,21,15.5,derived
2020-10-01,Other Support Activities for Transportation,10849,651,21,16.67,derived
2020-11-01,Other Support Activities for Transportation,10484,630,21,16.64,derived
2020-12-01,Other Support Activities for Transportation,13750,651,21,21.12,derived
2021-01-01,Other Support Activities for Transportation,8501,651,21,13.06,derived
2021-02-01,Other Support Activities for Transportation,7854,588,21,13.36,derived
2021-03-01,Other Support Activities for Transportation,11654,651,21,17.9,derived
2021-04-01,Other Support Activities for Transportation,11849,630,21,18.81,derived
2021-05-01,Other Support Activities for Transportation,12134,651,21,18.64,derived
2021-06-01,Other Support Activities for Transportation,11977,630,21,19.01,derived
2021-07-01,Other Support Activities for Transportation,12664,620,20,20.43,derived
2021-08-01,Other Support Activities for Transportation,12076,620,20,19.48,derived
2021-09-01,Other Support Activities for Transportation,10652,570,19,18.69,derived
2021-10-01,Other Support Activities for Transportation,10917,589,19,18.53,derived
2021-11-01,Other Support Activities for Transportation,11687,570,19,20.5,derived
2021-12-01,Other Support Activities for Transportation,13488,589,19,22.9,derived
2022-01-01,Other Support Activities for Transportation,10449,589,19,17.74,derived
2022-02-01,Other Support Activities for Transportation,9657,532,19,18.15,derived
2022-03-01,Other Support Activities for Transportation,11363,589,19,19.29,derived
2022-04-01,Other Support Activities for Transportation,11396,570,19,19.99,derived
2022-05-01,Other Support Activities for Transportation,11267,589,19,19.13,derived
2022-06-01,Other Support Activities for Transportation,10971,570,19,19.25,derived
2022-07-01,Other Support Activities for Transportation,11306,589,19,19.2,derived
2022-08-01,Other Support Activities for Transportation,12131,589,19,20.6,derived
2022-09-01,Other Support Activities for Transportation,10836,570,19,19.01,derived
2022-10-01,Other Support Activities for Transportation,11197,589,19,19.01,derived
2022-11-01,Other Support Activities for Transportation,11261,540,18,20.85,derived
2022-12-01,Other Support Activities for Transportation,13745,558,18,24.63,derived
2023-01-01,Other Support Activities for Transportation,11120,558,18,19.93,derived
2023-02-01,Other Support Activities for Transportation,9720,504,18,19.29,derived
2023-03-01,Other Support Activities for Transportation,11063,558,18,19.83,derived
2023-04-01,Other Support Activities for Transportation,10648,540,18,19.72,derived
2023-05-01,Other Support Activities for Transportation,11505,558,18,20.62,derived
2023-06-01,Other Support Activities for Transportation,10867,540,18,20.12,derived
2023-07-01,Other Support Activities for Transportation,11178,558,18,20.03,derived
2023-08-01,Other Support Activities for Transportation,11795,558,18,21.14,derived
2023-09-01,Other Support Activities for Transportation,10823,540,18,20.04,derived
2023-10-01,Other Support Activities for Transportation,10621,558,18,19.03,derived
2023-11-01,Other Support Activities for Transportation,11255,540,18,20.84,derived
2023-12-01,Other Support Activities for Transportation,14249,558,18,25.54,derived
2024-01-01,Other Support Activities for Transportation,10944,558,18,19.61,derived
2024-02-01,Other Support Activities for Transportation,10356,522,18,19.84,derived
2024-03-01,Other Support Activities for Transportation,10928,558,18,19.58,derived
2024-04-01,Other Support Activities for Transportation,10866,540,18,20.12,derived
2024-05-01,Other Support Activities for Transportation,11583,558,18,20.76,derived
2024-06-01,Other Support Activities for Transportation,10248,510,17,20.09,derived
2024-07-01,Other Support Activities for Transportation,11147,527,17,21.15,derived
2024-08-01,Other Support Activities for Transportation,11714,527,17,22.23,derived
2024-09-01,Other Support Activities for Transportation,9954,510,17,19.52,derived
2024-10-01,Other Support Activities for Transportation,10566,527,17,20.05,derived
2024-11-01,Other Support Activities for Transportation,11374,510,17,22.3,derived
2024-12-01,Other Support Activities for Transportation,13722,527,17,26.04,derived
2020-01-01,Other Support Services,21987,589,19,37.33,derived
2020-02-01,Other Support Services,21531,551,19,39.08,derived
2020-03-01,Other Support Services,10845,589,19,18.41,derived
2020-04-01,Other Support Services,0,570,19,0.0,derived
2020-05-01,Other Support Services,8604,589,19,14.61,derived
2020-06-01,Other Support Services,16053,570,19,28.16,derived
2020-07-01,Other Support Services,15691,589,19,26.64,derived
2020-08-01,Other Support Services,15718,589,19,26.69,derived
2020-09-01,Other Support Services,15897,570,19,27.89,derived
2020-10-01,Other Support Services,17017,589,19,28.89,derived
2020-11-01,Other Support Services,17075,570,19,29.96,derived
2020-12-01,Other Support Services,21911,589,19,37.2,derived
2021-01-01,Other Support Services,14385,589,19,24.42,derived
2021-02-01,Other Support Services,11414,532,19,21.45,derived
2021-03-01,Other Support Services,17789,589,19,30.2,derived
2021-04-01,Other Support Services,19255,570,19,33.78,derived
2021-05-01,Other Support Services,19667,589,19,33.39,derived
2021-06-01,Other Support Services,19207,570,19,33.7,derived
2021-07-01,Other Support Services,20443,589,19,34.71,derived
2021-08-01,Other Support Services,20496,620,20,33.06,derived
2021-09-01,Other Support Services,19991,600,20,33.32,derived
2021-10-01,Other Support Services,19511,620,20,31.47,derived
2021-11-01,Other Support Services,22161,630,21,35.18,derived
2021-12-01,Other Support Services,25717,682,22,37.71,derived
2022-01-01,Other Support Services,19737,682,22,28.94,derived
2022-02-01,Other Support Services,19526,616,22,31.7,derived
2022-03-01,Other Support Services,22449,682,22,32.92,derived
2022-04-01,Other Support Services,22921,660,22,34.73,derived
2022-05-01,Other Support Services,23814,713,23,33.4,derived
2022-06-01,Other Support Services,24306,690,23,35.23,derived
2022-07-01,Other Support Services,24233,713,23,33.99,derived
2022-08-01,Other Support Services,24349,713,23,34.15,derived
2022-09-01,Other Support Services,22882,690,23,33.16,derived
2022-10-01,Other Support Services,22469,713,23,31.51,derived
2022-11-01,Other Support Services,24036,690,23,34.83,derived
2022-12-01,Other Support Services,30081,713,23,42.19,derived
2023-01-01,Other Support Services,21884,682,22,32.09,derived
2023-02-01,Other Support Services,18858,616,22,30.61,derived
2023-03-01,Other Support Services,22333,682,22,32.75,derived
2023-04-01,Other Support Services,21576,660,22,32.69,derived
2023-05-01,Other Support Services,23190,682,22,34.0,derived
2023-06-01,Other Support Services,23035,660,22,34.9,derived
2023-07-01,Other Support Services,23099,713,23,32.4,derived
2023-08-01,Other Support Services,23783,713,23,33.36,derived
2023-09-01,Other Support Services,22043,690,23,31.95,derived
2023-10-01,Other Support Services,22136,713,23,31.05,derived
2023-11-01,Other Support Services,23368,690,23,33.87,derived
2023-12-01,Other Support Services,26617,713,23,37.33,derived
2024-01-01,Other Support Services,21357,713,23,29.95,derived
2024-02-01,Other Support Services,20826,638,22,32.64,derived
2024-03-01,Other Support Services,21842,682,22,32.03,derived
2024-04-01,Other Support Services,20178,630,21,32.03,derived
2024-05-01,Other Support Services,21916,651,21,33.67,derived
2024-06-01,Other Support Services,20092,630,21,31.89,derived
2024-07-01,Other Support Services,21854,651,21,33.57,derived
2024-08-01,Other Support Services,22027,651,21,33.84,derived
2024-09-01,Other Support Services,19846,630,21,31.5,derived
2024-10-01,Other Support Services,20220,620,20,32.61,derived
2024-11-01,Other Support Services,21247,600,20,35.41,derived
2024-12-01,Other Support Services,23456,620,20,37.83,derived
2020-01-01,Other Telecommunications,7687,31,1,247.97,derived
2020-02-01,Other Telecommunications,7225,29,1,249.14,derived
2020-03-01,Other Telecommunications,4874,31,1,157.23,derived
2020-04-01,Other Telecommunications,0,30,1,0.0,derived
2020-05-01,Other Telecommunications,4878,31,1,157.35,derived
2020-06-01,Other Telecommunications,7039,30,1,234.63,derived
2020-07-01,Other Telecommunications,7372,31,1,237.81,derived
2020-08-01,Other Telecommunications,7737,31,1,249.58,derived
2020-09-01,Other Telecommunications,6643,30,1,221.43,derived
2020-10-01,Other Telecommunications,6284,31,1,202.71,derived
2020-11-01,Other Telecommunications,5909,30,1,196.97,derived
2020-12-01,Other Telecommunications,6931,31,1,223.58,derived
2021-01-01,Other Telecommunications,5774,31,1,186.26,derived
2021-02-01,Other Telecommunications,4321,28,1,154.32,derived
2021-03-01,Other Telecommunications,6120,31,1,197.42,derived
2021-04-01,Other Telecommunications,5531,30,1,184.37,derived
2021-05-01,Other Telecommunications,6004,31,1,193.68,derived
2021-06-01,Other Telecommunications,6128,30,1,204.27,derived
2021-07-01,Other Telecommunications,6513,31,1,210.1,derived
2021-08-01,Other Telecommunications,6209,31,1,200.29,derived
2021-09-01,Other Telecommunications,5646,30,1,188.2,derived
2021-10-01,Other Telecommunications,6026,31,1,194.39,derived
2021-11-01,Other Telecommunications,5851,30,1,195.03,derived
2021-12-01,Other Telecommunications,6516,31,1,210.19,derived
2022-01-01,Other Telecommunications,5368,31,1,173.16,derived
2022-02-01,Other Telecommunications,4840,28,1,172.86,derived
2022-03-01,Other Telecommunications,6083,31,1,196.23,derived
2022-04-01,Other Telecommunications,5787,30,1,192.9,derived
2022-05-01,Other Telecommunications,6092,31,1,196.52,derived
2022-06-01,Other Telecommunications,6175,30,1,205.83,derived
2022-07-01,Other Telecommunications,6557,31,1,211.52,derived
2022-08-01,Other Telecommunications,6798,31,1,219.29,derived
2022-09-01,Other Telecommunications,6113,30,1,203.77,derived
2022-10-01,Other Telecommunications,6284,31,1,202.71,derived
2022-11-01,Other Telecommunications,5698,30,1,189.93,derived
2022-12-01,Other Telecommunications,6823,31,1,220.1,derived
2023-01-01,Other Telecommunications,6392,31,1,206.19,derived
2023-02-01,Other Telecommunications,5913,28,1,211.18,derived
2023-03-01,Other Telecommunications,6616,31,1,213.42,derived
2023-04-01,Other Telecommunications,5890,30,1,196.33,derived
2023-05-01,Other Telecommunications,6055,31,1,195.32,derived
2023-06-01,Other Telecommunications,6649,30,1,221.63,derived
2023-07-01,Other Telecommunications,6738,31,1,217.35,derived
2023-08-01,Other Telecommunications,6988,31,1,225.42,derived
2023-09-01,Other Telecommunications,6850,30,1,228.33,derived
2023-10-01,Other Telecommunications,6732,31,1,217.16,derived
2023-11-01,Other Telecommunications,5921,30,1,197.37,derived
2023-12-01,Other Telecommunications,7018,31,1,226.39,derived
2024-01-01,Other Telecommunications,5811,31,1,187.45,derived
2024-02-01,Other Telecommunications,5806,29,1,200.21,derived
2024-03-01,Other Telecommunications,6256,31,1,201.81,derived
2024-04-01,Other Telecommunications,6297,30,1,209.9,derived
2024-05-01,Other Telecommunications,6341,31,1,204.55,derived
2024-06-01,Other Telecommunications,6184,30,1,206.13,derived
2024-07-01,Other Telecommunications,6755,31,1,217.9,derived
2024-08-01,Other Telecommunications,6781,31,1,218.74,derived
2024-09-01,Other Telecommunications,6212,30,1,207.07,derived
2024-10-01,Other Telecommunications,6177,31,1,199.26,derived
2024-11-01,Other Telecommunications,5982,30,1,199.4,derived
2024-12-01,Other Telecommunications,7242,31,1,233.61,derived
2020-01-01,Other Wood Product Manufacturing,2172,217,7,10.01,derived
2020-02-01,Other Wood Product Manufacturing,1927,203,7,9.49,derived
2020-03-01,Other Wood Product Manufacturing,1234,217,7,5.69,derived
2020-04-01,Other Wood Product Manufacturing,51,210,7,0.24,derived
2020-05-01,Other Wood Product Manufacturing,1043,217,7,4.81,derived
2020-06-01,Other Wood Product Manufacturing,1805,210,7,8.6,derived
2020-07-01,Other Wood Product Manufacturing,1921,217,7,8.85,derived
2020-08-01,Other Wood Product Manufacturing,1734,217,7,7.99,derived
2020-09-01,Other Wood Product Manufacturing,1765,210,7,8.4,derived
2020-10-01,Other Wood Product Manufacturing,1711,217,7,7.88,derived
2020-11-01,Other Wood Product Manufacturing,1799,210,7,8.57,derived
2020-12-01,Other Wood Product Manufacturing,1990,217,7,9.17,derived
2021-01-01,Other Wood Product Manufacturing,1443,217,7,6.65,derived
2021-02-01,Other Wood Product Manufacturing,1162,196,7,5.93,derived
2021-03-01,Other Wood Product Manufacturing,1913,217,7,8.82,derived
2021-04-01,Other Wood Product Manufacturing,2006,210,7,9.55,derived
2021-05-01,Other Wood Product Manufacturing,1996,217,7,9.2,derived
2021-06-01,Other Wood Product Manufacturing,2057,210,7,9.8,derived
2021-07-01,Other Wood Product Manufacturing,2068,217,7,9.53,derived
2021-08-01,Other Wood Product Manufacturing,1953,217,7,9.0,derived
2021-09-01,Other Wood Product Manufacturing,1836,210,7,8.74,derived
2021-10-01,Other Wood Product Manufacturing,1671,217,7,7.7,derived
2021-11-01,Other Wood Product Manufacturing,1928,210,7,9.18,derived
2021-12-01,Other Wood Product Manufacturing,2313,217,7,10.66,derived
2022-01-01,Other Wood Product Manufacturing,1552,217,7,7.15,derived
2022-02-01,Other Wood Product Manufacturing,1508,196,7,7.69,derived
2022-03-01,Other Wood Product Manufacturing,1891,217,7,8.71,derived
2022-04-01,Other Wood Product Manufacturing,1756,210,7,8.36,derived
2022-05-01,Other Wood Product Manufacturing,1949,217,7,8.98,derived
2022-06-01,Other Wood Product Manufacturing,1929,210,7,9.19,derived
2022-07-01,Other Wood Product Manufacturing,1875,217,7,8.64,derived
2022-08-01,Other Wood Product Manufacturing,2094,217,7,9.65,derived
2022-09-01,Other Wood Product Manufacturing,1814,210,7,8.64,derived
2022-10-01,Other Wood Product Manufacturing,1661,217,7,7.65,derived
2022-11-01,Other Wood Product Manufacturing,1916,210,7,9.12,derived
2022-12-01,Other Wood Product Manufacturing,2135,217,7,9.84,derived
2023-01-01,Other Wood Product Manufacturing,1709,217,7,7.88,derived
2023-02-01,Other Wood Product Manufacturing,1558,196,7,7.95,derived
2023-03-01,Other Wood Product Manufacturing,1842,217,7,8.49,derived
2023-04-01,Other Wood Product Manufacturing,1659,210,7,7.9,derived
2023-05-01,Other Wood Product Manufacturing,1945,217,7,8.96,derived
2023-06-01,Other Wood Product Manufacturing,1861,210,7,8.86,derived
2023-07-01,Other Wood Product Manufacturing,1839,217,7,8.47,derived
2023-08-01,Other Wood Product Manufacturing,1919,217,7,8.84,derived
2023-09-01,Other Wood Product Manufacturing,1727,210,7,8.22,derived
2023-10-01,Other Wood Product Manufacturing,1728,217,7,7.96,derived
2023-11-01,Other Wood Product Manufacturing,1884,210,7,8.97,derived
2023-12-01,Other Wood Product Manufacturing,2019,217,7,9.3,derived
2024-01-01,Other Wood Product Manufacturing,1671,217,7,7.7,derived
2024-02-01,Other Wood Product Manufacturing,1640,203,7,8.08,derived
2024-03-01,Other Wood Product Manufacturing,1710,217,7,7.88,derived
2024-04-01,Other Wood Product Manufacturing,1785,210,7,8.5,derived
2024-05-01,Other Wood Product Manufacturing,1898,217,7,8.75,derived
2024-06-01,Other Wood Product Manufacturing,1715,210,7,8.17,derived
2024-07-01,Other Wood Product Manufacturing,2002,217,7,9.23,derived
2024-08-01,Other Wood Product Manufacturing,1799,217,7,8.29,derived
2024-09-01,Other Wood Product Manufacturing,1660,210,7,7.9,derived
2024-10-01,Other Wood Product Manufacturing,1819,217,7,8.38,derived
2024-11-01,Other Wood Product Manufacturing,1819,210,7,8.66,derived
2024-12-01,Other Wood Product Manufacturing,2061,217,7,9.5,derived
2020-01-01,"Paint, Coating, and Adhesive Manufacturing",40949,93,3,440.31,derived
2020-02-01,"Paint, Coating, and Adhesive Manufacturing",39996,87,3,459.72,derived
2020-03-01,"Paint, Coating, and Adhesive Manufacturing",23392,93,3,251.53,derived
2020-04-01,"Paint, Coating, and Adhesive Manufacturing",1019,90,3,11.32,derived
2020-05-01,"Paint, Coating, and Adhesive Manufacturing",23464,93,3,252.3,derived
2020-06-01,"Paint, Coating, and Adhesive Manufacturing",34604,90,3,384.49,derived
2020-07-01,"Paint, Coating, and Adhesive Manufacturing",32781,93,3,352.48,derived
2020-08-01,"Paint, Coating, and Adhesive Manufacturing",32896,93,3,353.72,derived
2020-09-01,"Paint, Coating, and Adhesive Manufacturing",31384,90,3,348.71,derived
2020-10-01,"Paint, Coating, and Adhesive Manufacturing",33597,93,3,361.26,derived
2020-11-01,"Paint, Coating, and Adhesive Manufacturing",36405,90,3,404.5,derived
2020-12-01,"Paint, Coating, and Adhesive Manufacturing",37693,93,3,405.3,derived
2021-01-01,"Paint, Coating, and Adhesive Manufacturing",27573,93,3,296.48,derived
2021-02-01,"Paint, Coating, and Adhesive Manufacturing",24297,84,3,289.25,derived
2021-03-01,"Paint, Coating, and Adhesive Manufacturing",35091,93,3,377.32,derived
2021-04-01,"Paint, Coating, and Adhesive Manufacturing",37504,90,3,416.71,derived
2021-05-01,"Paint, Coating, and Adhesive Manufacturing",38697,93,3,416.1,derived
2021-06-01,"Paint, Coating, and Adhesive Manufacturing",37149,90,3,412.77,derived
2021-07-01,"Paint, Coating, and Adhesive Manufacturing",39483,93,3,424.55,derived
2021-08-01,"Paint, Coating, and Adhesive Manufacturing",37497,93,3,403.19,derived
2021-09-01,"Paint, Coating, and Adhesive Manufacturing",35954,90,3,399.49,derived
2021-10-01,"Paint, Coating, and Adhesive Manufacturing",36454,93,3,391.98,derived
2021-11-01,"Paint, Coating, and Adhesive Manufacturing",38308,90,3,425.64,derived
2021-12-01,"Paint, Coating, and Adhesive Manufacturing",42695,93,3,459.09,derived
2022-01-01,"Paint, Coating, and Adhesive Manufacturing",33762,93,3,363.03,derived
2022-02-01,"Paint, Coating, and Adhesive Manufacturing",32147,84,3,382.7,derived
2022-03-01,"Paint, Coating, and Adhesive Manufacturing",37867,93,3,407.17,derived
2022-04-01,"Paint, Coating, and Adhesive Manufacturing",36599,90,3,406.66,derived
2022-05-01,"Paint, Coating, and Adhesive Manufacturing",38082,93,3,409.48,derived
2022-06-01,"Paint, Coating, and Adhesive Manufacturing",37262,90,3,414.02,derived
2022-07-01,"Paint, Coating, and Adhesive Manufacturing",39741,93,3,427.32,derived
2022-08-01,"Paint, Coating, and Adhesive Manufacturing",39044,93,3,419.83,derived
2022-09-01,"Paint, Coating, and Adhesive Manufacturing",36611,90,3,406.79,derived
2022-10-01,"Paint, Coating, and Adhesive Manufacturing",35116,93,3,377.59,derived
2022-11-01,"Paint, Coating, and Adhesive Manufacturing",36855,90,3,409.5,derived
2022-12-01,"Paint, Coating, and Adhesive Manufacturing",41038,93,3,441.27,derived
2023-01-01,"Paint, Coating, and Adhesive Manufacturing",34810,93,3,374.3,derived
2023-02-01,"Paint, Coating, and Adhesive Manufacturing",31906,84,3,379.83,derived
2023-03-01,"Paint, Coating, and Adhesive Manufacturing",37378,93,3,401.91,derived
2023-04-01,"Paint, Coating, and Adhesive Manufacturing",35697,90,3,396.63,derived
2023-05-01,"Paint, Coating, and Adhesive Manufacturing",37674,93,3,405.1,derived
2023-06-01,"Paint, Coating, and Adhesive Manufacturing",36321,90,3,403.57,derived
2023-07-01,"Paint, Coating, and Adhesive Manufacturing",38228,93,3,411.05,derived
2023-08-01,"Paint, Coating, and Adhesive Manufacturing",38037,93,3,409.0,derived
2023-09-01,"Paint, Coating, and Adhesive Manufacturing",34931,90,3,388.12,derived
2023-10-01,"Paint, Coating, and Adhesive Manufacturing",35176,93,3,378.24,derived
2023-11-01,"Paint, Coating, and Adhesive Manufacturing",36451,90,3,405.01,derived
2023-12-01,"Paint, Coating, and Adhesive Manufacturing",42403,93,3,455.95,derived
2024-01-01,"Paint, Coating, and Adhesive Manufacturing",34168,93,3,367.4,derived
2024-02-01,"Paint, Coating, and Adhesive Manufacturing",33364,87,3,383.49,derived
2024-03-01,"Paint, Coating, and Adhesive Manufacturing",36453,93,3,391.97,derived
2024-04-01,"Paint, Coating, and Adhesive Manufacturing",34931,90,3,388.12,derived
2024-05-01,"Paint, Coating, and Adhesive Manufacturing",38366,93,3,412.54,derived
2024-06-01,"Paint, Coating, and Adhesive Manufacturing",36463,90,3,405.14,derived
2024-07-01,"Paint, Coating, and Adhesive Manufacturing",37840,93,3,406.88,derived
2024-08-01,"Paint, Coating, and Adhesive Manufacturing",37047,93,3,398.35,derived
2024-09-01,"Paint, Coating, and Adhesive Manufacturing",34504,90,3,383.38,derived
2024-10-01,"Paint, Coating, and Adhesive Manufacturing",35074,93,3,377.14,derived
2024-11-01,"Paint, Coating, and Adhesive Manufacturing",37921,90,3,421.34,derived
2024-12-01,"Paint, Coating, and Adhesive Manufacturing",44896,93,3,482.75,derived
2020-01-01,Personal Care Services,11406463,82770,2670,137.81,derived
2020-02-01,Personal Care Services,11021196,77459,2671,142.28,derived
2020-03-01,Personal Care Services,6321609,82646,2666,76.49,derived
2020-04-01,Personal Care Services,109897,79710,2657,1.38,derived
2020-05-01,Personal Care Services,3826264,82336,2656,46.47,derived
2020-06-01,Personal Care Services,8589905,79530,2651,108.01,derived
2020-07-01,Personal Care Services,9367484,81778,2638,114.55,derived
2020-08-01,Personal Care Services,8990353,81747,2637,109.98,derived
2020-09-01,Personal Care Services,9099940,78840,2628,115.42,derived
2020-10-01,Personal Care Services,9350248,81561,2631,114.64,derived
2020-11-01,Personal Care Services,9332961,78780,2626,118.47,derived
2020-12-01,Personal Care Services,10664195,81344,2624,131.1,derived
2021-01-01,Personal Care Services,7607997,81189,2619,93.71,derived
2021-02-01,Personal Care Services,6577156,73164,2613,89.9,derived
2021-03-01,Personal Care Services,10611088,80941,2611,131.1,derived
2021-04-01,Personal Care Services,10143012,78240,2608,129.64,derived
2021-05-01,Personal Care Services,10567347,80104,2584,131.92,derived
2021-06-01,Personal Care Services,10706335,77460,2582,138.22,derived
2021-07-01,Personal Care Services,11695533,79608,2568,146.91,derived
2021-08-01,Personal Care Services,11650304,79732,2572,146.12,derived
2021-09-01,Personal Care Services,10172516,77130,2571,131.89,derived
2021-10-01,Personal Care Services,10476629,79453,2563,131.86,derived
2021-11-01,Personal Care Services,11039773,77310,2577,142.8,derived
2021-12-01,Personal Care Services,13232015,79453,2563,166.54,derived
2022-01-01,Personal Care Services,8921446,79298,2558,112.51,derived
2022-02-01,Personal Care Services,8852499,71624,2558,123.6,derived
2022-03-01,Personal Care Services,10610405,79267,2557,133.86,derived
2022-04-01,Personal Care Services,10342874,76710,2557,134.83,derived
2022-05-01,Personal Care Services,10616956,78926,2546,134.52,derived
2022-06-01,Personal Care Services,10720956,76500,2550,140.14,derived
2022-07-01,Personal Care Services,11331303,79205,2555,143.06,derived
2022-08-01,Personal Care Services,11618660,79329,2559,146.46,derived
2022-09-01,Personal Care Services,10143008,76620,2554,132.38,derived
2022-10-01,Personal Care Services,10342884,79081,2551,130.79,derived
2022-11-01,Personal Care Services,10430718,75930,2531,137.37,derived
2022-12-01,Personal Care Services,12462991,78616,2536,158.53,derived
2023-01-01,Personal Care Services,9499691,78523,2533,120.98,derived
2023-02-01,Personal Care Services,9035211,70868,2531,127.49,derived
2023-03-01,Personal Care Services,10293750,78523,2533,131.09,derived
2023-04-01,Personal Care Services,10000061,75750,2525,132.01,derived
2023-05-01,Personal Care Services,10291209,76911,2481,133.81,derived
2023-06-01,Personal Care Services,10257876,74190,2473,138.26,derived
2023-07-01,Personal Care Services,10613668,76105,2455,139.46,derived
2023-08-01,Personal Care Services,10695709,76043,2453,140.65,derived
2023-09-01,Personal Care Services,9514377,73410,2447,129.61,derived
2023-10-01,Personal Care Services,9604756,75671,2441,126.93,derived
2023-11-01,Personal Care Services,10057856,73140,2438,137.52,derived
2023-12-01,Personal Care Services,11986673,75764,2444,158.21,derived
2024-01-01,Personal Care Services,8375558,75857,2447,110.41,derived
2024-02-01,Personal Care Services,8450328,70818,2442,119.32,derived
2024-03-01,Personal Care Services,9842879,75671,2441,130.07,derived
2024-04-01,Personal Care Services,9199275,73050,2435,125.93,derived
2024-05-01,Personal Care Services,10135928,75671,2441,133.95,derived
2024-06-01,Personal Care Services,9757180,73200,2440,133.29,derived
2024-07-01,Personal Care Services,10145196,75361,2431,134.62,derived
2024-08-01,Personal Care Services,10590571,75113,2423,141.0,derived
2024-09-01,Personal Care Services,8840788,72750,2425,121.52,derived
2024-10-01,Personal Care Services,9299011,75237,2427,123.6,derived
2024-11-01,Personal Care Services,9869813,72900,2430,135.39,derived
2024-12-01,Personal Care Services,11507186,74958,2418,153.52,derived
2020-01-01,Personal and Household Goods Repair and Maintenance,66724,3038,98,21.96,derived
2020-02-01,Personal and Household Goods Repair and Maintenance,65799,2842,98,23.15,derived
2020-03-01,Personal and Household Goods Repair and Maintenance,36649,3038,98,12.06,derived
2020-04-01,Personal and Household Goods Repair and Maintenance,525,2940,98,0.18,derived
2020-05-01,Personal and Household Goods Repair and Maintenance,27451,3038,98,9.04,derived
2020-06-01,Personal and Household Goods Repair and Maintenance,55089,2940,98,18.74,derived
2020-07-01,Personal and Household Goods Repair and Maintenance,56333,3038,98,18.54,derived
2020-08-01,Personal and Household Goods Repair and Maintenance,56059,3038,98,18.45,derived
2020-09-01,Personal and Household Goods Repair and Maintenance,54671,2940,98,18.6,derived
2020-10-01,Personal and Household Goods Repair and Maintenance,57862,3038,98,19.05,derived
2020-11-01,Personal and Household Goods Repair and Maintenance,58024,2940,98,19.74,derived
2020-12-01,Personal and Household Goods Repair and Maintenance,62042,3038,98,20.42,derived
2021-01-01,Personal and Household Goods Repair and Maintenance,42099,3038,98,13.86,derived
2021-02-01,Personal and Household Goods Repair and Maintenance,36827,2744,98,13.42,derived
2021-03-01,Personal and Household Goods Repair and Maintenance,61752,3038,98,20.33,derived
2021-04-01,Personal and Household Goods Repair and Maintenance,61755,2940,98,21.01,derived
2021-05-01,Personal and Household Goods Repair and Maintenance,64526,3038,98,21.24,derived
2021-06-01,Personal and Household Goods Repair and Maintenance,55437,2880,96,19.25,derived
2021-07-01,Personal and Household Goods Repair and Maintenance,59735,2976,96,20.07,derived
2021-08-01,Personal and Household Goods Repair and Maintenance,57560,2976,96,19.34,derived
2021-09-01,Personal and Household Goods Repair and Maintenance,52496,2880,96,18.23,derived
2021-10-01,Personal and Household Goods Repair and Maintenance,52746,2976,96,17.72,derived
2021-11-01,Personal and Household Goods Repair and Maintenance,57448,2880,96,19.95,derived
2021-12-01,Personal and Household Goods Repair and Maintenance,64243,2976,96,21.59,derived
2022-01-01,Personal and Household Goods Repair and Maintenance,46246,2976,96,15.54,derived
2022-02-01,Personal and Household Goods Repair and Maintenance,46534,2688,96,17.31,derived
2022-03-01,Personal and Household Goods Repair and Maintenance,55066,2976,96,18.5,derived
2022-04-01,Personal and Household Goods Repair and Maintenance,45813,2790,93,16.42,derived
2022-05-01,Personal and Household Goods Repair and Maintenance,46680,2883,93,16.19,derived
2022-06-01,Personal and Household Goods Repair and Maintenance,46824,2790,93,16.78,derived
2022-07-01,Personal and Household Goods Repair and Maintenance,47818,2883,93,16.59,derived
2022-08-01,Personal and Household Goods Repair and Maintenance,48559,2883,93,16.84,derived
2022-09-01,Personal and Household Goods Repair and Maintenance,43154,2790,93,15.47,derived
2022-10-01,Personal and Household Goods Repair and Maintenance,43151,2883,93,14.97,derived
2022-11-01,Personal and Household Goods Repair and Maintenance,45848,2820,94,16.26,derived
2022-12-01,Personal and Household Goods Repair and Maintenance,51099,2914,94,17.54,derived
2023-01-01,Personal and Household Goods Repair and Maintenance,41390,2914,94,14.2,derived
2023-02-01,Personal and Household Goods Repair and Maintenance,39864,2632,94,15.15,derived
2023-03-01,Personal and Household Goods Repair and Maintenance,46172,2914,94,15.84,derived
2023-04-01,Personal and Household Goods Repair and Maintenance,44014,2820,94,15.61,derived
2023-05-01,Personal and Household Goods Repair and Maintenance,46690,2914,94,16.02,derived
2023-06-01,Personal and Household Goods Repair and Maintenance,45878,2820,94,16.27,derived
2023-07-01,Personal and Household Goods Repair and Maintenance,47378,2914,94,16.26,derived
2023-08-01,Personal and Household Goods Repair and Maintenance,47647,2914,94,16.35,derived
2023-09-01,Personal and Household Goods Repair and Maintenance,43252,2850,95,15.18,derived
2023-10-01,Personal and Household Goods Repair and Maintenance,43411,2976,96,14.59,derived
2023-11-01,Personal and Household Goods Repair and Maintenance,46827,2910,97,16.09,derived
2023-12-01,Personal and Household Goods Repair and Maintenance,52313,3193,103,16.38,derived
2024-01-01,Personal and Household Goods Repair and Maintenance,41283,3224,104,12.8,derived
2024-02-01,Personal and Household Goods Repair and Maintenance,41482,2987,103,13.89,derived
2024-03-01,Personal and Household Goods Repair and Maintenance,45245,3193,103,14.17,derived
2024-04-01,Personal and Household Goods Repair and Maintenance,44197,3120,104,14.17,derived
2024-05-01,Personal and Household Goods Repair and Maintenance,47760,3193,103,14.96,derived
2024-06-01,Personal and Household Goods Repair and Maintenance,45666,3090,103,14.78,derived
2024-07-01,Personal and Household Goods Repair and Maintenance,47423,3193,103,14.85,derived
2024-08-01,Personal and Household Goods Repair and Maintenance,49127,3193,103,15.39,derived
2024-09-01,Personal and Household Goods Repair and Maintenance,41896,3120,104,13.43,derived
2024-10-01,Personal and Household Goods Repair and Maintenance,44385,3255,105,13.64,derived
2024-11-01,Personal and Household Goods Repair and Maintenance,48144,3090,103,15.58,derived
2024-12-01,Personal and Household Goods Repair and Maintenance,54244,3162,102,17.15,derived
2020-01-01,"Pesticide, Fertilizer, and Other Agricultural Chemical Manufacturing",80506,310,10,259.7,derived
2020-02-01,"Pesticide, Fertilizer, and Other Agricultural Chemical Manufacturing",78896,290,10,272.06,derived
2020-03-01,"Pesticide, Fertilizer, and Other Agricultural Chemical Manufacturing",44249,310,10,142.74,derived
2020-04-01,"Pesticide, Fertilizer, and Other Agricultural Chemical Manufacturing",3708,300,10,12.36,derived
2020-05-01,"Pesticide, Fertilizer, and Other Agricultural Chemical Manufacturing",33018,310,10,106.51,derived
2020-06-01,"Pesticide, Fertilizer, and Other Agricultural Chemical Manufacturing",65624,300,10,218.75,derived
2020-07-01,"Pesticide, Fertilizer, and Other Agricultural Chemical Manufacturing",63470,310,10,204.74,derived
2020-08-01,"Pesticide, Fertilizer, and Other Agricultural Chemical Manufacturing",64117,310,10,206.83,derived
2020-09-01,"Pesticide, Fertilizer, and Other Agricultural Chemical Manufacturing",56728,300,10,189.09,derived
2020-10-01,"Pesticide, Fertilizer, and Other Agricultural Chemical Manufacturing",61997,310,10,199.99,derived
2020-11-01,"Pesticide, Fertilizer, and Other Agricultural Chemical Manufacturing",61438,300,10,204.79,derived
2020-12-01,"Pesticide, Fertilizer, and Other Agricultural Chemical Manufacturing",62762,310,10,202.46,derived
2021-01-01,"Pesticide, Fertilizer, and Other Agricultural Chemical Manufacturing",44567,310,10,143.76,derived
2021-02-01,"Pesticide, Fertilizer, and Other Agricultural Chemical Manufacturing",43230,280,10,154.39,derived
2021-03-01,"Pesticide, Fertilizer, and Other Agricultural Chemical Manufacturing",70607,310,10,227.76,derived
2021-04-01,"Pesticide, Fertilizer, and Other Agricultural Chemical Manufacturing",72696,300,10,242.32,derived
2021-05-01,"Pesticide, Fertilizer, and Other Agricultural Chemical Manufacturing",77693,310,10,250.62,derived
2021-06-01,"Pesticide, Fertilizer, and Other Agricultural Chemical Manufacturing",73522,300,10,245.07,derived
2021-07-01,"Pesticide, Fertilizer, and Other Agricultural Chemical Manufacturing",78727,310,10,253.96,derived
2021-08-01,"Pesticide, Fertilizer, and Other Agricultural Chemical Manufacturing",75931,310,10,244.94,derived
2021-09-01,"Pesticide, Fertilizer, and Other Agricultural Chemical Manufacturing",69590,300,10,231.97,derived
2021-10-01,"Pesticide, Fertilizer, and Other Agricultural Chemical Manufacturing",73031,310,10,235.58,derived
2021-11-01,"Pesticide, Fertilizer, and Other Agricultural Chemical Manufacturing",76140,300,10,253.8,derived
2021-12-01,"Pesticide, Fertilizer, and Other Agricultural Chemical Manufacturing",86873,310,10,280.24,derived
2022-01-01,"Pesticide, Fertilizer, and Other Agricultural Chemical Manufacturing",64226,310,10,207.18,derived
2022-02-01,"Pesticide, Fertilizer, and Other Agricultural Chemical Manufacturing",62168,280,10,222.03,derived
2022-03-01,"Pesticide, Fertilizer, and Other Agricultural Chemical Manufacturing",75233,310,10,242.69,derived
2022-04-01,"Pesticide, Fertilizer, and Other Agricultural Chemical Manufacturing",71254,300,10,237.51,derived
2022-05-01,"Pesticide, Fertilizer, and Other Agricultural Chemical Manufacturing",74277,310,10,239.6,derived
2022-06-01,"Pesticide, Fertilizer, and Other Agricultural Chemical Manufacturing",75570,300,10,251.9,derived
2022-07-01,"Pesticide, Fertilizer, and Other Agricultural Chemical Manufacturing",81178,310,10,261.86,derived
2022-08-01,"Pesticide, Fertilizer, and Other Agricultural Chemical Manufacturing",80704,310,10,260.34,derived
2022-09-01,"Pesticide, Fertilizer, and Other Agricultural Chemical Manufacturing",70057,300,10,233.52,derived
2022-10-01,"Pesticide, Fertilizer, and Other Agricultural Chemical Manufacturing",72483,310,10,233.82,derived
2022-11-01,"Pesticide, Fertilizer, and Other Agricultural Chemical Manufacturing",74729,300,10,249.1,derived
2022-12-01,"Pesticide, Fertilizer, and Other Agricultural Chemical Manufacturing",84396,310,10,272.25,derived
2023-01-01,"Pesticide, Fertilizer, and Other Agricultural Chemical Manufacturing",67819,310,10,218.77,derived
2023-02-01,"Pesticide, Fertilizer, and Other Agricultural Chemical Manufacturing",62641,280,10,223.72,derived
2023-03-01,"Pesticide, Fertilizer, and Other Agricultural Chemical Manufacturing",75157,310,10,242.44,derived
2023-04-01,"Pesticide, Fertilizer, and Other Agricultural Chemical Manufacturing",73632,300,10,245.44,derived
2023-05-01,"Pesticide, Fertilizer, and Other Agricultural Chemical Manufacturing",74084,310,10,238.98,derived
2023-06-01,"Pesticide, Fertilizer, and Other Agricultural Chemical Manufacturing",75576,300,10,251.92,derived
2023-07-01,"Pesticide, Fertilizer, and Other Agricultural Chemical Manufacturing",80982,310,10,261.23,derived
2023-08-01,"Pesticide, Fertilizer, and Other Agricultural Chemical Manufacturing",77109,310,10,248.74,derived
2023-09-01,"Pesticide, Fertilizer, and Other Agricultural Chemical Manufacturing",71567,300,10,238.56,derived
2023-10-01,"Pesticide, Fertilizer, and Other Agricultural Chemical Manufacturing",70994,310,10,229.01,derived
2023-11-01,"Pesticide, Fertilizer, and Other Agricultural Chemical Manufacturing",75302,300,10,251.01,derived
2023-12-01,"Pesticide, Fertilizer, and Other Agricultural Chemical Manufacturing",88753,310,10,286.3,derived
2024-01-01,"Pesticide, Fertilizer, and Other Agricultural Chemical Manufacturing",64627,310,10,208.47,derived
2024-02-01,"Pesticide, Fertilizer, and Other Agricultural Chemical Manufacturing",63908,290,10,220.37,derived
2024-03-01,"Pesticide, Fertilizer, and Other Agricultural Chemical Manufacturing",74716,310,10,241.02,derived
2024-04-01,"Pesticide, Fertilizer, and Other Agricultural Chemical Manufacturing",70212,300,10,234.04,derived
2024-05-01,"Pesticide, Fertilizer, and Other Agricultural Chemical Manufacturing",75120,310,10,242.32,derived
2024-06-01,"Pesticide, Fertilizer, and Other Agricultural Chemical Manufacturing",75018,300,10,250.06,derived
2024-07-01,"Pesticide, Fertilizer, and Other Agricultural Chemical Manufacturing",77080,310,10,248.65,derived
2024-08-01,"Pesticide, Fertilizer, and Other Agricultural Chemical Manufacturing",82035,310,10,264.63,derived
2024-09-01,"Pesticide, Fertilizer, and Other Agricultural Chemical Manufacturing",68718,300,10,229.06,derived
2024-10-01,"Pesticide, Fertilizer, and Other Agricultural Chemical Manufacturing",69177,310,10,223.15,derived
2024-11-01,"Pesticide, Fertilizer, and Other Agricultural Chemical Manufacturing",77635,300,10,258.78,derived
2024-12-01,"Pesticide, Fertilizer, and Other Agricultural Chemical Manufacturing",90355,310,10,291.47,derived
2020-01-01,Petroleum and Coal Products Manufacturing,6721,31,1,216.81,derived
2020-02-01,Petroleum and Coal Products Manufacturing,6774,29,1,233.59,derived
2020-03-01,Petroleum and Coal Products Manufacturing,3827,31,1,123.45,derived
2020-04-01,Petroleum and Coal Products Manufacturing,0,30,1,0.0,derived
2020-05-01,Petroleum and Coal Products Manufacturing,3245,31,1,104.68,derived
2020-06-01,Petroleum and Coal Products Manufacturing,5321,30,1,177.37,derived
2020-07-01,Petroleum and Coal Products Manufacturing,5089,31,1,164.16,derived
2020-08-01,Petroleum and Coal Products Manufacturing,4775,31,1,154.03,derived
2020-09-01,Petroleum and Coal Products Manufacturing,4758,30,1,158.6,derived
2020-10-01,Petroleum and Coal Products Manufacturing,5285,31,1,170.48,derived
2020-11-01,Petroleum and Coal Products Manufacturing,5683,30,1,189.43,derived
2020-12-01,Petroleum and Coal Products Manufacturing,5952,31,1,192.0,derived
2021-01-01,Petroleum and Coal Products Manufacturing,4357,31,1,140.55,derived
2021-02-01,Petroleum and Coal Products Manufacturing,3341,28,1,119.32,derived
2021-03-01,Petroleum and Coal Products Manufacturing,5580,31,1,180.0,derived
2021-04-01,Petroleum and Coal Products Manufacturing,6395,30,1,213.17,derived
2021-05-01,Petroleum and Coal Products Manufacturing,6952,31,1,224.26,derived
2021-06-01,Petroleum and Coal Products Manufacturing,6407,30,1,213.57,derived
2021-07-01,Petroleum and Coal Products Manufacturing,6753,31,1,217.84,derived
2021-08-01,Petroleum and Coal Products Manufacturing,6282,31,1,202.65,derived
2021-09-01,Petroleum and Coal Products Manufacturing,5820,30,1,194.0,derived
2021-10-01,Petroleum and Coal Products Manufacturing,5768,31,1,186.06,derived
2021-11-01,Petroleum and Coal Products Manufacturing,6073,30,1,202.43,derived
2021-12-01,Petroleum and Coal Products Manufacturing,7200,31,1,232.26,derived
2022-01-01,Petroleum and Coal Products Manufacturing,5439,31,1,175.45,derived
2022-02-01,Petroleum and Coal Products Manufacturing,5191,28,1,185.39,derived
2022-03-01,Petroleum and Coal Products Manufacturing,6074,31,1,195.94,derived
2022-04-01,Petroleum and Coal Products Manufacturing,6000,30,1,200.0,derived
2022-05-01,Petroleum and Coal Products Manufacturing,6352,31,1,204.9,derived
2022-06-01,Petroleum and Coal Products Manufacturing,6605,30,1,220.17,derived
2022-07-01,Petroleum and Coal Products Manufacturing,6658,31,1,214.77,derived
2022-08-01,Petroleum and Coal Products Manufacturing,6354,31,1,204.97,derived
2022-09-01,Petroleum and Coal Products Manufacturing,5736,30,1,191.2,derived
2022-10-01,Petroleum and Coal Products Manufacturing,5888,31,1,189.94,derived
2022-11-01,Petroleum and Coal Products Manufacturing,5826,30,1,194.2,derived
2022-12-01,Petroleum and Coal Products Manufacturing,6730,31,1,217.1,derived
2023-01-01,Petroleum and Coal Products Manufacturing,5430,31,1,175.16,derived
2023-02-01,Petroleum and Coal Products Manufacturing,5120,28,1,182.86,derived
2023-03-01,Petroleum and Coal Products Manufacturing,6165,31,1,198.87,derived
2023-04-01,Petroleum and Coal Products Manufacturing,5873,30,1,195.77,derived
2023-05-01,Petroleum and Coal Products Manufacturing,6041,31,1,194.87,derived
2023-06-01,Petroleum and Coal Products Manufacturing,5953,30,1,198.43,derived
2023-07-01,Petroleum and Coal Products Manufacturing,6663,31,1,214.94,derived
2023-08-01,Petroleum and Coal Products Manufacturing,6403,31,1,206.55,derived
2023-09-01,Petroleum and Coal Products Manufacturing,5644,30,1,188.13,derived
2023-10-01,Petroleum and Coal Products Manufacturing,5774,31,1,186.26,derived
2023-11-01,Petroleum and Coal Products Manufacturing,5904,30,1,196.8,derived
2023-12-01,Petroleum and Coal Products Manufacturing,6657,31,1,214.74,derived
2024-01-01,Petroleum and Coal Products Manufacturing,5259,31,1,169.65,derived
2024-02-01,Petroleum and Coal Products Manufacturing,5239,29,1,180.66,derived
2024-03-01,Petroleum and Coal Products Manufacturing,6055,31,1,195.32,derived
2024-04-01,Petroleum and Coal Products Manufacturing,5728,30,1,190.93,derived
2024-05-01,Petroleum and Coal Products Manufacturing,5969,31,1,192.55,derived
2024-06-01,Petroleum and Coal Products Manufacturing,6220,30,1,207.33,derived
2024-07-01,Petroleum and Coal Products Manufacturing,6005,31,1,193.71,derived
2024-08-01,Petroleum and Coal Products Manufacturing,6404,31,1,206.58,derived
2024-09-01,Petroleum and Coal Products Manufacturing,5673,30,1,189.1,derived
2024-10-01,Petroleum and Coal Products Manufacturing,5795,31,1,186.94,derived
2024-11-01,Petroleum and Coal Products Manufacturing,6243,30,1,208.1,derived
2024-12-01,Petroleum and Coal Products Manufacturing,7007,31,1,226.03,derived
2020-01-01,Petroleum and Petroleum Products Merchant Wholesalers,62226,744,24,83.64,derived
2020-02-01,Petroleum and Petroleum Products Merchant Wholesalers,55990,696,24,80.45,derived
2020-03-01,Petroleum and Petroleum Products Merchant Wholesalers,34590,744,24,46.49,derived
2020-04-01,Petroleum and Petroleum Products Merchant Wholesalers,2412,720,24,3.35,derived
2020-05-01,Petroleum and Petroleum Products Merchant Wholesalers,32218,744,24,43.3,derived
2020-06-01,Petroleum and Petroleum Products Merchant Wholesalers,54075,720,24,75.1,derived
2020-07-01,Petroleum and Petroleum Products Merchant Wholesalers,55467,744,24,74.55,derived
2020-08-01,Petroleum and Petroleum Products Merchant Wholesalers,51472,744,24,69.18,derived
2020-09-01,Petroleum and Petroleum Products Merchant Wholesalers,52975,720,24,73.58,derived
2020-10-01,Petroleum and Petroleum Products Merchant Wholesalers,53434,744,24,71.82,derived
2020-11-01,Petroleum and Petroleum Products Merchant Wholesalers,48550,720,24,67.43,derived
2020-12-01,Petroleum and Petroleum Products Merchant Wholesalers,53008,744,24,71.25,derived
2021-01-01,Petroleum and Petroleum Products Merchant Wholesalers,48903,744,24,65.73,derived
2021-02-01,Petroleum and Petroleum Products Merchant Wholesalers,44644,672,24,66.43,derived
2021-03-01,Petroleum and Petroleum Products Merchant Wholesalers,57261,744,24,76.96,derived
2021-04-01,Petroleum and Petroleum Products Merchant Wholesalers,53425,720,24,74.2,derived
2021-05-01,Petroleum and Petroleum Products Merchant Wholesalers,51248,744,24,68.88,derived
2021-06-01,Petroleum and Petroleum Products Merchant Wholesalers,52093,690,23,75.5,derived
2021-07-01,Petroleum and Petroleum Products Merchant Wholesalers,52407,713,23,73.5,derived
2021-08-01,Petroleum and Petroleum Products Merchant Wholesalers,51317,713,23,71.97,derived
2021-09-01,Petroleum and Petroleum Products Merchant Wholesalers,52216,690,23,75.68,derived
2021-10-01,Petroleum and Petroleum Products Merchant Wholesalers,50806,713,23,71.26,derived
2021-11-01,Petroleum and Petroleum Products Merchant Wholesalers,50611,690,23,73.35,derived
2021-12-01,Petroleum and Petroleum Products Merchant Wholesalers,56774,713,23,79.63,derived
2022-01-01,Petroleum and Petroleum Products Merchant Wholesalers,49168,713,23,68.96,derived
2022-02-01,Petroleum and Petroleum Products Merchant Wholesalers,45292,644,23,70.33,derived
2022-03-01,Petroleum and Petroleum Products Merchant Wholesalers,53777,713,23,75.42,derived
2022-04-01,Petroleum and Petroleum Products Merchant Wholesalers,47592,690,23,68.97,derived
2022-05-01,Petroleum and Petroleum Products Merchant Wholesalers,47722,713,23,66.93,derived
2022-06-01,Petroleum and Petroleum Products Merchant Wholesalers,49937,690,23,72.37,derived
2022-07-01,Petroleum and Petroleum Products Merchant Wholesalers,48538,713,23,68.08,derived
2022-08-01,Petroleum and Petroleum Products Merchant Wholesalers,51457,713,23,72.17,derived
2022-09-01,Petroleum and Petroleum Products Merchant Wholesalers,50584,690,23,73.31,derived
2022-10-01,Petroleum and Petroleum Products Merchant Wholesalers,51197,744,24,68.81,derived
2022-11-01,Petroleum and Petroleum Products Merchant Wholesalers,50523,720,24,70.17,derived
2022-12-01,Petroleum and Petroleum Products Merchant Wholesalers,57325,744,24,77.05,derived
2023-01-01,Petroleum and Petroleum Products Merchant Wholesalers,52105,744,24,70.03,derived
2023-02-01,Petroleum and Petroleum Products Merchant Wholesalers,46179,672,24,68.72,derived
2023-03-01,Petroleum and Petroleum Products Merchant Wholesalers,54228,744,24,72.89,derived
2023-04-01,Petroleum and Petroleum Products Merchant Wholesalers,49120,720,24,68.22,derived
2023-05-01,Petroleum and Petroleum Products Merchant Wholesalers,51171,744,24,68.78,derived
2023-06-01,Petroleum and Petroleum Products Merchant Wholesalers,52748,720,24,73.26,derived
2023-07-01,Petroleum and Petroleum Products Merchant Wholesalers,51407,744,24,69.1,derived
2023-08-01,Petroleum and Petroleum Products Merchant Wholesalers,53892,744,24,72.44,derived
2023-09-01,Petroleum and Petroleum Products Merchant Wholesalers,52732,720,24,73.24,derived
2023-10-01,Petroleum and Petroleum Products Merchant Wholesalers,52299,744,24,70.29,derived
2023-11-01,Petroleum and Petroleum Products Merchant Wholesalers,52069,720,24,72.32,derived
2023-12-01,Petroleum and Petroleum Products Merchant Wholesalers,58943,744,24,79.22,derived
2024-01-01,Petroleum and Petroleum Products Merchant Wholesalers,49010,713,23,68.74,derived
2024-02-01,Petroleum and Petroleum Products Merchant Wholesalers,45586,667,23,68.34,derived
2024-03-01,Petroleum and Petroleum Products Merchant Wholesalers,48536,713,23,68.07,derived
2024-04-01,Petroleum and Petroleum Products Merchant Wholesalers,48844,690,23,70.79,derived
2024-05-01,Petroleum and Petroleum Products Merchant Wholesalers,49311,713,23,69.16,derived
2024-06-01,Petroleum and Petroleum Products Merchant Wholesalers,48132,690,23,69.76,derived
2024-07-01,Petroleum and Petroleum Products Merchant Wholesalers,48412,713,23,67.9,derived
2024-08-01,Petroleum and Petroleum Products Merchant Wholesalers,50100,713,23,70.27,derived
2024-09-01,Petroleum and Petroleum Products Merchant Wholesalers,49592,690,23,71.87,derived
2024-10-01,Petroleum and Petroleum Products Merchant Wholesalers,51476,713,23,72.2,derived
2024-11-01,Petroleum and Petroleum Products Merchant Wholesalers,50760,690,23,73.57,derived
2024-12-01,Petroleum and Petroleum Products Merchant Wholesalers,57656,713,23,80.86,derived
2020-01-01,Pharmaceutical and Medicine Manufacturing,22244,279,9,79.73,derived
2020-02-01,Pharmaceutical and Medicine Manufacturing,20558,261,9,78.77,derived
2020-03-01,Pharmaceutical and Medicine Manufacturing,11798,279,9,42.29,derived
2020-04-01,Pharmaceutical and Medicine Manufacturing,0,270,9,0.0,derived
2020-05-01,Pharmaceutical and Medicine Manufacturing,5197,279,9,18.63,derived
2020-06-01,Pharmaceutical and Medicine Manufacturing,10344,270,9,38.31,derived
2020-07-01,Pharmaceutical and Medicine Manufacturing,13451,279,9,48.21,derived
2020-08-01,Pharmaceutical and Medicine Manufacturing,13614,279,9,48.8,derived
2020-09-01,Pharmaceutical and Medicine Manufacturing,15046,270,9,55.73,derived
2020-10-01,Pharmaceutical and Medicine Manufacturing,16241,279,9,58.21,derived
2020-11-01,Pharmaceutical and Medicine Manufacturing,17494,270,9,64.79,derived
2020-12-01,Pharmaceutical and Medicine Manufacturing,20522,279,9,73.56,derived
2021-01-01,Pharmaceutical and Medicine Manufacturing,14403,279,9,51.62,derived
2021-02-01,Pharmaceutical and Medicine Manufacturing,12733,252,9,50.53,derived
2021-03-01,Pharmaceutical and Medicine Manufacturing,18249,279,9,65.41,derived
2021-04-01,Pharmaceutical and Medicine Manufacturing,18635,270,9,69.02,derived
2021-05-01,Pharmaceutical and Medicine Manufacturing,19634,279,9,70.37,derived
2021-06-01,Pharmaceutical and Medicine Manufacturing,19411,270,9,71.89,derived
2021-07-01,Pharmaceutical and Medicine Manufacturing,20408,279,9,73.15,derived
2021-08-01,Pharmaceutical and Medicine Manufacturing,19723,279,9,70.69,derived
2021-09-01,Pharmaceutical and Medicine Manufacturing,18476,270,9,68.43,derived
2021-10-01,Pharmaceutical and Medicine Manufacturing,18719,279,9,67.09,derived
2021-11-01,Pharmaceutical and Medicine Manufacturing,20204,270,9,74.83,derived
2021-12-01,Pharmaceutical and Medicine Manufacturing,22346,279,9,80.09,derived
2022-01-01,Pharmaceutical and Medicine Manufacturing,17937,279,9,64.29,derived
2022-02-01,Pharmaceutical and Medicine Manufacturing,17441,252,9,69.21,derived
2022-03-01,Pharmaceutical and Medicine Manufacturing,20316,279,9,72.82,derived
2022-04-01,Pharmaceutical and Medicine Manufacturing,19828,270,9,73.44,derived
2022-05-01,Pharmaceutical and Medicine Manufacturing,20047,279,9,71.85,derived
2022-06-01,Pharmaceutical and Medicine Manufacturing,19974,270,9,73.98,derived
2022-07-01,Pharmaceutical and Medicine Manufacturing,20966,279,9,75.15,derived
2022-08-01,Pharmaceutical and Medicine Manufacturing,21584,279,9,77.36,derived
2022-09-01,Pharmaceutical and Medicine Manufacturing,18853,270,9,69.83,derived
2022-10-01,Pharmaceutical and Medicine Manufacturing,19355,279,9,69.37,derived
2022-11-01,Pharmaceutical and Medicine Manufacturing,20280,270,9,75.11,derived
2022-12-01,Pharmaceutical and Medicine Manufacturing,22566,279,9,80.88,derived
2023-01-01,Pharmaceutical and Medicine Manufacturing,19714,279,9,70.66,derived
2023-02-01,Pharmaceutical and Medicine Manufacturing,17648,252,9,70.03,derived
2023-03-01,Pharmaceutical and Medicine Manufacturing,20209,279,9,72.43,derived
2023-04-01,Pharmaceutical and Medicine Manufacturing,18984,270,9,70.31,derived
2023-05-01,Pharmaceutical and Medicine Manufacturing,19946,279,9,71.49,derived
2023-06-01,Pharmaceutical and Medicine Manufacturing,19991,270,9,74.04,derived
2023-07-01,Pharmaceutical and Medicine Manufacturing,20169,279,9,72.29,derived
2023-08-01,Pharmaceutical and Medicine Manufacturing,20053,279,9,71.87,derived
2023-09-01,Pharmaceutical and Medicine Manufacturing,18245,270,9,67.57,derived
2023-10-01,Pharmaceutical and Medicine Manufacturing,18286,279,9,65.54,derived
2023-11-01,Pharmaceutical and Medicine Manufacturing,19403,270,9,71.86,derived
2023-12-01,Pharmaceutical and Medicine Manufacturing,22878,279,9,82.0,derived
2024-01-01,Pharmaceutical and Medicine Manufacturing,18940,279,9,67.89,derived
2024-02-01,Pharmaceutical and Medicine Manufacturing,12824,174,6,73.7,derived
2024-03-01,Pharmaceutical and Medicine Manufacturing,13982,186,6,75.17,derived
2024-04-01,Pharmaceutical and Medicine Manufacturing,13896,180,6,77.2,derived
2024-05-01,Pharmaceutical and Medicine Manufacturing,14508,186,6,78.0,derived
2024-06-01,Pharmaceutical and Medicine Manufacturing,13299,180,6,73.88,derived
2024-07-01,Pharmaceutical and Medicine Manufacturing,14923,186,6,80.23,derived
2024-08-01,Pharmaceutical and Medicine Manufacturing,14820,186,6,79.68,derived
2024-09-01,Pharmaceutical and Medicine Manufacturing,12480,180,6,69.33,derived
2024-10-01,Pharmaceutical and Medicine Manufacturing,13416,186,6,72.13,derived
2024-11-01,Pharmaceutical and Medicine Manufacturing,14521,180,6,80.67,derived
2024-12-01,Pharmaceutical and Medicine Manufacturing,16525,186,6,88.84,derived
2020-01-01,Plastics Product Manufacturing,93598,186,6,503.22,derived
2020-02-01,Plastics Product Manufacturing,92443,174,6,531.28,derived
2020-03-01,Plastics Product Manufacturing,54348,186,6,292.19,derived
2020-04-01,Plastics Product Manufacturing,879,180,6,4.88,derived
2020-05-01,Plastics Product Manufacturing,35424,186,6,190.45,derived
2020-06-01,Plastics Product Manufacturing,81760,180,6,454.22,derived
2020-07-01,Plastics Product Manufacturing,87733,186,6,471.68,derived
2020-08-01,Plastics Product Manufacturing,85047,186,6,457.24,derived
2020-09-01,Plastics Product Manufacturing,76211,180,6,423.39,derived
2020-10-01,Plastics Product Manufacturing,76549,186,6,411.55,derived
2020-11-01,Plastics Product Manufacturing,72805,180,6,404.47,derived
2020-12-01,Plastics Product Manufacturing,76548,186,6,411.55,derived
2021-01-01,Plastics Product Manufacturing,52682,186,6,283.24,derived
2021-02-01,Plastics Product Manufacturing,50714,168,6,301.87,derived
2021-03-01,Plastics Product Manufacturing,81898,186,6,440.31,derived
2021-04-01,Plastics Product Manufacturing,81454,180,6,452.52,derived
2021-05-01,Plastics Product Manufacturing,87225,186,6,468.95,derived
2021-06-01,Plastics Product Manufacturing,87610,180,6,486.72,derived
2021-07-01,Plastics Product Manufacturing,95007,186,6,510.79,derived
2021-08-01,Plastics Product Manufacturing,90503,186,6,486.58,derived
2021-09-01,Plastics Product Manufacturing,81738,180,6,454.1,derived
2021-10-01,Plastics Product Manufacturing,85634,186,6,460.4,derived
2021-11-01,Plastics Product Manufacturing,89987,180,6,499.93,derived
2021-12-01,Plastics Product Manufacturing,98318,186,6,528.59,derived
2022-01-01,Plastics Product Manufacturing,70725,186,6,380.24,derived
2022-02-01,Plastics Product Manufacturing,71005,168,6,422.65,derived
2022-03-01,Plastics Product Manufacturing,84103,186,6,452.17,derived
2022-04-01,Plastics Product Manufacturing,84181,180,6,467.67,derived
2022-05-01,Plastics Product Manufacturing,85980,186,6,462.26,derived
2022-06-01,Plastics Product Manufacturing,89339,180,6,496.33,derived
2022-07-01,Plastics Product Manufacturing,93516,186,6,502.77,derived
2022-08-01,Plastics Product Manufacturing,95238,186,6,512.03,derived
2022-09-01,Plastics Product Manufacturing,83961,180,6,466.45,derived
2022-10-01,Plastics Product Manufacturing,84938,186,6,456.66,derived
2022-11-01,Plastics Product Manufacturing,88308,180,6,490.6,derived
2022-12-01,Plastics Product Manufacturing,98722,186,6,530.76,derived
2023-01-01,Plastics Product Manufacturing,76514,186,6,411.37,derived
2023-02-01,Plastics Product Manufacturing,71971,168,6,428.4,derived
2023-03-01,Plastics Product Manufacturing,84595,186,6,454.81,derived
2023-04-01,Plastics Product Manufacturing,85123,180,6,472.91,derived
2023-05-01,Plastics Product Manufacturing,87343,186,6,469.59,derived
2023-06-01,Plastics Product Manufacturing,86597,180,6,481.09,derived
2023-07-01,Plastics Product Manufacturing,91401,186,6,491.4,derived
2023-08-01,Plastics Product Manufacturing,90434,186,6,486.2,derived
2023-09-01,Plastics Product Manufacturing,83825,180,6,465.69,derived
2023-10-01,Plastics Product Manufacturing,81068,186,6,435.85,derived
2023-11-01,Plastics Product Manufacturing,86408,180,6,480.04,derived
2023-12-01,Plastics Product Manufacturing,100000,186,6,537.63,derived
2024-01-01,Plastics Product Manufacturing,72982,186,6,392.38,derived
2024-02-01,Plastics Product Manufacturing,73443,174,6,422.09,derived
2024-03-01,Plastics Product Manufacturing,84299,186,6,453.22,derived
2024-04-01,Plastics Product Manufacturing,79735,180,6,442.97,derived
2024-05-01,Plastics Product Manufacturing,86876,186,6,467.08,derived
2024-06-01,Plastics Product Manufacturing,89579,180,6,497.66,derived
2024-07-01,Plastics Product Manufacturing,91309,186,6,490.91,derived
2024-08-01,Plastics Product Manufacturing,94460,186,6,507.85,derived
2024-09-01,Plastics Product Manufacturing,81309,180,6,451.72,derived
2024-10-01,Plastics Product Manufacturing,82105,186,6,441.42,derived
2024-11-01,Plastics Product Manufacturing,89461,180,6,497.01,derived
2024-12-01,Plastics Product Manufacturing,106250,186,6,571.24,derived
2020-01-01,Postal Service,4741215,70277,2267,67.46,derived
2020-02-01,Postal Service,4582401,65743,2267,69.7,derived
2020-03-01,Postal Service,2649429,70277,2267,37.7,derived
2020-04-01,Postal Service,129476,68010,2267,1.9,derived
2020-05-01,Postal Service,1882545,70277,2267,26.79,derived
2020-06-01,Postal Service,3825880,68010,2267,56.25,derived
2020-07-01,Postal Service,3849245,70277,2267,54.77,derived
2020-08-01,Postal Service,3775631,70277,2267,53.72,derived
2020-09-01,Postal Service,3807638,68010,2267,55.99,derived
2020-10-01,Postal Service,3883798,70277,2267,55.26,derived
2020-11-01,Postal Service,3856179,68010,2267,56.7,derived
2020-12-01,Postal Service,5139371,70277,2267,73.13,derived
2021-01-01,Postal Service,3033510,70277,2267,43.17,derived
2021-02-01,Postal Service,2720459,63476,2267,42.86,derived
2021-03-01,Postal Service,4129704,70277,2267,58.76,derived
2021-04-01,Postal Service,4284852,68010,2267,63.0,derived
2021-05-01,Postal Service,4243948,70277,2267,60.39,derived
2021-06-01,Postal Service,4402927,68010,2267,64.74,derived
2021-07-01,Postal Service,4656338,70277,2267,66.26,derived
2021-08-01,Postal Service,4425510,70277,2267,62.97,derived
2021-09-01,Postal Service,4259967,68010,2267,62.64,derived
2021-10-01,Postal Service,4121556,70277,2267,58.65,derived
2021-11-01,Postal Service,4408713,68010,2267,64.82,derived
2021-12-01,Postal Service,4729627,70277,2267,67.3,derived
2022-01-01,Postal Service,3682042,70277,2267,52.39,derived
2022-02-01,Postal Service,3620723,63476,2267,57.04,derived
2022-03-01,Postal Service,4276612,70277,2267,60.85,derived
2022-04-01,Postal Service,4212815,68010,2267,61.94,derived
2022-05-01,Postal Service,4210696,70277,2267,59.92,derived
2022-06-01,Postal Service,4436289,68010,2267,65.23,derived
2022-07-01,Postal Service,4392956,70277,2267,62.51,derived
2022-08-01,Postal Service,4687381,70277,2267,66.7,derived
2022-09-01,Postal Service,4247879,68010,2267,62.46,derived
2022-10-01,Postal Service,4137794,70277,2267,58.88,derived
2022-11-01,Postal Service,4252333,68010,2267,62.53,derived
2022-12-01,Postal Service,4904335,70277,2267,69.79,derived
2023-01-01,Postal Service,3925548,70277,2267,55.86,derived
2023-02-01,Postal Service,3647234,63476,2267,57.46,derived
2023-03-01,Postal Service,4328657,70277,2267,61.59,derived
2023-04-01,Postal Service,3949820,68010,2267,58.08,derived
2023-05-01,Postal Service,4460143,70277,2267,63.47,derived
2023-06-01,Postal Service,4411487,68010,2267,64.87,derived
2023-07-01,Postal Service,4297466,70277,2267,61.15,derived
2023-08-01,Postal Service,4574115,70277,2267,65.09,derived
2023-09-01,Postal Service,4280970,67920,2264,63.03,derived
2023-10-01,Postal Service,4101980,69874,2254,58.71,derived
2023-11-01,Postal Service,4285167,67650,2255,63.34,derived
2023-12-01,Postal Service,4722120,69905,2255,67.55,derived
2024-01-01,Postal Service,3898491,69905,2255,55.77,derived
2024-02-01,Postal Service,3776848,65366,2254,57.78,derived
2024-03-01,Postal Service,4151098,69905,2255,59.38,derived
2024-04-01,Postal Service,4144146,67500,2250,61.39,derived
2024-05-01,Postal Service,4347793,69719,2249,62.36,derived
2024-06-01,Postal Service,4084385,67470,2249,60.54,derived
2024-07-01,Postal Service,4463488,69719,2249,64.02,derived
2024-08-01,Postal Service,4599876,69688,2248,66.01,derived
2024-09-01,Postal Service,3927734,67440,2248,58.24,derived
2024-10-01,Postal Service,4151527,69688,2248,59.57,derived
2024-11-01,Postal Service,4266350,67380,2246,63.32,derived
2024-12-01,Postal Service,4651011,69595,2245,66.83,derived
2020-01-01,Printing and Related Support Activities,66140,4619,149,14.32,derived
2020-02-01,Printing and Related Support Activities,60861,4321,149,14.08,derived
2020-03-01,Printing and Related Support Activities,35159,4619,149,7.61,derived
2020-04-01,Printing and Related Support Activities,752,4470,149,0.17,derived
2020-05-01,Printing and Related Support Activities,24702,4619,149,5.35,derived
2020-06-01,Printing and Related Support Activities,49583,4470,149,11.09,derived
2020-07-01,Printing and Related Support Activities,50809,4619,149,11.0,derived
2020-08-01,Printing and Related Support Activities,48124,4619,149,10.42,derived
2020-09-01,Printing and Related Support Activities,48942,4470,149,10.95,derived
2020-10-01,Printing and Related Support Activities,51221,4619,149,11.09,derived
2020-11-01,Printing and Related Support Activities,51115,4470,149,11.44,derived
2020-12-01,Printing and Related Support Activities,53077,4619,149,11.49,derived
2021-01-01,Printing and Related Support Activities,37829,4619,149,8.19,derived
2021-02-01,Printing and Related Support Activities,34770,4144,148,8.39,derived
2021-03-01,Printing and Related Support Activities,55484,4588,148,12.09,derived
2021-04-01,Printing and Related Support Activities,57065,4440,148,12.85,derived
2021-05-01,Printing and Related Support Activities,56579,4588,148,12.33,derived
2021-06-01,Printing and Related Support Activities,58931,4440,148,13.27,derived
2021-07-01,Printing and Related Support Activities,59760,4557,147,13.11,derived
2021-08-01,Printing and Related Support Activities,59051,4588,148,12.87,derived
2021-09-01,Printing and Related Support Activities,56419,4440,148,12.71,derived
2021-10-01,Printing and Related Support Activities,54192,4588,148,11.81,derived
2021-11-01,Printing and Related Support Activities,58439,4380,146,13.34,derived
2021-12-01,Printing and Related Support Activities,63652,4526,146,14.06,derived
2022-01-01,Printing and Related Support Activities,48580,4557,147,10.66,derived
2022-02-01,Printing and Related Support Activities,48203,4116,147,11.71,derived
2022-03-01,Printing and Related Support Activities,58304,4557,147,12.79,derived
2022-04-01,Printing and Related Support Activities,55991,4410,147,12.7,derived
2022-05-01,Printing and Related Support Activities,57974,4557,147,12.72,derived
2022-06-01,Printing and Related Support Activities,57842,4410,147,13.12,derived
2022-07-01,Printing and Related Support Activities,55638,4557,147,12.21,derived
2022-08-01,Printing and Related Support Activities,59893,4526,146,13.23,derived
2022-09-01,Printing and Related Support Activities,56377,4380,146,12.87,derived
2022-10-01,Printing and Related Support Activities,53691,4526,146,11.86,derived
2022-11-01,Printing and Related Support Activities,57472,4380,146,13.12,derived
2022-12-01,Printing and Related Support Activities,64015,4495,145,14.24,derived
2023-01-01,Printing and Related Support Activities,52257,4526,146,11.55,derived
2023-02-01,Printing and Related Support Activities,49392,4116,147,12.0,derived
2023-03-01,Printing and Related Support Activities,58609,4557,147,12.86,derived
2023-04-01,Printing and Related Support Activities,53078,4410,147,12.04,derived
2023-05-01,Printing and Related Support Activities,60244,4557,147,13.22,derived
2023-06-01,Printing and Related Support Activities,58437,4410,147,13.25,derived
2023-07-01,Printing and Related Support Activities,57061,4557,147,12.52,derived
2023-08-01,Printing and Related Support Activities,59911,4526,146,13.24,derived
2023-09-01,Printing and Related Support Activities,53838,4380,146,12.29,derived
2023-10-01,Printing and Related Support Activities,55434,4526,146,12.25,derived
2023-11-01,Printing and Related Support Activities,57520,4380,146,13.13,derived
2023-12-01,Printing and Related Support Activities,61659,4526,146,13.62,derived
2024-01-01,Printing and Related Support Activities,53584,4495,145,11.92,derived
2024-02-01,Printing and Related Support Activities,50162,4118,142,12.18,derived
2024-03-01,Printing and Related Support Activities,52830,4402,142,12.0,derived
2024-04-01,Printing and Related Support Activities,54997,4290,143,12.82,derived
2024-05-01,Printing and Related Support Activities,58304,4433,143,13.15,derived
2024-06-01,Printing and Related Support Activities,52539,4290,143,12.25,derived
2024-07-01,Printing and Related Support Activities,56263,4402,142,12.78,derived
2024-08-01,Printing and Related Support Activities,56692,4433,143,12.79,derived
2024-09-01,Printing and Related Support Activities,52053,4260,142,12.22,derived
2024-10-01,Printing and Related Support Activities,54081,4371,141,12.37,derived
2024-11-01,Printing and Related Support Activities,54183,4230,141,12.81,derived
2024-12-01,Printing and Related Support Activities,61173,4371,141,14.0,derived
2020-01-01,Professional and Commercial Equipment and Supplies Merchant Wholesalers,10270,1209,39,8.49,derived
2020-02-01,Professional and Commercial Equipment and Supplies Merchant Wholesalers,8989,1131,39,7.95,derived
2020-03-01,Professional and Commercial Equipment and Supplies Merchant Wholesalers,5484,1209,39,4.54,derived
2020-04-01,Professional and Commercial Equipment and Supplies Merchant Wholesalers,21,1170,39,0.02,derived
2020-05-01,Professional and Commercial Equipment and Supplies Merchant Wholesalers,3110,1209,39,2.57,derived
2020-06-01,Professional and Commercial Equipment and Supplies Merchant Wholesalers,8489,1170,39,7.26,derived
2020-07-01,Professional and Commercial Equipment and Supplies Merchant Wholesalers,9163,1209,39,7.58,derived
2020-08-01,Professional and Commercial Equipment and Supplies Merchant Wholesalers,7942,1209,39,6.57,derived
2020-09-01,Professional and Commercial Equipment and Supplies Merchant Wholesalers,8763,1170,39,7.49,derived
2020-10-01,Professional and Commercial Equipment and Supplies Merchant Wholesalers,8982,1209,39,7.43,derived
2020-11-01,Professional and Commercial Equipment and Supplies Merchant Wholesalers,7642,1170,39,6.53,derived
2020-12-01,Professional and Commercial Equipment and Supplies Merchant Wholesalers,8003,1209,39,6.62,derived
2021-01-01,Professional and Commercial Equipment and Supplies Merchant Wholesalers,7632,1209,39,6.31,derived
2021-02-01,Professional and Commercial Equipment and Supplies Merchant Wholesalers,7299,1092,39,6.68,derived
2021-03-01,Professional and Commercial Equipment and Supplies Merchant Wholesalers,9659,1209,39,7.99,derived
2021-04-01,Professional and Commercial Equipment and Supplies Merchant Wholesalers,9311,1170,39,7.96,derived
2021-05-01,Professional and Commercial Equipment and Supplies Merchant Wholesalers,8549,1209,39,7.07,derived
2021-06-01,Professional and Commercial Equipment and Supplies Merchant Wholesalers,9292,1170,39,7.94,derived
2021-07-01,Professional and Commercial Equipment and Supplies Merchant Wholesalers,9000,1209,39,7.44,derived
2021-08-01,Professional and Commercial Equipment and Supplies Merchant Wholesalers,9007,1209,39,7.45,derived
2021-09-01,Professional and Commercial Equipment and Supplies Merchant Wholesalers,9401,1200,40,7.83,derived
2021-10-01,Professional and Commercial Equipment and Supplies Merchant Wholesalers,8682,1240,40,7.0,derived
2021-11-01,Professional and Commercial Equipment and Supplies Merchant Wholesalers,8641,1170,39,7.39,derived
2021-12-01,Professional and Commercial Equipment and Supplies Merchant Wholesalers,9623,1240,40,7.76,derived
2022-01-01,Professional and Commercial Equipment and Supplies Merchant Wholesalers,8094,1240,40,6.53,derived
2022-02-01,Professional and Commercial Equipment and Supplies Merchant Wholesalers,7829,1120,40,6.99,derived
2022-03-01,Professional and Commercial Equipment and Supplies Merchant Wholesalers,9524,1240,40,7.68,derived
2022-04-01,Professional and Commercial Equipment and Supplies Merchant Wholesalers,8792,1230,41,7.15,derived
2022-05-01,Professional and Commercial Equipment and Supplies Merchant Wholesalers,8810,1271,41,6.93,derived
2022-06-01,Professional and Commercial Equipment and Supplies Merchant Wholesalers,9372,1230,41,7.62,derived
2022-07-01,Professional and Commercial Equipment and Supplies Merchant Wholesalers,8373,1271,41,6.59,derived
2022-08-01,Professional and Commercial Equipment and Supplies Merchant Wholesalers,9737,1271,41,7.66,derived
2022-09-01,Professional and Commercial Equipment and Supplies Merchant Wholesalers,9289,1230,41,7.55,derived
2022-10-01,Professional and Commercial Equipment and Supplies Merchant Wholesalers,8794,1271,41,6.92,derived
2022-11-01,Professional and Commercial Equipment and Supplies Merchant Wholesalers,8987,1230,41,7.31,derived
2022-12-01,Professional and Commercial Equipment and Supplies Merchant Wholesalers,9801,1271,41,7.71,derived
2023-01-01,Professional and Commercial Equipment and Supplies Merchant Wholesalers,9115,1271,41,7.17,derived
2023-02-01,Professional and Commercial Equipment and Supplies Merchant Wholesalers,8191,1148,41,7.14,derived
2023-03-01,Professional and Commercial Equipment and Supplies Merchant Wholesalers,9685,1271,41,7.62,derived
2023-04-01,Professional and Commercial Equipment and Supplies Merchant Wholesalers,8435,1230,41,6.86,derived
2023-05-01,Professional and Commercial Equipment and Supplies Merchant Wholesalers,9363,1271,41,7.37,derived
2023-06-01,Professional and Commercial Equipment and Supplies Merchant Wholesalers,9586,1230,41,7.79,derived
2023-07-01,Professional and Commercial Equipment and Supplies Merchant Wholesalers,8633,1271,41,6.79,derived
2023-08-01,Professional and Commercial Equipment and Supplies Merchant Wholesalers,9688,1271,41,7.62,derived
2023-09-01,Professional and Commercial Equipment and Supplies Merchant Wholesalers,9141,1230,41,7.43,derived
2023-10-01,Professional and Commercial Equipment and Supplies Merchant Wholesalers,9157,1271,41,7.2,derived
2023-11-01,Professional and Commercial Equipment and Supplies Merchant Wholesalers,9230,1260,42,7.33,derived
2023-12-01,Professional and Commercial Equipment and Supplies Merchant Wholesalers,9475,1302,42,7.28,derived
2024-01-01,Professional and Commercial Equipment and Supplies Merchant Wholesalers,9790,1302,42,7.52,derived
2024-02-01,Professional and Commercial Equipment and Supplies Merchant Wholesalers,8941,1218,42,7.34,derived
2024-03-01,Professional and Commercial Equipment and Supplies Merchant Wholesalers,9078,1271,41,7.14,derived
2024-04-01,Professional and Commercial Equipment and Supplies Merchant Wholesalers,9373,1230,41,7.62,derived
2024-05-01,Professional and Commercial Equipment and Supplies Merchant Wholesalers,9422,1271,41,7.41,derived
2024-06-01,Professional and Commercial Equipment and Supplies Merchant Wholesalers,8732,1230,41,7.1,derived
2024-07-01,Professional and Commercial Equipment and Supplies Merchant Wholesalers,9347,1271,41,7.35,derived
2024-08-01,Professional and Commercial Equipment and Supplies Merchant Wholesalers,9475,1271,41,7.45,derived
2024-09-01,Professional and Commercial Equipment and Supplies Merchant Wholesalers,8965,1230,41,7.29,derived
2024-10-01,Professional and Commercial Equipment and Supplies Merchant Wholesalers,9396,1271,41,7.39,derived
2024-11-01,Professional and Commercial Equipment and Supplies Merchant Wholesalers,8754,1230,41,7.12,derived
2024-12-01,Professional and Commercial Equipment and Supplies Merchant Wholesalers,9410,1271,41,7.4,derived
2020-01-01,"Pulp, Paper, and Paperboard Mills",8796,558,18,15.76,derived
2020-02-01,"Pulp, Paper, and Paperboard Mills",8462,522,18,16.21,derived
2020-03-01,"Pulp, Paper, and Paperboard Mills",4472,558,18,8.01,derived
2020-04-01,"Pulp, Paper, and Paperboard Mills",126,540,18,0.23,derived
2020-05-01,"Pulp, Paper, and Paperboard Mills",4512,558,18,8.09,derived
2020-06-01,"Pulp, Paper, and Paperboard Mills",7131,540,18,13.21,derived
2020-07-01,"Pulp, Paper, and Paperboard Mills",7113,558,18,12.75,derived
2020-08-01,"Pulp, Paper, and Paperboard Mills",7093,558,18,12.71,derived
2020-09-01,"Pulp, Paper, and Paperboard Mills",6911,540,18,12.8,derived
2020-10-01,"Pulp, Paper, and Paperboard Mills",7025,558,18,12.59,derived
2020-11-01,"Pulp, Paper, and Paperboard Mills",7484,540,18,13.86,derived
2020-12-01,"Pulp, Paper, and Paperboard Mills",8139,558,18,14.59,derived
2021-01-01,"Pulp, Paper, and Paperboard Mills",6054,558,18,10.85,derived
2021-02-01,"Pulp, Paper, and Paperboard Mills",5352,504,18,10.62,derived
2021-03-01,"Pulp, Paper, and Paperboard Mills",7570,558,18,13.57,derived
2021-04-01,"Pulp, Paper, and Paperboard Mills",7631,540,18,14.13,derived
2021-05-01,"Pulp, Paper, and Paperboard Mills",8093,558,18,14.5,derived
2021-06-01,"Pulp, Paper, and Paperboard Mills",7749,540,18,14.35,derived
2021-07-01,"Pulp, Paper, and Paperboard Mills",8302,558,18,14.88,derived
2021-08-01,"Pulp, Paper, and Paperboard Mills",7896,558,18,14.15,derived
2021-09-01,"Pulp, Paper, and Paperboard Mills",7574,540,18,14.03,derived
2021-10-01,"Pulp, Paper, and Paperboard Mills",7570,558,18,13.57,derived
2021-11-01,"Pulp, Paper, and Paperboard Mills",7904,540,18,14.64,derived
2021-12-01,"Pulp, Paper, and Paperboard Mills",8676,558,18,15.55,derived
2022-01-01,"Pulp, Paper, and Paperboard Mills",6986,558,18,12.52,derived
2022-02-01,"Pulp, Paper, and Paperboard Mills",6803,504,18,13.5,derived
2022-03-01,"Pulp, Paper, and Paperboard Mills",7780,558,18,13.94,derived
2022-04-01,"Pulp, Paper, and Paperboard Mills",7540,540,18,13.96,derived
2022-05-01,"Pulp, Paper, and Paperboard Mills",7724,558,18,13.84,derived
2022-06-01,"Pulp, Paper, and Paperboard Mills",7774,540,18,14.4,derived
2022-07-01,"Pulp, Paper, and Paperboard Mills",8112,558,18,14.54,derived
2022-08-01,"Pulp, Paper, and Paperboard Mills",8194,558,18,14.68,derived
2022-09-01,"Pulp, Paper, and Paperboard Mills",7432,540,18,13.76,derived
2022-10-01,"Pulp, Paper, and Paperboard Mills",7468,558,18,13.38,derived
2022-11-01,"Pulp, Paper, and Paperboard Mills",7716,540,18,14.29,derived
2022-12-01,"Pulp, Paper, and Paperboard Mills",8523,558,18,15.27,derived
2023-01-01,"Pulp, Paper, and Paperboard Mills",7252,558,18,13.0,derived
2023-02-01,"Pulp, Paper, and Paperboard Mills",6786,504,18,13.46,derived
2023-03-01,"Pulp, Paper, and Paperboard Mills",7833,558,18,14.04,derived
2023-04-01,"Pulp, Paper, and Paperboard Mills",7542,540,18,13.97,derived
2023-05-01,"Pulp, Paper, and Paperboard Mills",7762,558,18,13.91,derived
2023-06-01,"Pulp, Paper, and Paperboard Mills",7640,540,18,14.15,derived
2023-07-01,"Pulp, Paper, and Paperboard Mills",8200,558,18,14.7,derived
2023-08-01,"Pulp, Paper, and Paperboard Mills",7887,558,18,14.13,derived
2023-09-01,"Pulp, Paper, and Paperboard Mills",7427,540,18,13.75,derived
2023-10-01,"Pulp, Paper, and Paperboard Mills",7518,558,18,13.47,derived
2023-11-01,"Pulp, Paper, and Paperboard Mills",7664,540,18,14.19,derived
2023-12-01,"Pulp, Paper, and Paperboard Mills",8823,558,18,15.81,derived
2024-01-01,"Pulp, Paper, and Paperboard Mills",7279,558,18,13.04,derived
2024-02-01,"Pulp, Paper, and Paperboard Mills",7026,522,18,13.46,derived
2024-03-01,"Pulp, Paper, and Paperboard Mills",7877,558,18,14.12,derived
2024-04-01,"Pulp, Paper, and Paperboard Mills",7488,540,18,13.87,derived
2024-05-01,"Pulp, Paper, and Paperboard Mills",7981,558,18,14.3,derived
2024-06-01,"Pulp, Paper, and Paperboard Mills",7579,540,18,14.04,derived
2024-07-01,"Pulp, Paper, and Paperboard Mills",7948,558,18,14.24,derived
2024-08-01,"Pulp, Paper, and Paperboard Mills",8056,558,18,14.44,derived
2024-09-01,"Pulp, Paper, and Paperboard Mills",6870,510,17,13.47,derived
2024-10-01,"Pulp, Paper, and Paperboard Mills",7109,527,17,13.49,derived
2024-11-01,"Pulp, Paper, and Paperboard Mills",7605,510,17,14.91,derived
2024-12-01,"Pulp, Paper, and Paperboard Mills",8709,527,17,16.53,derived
2020-01-01,RV (Recreational Vehicle) Parks and Recreational Camps,92802,2356,76,39.39,derived
2020-02-01,RV (Recreational Vehicle) Parks and Recreational Camps,88064,2204,76,39.96,derived
2020-03-01,RV (Recreational Vehicle) Parks and Recreational Camps,51642,2356,76,21.92,derived
2020-04-01,RV (Recreational Vehicle) Parks and Recreational Camps,762,2280,76,0.33,derived
2020-05-01,RV (Recreational Vehicle) Parks and Recreational Camps,37719,2356,76,16.01,derived
2020-06-01,RV (Recreational Vehicle) Parks and Recreational Camps,69130,2280,76,30.32,derived
2020-07-01,RV (Recreational Vehicle) Parks and Recreational Camps,67096,2356,76,28.48,derived
2020-08-01,RV (Recreational Vehicle) Parks and Recreational Camps,65827,2356,76,27.94,derived
2020-09-01,RV (Recreational Vehicle) Parks and Recreational Camps,64561,2280,76,28.32,derived
2020-10-01,RV (Recreational Vehicle) Parks and Recreational Camps,72512,2356,76,30.78,derived
2020-11-01,RV (Recreational Vehicle) Parks and Recreational Camps,74119,2280,76,32.51,derived
2020-12-01,RV (Recreational Vehicle) Parks and Recreational Camps,81021,2356,76,34.39,derived
2021-01-01,RV (Recreational Vehicle) Parks and Recreational Camps,59472,2356,76,25.24,derived
2021-02-01,RV (Recreational Vehicle) Parks and Recreational Camps,54842,2128,76,25.77,derived
2021-03-01,RV (Recreational Vehicle) Parks and Recreational Camps,83245,2356,76,35.33,derived
2021-04-01,RV (Recreational Vehicle) Parks and Recreational Camps,83235,2280,76,36.51,derived
2021-05-01,RV (Recreational Vehicle) Parks and Recreational Camps,85383,2356,76,36.24,derived
2021-06-01,RV (Recreational Vehicle) Parks and Recreational Camps,86678,2280,76,38.02,derived
2021-07-01,RV (Recreational Vehicle) Parks and Recreational Camps,91179,2356,76,38.7,derived
2021-08-01,RV (Recreational Vehicle) Parks and Recreational Camps,87893,2356,76,37.31,derived
2021-09-01,RV (Recreational Vehicle) Parks and Recreational Camps,79097,2280,76,34.69,derived
2021-10-01,RV (Recreational Vehicle) Parks and Recreational Camps,79916,2356,76,33.92,derived
2021-11-01,RV (Recreational Vehicle) Parks and Recreational Camps,88973,2280,76,39.02,derived
2021-12-01,RV (Recreational Vehicle) Parks and Recreational Camps,99037,2356,76,42.04,derived
2022-01-01,RV (Recreational Vehicle) Parks and Recreational Camps,75481,2356,76,32.04,derived
2022-02-01,RV (Recreational Vehicle) Parks and Recreational Camps,71897,2128,76,33.79,derived
2022-03-01,RV (Recreational Vehicle) Parks and Recreational Camps,87752,2356,76,37.25,derived
2022-04-01,RV (Recreational Vehicle) Parks and Recreational Camps,83376,2280,76,36.57,derived
2022-05-01,RV (Recreational Vehicle) Parks and Recreational Camps,86370,2356,76,36.66,derived
2022-06-01,RV (Recreational Vehicle) Parks and Recreational Camps,86505,2280,76,37.94,derived
2022-07-01,RV (Recreational Vehicle) Parks and Recreational Camps,90134,2356,76,38.26,derived
2022-08-01,RV (Recreational Vehicle) Parks and Recreational Camps,91283,2356,76,38.74,derived
2022-09-01,RV (Recreational Vehicle) Parks and Recreational Camps,79280,2280,76,34.77,derived
2022-10-01,RV (Recreational Vehicle) Parks and Recreational Camps,81260,2387,77,34.04,derived
2022-11-01,RV (Recreational Vehicle) Parks and Recreational Camps,86040,2310,77,37.25,derived
2022-12-01,RV (Recreational Vehicle) Parks and Recreational Camps,97902,2387,77,41.01,derived
2023-01-01,RV (Recreational Vehicle) Parks and Recreational Camps,79259,2387,77,33.2,derived
2023-02-01,RV (Recreational Vehicle) Parks and Recreational Camps,73566,2156,77,34.12,derived
2023-03-01,RV (Recreational Vehicle) Parks and Recreational Camps,86707,2387,77,36.32,derived
2023-04-01,RV (Recreational Vehicle) Parks and Recreational Camps,81671,2310,77,35.36,derived
2023-05-01,RV (Recreational Vehicle) Parks and Recreational Camps,86500,2387,77,36.24,derived
2023-06-01,RV (Recreational Vehicle) Parks and Recreational Camps,86831,2310,77,37.59,derived
2023-07-01,RV (Recreational Vehicle) Parks and Recreational Camps,89813,2387,77,37.63,derived
2023-08-01,RV (Recreational Vehicle) Parks and Recreational Camps,88370,2387,77,37.02,derived
2023-09-01,RV (Recreational Vehicle) Parks and Recreational Camps,77730,2310,77,33.65,derived
2023-10-01,RV (Recreational Vehicle) Parks and Recreational Camps,79782,2387,77,33.42,derived
2023-11-01,RV (Recreational Vehicle) Parks and Recreational Camps,84866,2310,77,36.74,derived
2023-12-01,RV (Recreational Vehicle) Parks and Recreational Camps,95697,2387,77,40.09,derived
2024-01-01,RV (Recreational Vehicle) Parks and Recreational Camps,80525,2418,78,33.3,derived
2024-02-01,RV (Recreational Vehicle) Parks and Recreational Camps,76956,2262,78,34.02,derived
2024-03-01,RV (Recreational Vehicle) Parks and Recreational Camps,85379,2418,78,35.31,derived
2024-04-01,RV (Recreational Vehicle) Parks and Recreational Camps,81341,2370,79,34.32,derived
2024-05-01,RV (Recreational Vehicle) Parks and Recreational Camps,88014,2449,79,35.94,derived
2024-06-01,RV (Recreational Vehicle) Parks and Recreational Camps,85686,2370,79,36.15,derived
2024-07-01,RV (Recreational Vehicle) Parks and Recreational Camps,91467,2449,79,37.35,derived
2024-08-01,RV (Recreational Vehicle) Parks and Recreational Camps,90966,2449,79,37.14,derived
2024-09-01,RV (Recreational Vehicle) Parks and Recreational Camps,80538,2460,82,32.74,derived
2024-10-01,RV (Recreational Vehicle) Parks and Recreational Camps,84642,2542,82,33.3,derived
2024-11-01,RV (Recreational Vehicle) Parks and Recreational Camps,92188,2460,82,37.47,derived
2024-12-01,RV (Recreational Vehicle) Parks and Recreational Camps,106894,2573,83,41.54,derived
2020-01-01,Rail Transportation,44252,2728,88,16.22,derived
2020-02-01,Rail Transportation,43418,2552,88,17.01,derived
2020-03-01,Rail Transportation,23768,2728,88,8.71,derived
2020-04-01,Rail Transportation,118,2640,88,0.04,derived
2020-05-01,Rail Transportation,15806,2728,88,5.79,derived
2020-06-01,Rail Transportation,35665,2640,88,13.51,derived
2020-07-01,Rail Transportation,36454,2728,88,13.36,derived
2020-08-01,Rail Transportation,39135,2728,88,14.35,derived
2020-09-01,Rail Transportation,37053,2640,88,14.04,derived
2020-10-01,Rail Transportation,38330,2728,88,14.05,derived
2020-11-01,Rail Transportation,36573,2640,88,13.85,derived
2020-12-01,Rail Transportation,34477,2728,88,12.64,derived
2021-01-01,Rail Transportation,25443,2728,88,9.33,derived
2021-02-01,Rail Transportation,27076,2464,88,10.99,derived
2021-03-01,Rail Transportation,40213,2728,88,14.74,derived
2021-04-01,Rail Transportation,40276,2640,88,15.26,derived
2021-05-01,Rail Transportation,43318,2728,88,15.88,derived
2021-06-01,Rail Transportation,43907,2640,88,16.63,derived
2021-07-01,Rail Transportation,48016,2728,88,17.6,derived
2021-08-01,Rail Transportation,46196,2728,88,16.93,derived
2021-09-01,Rail Transportation,41629,2670,89,15.59,derived
2021-10-01,Rail Transportation,42531,2728,88,15.59,derived
2021-11-01,Rail Transportation,44214,2640,88,16.75,derived
2021-12-01,Rail Transportation,45787,2728,88,16.78,derived
2022-01-01,Rail Transportation,34200,2728,88,12.54,derived
2022-02-01,Rail Transportation,33357,2464,88,13.54,derived
2022-03-01,Rail Transportation,42246,2728,88,15.49,derived
2022-04-01,Rail Transportation,41707,2580,86,16.17,derived
2022-05-01,Rail Transportation,42614,2666,86,15.98,derived
2022-06-01,Rail Transportation,43923,2580,86,17.02,derived
2022-07-01,Rail Transportation,47315,2666,86,17.75,derived
2022-08-01,Rail Transportation,46782,2697,87,17.35,derived
2022-09-01,Rail Transportation,41101,2610,87,15.75,derived
2022-10-01,Rail Transportation,40766,2697,87,15.12,derived
2022-11-01,Rail Transportation,42106,2610,87,16.13,derived
2022-12-01,Rail Transportation,52346,2697,87,19.41,derived
2023-01-01,Rail Transportation,38669,2697,87,14.34,derived
2023-02-01,Rail Transportation,33932,2436,87,13.93,derived
2023-03-01,Rail Transportation,40479,2697,87,15.01,derived
2023-04-01,Rail Transportation,39842,2610,87,15.27,derived
2023-05-01,Rail Transportation,42166,2697,87,15.63,derived
2023-06-01,Rail Transportation,43924,2670,89,16.45,derived
2023-07-01,Rail Transportation,47634,2759,89,17.26,derived
2023-08-01,Rail Transportation,46198,2790,90,16.56,derived
2023-09-01,Rail Transportation,40531,2700,90,15.01,derived
2023-10-01,Rail Transportation,40057,2790,90,14.36,derived
2023-11-01,Rail Transportation,43966,2700,90,16.28,derived
2023-12-01,Rail Transportation,47627,2790,90,17.07,derived
2024-01-01,Rail Transportation,38258,2790,90,13.71,derived
2024-02-01,Rail Transportation,36104,2610,90,13.83,derived
2024-03-01,Rail Transportation,39657,2542,82,15.6,derived
2024-04-01,Rail Transportation,37490,2460,82,15.24,derived
2024-05-01,Rail Transportation,40444,2542,82,15.91,derived
2024-06-01,Rail Transportation,41151,2460,82,16.73,derived
2024-07-01,Rail Transportation,42374,2542,82,16.67,derived
2024-08-01,Rail Transportation,43790,2542,82,17.23,derived
2024-09-01,Rail Transportation,37041,2460,82,15.06,derived
2024-10-01,Rail Transportation,37596,2480,80,15.16,derived
2024-11-01,Rail Transportation,40858,2400,80,17.02,derived
2024-12-01,Rail Transportation,46217,2480,80,18.64,derived
2020-01-01,Remediation and Other Waste Management Services,631,31,1,20.35,derived
2020-02-01,Remediation and Other Waste Management Services,578,29,1,19.93,derived
2020-03-01,Remediation and Other Waste Management Services,313,31,1,10.1,derived
2020-04-01,Remediation and Other Waste Management Services,0,30,1,0.0,derived
2020-05-01,Remediation and Other Waste Management Services,209,31,1,6.74,derived
2020-06-01,Remediation and Other Waste Management Services,315,30,1,10.5,derived
2020-07-01,Remediation and Other Waste Management Services,330,31,1,10.65,derived
2020-08-01,Remediation and Other Waste Management Services,323,31,1,10.42,derived
2020-09-01,Remediation and Other Waste Management Services,303,30,1,10.1,derived
2020-10-01,Remediation and Other Waste Management Services,382,31,1,12.32,derived
2020-11-01,Remediation and Other Waste Management Services,440,30,1,14.67,derived
2020-12-01,Remediation and Other Waste Management Services,539,31,1,17.39,derived
2021-01-01,Remediation and Other Waste Management Services,362,31,1,11.68,derived
2021-02-01,Remediation and Other Waste Management Services,324,28,1,11.57,derived
2021-03-01,Remediation and Other Waste Management Services,480,31,1,15.48,derived
2021-04-01,Remediation and Other Waste Management Services,455,30,1,15.17,derived
2021-05-01,Remediation and Other Waste Management Services,447,31,1,14.42,derived
2021-06-01,Remediation and Other Waste Management Services,415,30,1,13.83,derived
2021-07-01,Remediation and Other Waste Management Services,454,31,1,14.65,derived
2021-08-01,Remediation and Other Waste Management Services,427,31,1,13.77,derived
2021-09-01,Remediation and Other Waste Management Services,417,30,1,13.9,derived
2021-10-01,Remediation and Other Waste Management Services,434,31,1,14.0,derived
2021-11-01,Remediation and Other Waste Management Services,483,30,1,16.1,derived
2021-12-01,Remediation and Other Waste Management Services,617,31,1,19.9,derived
2022-01-01,Remediation and Other Waste Management Services,432,31,1,13.94,derived
2022-02-01,Remediation and Other Waste Management Services,383,28,1,13.68,derived
2022-03-01,Remediation and Other Waste Management Services,452,31,1,14.58,derived
2022-04-01,Remediation and Other Waste Management Services,470,30,1,15.67,derived
2022-05-01,Remediation and Other Waste Management Services,436,31,1,14.06,derived
2022-06-01,Remediation and Other Waste Management Services,420,30,1,14.0,derived
2022-07-01,Remediation and Other Waste Management Services,481,31,1,15.52,derived
2022-08-01,Remediation and Other Waste Management Services,467,31,1,15.06,derived
2022-09-01,Remediation and Other Waste Management Services,381,30,1,12.7,derived
2022-10-01,Remediation and Other Waste Management Services,460,31,1,14.84,derived
2022-11-01,Remediation and Other Waste Management Services,460,30,1,15.33,derived
2022-12-01,Remediation and Other Waste Management Services,591,31,1,19.06,derived
2023-01-01,Remediation and Other Waste Management Services,460,31,1,14.84,derived
2023-02-01,Remediation and Other Waste Management Services,399,28,1,14.25,derived
2023-03-01,Remediation and Other Waste Management Services,486,31,1,15.68,derived
2023-04-01,Remediation and Other Waste Management Services,413,30,1,13.77,derived
2023-05-01,Remediation and Other Waste Management Services,419,31,1,13.52,derived
2023-06-01,Remediation and Other Waste Management Services,427,30,1,14.23,derived
2023-07-01,Remediation and Other Waste Management Services,427,31,1,13.77,derived
2023-08-01,Remediation and Other Waste Management Services,434,31,1,14.0,derived
2023-09-01,Remediation and Other Waste Management Services,392,30,1,13.07,derived
2023-10-01,Remediation and Other Waste Management Services,375,31,1,12.1,derived
2023-11-01,Remediation and Other Waste Management Services,454,30,1,15.13,derived
2023-12-01,Remediation and Other Waste Management Services,578,31,1,18.65,derived
2024-01-01,Remediation and Other Waste Management Services,487,31,1,15.71,derived
2024-02-01,Remediation and Other Waste Management Services,436,29,1,15.03,derived
2024-03-01,Remediation and Other Waste Management Services,499,31,1,16.1,derived
2024-04-01,Remediation and Other Waste Management Services,478,30,1,15.93,derived
2024-05-01,Remediation and Other Waste Management Services,428,31,1,13.81,derived
2024-06-01,Remediation and Other Waste Management Services,431,30,1,14.37,derived
2024-07-01,Remediation and Other Waste Management Services,441,31,1,14.23,derived
2024-08-01,Remediation and Other Waste Management Services,439,31,1,14.16,derived
2024-09-01,Remediation and Other Waste Management Services,347,30,1,11.57,derived
2024-10-01,Remediation and Other Waste Management Services,371,31,1,11.97,derived
2024-11-01,Remediation and Other Waste Management Services,514,30,1,17.13,derived
2024-12-01,Remediation and Other Waste Management Services,624,31,1,20.13,derived
2020-01-01,Residential Building Construction,276308,4681,151,59.03,derived
2020-02-01,Residential Building Construction,272296,4379,151,62.18,derived
2020-03-01,Residential Building Construction,146850,4681,151,31.37,derived
2020-04-01,Residential Building Construction,871,4530,151,0.19,derived
2020-05-01,Residential Building Construction,107939,4681,151,23.06,derived
2020-06-01,Residential Building Construction,195387,4530,151,43.13,derived
2020-07-01,Residential Building Construction,185030,4681,151,39.53,derived
2020-08-01,Residential Building Construction,189647,4681,151,40.51,derived
2020-09-01,Residential Building Construction,187613,4530,151,41.42,derived
2020-10-01,Residential Building Construction,212729,4681,151,45.45,derived
2020-11-01,Residential Building Construction,215197,4530,151,47.5,derived
2020-12-01,Residential Building Construction,221666,4681,151,47.35,derived
2021-01-01,Residential Building Construction,194776,4681,151,41.61,derived
2021-02-01,Residential Building Construction,172119,4228,151,40.71,derived
2021-03-01,Residential Building Construction,236328,4681,151,50.49,derived
2021-04-01,Residential Building Construction,237689,4530,151,52.47,derived
2021-05-01,Residential Building Construction,244590,4712,152,51.91,derived
2021-06-01,Residential Building Construction,234674,4560,152,51.46,derived
2021-07-01,Residential Building Construction,239940,4743,153,50.59,derived
2021-08-01,Residential Building Construction,236030,4743,153,49.76,derived
2021-09-01,Residential Building Construction,228643,4620,154,49.49,derived
2021-10-01,Residential Building Construction,232656,4774,154,48.73,derived
2021-11-01,Residential Building Construction,245263,4620,154,53.09,derived
2021-12-01,Residential Building Construction,259743,4774,154,54.41,derived
2022-01-01,Residential Building Construction,235391,4805,155,48.99,derived
2022-02-01,Residential Building Construction,220891,4340,155,50.9,derived
2022-03-01,Residential Building Construction,250661,4805,155,52.17,derived
2022-04-01,Residential Building Construction,240095,4650,155,51.63,derived
2022-05-01,Residential Building Construction,232392,4805,155,48.36,derived
2022-06-01,Residential Building Construction,223645,4650,155,48.1,derived
2022-07-01,Residential Building Construction,240633,4836,156,49.76,derived
2022-08-01,Residential Building Construction,248731,4836,156,51.43,derived
2022-09-01,Residential Building Construction,236108,4680,156,50.45,derived
2022-10-01,Residential Building Construction,229910,4805,155,47.85,derived
2022-11-01,Residential Building Construction,236968,4650,155,50.96,derived
2022-12-01,Residential Building Construction,260916,4805,155,54.3,derived
2023-01-01,Residential Building Construction,233921,4805,155,48.68,derived
2023-02-01,Residential Building Construction,218608,4368,156,50.05,derived
2023-03-01,Residential Building Construction,245244,4836,156,50.71,derived
2023-04-01,Residential Building Construction,229825,4680,156,49.11,derived
2023-05-01,Residential Building Construction,236753,4805,155,49.27,derived
2023-06-01,Residential Building Construction,233963,4650,155,50.31,derived
2023-07-01,Residential Building Construction,248201,4836,156,51.32,derived
2023-08-01,Residential Building Construction,248467,4805,155,51.71,derived
2023-09-01,Residential Building Construction,235577,4650,155,50.66,derived
2023-10-01,Residential Building Construction,224650,4867,157,46.16,derived
2023-11-01,Residential Building Construction,237007,4710,157,50.32,derived
2023-12-01,Residential Building Construction,253784,4867,157,52.14,derived
2024-01-01,Residential Building Construction,235552,4867,157,48.4,derived
2024-02-01,Residential Building Construction,229457,4553,157,50.4,derived
2024-03-01,Residential Building Construction,248421,4867,157,51.04,derived
2024-04-01,Residential Building Construction,224653,4710,157,47.7,derived
2024-05-01,Residential Building Construction,241280,4867,157,49.57,derived
2024-06-01,Residential Building Construction,228212,4710,157,48.45,derived
2024-07-01,Residential Building Construction,242884,4867,157,49.9,derived
2024-08-01,Residential Building Construction,247287,4867,157,50.81,derived
2024-09-01,Residential Building Construction,219586,4710,157,46.62,derived
2024-10-01,Residential Building Construction,226857,4867,157,46.61,derived
2024-11-01,Residential Building Construction,250925,4740,158,52.94,derived
2024-12-01,Residential Building Construction,273631,4898,158,55.87,derived
2020-01-01,"Resin, Synthetic Rubber, and Artificial and Synthetic Fibers and Filaments Manufacturing",23443,124,4,189.06,derived
2020-02-01,"Resin, Synthetic Rubber, and Artificial and Synthetic Fibers and Filaments Manufacturing",24132,116,4,208.03,derived
2020-03-01,"Resin, Synthetic Rubber, and Artificial and Synthetic Fibers and Filaments Manufacturing",14497,124,4,116.91,derived
2020-04-01,"Resin, Synthetic Rubber, and Artificial and Synthetic Fibers and Filaments Manufacturing",0,120,4,0.0,derived
2020-05-01,"Resin, Synthetic Rubber, and Artificial and Synthetic Fibers and Filaments Manufacturing",8908,124,4,71.84,derived
2020-06-01,"Resin, Synthetic Rubber, and Artificial and Synthetic Fibers and Filaments Manufacturing",21038,120,4,175.32,derived
2020-07-01,"Resin, Synthetic Rubber, and Artificial and Synthetic Fibers and Filaments Manufacturing",23116,124,4,186.42,derived
2020-08-01,"Resin, Synthetic Rubber, and Artificial and Synthetic Fibers and Filaments Manufacturing",23260,124,4,187.58,derived
2020-09-01,"Resin, Synthetic Rubber, and Artificial and Synthetic Fibers and Filaments Manufacturing",20139,120,4,167.83,derived
2020-10-01,"Resin, Synthetic Rubber, and Artificial and Synthetic Fibers and Filaments Manufacturing",20357,124,4,164.17,derived
2020-11-01,"Resin, Synthetic Rubber, and Artificial and Synthetic Fibers and Filaments Manufacturing",21687,120,4,180.73,derived
2020-12-01,"Resin, Synthetic Rubber, and Artificial and Synthetic Fibers and Filaments Manufacturing",25179,124,4,203.06,derived
2021-01-01,"Resin, Synthetic Rubber, and Artificial and Synthetic Fibers and Filaments Manufacturing",15975,124,4,128.83,derived
2021-02-01,"Resin, Synthetic Rubber, and Artificial and Synthetic Fibers and Filaments Manufacturing",13142,112,4,117.34,derived
2021-03-01,"Resin, Synthetic Rubber, and Artificial and Synthetic Fibers and Filaments Manufacturing",21556,124,4,173.84,derived
2021-04-01,"Resin, Synthetic Rubber, and Artificial and Synthetic Fibers and Filaments Manufacturing",21447,120,4,178.73,derived
2021-05-01,"Resin, Synthetic Rubber, and Artificial and Synthetic Fibers and Filaments Manufacturing",23384,124,4,188.58,derived
2021-06-01,"Resin, Synthetic Rubber, and Artificial and Synthetic Fibers and Filaments Manufacturing",23278,120,4,193.98,derived
2021-07-01,"Resin, Synthetic Rubber, and Artificial and Synthetic Fibers and Filaments Manufacturing",25071,124,4,202.19,derived
2021-08-01,"Resin, Synthetic Rubber, and Artificial and Synthetic Fibers and Filaments Manufacturing",23975,124,4,193.35,derived
2021-09-01,"Resin, Synthetic Rubber, and Artificial and Synthetic Fibers and Filaments Manufacturing",21767,120,4,181.39,derived
2021-10-01,"Resin, Synthetic Rubber, and Artificial and Synthetic Fibers and Filaments Manufacturing",23374,124,4,188.5,derived
2021-11-01,"Resin, Synthetic Rubber, and Artificial and Synthetic Fibers and Filaments Manufacturing",24312,120,4,202.6,derived
2021-12-01,"Resin, Synthetic Rubber, and Artificial and Synthetic Fibers and Filaments Manufacturing",27061,124,4,218.23,derived
2022-01-01,"Resin, Synthetic Rubber, and Artificial and Synthetic Fibers and Filaments Manufacturing",17670,124,4,142.5,derived
2022-02-01,"Resin, Synthetic Rubber, and Artificial and Synthetic Fibers and Filaments Manufacturing",18299,112,4,163.38,derived
2022-03-01,"Resin, Synthetic Rubber, and Artificial and Synthetic Fibers and Filaments Manufacturing",22046,124,4,177.79,derived
2022-04-01,"Resin, Synthetic Rubber, and Artificial and Synthetic Fibers and Filaments Manufacturing",22241,120,4,185.34,derived
2022-05-01,"Resin, Synthetic Rubber, and Artificial and Synthetic Fibers and Filaments Manufacturing",22530,124,4,181.69,derived
2022-06-01,"Resin, Synthetic Rubber, and Artificial and Synthetic Fibers and Filaments Manufacturing",23674,120,4,197.28,derived
2022-07-01,"Resin, Synthetic Rubber, and Artificial and Synthetic Fibers and Filaments Manufacturing",25066,124,4,202.15,derived
2022-08-01,"Resin, Synthetic Rubber, and Artificial and Synthetic Fibers and Filaments Manufacturing",25557,124,4,206.1,derived
2022-09-01,"Resin, Synthetic Rubber, and Artificial and Synthetic Fibers and Filaments Manufacturing",21788,120,4,181.57,derived
2022-10-01,"Resin, Synthetic Rubber, and Artificial and Synthetic Fibers and Filaments Manufacturing",21898,124,4,176.6,derived
2022-11-01,"Resin, Synthetic Rubber, and Artificial and Synthetic Fibers and Filaments Manufacturing",23366,120,4,194.72,derived
2022-12-01,"Resin, Synthetic Rubber, and Artificial and Synthetic Fibers and Filaments Manufacturing",25928,124,4,209.1,derived
2023-01-01,"Resin, Synthetic Rubber, and Artificial and Synthetic Fibers and Filaments Manufacturing",19887,124,4,160.38,derived
2023-02-01,"Resin, Synthetic Rubber, and Artificial and Synthetic Fibers and Filaments Manufacturing",18534,112,4,165.48,derived
2023-03-01,"Resin, Synthetic Rubber, and Artificial and Synthetic Fibers and Filaments Manufacturing",21832,124,4,176.06,derived
2023-04-01,"Resin, Synthetic Rubber, and Artificial and Synthetic Fibers and Filaments Manufacturing",22256,120,4,185.47,derived
2023-05-01,"Resin, Synthetic Rubber, and Artificial and Synthetic Fibers and Filaments Manufacturing",22880,124,4,184.52,derived
2023-06-01,"Resin, Synthetic Rubber, and Artificial and Synthetic Fibers and Filaments Manufacturing",23500,120,4,195.83,derived
2023-07-01,"Resin, Synthetic Rubber, and Artificial and Synthetic Fibers and Filaments Manufacturing",24632,124,4,198.65,derived
2023-08-01,"Resin, Synthetic Rubber, and Artificial and Synthetic Fibers and Filaments Manufacturing",24189,124,4,195.07,derived
2023-09-01,"Resin, Synthetic Rubber, and Artificial and Synthetic Fibers and Filaments Manufacturing",21377,120,4,178.14,derived
2023-10-01,"Resin, Synthetic Rubber, and Artificial and Synthetic Fibers and Filaments Manufacturing",21209,124,4,171.04,derived
2023-11-01,"Resin, Synthetic Rubber, and Artificial and Synthetic Fibers and Filaments Manufacturing",23650,120,4,197.08,derived
2023-12-01,"Resin, Synthetic Rubber, and Artificial and Synthetic Fibers and Filaments Manufacturing",26819,124,4,216.28,derived
2024-01-01,"Resin, Synthetic Rubber, and Artificial and Synthetic Fibers and Filaments Manufacturing",18080,124,4,145.81,derived
2024-02-01,"Resin, Synthetic Rubber, and Artificial and Synthetic Fibers and Filaments Manufacturing",19547,116,4,168.51,derived
2024-03-01,"Resin, Synthetic Rubber, and Artificial and Synthetic Fibers and Filaments Manufacturing",22128,124,4,178.45,derived
2024-04-01,"Resin, Synthetic Rubber, and Artificial and Synthetic Fibers and Filaments Manufacturing",20325,120,4,169.38,derived
2024-05-01,"Resin, Synthetic Rubber, and Artificial and Synthetic Fibers and Filaments Manufacturing",23143,124,4,186.64,derived
2024-06-01,"Resin, Synthetic Rubber, and Artificial and Synthetic Fibers and Filaments Manufacturing",23177,120,4,193.14,derived
2024-07-01,"Resin, Synthetic Rubber, and Artificial and Synthetic Fibers and Filaments Manufacturing",23794,124,4,191.89,derived
2024-08-01,"Resin, Synthetic Rubber, and Artificial and Synthetic Fibers and Filaments Manufacturing",25440,124,4,205.16,derived
2024-09-01,"Resin, Synthetic Rubber, and Artificial and Synthetic Fibers and Filaments Manufacturing",20739,120,4,172.83,derived
2024-10-01,"Resin, Synthetic Rubber, and Artificial and Synthetic Fibers and Filaments Manufacturing",21738,124,4,175.31,derived
2024-11-01,"Resin, Synthetic Rubber, and Artificial and Synthetic Fibers and Filaments Manufacturing",23659,120,4,197.16,derived
2024-12-01,"Resin, Synthetic Rubber, and Artificial and Synthetic Fibers and Filaments Manufacturing",27324,124,4,220.35,derived
2020-01-01,Restaurants and Other Eating Places,1162632316,795987,25677,1460.62,derived
2020-02-01,Restaurants and Other Eating Places,1177491192,744140,25660,1582.35,derived
2020-03-01,Restaurants and Other Eating Places,699856159,795553,25663,879.71,derived
2020-04-01,Restaurants and Other Eating Places,164826971,769980,25666,214.07,derived
2020-05-01,Restaurants and Other Eating Places,444855803,794375,25625,560.01,derived
2020-06-01,Restaurants and Other Eating Places,740680888,768540,25618,963.75,derived
2020-07-01,Restaurants and Other Eating Places,704892354,793073,25583,888.81,derived
2020-08-01,Restaurants and Other Eating Places,661066603,792391,25561,834.27,derived
2020-09-01,Restaurants and Other Eating Places,726720468,765720,25524,949.07,derived
2020-10-01,Restaurants and Other Eating Places,794386811,791709,25539,1003.38,derived
2020-11-01,Restaurants and Other Eating Places,736313689,765930,25531,961.33,derived
2020-12-01,Restaurants and Other Eating Places,702307105,791895,25545,886.87,derived
2021-01-01,Restaurants and Other Eating Places,634418912,790810,25510,802.24,derived
2021-02-01,Restaurants and Other Eating Places,562296018,714532,25519,786.94,derived
2021-03-01,Restaurants and Other Eating Places,842141183,791926,25546,1063.41,derived
2021-04-01,Restaurants and Other Eating Places,912212163,767370,25579,1188.75,derived
2021-05-01,Restaurants and Other Eating Places,939401119,796576,25696,1179.3,derived
2021-06-01,Restaurants and Other Eating Places,1108037626,771780,25726,1435.69,derived
2021-07-01,Restaurants and Other Eating Places,1173161563,798343,25753,1469.5,derived
2021-08-01,Restaurants and Other Eating Places,1081552308,797444,25724,1356.27,derived
2021-09-01,Restaurants and Other Eating Places,1044806150,770340,25678,1356.29,derived
2021-10-01,Restaurants and Other Eating Places,1099970564,795894,25674,1382.06,derived
2021-11-01,Restaurants and Other Eating Places,1066430311,771690,25723,1381.94,derived
2021-12-01,Restaurants and Other Eating Places,1129833082,798033,25743,1415.77,derived
2022-01-01,Restaurants and Other Eating Places,978477980,797351,25721,1227.16,derived
2022-02-01,Restaurants and Other Eating Places,961614115,720720,25740,1334.24,derived
2022-03-01,Restaurants and Other Eating Places,1101781266,798157,25747,1380.41,derived
2022-04-01,Restaurants and Other Eating Places,1154902854,766590,25553,1506.55,derived
2022-05-01,Restaurants and Other Eating Places,1166451064,793507,25597,1469.99,derived
2022-06-01,Restaurants and Other Eating Places,1150305010,768960,25632,1495.92,derived
2022-07-01,Restaurants and Other Eating Places,1189024302,794654,25634,1496.28,derived
2022-08-01,Restaurants and Other Eating Places,1110280438,795274,25654,1396.1,derived
2022-09-01,Restaurants and Other Eating Places,1066337566,771150,25705,1382.79,derived
2022-10-01,Restaurants and Other Eating Places,1104559767,798095,25745,1384.0,derived
2022-11-01,Restaurants and Other Eating Places,1035193018,773910,25797,1337.61,derived
2022-12-01,Restaurants and Other Eating Places,1113679973,801319,25849,1389.81,derived
2023-01-01,Restaurants and Other Eating Places,1040102158,802094,25874,1296.73,derived
2023-02-01,Restaurants and Other Eating Places,1014127877,725704,25918,1397.44,derived
2023-03-01,Restaurants and Other Eating Places,1109450452,804450,25950,1379.14,derived
2023-04-01,Restaurants and Other Eating Places,1148333205,779730,25991,1472.73,derived
2023-05-01,Restaurants and Other Eating Places,1147225173,806341,26011,1422.75,derived
2023-06-01,Restaurants and Other Eating Places,1147470872,781860,26062,1467.62,derived
2023-07-01,Restaurants and Other Eating Places,1188267903,809348,26108,1468.18,derived
2023-08-01,Restaurants and Other Eating Places,1097523397,810526,26146,1354.09,derived
2023-09-01,Restaurants and Other Eating Places,1056988110,785340,26178,1345.9,derived
2023-10-01,Restaurants and Other Eating Places,1077086525,812665,26215,1325.38,derived
2023-11-01,Restaurants and Other Eating Places,1041654784,787020,26234,1323.54,derived
2023-12-01,Restaurants and Other Eating Places,1115745926,814153,26263,1370.44,derived
2024-01-01,Restaurants and Other Eating Places,998172572,814308,26268,1225.79,derived
2024-02-01,Restaurants and Other Eating Places,1026535110,761946,26274,1347.25,derived
2024-03-01,Restaurants and Other Eating Places,1137563210,815145,26295,1395.53,derived
2024-04-01,Restaurants and Other Eating Places,1091490444,789810,26327,1381.97,derived
2024-05-01,Restaurants and Other Eating Places,1165872368,816850,26350,1427.28,derived
2024-06-01,Restaurants and Other Eating Places,1149171862,790800,26360,1453.18,derived
2024-07-01,Restaurants and Other Eating Places,1150798991,817222,26362,1408.18,derived
2024-08-01,Restaurants and Other Eating Places,1115409976,817749,26379,1364.0,derived
2024-09-01,Restaurants and Other Eating Places,1009049203,790860,26362,1275.89,derived
2024-10-01,Restaurants and Other Eating Places,1057696530,818431,26401,1292.35,derived
2024-11-01,Restaurants and Other Eating Places,1059333298,792510,26417,1336.68,derived
2024-12-01,Restaurants and Other Eating Places,1138393806,818741,26411,1390.42,derived
2020-01-01,Sawmills and Wood Preservation,141717,124,4,1142.88,derived
2020-02-01,Sawmills and Wood Preservation,136783,116,4,1179.16,derived
2020-03-01,Sawmills and Wood Preservation,88812,124,4,716.23,derived
2020-04-01,Sawmills and Wood Preservation,8820,120,4,73.5,derived
2020-05-01,Sawmills and Wood Preservation,82323,124,4,663.9,derived
2020-06-01,Sawmills and Wood Preservation,112381,120,4,936.51,derived
2020-07-01,Sawmills and Wood Preservation,110269,124,4,889.27,derived
2020-08-01,Sawmills and Wood Preservation,102444,124,4,826.16,derived
2020-09-01,Sawmills and Wood Preservation,98307,120,4,819.23,derived
2020-10-01,Sawmills and Wood Preservation,105657,124,4,852.07,derived
2020-11-01,Sawmills and Wood Preservation,117343,120,4,977.86,derived
2020-12-01,Sawmills and Wood Preservation,135296,124,4,1091.1,derived
2021-01-01,Sawmills and Wood Preservation,97024,124,4,782.45,derived
2021-02-01,Sawmills and Wood Preservation,86208,112,4,769.71,derived
2021-03-01,Sawmills and Wood Preservation,125042,124,4,1008.4,derived
2021-04-01,Sawmills and Wood Preservation,128325,120,4,1069.38,derived
2021-05-01,Sawmills and Wood Preservation,132908,124,4,1071.84,derived
2021-06-01,Sawmills and Wood Preservation,123840,120,4,1032.0,derived
2021-07-01,Sawmills and Wood Preservation,129976,124,4,1048.19,derived
2021-08-01,Sawmills and Wood Preservation,118530,124,4,955.89,derived
2021-09-01,Sawmills and Wood Preservation,110769,120,4,923.08,derived
2021-10-01,Sawmills and Wood Preservation,116285,124,4,937.78,derived
2021-11-01,Sawmills and Wood Preservation,128306,120,4,1069.22,derived
2021-12-01,Sawmills and Wood Preservation,145576,124,4,1174.0,derived
2022-01-01,Sawmills and Wood Preservation,111232,124,4,897.03,derived
2022-02-01,Sawmills and Wood Preservation,110237,112,4,984.26,derived
2022-03-01,Sawmills and Wood Preservation,128041,124,4,1032.59,derived
2022-04-01,Sawmills and Wood Preservation,120823,120,4,1006.86,derived
2022-05-01,Sawmills and Wood Preservation,123591,124,4,996.7,derived
2022-06-01,Sawmills and Wood Preservation,119305,120,4,994.21,derived
2022-07-01,Sawmills and Wood Preservation,128537,124,4,1036.59,derived
2022-08-01,Sawmills and Wood Preservation,123319,124,4,994.51,derived
2022-09-01,Sawmills and Wood Preservation,113421,120,4,945.18,derived
2022-10-01,Sawmills and Wood Preservation,116843,124,4,942.28,derived
2022-11-01,Sawmills and Wood Preservation,120915,120,4,1007.63,derived
2022-12-01,Sawmills and Wood Preservation,139216,124,4,1122.71,derived
2023-01-01,Sawmills and Wood Preservation,112038,124,4,903.53,derived
2023-02-01,Sawmills and Wood Preservation,104821,112,4,935.9,derived
2023-03-01,Sawmills and Wood Preservation,125274,124,4,1010.27,derived
2023-04-01,Sawmills and Wood Preservation,118234,120,4,985.28,derived
2023-05-01,Sawmills and Wood Preservation,122474,124,4,987.69,derived
2023-06-01,Sawmills and Wood Preservation,121858,120,4,1015.48,derived
2023-07-01,Sawmills and Wood Preservation,126437,124,4,1019.65,derived
2023-08-01,Sawmills and Wood Preservation,114590,124,4,924.11,derived
2023-09-01,Sawmills and Wood Preservation,111784,120,4,931.53,derived
2023-10-01,Sawmills and Wood Preservation,112177,124,4,904.65,derived
2023-11-01,Sawmills and Wood Preservation,121127,120,4,1009.39,derived
2023-12-01,Sawmills and Wood Preservation,140119,124,4,1129.99,derived
2024-01-01,Sawmills and Wood Preservation,110415,124,4,890.44,derived
2024-02-01,Sawmills and Wood Preservation,112465,116,4,969.53,derived
2024-03-01,Sawmills and Wood Preservation,121304,124,4,978.26,derived
2024-04-01,Sawmills and Wood Preservation,111802,120,4,931.68,derived
2024-05-01,Sawmills and Wood Preservation,120992,124,4,975.74,derived
2024-06-01,Sawmills and Wood Preservation,115279,120,4,960.66,derived
2024-07-01,Sawmills and Wood Preservation,122821,124,4,990.49,derived
2024-08-01,Sawmills and Wood Preservation,122669,124,4,989.27,derived
2024-09-01,Sawmills and Wood Preservation,107252,120,4,893.77,derived
2024-10-01,Sawmills and Wood Preservation,107152,124,4,864.13,derived
2024-11-01,Sawmills and Wood Preservation,123375,120,4,1028.13,derived
2024-12-01,Sawmills and Wood Preservation,143651,124,4,1158.48,derived
2020-01-01,Securities and Commodity Contracts Intermediation and Brokerage,51153,3472,112,14.73,derived
2020-02-01,Securities and Commodity Contracts Intermediation and Brokerage,45219,3248,112,13.92,derived
2020-03-01,Securities and Commodity Contracts Intermediation and Brokerage,29810,3472,112,8.59,derived
2020-04-01,Securities and Commodity Contracts Intermediation and Brokerage,3053,3360,112,0.91,derived
2020-05-01,Securities and Commodity Contracts Intermediation and Brokerage,22683,3472,112,6.53,derived
2020-06-01,Securities and Commodity Contracts Intermediation and Brokerage,39578,3360,112,11.78,derived
2020-07-01,Securities and Commodity Contracts Intermediation and Brokerage,40872,3472,112,11.77,derived
2020-08-01,Securities and Commodity Contracts Intermediation and Brokerage,37439,3472,112,10.78,derived
2020-09-01,Securities and Commodity Contracts Intermediation and Brokerage,38657,3360,112,11.51,derived
2020-10-01,Securities and Commodity Contracts Intermediation and Brokerage,38495,3472,112,11.09,derived
2020-11-01,Securities and Commodity Contracts Intermediation and Brokerage,35859,3360,112,10.67,derived
2020-12-01,Securities and Commodity Contracts Intermediation and Brokerage,39124,3472,112,11.27,derived
2021-01-01,Securities and Commodity Contracts Intermediation and Brokerage,30373,3472,112,8.75,derived
2021-02-01,Securities and Commodity Contracts Intermediation and Brokerage,30847,3136,112,9.84,derived
2021-03-01,Securities and Commodity Contracts Intermediation and Brokerage,43605,3472,112,12.56,derived
2021-04-01,Securities and Commodity Contracts Intermediation and Brokerage,43909,3360,112,13.07,derived
2021-05-01,Securities and Commodity Contracts Intermediation and Brokerage,42799,3472,112,12.33,derived
2021-06-01,Securities and Commodity Contracts Intermediation and Brokerage,45107,3360,112,13.42,derived
2021-07-01,Securities and Commodity Contracts Intermediation and Brokerage,46466,3472,112,13.38,derived
2021-08-01,Securities and Commodity Contracts Intermediation and Brokerage,45964,3503,113,13.12,derived
2021-09-01,Securities and Commodity Contracts Intermediation and Brokerage,44709,3390,113,13.19,derived
2021-10-01,Securities and Commodity Contracts Intermediation and Brokerage,43244,3503,113,12.34,derived
2021-11-01,Securities and Commodity Contracts Intermediation and Brokerage,44033,3360,112,13.11,derived
2021-12-01,Securities and Commodity Contracts Intermediation and Brokerage,49369,3472,112,14.22,derived
2022-01-01,Securities and Commodity Contracts Intermediation and Brokerage,38769,3472,112,11.17,derived
2022-02-01,Securities and Commodity Contracts Intermediation and Brokerage,37697,3108,111,12.13,derived
2022-03-01,Securities and Commodity Contracts Intermediation and Brokerage,46127,3472,112,13.29,derived
2022-04-01,Securities and Commodity Contracts Intermediation and Brokerage,44874,3360,112,13.36,derived
2022-05-01,Securities and Commodity Contracts Intermediation and Brokerage,48878,3627,117,13.48,derived
2022-06-01,Securities and Commodity Contracts Intermediation and Brokerage,47364,3510,117,13.49,derived
2022-07-01,Securities and Commodity Contracts Intermediation and Brokerage,46279,3782,122,12.24,derived
2022-08-01,Securities and Commodity Contracts Intermediation and Brokerage,51639,3813,123,13.54,derived
2022-09-01,Securities and Commodity Contracts Intermediation and Brokerage,49146,3630,121,13.54,derived
2022-10-01,Securities and Commodity Contracts Intermediation and Brokerage,46101,3751,121,12.29,derived
2022-11-01,Securities and Commodity Contracts Intermediation and Brokerage,45909,3600,120,12.75,derived
2022-12-01,Securities and Commodity Contracts Intermediation and Brokerage,53164,3720,120,14.29,derived
2023-01-01,Securities and Commodity Contracts Intermediation and Brokerage,44080,3689,119,11.95,derived
2023-02-01,Securities and Commodity Contracts Intermediation and Brokerage,40860,3304,118,12.37,derived
2023-03-01,Securities and Commodity Contracts Intermediation and Brokerage,48108,3658,118,13.15,derived
2023-04-01,Securities and Commodity Contracts Intermediation and Brokerage,42970,3570,119,12.04,derived
2023-05-01,Securities and Commodity Contracts Intermediation and Brokerage,50274,3689,119,13.63,derived
2023-06-01,Securities and Commodity Contracts Intermediation and Brokerage,48335,3660,122,13.21,derived
2023-07-01,Securities and Commodity Contracts Intermediation and Brokerage,46648,3782,122,12.33,derived
2023-08-01,Securities and Commodity Contracts Intermediation and Brokerage,50016,3782,122,13.22,derived
2023-09-01,Securities and Commodity Contracts Intermediation and Brokerage,46068,3660,122,12.59,derived
2023-10-01,Securities and Commodity Contracts Intermediation and Brokerage,48407,3875,125,12.49,derived
2023-11-01,Securities and Commodity Contracts Intermediation and Brokerage,47131,3750,125,12.57,derived
2023-12-01,Securities and Commodity Contracts Intermediation and Brokerage,49197,3720,120,13.23,derived
2024-01-01,Securities and Commodity Contracts Intermediation and Brokerage,44127,3658,118,12.06,derived
2024-02-01,Securities and Commodity Contracts Intermediation and Brokerage,43879,3422,118,12.82,derived
2024-03-01,Securities and Commodity Contracts Intermediation and Brokerage,44672,3658,118,12.21,derived
2024-04-01,Securities and Commodity Contracts Intermediation and Brokerage,46515,3540,118,13.14,derived
2024-05-01,Securities and Commodity Contracts Intermediation and Brokerage,40290,3038,98,13.26,derived
2024-06-01,Securities and Commodity Contracts Intermediation and Brokerage,35015,3000,100,11.67,derived
2024-07-01,Securities and Commodity Contracts Intermediation and Brokerage,40333,3100,100,13.01,derived
2024-08-01,Securities and Commodity Contracts Intermediation and Brokerage,41094,3131,101,13.12,derived
2024-09-01,Securities and Commodity Contracts Intermediation and Brokerage,39498,3030,101,13.04,derived
2024-10-01,Securities and Commodity Contracts Intermediation and Brokerage,42416,3193,103,13.28,derived
2024-11-01,Securities and Commodity Contracts Intermediation and Brokerage,37083,3060,102,12.12,derived
2024-12-01,Securities and Commodity Contracts Intermediation and Brokerage,44006,3193,103,13.78,derived
2020-01-01,Services to Buildings and Dwellings,88389,6882,222,12.84,derived
2020-02-01,Services to Buildings and Dwellings,80981,6438,222,12.58,derived
2020-03-01,Services to Buildings and Dwellings,48363,6882,222,7.03,derived
2020-04-01,Services to Buildings and Dwellings,1204,6660,222,0.18,derived
2020-05-01,Services to Buildings and Dwellings,36461,6882,222,5.3,derived
2020-06-01,Services to Buildings and Dwellings,66545,6660,222,9.99,derived
2020-07-01,Services to Buildings and Dwellings,66940,6882,222,9.73,derived
2020-08-01,Services to Buildings and Dwellings,64188,6882,222,9.33,derived
2020-09-01,Services to Buildings and Dwellings,64580,6660,222,9.7,derived
2020-10-01,Services to Buildings and Dwellings,67717,6882,222,9.84,derived
2020-11-01,Services to Buildings and Dwellings,70952,6660,222,10.65,derived
2020-12-01,Services to Buildings and Dwellings,73626,6882,222,10.7,derived
2021-01-01,Services to Buildings and Dwellings,53625,6882,222,7.79,derived
2021-02-01,Services to Buildings and Dwellings,48256,6216,222,7.76,derived
2021-03-01,Services to Buildings and Dwellings,77067,6913,223,11.15,derived
2021-04-01,Services to Buildings and Dwellings,79427,6630,221,11.98,derived
2021-05-01,Services to Buildings and Dwellings,79142,6820,220,11.6,derived
2021-06-01,Services to Buildings and Dwellings,78963,6600,220,11.96,derived
2021-07-01,Services to Buildings and Dwellings,82064,6820,220,12.03,derived
2021-08-01,Services to Buildings and Dwellings,80167,6820,220,11.75,derived
2021-09-01,Services to Buildings and Dwellings,76700,6570,219,11.67,derived
2021-10-01,Services to Buildings and Dwellings,73961,6789,219,10.89,derived
2021-11-01,Services to Buildings and Dwellings,82497,6690,223,12.33,derived
2021-12-01,Services to Buildings and Dwellings,86229,6913,223,12.47,derived
2022-01-01,Services to Buildings and Dwellings,68101,6913,223,9.85,derived
2022-02-01,Services to Buildings and Dwellings,65783,6244,223,10.54,derived
2022-03-01,Services to Buildings and Dwellings,79793,6882,222,11.59,derived
2022-04-01,Services to Buildings and Dwellings,77729,6660,222,11.67,derived
2022-05-01,Services to Buildings and Dwellings,81180,6882,222,11.8,derived
2022-06-01,Services to Buildings and Dwellings,79982,6690,223,11.96,derived
2022-07-01,Services to Buildings and Dwellings,78450,6944,224,11.3,derived
2022-08-01,Services to Buildings and Dwellings,83628,6944,224,12.04,derived
2022-09-01,Services to Buildings and Dwellings,77076,6720,224,11.47,derived
2022-10-01,Services to Buildings and Dwellings,74157,6975,225,10.63,derived
2022-11-01,Services to Buildings and Dwellings,79973,6780,226,11.8,derived
2022-12-01,Services to Buildings and Dwellings,92173,7378,238,12.49,derived
2023-01-01,Services to Buildings and Dwellings,76822,7409,239,10.37,derived
2023-02-01,Services to Buildings and Dwellings,69783,6636,237,10.52,derived
2023-03-01,Services to Buildings and Dwellings,83680,7316,236,11.44,derived
2023-04-01,Services to Buildings and Dwellings,77123,7110,237,10.85,derived
2023-05-01,Services to Buildings and Dwellings,86892,7347,237,11.83,derived
2023-06-01,Services to Buildings and Dwellings,83596,7170,239,11.66,derived
2023-07-01,Services to Buildings and Dwellings,84294,7502,242,11.24,derived
2023-08-01,Services to Buildings and Dwellings,87486,7471,241,11.71,derived
2023-09-01,Services to Buildings and Dwellings,79724,7230,241,11.03,derived
2023-10-01,Services to Buildings and Dwellings,80864,7471,241,10.82,derived
2023-11-01,Services to Buildings and Dwellings,85063,7260,242,11.72,derived
2023-12-01,Services to Buildings and Dwellings,89124,7533,243,11.83,derived
2024-01-01,Services to Buildings and Dwellings,79605,7502,242,10.61,derived
2024-02-01,Services to Buildings and Dwellings,76148,7018,242,10.85,derived
2024-03-01,Services to Buildings and Dwellings,80865,7502,242,10.78,derived
2024-04-01,Services to Buildings and Dwellings,82777,7260,242,11.4,derived
2024-05-01,Services to Buildings and Dwellings,87616,7471,241,11.73,derived
2024-06-01,Services to Buildings and Dwellings,78431,7140,238,10.98,derived
2024-07-01,Services to Buildings and Dwellings,86715,7378,238,11.75,derived
2024-08-01,Services to Buildings and Dwellings,85659,7316,236,11.71,derived
2024-09-01,Services to Buildings and Dwellings,75664,7050,235,10.73,derived
2024-10-01,Services to Buildings and Dwellings,80290,7285,235,11.02,derived
2024-11-01,Services to Buildings and Dwellings,82382,7050,235,11.69,derived
2024-12-01,Services to Buildings and Dwellings,91208,7285,235,12.52,derived
2020-01-01,Shoe Stores,25157891,43183,1393,582.59,derived
2020-02-01,Shoe Stores,24632234,40426,1394,609.32,derived
2020-03-01,Shoe Stores,12610125,43214,1394,291.81,derived
2020-04-01,Shoe Stores,21672,41790,1393,0.52,derived
2020-05-01,Shoe Stores,4090467,43183,1393,94.72,derived
2020-06-01,Shoe Stores,15356047,41820,1394,367.19,derived
2020-07-01,Shoe Stores,19867890,43121,1391,460.75,derived
2020-08-01,Shoe Stores,20670000,43152,1392,479.0,derived
2020-09-01,Shoe Stores,18789910,41790,1393,449.63,derived
2020-10-01,Shoe Stores,20067758,43183,1393,464.71,derived
2020-11-01,Shoe Stores,20136296,41730,1391,482.54,derived
2020-12-01,Shoe Stores,27942874,43028,1388,649.41,derived
2021-01-01,Shoe Stores,16497958,42687,1377,386.49,derived
2021-02-01,Shoe Stores,13928924,37772,1349,368.76,derived
2021-03-01,Shoe Stores,24049519,41664,1344,577.23,derived
2021-04-01,Shoe Stores,24799772,40230,1341,616.45,derived
2021-05-01,Shoe Stores,25973454,41416,1336,627.14,derived
2021-06-01,Shoe Stores,26030913,40200,1340,647.54,derived
2021-07-01,Shoe Stores,30289948,41385,1335,731.91,derived
2021-08-01,Shoe Stores,32938561,41168,1328,800.1,derived
2021-09-01,Shoe Stores,23194112,39870,1329,581.74,derived
2021-10-01,Shoe Stores,24059095,40889,1319,588.4,derived
2021-11-01,Shoe Stores,27323801,39210,1307,696.86,derived
2021-12-01,Shoe Stores,38850793,40796,1316,952.32,derived
2022-01-01,Shoe Stores,18438561,40269,1299,457.88,derived
2022-02-01,Shoe Stores,18463262,36260,1295,509.19,derived
2022-03-01,Shoe Stores,23919323,40021,1291,597.67,derived
2022-04-01,Shoe Stores,24811160,38880,1296,638.15,derived
2022-05-01,Shoe Stores,24793475,40207,1297,616.65,derived
2022-06-01,Shoe Stores,24291874,39120,1304,620.96,derived
2022-07-01,Shoe Stores,28498150,40455,1305,704.44,derived
2022-08-01,Shoe Stores,32434391,40548,1308,799.9,derived
2022-09-01,Shoe Stores,23014052,39420,1314,583.82,derived
2022-10-01,Shoe Stores,23343159,40734,1314,573.06,derived
2022-11-01,Shoe Stores,26094830,39390,1313,662.47,derived
2022-12-01,Shoe Stores,37379291,40765,1315,916.95,derived
2023-01-01,Shoe Stores,20160638,40827,1317,493.81,derived
2023-02-01,Shoe Stores,19099324,36932,1319,517.15,derived
2023-03-01,Shoe Stores,22973748,40889,1319,561.86,derived
2023-04-01,Shoe Stores,23852078,39630,1321,601.87,derived
2023-05-01,Shoe Stores,24002463,40951,1321,586.13,derived
2023-06-01,Shoe Stores,24157438,39600,1320,610.04,derived
2023-07-01,Shoe Stores,27998427,41199,1329,679.59,derived
2023-08-01,Shoe Stores,31178514,41199,1329,756.78,derived
2023-09-01,Shoe Stores,22566591,39870,1329,566.0,derived
2023-10-01,Shoe Stores,22198797,40982,1322,541.67,derived
2023-11-01,Shoe Stores,27274107,39750,1325,686.14,derived
2023-12-01,Shoe Stores,37341324,41168,1328,907.05,derived
2024-01-01,Shoe Stores,19215944,40951,1321,469.24,derived
2024-02-01,Shoe Stores,18212847,37120,1280,490.65,derived
2024-03-01,Shoe Stores,23330123,39649,1279,588.42,derived
2024-04-01,Shoe Stores,20963228,38400,1280,545.92,derived
2024-05-01,Shoe Stores,23469713,39773,1283,590.09,derived
2024-06-01,Shoe Stores,23242968,38460,1282,604.34,derived
2024-07-01,Shoe Stores,26548141,39742,1282,668.01,derived
2024-08-01,Shoe Stores,31845105,39680,1280,802.55,derived
2024-09-01,Shoe Stores,20403355,38340,1278,532.17,derived
2024-10-01,Shoe Stores,20634777,39587,1277,521.25,derived
2024-11-01,Shoe Stores,26011151,38520,1284,675.26,derived
2024-12-01,Shoe Stores,33076876,39835,1285,830.35,derived
2020-01-01,Special Food Services,135794,527,17,257.67,derived
2020-02-01,Special Food Services,140758,493,17,285.51,derived
2020-03-01,Special Food Services,77220,527,17,146.53,derived
2020-04-01,Special Food Services,0,510,17,0.0,derived
2020-05-01,Special Food Services,69765,527,17,132.38,derived
2020-06-01,Special Food Services,109761,510,17,215.22,derived
2020-07-01,Special Food Services,98259,527,17,186.45,derived
2020-08-01,Special Food Services,102429,527,17,194.36,derived
2020-09-01,Special Food Services,109695,510,17,215.09,derived
2020-10-01,Special Food Services,123996,527,17,235.29,derived
2020-11-01,Special Food Services,113867,510,17,223.27,derived
2020-12-01,Special Food Services,115765,527,17,219.67,derived
2021-01-01,Special Food Services,98192,527,17,186.32,derived
2021-02-01,Special Food Services,83965,476,17,176.4,derived
2021-03-01,Special Food Services,125666,527,17,238.46,derived
2021-04-01,Special Food Services,145413,510,17,285.12,derived
2021-05-01,Special Food Services,149224,527,17,283.16,derived
2021-06-01,Special Food Services,143356,510,17,281.09,derived
2021-07-01,Special Food Services,148308,527,17,281.42,derived
2021-08-01,Special Food Services,138092,527,17,262.03,derived
2021-09-01,Special Food Services,139466,540,18,258.27,derived
2021-10-01,Special Food Services,149287,558,18,267.54,derived
2021-11-01,Special Food Services,136497,540,18,252.77,derived
2021-12-01,Special Food Services,158139,558,18,283.4,derived
2022-01-01,Special Food Services,121280,527,17,230.13,derived
2022-02-01,Special Food Services,122946,476,17,258.29,derived
2022-03-01,Special Food Services,142024,527,17,269.5,derived
2022-04-01,Special Food Services,139767,480,16,291.18,derived
2022-05-01,Special Food Services,142124,527,17,269.69,derived
2022-06-01,Special Food Services,137407,510,17,269.43,derived
2022-07-01,Special Food Services,137751,527,17,261.39,derived
2022-08-01,Special Food Services,132650,527,17,251.71,derived
2022-09-01,Special Food Services,137560,510,17,269.73,derived
2022-10-01,Special Food Services,134872,527,17,255.92,derived
2022-11-01,Special Food Services,126007,510,17,247.07,derived
2022-12-01,Special Food Services,132224,527,17,250.9,derived
2023-01-01,Special Food Services,120001,527,17,227.71,derived
2023-02-01,Special Food Services,120702,476,17,253.58,derived
2023-03-01,Special Food Services,134645,527,17,255.49,derived
2023-04-01,Special Food Services,139168,510,17,272.88,derived
2023-05-01,Special Food Services,140175,527,17,265.99,derived
2023-06-01,Special Food Services,137036,510,17,268.7,derived
2023-07-01,Special Food Services,140983,527,17,267.52,derived
2023-08-01,Special Food Services,131007,527,17,248.59,derived
2023-09-01,Special Food Services,129032,510,17,253.0,derived
2023-10-01,Special Food Services,130608,527,17,247.83,derived
2023-11-01,Special Food Services,119777,510,17,234.86,derived
2023-12-01,Special Food Services,131572,527,17,249.66,derived
2024-01-01,Special Food Services,113540,527,17,215.45,derived
2024-02-01,Special Food Services,124475,493,17,252.48,derived
2024-03-01,Special Food Services,136277,527,17,258.59,derived
2024-04-01,Special Food Services,131548,510,17,257.94,derived
2024-05-01,Special Food Services,143976,527,17,273.2,derived
2024-06-01,Special Food Services,133244,510,17,261.26,derived
2024-07-01,Special Food Services,130758,527,17,248.12,derived
2024-08-01,Special Food Services,133466,527,17,253.26,derived
2024-09-01,Special Food Services,122125,510,17,239.46,derived
2024-10-01,Special Food Services,129231,527,17,245.22,derived
2024-11-01,Special Food Services,120939,510,17,237.14,derived
2024-12-01,Special Food Services,127061,527,17,241.1,derived
2020-01-01,Specialized Freight Trucking,71887,1457,47,49.34,derived
2020-02-01,Specialized Freight Trucking,69531,1363,47,51.01,derived
2020-03-01,Specialized Freight Trucking,38425,1457,47,26.37,derived
2020-04-01,Specialized Freight Trucking,1434,1410,47,1.02,derived
2020-05-01,Specialized Freight Trucking,29483,1457,47,20.24,derived
2020-06-01,Specialized Freight Trucking,57101,1410,47,40.5,derived
2020-07-01,Specialized Freight Trucking,56418,1457,47,38.72,derived
2020-08-01,Specialized Freight Trucking,56207,1457,47,38.58,derived
2020-09-01,Specialized Freight Trucking,54444,1410,47,38.61,derived
2020-10-01,Specialized Freight Trucking,57727,1457,47,39.62,derived
2020-11-01,Specialized Freight Trucking,57597,1410,47,40.85,derived
2020-12-01,Specialized Freight Trucking,58602,1457,47,40.22,derived
2021-01-01,Specialized Freight Trucking,43918,1457,47,30.14,derived
2021-02-01,Specialized Freight Trucking,41266,1316,47,31.36,derived
2021-03-01,Specialized Freight Trucking,62483,1457,47,42.88,derived
2021-04-01,Specialized Freight Trucking,62974,1410,47,44.66,derived
2021-05-01,Specialized Freight Trucking,67734,1488,48,45.52,derived
2021-06-01,Specialized Freight Trucking,65667,1440,48,45.6,derived
2021-07-01,Specialized Freight Trucking,69665,1488,48,46.82,derived
2021-08-01,Specialized Freight Trucking,66143,1488,48,44.45,derived
2021-09-01,Specialized Freight Trucking,61323,1440,48,42.59,derived
2021-10-01,Specialized Freight Trucking,62090,1488,48,41.73,derived
2021-11-01,Specialized Freight Trucking,67539,1440,48,46.9,derived
2021-12-01,Specialized Freight Trucking,72663,1488,48,48.83,derived
2022-01-01,Specialized Freight Trucking,57434,1488,48,38.6,derived
2022-02-01,Specialized Freight Trucking,55570,1344,48,41.35,derived
2022-03-01,Specialized Freight Trucking,65686,1488,48,44.14,derived
2022-04-01,Specialized Freight Trucking,63314,1440,48,43.97,derived
2022-05-01,Specialized Freight Trucking,65830,1488,48,44.24,derived
2022-06-01,Specialized Freight Trucking,65917,1440,48,45.78,derived
2022-07-01,Specialized Freight Trucking,68384,1519,49,45.02,derived
2022-08-01,Specialized Freight Trucking,69282,1519,49,45.61,derived
2022-09-01,Specialized Freight Trucking,62214,1500,50,41.48,derived
2022-10-01,Specialized Freight Trucking,63071,1550,50,40.69,derived
2022-11-01,Specialized Freight Trucking,65273,1500,50,43.52,derived
2022-12-01,Specialized Freight Trucking,72109,1550,50,46.52,derived
2023-01-01,Specialized Freight Trucking,60504,1550,50,39.03,derived
2023-02-01,Specialized Freight Trucking,57254,1428,51,40.09,derived
2023-03-01,Specialized Freight Trucking,65541,1581,51,41.46,derived
2023-04-01,Specialized Freight Trucking,62364,1530,51,40.76,derived
2023-05-01,Specialized Freight Trucking,66758,1612,52,41.41,derived
2023-06-01,Specialized Freight Trucking,65943,1560,52,42.27,derived
2023-07-01,Specialized Freight Trucking,68741,1612,52,42.64,derived
2023-08-01,Specialized Freight Trucking,67210,1612,52,41.69,derived
2023-09-01,Specialized Freight Trucking,61555,1560,52,39.46,derived
2023-10-01,Specialized Freight Trucking,62641,1643,53,38.13,derived
2023-11-01,Specialized Freight Trucking,65614,1590,53,41.27,derived
2023-12-01,Specialized Freight Trucking,74301,1674,54,44.39,derived
2024-01-01,Specialized Freight Trucking,61067,1674,54,36.48,derived
2024-02-01,Specialized Freight Trucking,59119,1566,54,37.75,derived
2024-03-01,Specialized Freight Trucking,65552,1674,54,39.16,derived
2024-04-01,Specialized Freight Trucking,63204,1620,54,39.01,derived
2024-05-01,Specialized Freight Trucking,68290,1674,54,40.79,derived
2024-06-01,Specialized Freight Trucking,65826,1620,54,40.63,derived
2024-07-01,Specialized Freight Trucking,70081,1736,56,40.37,derived
2024-08-01,Specialized Freight Trucking,70824,1736,56,40.8,derived
2024-09-01,Specialized Freight Trucking,61282,1680,56,36.48,derived
2024-10-01,Specialized Freight Trucking,63936,1736,56,36.83,derived
2024-11-01,Specialized Freight Trucking,69670,1680,56,41.47,derived
2024-12-01,Specialized Freight Trucking,77994,1736,56,44.93,derived
2020-01-01,Specialty Food Stores,3556653,18538,598,191.86,derived
2020-02-01,Specialty Food Stores,3845957,17313,597,222.14,derived
2020-03-01,Specialty Food Stores,1722824,18507,597,93.09,derived
2020-04-01,Specialty Food Stores,3261,17850,595,0.18,derived
2020-05-01,Specialty Food Stores,251298,18445,595,13.62,derived
2020-06-01,Specialty Food Stores,1035802,17880,596,57.93,derived
2020-07-01,Specialty Food Stores,1317205,18507,597,71.17,derived
2020-08-01,Specialty Food Stores,1576846,18383,593,85.78,derived
2020-09-01,Specialty Food Stores,1776693,17790,593,99.87,derived
2020-10-01,Specialty Food Stores,2156894,18383,593,117.33,derived
2020-11-01,Specialty Food Stores,2688020,17880,596,150.34,derived
2020-12-01,Specialty Food Stores,3810737,18476,596,206.25,derived
2021-01-01,Specialty Food Stores,1589523,18445,595,86.18,derived
2021-02-01,Specialty Food Stores,1963873,16044,573,122.41,derived
2021-03-01,Specialty Food Stores,2639533,17794,574,148.34,derived
2021-04-01,Specialty Food Stores,2441988,16980,566,143.82,derived
2021-05-01,Specialty Food Stores,2567962,17577,567,146.1,derived
2021-06-01,Specialty Food Stores,2500445,17040,568,146.74,derived
2021-07-01,Specialty Food Stores,2987289,17670,570,169.06,derived
2021-08-01,Specialty Food Stores,2862588,17670,570,162.0,derived
2021-09-01,Specialty Food Stores,2517714,17100,570,147.23,derived
2021-10-01,Specialty Food Stores,2721785,17484,564,155.67,derived
2021-11-01,Specialty Food Stores,3816186,16920,564,225.54,derived
2021-12-01,Specialty Food Stores,4694863,17577,567,267.1,derived
2022-01-01,Specialty Food Stores,2003931,17639,569,113.61,derived
2022-02-01,Specialty Food Stores,2553259,15988,571,159.7,derived
2022-03-01,Specialty Food Stores,2796493,17794,574,157.16,derived
2022-04-01,Specialty Food Stores,3280013,17160,572,191.14,derived
2022-05-01,Specialty Food Stores,2951795,17794,574,165.89,derived
2022-06-01,Specialty Food Stores,2892964,17280,576,167.42,derived
2022-07-01,Specialty Food Stores,3149525,17856,576,176.38,derived
2022-08-01,Specialty Food Stores,3011888,17825,575,168.97,derived
2022-09-01,Specialty Food Stores,2761069,17220,574,160.34,derived
2022-10-01,Specialty Food Stores,3000615,17949,579,167.17,derived
2022-11-01,Specialty Food Stores,3361761,17430,581,192.87,derived
2022-12-01,Specialty Food Stores,5090786,17980,580,283.14,derived
2023-01-01,Specialty Food Stores,2526309,17918,578,140.99,derived
2023-02-01,Specialty Food Stores,2757235,16212,579,170.07,derived
2023-03-01,Specialty Food Stores,3056031,18011,581,169.68,derived
2023-04-01,Specialty Food Stores,3465572,17520,584,197.81,derived
2023-05-01,Specialty Food Stores,3157124,18104,584,174.39,derived
2023-06-01,Specialty Food Stores,3100179,17520,584,176.95,derived
2023-07-01,Specialty Food Stores,3224475,18166,586,177.5,derived
2023-08-01,Specialty Food Stores,3188842,18166,586,175.54,derived
2023-09-01,Specialty Food Stores,2756540,17550,585,157.07,derived
2023-10-01,Specialty Food Stores,3001155,18104,584,165.77,derived
2023-11-01,Specialty Food Stores,3585274,17550,585,204.29,derived
2023-12-01,Specialty Food Stores,5637904,18166,586,310.35,derived
2024-01-01,Specialty Food Stores,2473537,18228,588,135.7,derived
2024-02-01,Specialty Food Stores,3029440,16965,585,178.57,derived
2024-03-01,Specialty Food Stores,3740317,18166,586,205.9,derived
2024-04-01,Specialty Food Stores,2796810,17670,589,158.28,derived
2024-05-01,Specialty Food Stores,3439628,18166,586,189.34,derived
2024-06-01,Specialty Food Stores,3152410,17520,584,179.93,derived
2024-07-01,Specialty Food Stores,3439478,18166,586,189.34,derived
2024-08-01,Specialty Food Stores,3319832,18166,586,182.75,derived
2024-09-01,Specialty Food Stores,2877594,18000,600,159.87,derived
2024-10-01,Specialty Food Stores,3037623,18662,602,162.77,derived
2024-11-01,Specialty Food Stores,3763961,17940,598,209.81,derived
2024-12-01,Specialty Food Stores,5376479,18600,600,289.06,derived
2020-01-01,Spectator Sports,23300,248,8,93.95,derived
2020-02-01,Spectator Sports,22365,232,8,96.4,derived
2020-03-01,Spectator Sports,12779,248,8,51.53,derived
2020-04-01,Spectator Sports,297,240,8,1.24,derived
2020-05-01,Spectator Sports,9950,248,8,40.12,derived
2020-06-01,Spectator Sports,16179,240,8,67.41,derived
2020-07-01,Spectator Sports,17306,248,8,69.78,derived
2020-08-01,Spectator Sports,18697,248,8,75.39,derived
2020-09-01,Spectator Sports,18239,240,8,76.0,derived
2020-10-01,Spectator Sports,20367,248,8,82.13,derived
2020-11-01,Spectator Sports,20338,240,8,84.74,derived
2020-12-01,Spectator Sports,19300,248,8,77.82,derived
2021-01-01,Spectator Sports,16631,248,8,67.06,derived
2021-02-01,Spectator Sports,13821,224,8,61.7,derived
2021-03-01,Spectator Sports,20372,248,8,82.15,derived
2021-04-01,Spectator Sports,20651,240,8,86.05,derived
2021-05-01,Spectator Sports,25384,279,9,90.98,derived
2021-06-01,Spectator Sports,24744,270,9,91.64,derived
2021-07-01,Spectator Sports,28207,279,9,101.1,derived
2021-08-01,Spectator Sports,26767,279,9,95.94,derived
2021-09-01,Spectator Sports,26454,270,9,97.98,derived
2021-10-01,Spectator Sports,25731,279,9,92.23,derived
2021-11-01,Spectator Sports,26953,270,9,99.83,derived
2021-12-01,Spectator Sports,29339,279,9,105.16,derived
2022-01-01,Spectator Sports,23524,310,10,75.88,derived
2022-02-01,Spectator Sports,22249,280,10,79.46,derived
2022-03-01,Spectator Sports,26716,310,10,86.18,derived
2022-04-01,Spectator Sports,26809,300,10,89.36,derived
2022-05-01,Spectator Sports,26276,310,10,84.76,derived
2022-06-01,Spectator Sports,26765,300,10,89.22,derived
2022-07-01,Spectator Sports,34339,341,11,100.7,derived
2022-08-01,Spectator Sports,31171,341,11,91.41,derived
2022-09-01,Spectator Sports,28339,330,11,85.88,derived
2022-10-01,Spectator Sports,29447,341,11,86.35,derived
2022-11-01,Spectator Sports,30370,330,11,92.03,derived
2022-12-01,Spectator Sports,34375,341,11,100.81,derived
2023-01-01,Spectator Sports,28071,341,11,82.32,derived
2023-02-01,Spectator Sports,24972,308,11,81.08,derived
2023-03-01,Spectator Sports,28440,341,11,83.4,derived
2023-04-01,Spectator Sports,29521,330,11,89.46,derived
2023-05-01,Spectator Sports,30327,372,12,81.52,derived
2023-06-01,Spectator Sports,31576,360,12,87.71,derived
2023-07-01,Spectator Sports,34848,372,12,93.68,derived
2023-08-01,Spectator Sports,31486,372,12,84.64,derived
2023-09-01,Spectator Sports,32386,390,13,83.04,derived
2023-10-01,Spectator Sports,32456,403,13,80.54,derived
2023-11-01,Spectator Sports,34863,390,13,89.39,derived
2023-12-01,Spectator Sports,43118,403,13,106.99,derived
2024-01-01,Spectator Sports,36281,465,15,78.02,derived
2024-02-01,Spectator Sports,34970,435,15,80.39,derived
2024-03-01,Spectator Sports,37052,434,14,85.37,derived
2024-04-01,Spectator Sports,32442,420,14,77.24,derived
2024-05-01,Spectator Sports,35264,434,14,81.25,derived
2024-06-01,Spectator Sports,37375,420,14,88.99,derived
2024-07-01,Spectator Sports,37851,434,14,87.21,derived
2024-08-01,Spectator Sports,39362,434,14,90.7,derived
2024-09-01,Spectator Sports,32178,420,14,76.61,derived
2024-10-01,Spectator Sports,32496,434,14,74.88,derived
2024-11-01,Spectator Sports,38667,420,14,92.06,derived
2024-12-01,Spectator Sports,46192,434,14,106.43,derived
2020-01-01,"Sporting Goods, Hobby, and Musical Instrument Stores",26475949,39122,1262,676.75,derived
2020-02-01,"Sporting Goods, Hobby, and Musical Instrument Stores",26122964,36656,1264,712.65,derived
2020-03-01,"Sporting Goods, Hobby, and Musical Instrument Stores",13310082,39184,1264,339.68,derived
2020-04-01,"Sporting Goods, Hobby, and Musical Instrument Stores",412346,37980,1266,10.86,derived
2020-05-01,"Sporting Goods, Hobby, and Musical Instrument Stores",8433567,39184,1264,215.23,derived
2020-06-01,"Sporting Goods, Hobby, and Musical Instrument Stores",17163514,37980,1266,451.91,derived
2020-07-01,"Sporting Goods, Hobby, and Musical Instrument Stores",20290372,39215,1265,517.41,derived
2020-08-01,"Sporting Goods, Hobby, and Musical Instrument Stores",20559590,39277,1267,523.45,derived
2020-09-01,"Sporting Goods, Hobby, and Musical Instrument Stores",19083834,37290,1243,511.77,derived
2020-10-01,"Sporting Goods, Hobby, and Musical Instrument Stores",18962941,38564,1244,491.73,derived
2020-11-01,"Sporting Goods, Hobby, and Musical Instrument Stores",19926652,37260,1242,534.8,derived
2020-12-01,"Sporting Goods, Hobby, and Musical Instrument Stores",24035620,38440,1240,625.28,derived
2021-01-01,"Sporting Goods, Hobby, and Musical Instrument Stores",17737926,38471,1241,461.07,derived
2021-02-01,"Sporting Goods, Hobby, and Musical Instrument Stores",15111878,34804,1243,434.2,derived
2021-03-01,"Sporting Goods, Hobby, and Musical Instrument Stores",18190974,37789,1219,481.38,derived
2021-04-01,"Sporting Goods, Hobby, and Musical Instrument Stores",17760660,36600,1220,485.26,derived
2021-05-01,"Sporting Goods, Hobby, and Musical Instrument Stores",19492940,37603,1213,518.39,derived
2021-06-01,"Sporting Goods, Hobby, and Musical Instrument Stores",21146545,36390,1213,581.11,derived
2021-07-01,"Sporting Goods, Hobby, and Musical Instrument Stores",23012136,37665,1215,610.97,derived
2021-08-01,"Sporting Goods, Hobby, and Musical Instrument Stores",22715101,37634,1214,603.58,derived
2021-09-01,"Sporting Goods, Hobby, and Musical Instrument Stores",19381640,36450,1215,531.73,derived
2021-10-01,"Sporting Goods, Hobby, and Musical Instrument Stores",19941417,37541,1211,531.19,derived
2021-11-01,"Sporting Goods, Hobby, and Musical Instrument Stores",24075108,36480,1216,659.95,derived
2021-12-01,"Sporting Goods, Hobby, and Musical Instrument Stores",30304484,37727,1217,803.26,derived
2022-01-01,"Sporting Goods, Hobby, and Musical Instrument Stores",18131074,37696,1216,480.98,derived
2022-02-01,"Sporting Goods, Hobby, and Musical Instrument Stores",18687354,34048,1216,548.85,derived
2022-03-01,"Sporting Goods, Hobby, and Musical Instrument Stores",21926069,37727,1217,581.18,derived
2022-04-01,"Sporting Goods, Hobby, and Musical Instrument Stores",21685239,36630,1221,592.01,derived
2022-05-01,"Sporting Goods, Hobby, and Musical Instrument Stores",21335039,37882,1222,563.2,derived
2022-06-01,"Sporting Goods, Hobby, and Musical Instrument Stores",21772409,36660,1222,593.9,derived
2022-07-01,"Sporting Goods, Hobby, and Musical Instrument Stores",23460918,37851,1221,619.82,derived
2022-08-01,"Sporting Goods, Hobby, and Musical Instrument Stores",24341754,37882,1222,642.57,derived
2022-09-01,"Sporting Goods, Hobby, and Musical Instrument Stores",22554958,36630,1221,615.75,derived
2022-10-01,"Sporting Goods, Hobby, and Musical Instrument Stores",22239646,37944,1224,586.12,derived
2022-11-01,"Sporting Goods, Hobby, and Musical Instrument Stores",27263776,36990,1233,737.06,derived
2022-12-01,"Sporting Goods, Hobby, and Musical Instrument Stores",34234846,38316,1236,893.49,derived
2023-01-01,"Sporting Goods, Hobby, and Musical Instrument Stores",22087737,38223,1233,577.87,derived
2023-02-01,"Sporting Goods, Hobby, and Musical Instrument Stores",21343424,34720,1240,614.73,derived
2023-03-01,"Sporting Goods, Hobby, and Musical Instrument Stores",22763594,38409,1239,592.66,derived
2023-04-01,"Sporting Goods, Hobby, and Musical Instrument Stores",21884579,37440,1248,584.52,derived
2023-05-01,"Sporting Goods, Hobby, and Musical Instrument Stores",22109091,38688,1248,571.47,derived
2023-06-01,"Sporting Goods, Hobby, and Musical Instrument Stores",23450705,37500,1250,625.35,derived
2023-07-01,"Sporting Goods, Hobby, and Musical Instrument Stores",25091534,38874,1254,645.46,derived
2023-08-01,"Sporting Goods, Hobby, and Musical Instrument Stores",25205742,38905,1255,647.88,derived
2023-09-01,"Sporting Goods, Hobby, and Musical Instrument Stores",23124862,37680,1256,613.72,derived
2023-10-01,"Sporting Goods, Hobby, and Musical Instrument Stores",21842338,39091,1261,558.76,derived
2023-11-01,"Sporting Goods, Hobby, and Musical Instrument Stores",27482061,37950,1265,724.16,derived
2023-12-01,"Sporting Goods, Hobby, and Musical Instrument Stores",34425197,39339,1269,875.09,derived
2024-01-01,"Sporting Goods, Hobby, and Musical Instrument Stores",21788499,39091,1261,557.38,derived
2024-02-01,"Sporting Goods, Hobby, and Musical Instrument Stores",21270679,36656,1264,580.28,derived
2024-03-01,"Sporting Goods, Hobby, and Musical Instrument Stores",23324247,39308,1268,593.37,derived
2024-04-01,"Sporting Goods, Hobby, and Musical Instrument Stores",20641604,38130,1271,541.35,derived
2024-05-01,"Sporting Goods, Hobby, and Musical Instrument Stores",23079819,39370,1270,586.23,derived
2024-06-01,"Sporting Goods, Hobby, and Musical Instrument Stores",23572765,38130,1271,618.22,derived
2024-07-01,"Sporting Goods, Hobby, and Musical Instrument Stores",25050179,39525,1275,633.78,derived
2024-08-01,"Sporting Goods, Hobby, and Musical Instrument Stores",26316379,39370,1270,668.44,derived
2024-09-01,"Sporting Goods, Hobby, and Musical Instrument Stores",21659632,38190,1273,567.15,derived
2024-10-01,"Sporting Goods, Hobby, and Musical Instrument Stores",22092549,39587,1277,558.08,derived
2024-11-01,"Sporting Goods, Hobby, and Musical Instrument Stores",28458206,38610,1287,737.07,derived
2024-12-01,"Sporting Goods, Hobby, and Musical Instrument Stores",33297674,39959,1289,833.3,derived
2020-01-01,Sugar and Confectionery Product Manufacturing,528,31,1,17.03,derived
2020-02-01,Sugar and Confectionery Product Manufacturing,513,29,1,17.69,derived
2020-03-01,Sugar and Confectionery Product Manufacturing,326,31,1,10.52,derived
2020-04-01,Sugar and Confectionery Product Manufacturing,0,30,1,0.0,derived
2020-05-01,Sugar and Confectionery Product Manufacturing,360,31,1,11.61,derived
2020-06-01,Sugar and Confectionery Product Manufacturing,489,30,1,16.3,derived
2020-07-01,Sugar and Confectionery Product Manufacturing,492,31,1,15.87,derived
2020-08-01,Sugar and Confectionery Product Manufacturing,478,31,1,15.42,derived
2020-09-01,Sugar and Confectionery Product Manufacturing,434,30,1,14.47,derived
2020-10-01,Sugar and Confectionery Product Manufacturing,452,31,1,14.58,derived
2020-11-01,Sugar and Confectionery Product Manufacturing,472,30,1,15.73,derived
2020-12-01,Sugar and Confectionery Product Manufacturing,519,31,1,16.74,derived
2021-01-01,Sugar and Confectionery Product Manufacturing,368,31,1,11.87,derived
2021-02-01,Sugar and Confectionery Product Manufacturing,308,28,1,11.0,derived
2021-03-01,Sugar and Confectionery Product Manufacturing,501,31,1,16.16,derived
2021-04-01,Sugar and Confectionery Product Manufacturing,466,30,1,15.53,derived
2021-05-01,Sugar and Confectionery Product Manufacturing,509,31,1,16.42,derived
2021-06-01,Sugar and Confectionery Product Manufacturing,510,30,1,17.0,derived
2021-07-01,Sugar and Confectionery Product Manufacturing,518,31,1,16.71,derived
2021-08-01,Sugar and Confectionery Product Manufacturing,521,31,1,16.81,derived
2021-09-01,Sugar and Confectionery Product Manufacturing,490,30,1,16.33,derived
2021-10-01,Sugar and Confectionery Product Manufacturing,480,31,1,15.48,derived
2021-11-01,Sugar and Confectionery Product Manufacturing,496,30,1,16.53,derived
2021-12-01,Sugar and Confectionery Product Manufacturing,521,31,1,16.81,derived
2022-01-01,Sugar and Confectionery Product Manufacturing,430,31,1,13.87,derived
2022-02-01,Sugar and Confectionery Product Manufacturing,413,28,1,14.75,derived
2022-03-01,Sugar and Confectionery Product Manufacturing,502,31,1,16.19,derived
2022-04-01,Sugar and Confectionery Product Manufacturing,487,30,1,16.23,derived
2022-05-01,Sugar and Confectionery Product Manufacturing,506,31,1,16.32,derived
2022-06-01,Sugar and Confectionery Product Manufacturing,484,30,1,16.13,derived
2022-07-01,Sugar and Confectionery Product Manufacturing,481,31,1,15.52,derived
2022-08-01,Sugar and Confectionery Product Manufacturing,514,31,1,16.58,derived
2022-09-01,Sugar and Confectionery Product Manufacturing,506,30,1,16.87,derived
2022-10-01,Sugar and Confectionery Product Manufacturing,505,31,1,16.29,derived
2022-11-01,Sugar and Confectionery Product Manufacturing,490,30,1,16.33,derived
2022-12-01,Sugar and Confectionery Product Manufacturing,492,31,1,15.87,derived
2023-01-01,Sugar and Confectionery Product Manufacturing,445,31,1,14.35,derived
2023-02-01,Sugar and Confectionery Product Manufacturing,403,28,1,14.39,derived
2023-03-01,Sugar and Confectionery Product Manufacturing,498,31,1,16.06,derived
2023-04-01,Sugar and Confectionery Product Manufacturing,472,30,1,15.73,derived
2023-05-01,Sugar and Confectionery Product Manufacturing,516,31,1,16.65,derived
2023-06-01,Sugar and Confectionery Product Manufacturing,492,30,1,16.4,derived
2023-07-01,Sugar and Confectionery Product Manufacturing,490,31,1,15.81,derived
2023-08-01,Sugar and Confectionery Product Manufacturing,520,31,1,16.77,derived
2023-09-01,Sugar and Confectionery Product Manufacturing,480,30,1,16.0,derived
2023-10-01,Sugar and Confectionery Product Manufacturing,462,31,1,14.9,derived
2023-11-01,Sugar and Confectionery Product Manufacturing,487,30,1,16.23,derived
2023-12-01,Sugar and Confectionery Product Manufacturing,502,31,1,16.19,derived
2024-01-01,Sugar and Confectionery Product Manufacturing,442,31,1,14.26,derived
2024-02-01,Sugar and Confectionery Product Manufacturing,462,29,1,15.93,derived
2024-03-01,Sugar and Confectionery Product Manufacturing,496,31,1,16.0,derived
2024-04-01,Sugar and Confectionery Product Manufacturing,486,30,1,16.2,derived
2024-05-01,Sugar and Confectionery Product Manufacturing,533,31,1,17.19,derived
2024-06-01,Sugar and Confectionery Product Manufacturing,476,30,1,15.87,derived
2024-07-01,Sugar and Confectionery Product Manufacturing,502,31,1,16.19,derived
2024-08-01,Sugar and Confectionery Product Manufacturing,507,31,1,16.35,derived
2024-09-01,Sugar and Confectionery Product Manufacturing,476,30,1,15.87,derived
2024-10-01,Sugar and Confectionery Product Manufacturing,462,31,1,14.9,derived
2024-11-01,Sugar and Confectionery Product Manufacturing,498,30,1,16.6,derived
2024-12-01,Sugar and Confectionery Product Manufacturing,511,31,1,16.48,derived
2020-01-01,Technical and Trade Schools,52948,651,21,81.33,derived
2020-02-01,Technical and Trade Schools,51303,609,21,84.24,derived
2020-03-01,Technical and Trade Schools,28543,651,21,43.84,derived
2020-04-01,Technical and Trade Schools,0,630,21,0.0,derived
2020-05-01,Technical and Trade Schools,10819,651,21,16.62,derived
2020-06-01,Technical and Trade Schools,23576,630,21,37.42,derived
2020-07-01,Technical and Trade Schools,28805,651,21,44.25,derived
2020-08-01,Technical and Trade Schools,32002,651,21,49.16,derived
2020-09-01,Technical and Trade Schools,35116,630,21,55.74,derived
2020-10-01,Technical and Trade Schools,33064,651,21,50.79,derived
2020-11-01,Technical and Trade Schools,33622,630,21,53.37,derived
2020-12-01,Technical and Trade Schools,38276,651,21,58.8,derived
2021-01-01,Technical and Trade Schools,29556,651,21,45.4,derived
2021-02-01,Technical and Trade Schools,28939,588,21,49.22,derived
2021-03-01,Technical and Trade Schools,42939,651,21,65.96,derived
2021-04-01,Technical and Trade Schools,41915,630,21,66.53,derived
2021-05-01,Technical and Trade Schools,46739,651,21,71.8,derived
2021-06-01,Technical and Trade Schools,47041,630,21,74.67,derived
2021-07-01,Technical and Trade Schools,51757,651,21,79.5,derived
2021-08-01,Technical and Trade Schools,48298,651,21,74.19,derived
2021-09-01,Technical and Trade Schools,48259,630,21,76.6,derived
2021-10-01,Technical and Trade Schools,49182,651,21,75.55,derived
2021-11-01,Technical and Trade Schools,51857,630,21,82.31,derived
2021-12-01,Technical and Trade Schools,52476,589,19,89.09,derived
2022-01-01,Technical and Trade Schools,36795,589,19,62.47,derived
2022-02-01,Technical and Trade Schools,36275,532,19,68.19,derived
2022-03-01,Technical and Trade Schools,41537,589,19,70.52,derived
2022-04-01,Technical and Trade Schools,41402,570,19,72.64,derived
2022-05-01,Technical and Trade Schools,43408,589,19,73.7,derived
2022-06-01,Technical and Trade Schools,43892,570,19,77.0,derived
2022-07-01,Technical and Trade Schools,41742,558,18,74.81,derived
2022-08-01,Technical and Trade Schools,42320,558,18,75.84,derived
2022-09-01,Technical and Trade Schools,36595,510,17,71.75,derived
2022-10-01,Technical and Trade Schools,37942,527,17,72.0,derived
2022-11-01,Technical and Trade Schools,38789,510,17,76.06,derived
2022-12-01,Technical and Trade Schools,47321,527,17,89.79,derived
2023-01-01,Technical and Trade Schools,36344,527,17,68.96,derived
2023-02-01,Technical and Trade Schools,34362,476,17,72.19,derived
2023-03-01,Technical and Trade Schools,37810,527,17,71.75,derived
2023-04-01,Technical and Trade Schools,37857,510,17,74.23,derived
2023-05-01,Technical and Trade Schools,39107,527,17,74.21,derived
2023-06-01,Technical and Trade Schools,38607,510,17,75.7,derived
2023-07-01,Technical and Trade Schools,40107,527,17,76.1,derived
2023-08-01,Technical and Trade Schools,40870,527,17,77.55,derived
2023-09-01,Technical and Trade Schools,36747,510,17,72.05,derived
2023-10-01,Technical and Trade Schools,36390,527,17,69.05,derived
2023-11-01,Technical and Trade Schools,39306,510,17,77.07,derived
2023-12-01,Technical and Trade Schools,47920,527,17,90.93,derived
2024-01-01,Technical and Trade Schools,36232,527,17,68.75,derived
2024-02-01,Technical and Trade Schools,35229,493,17,71.46,derived
2024-03-01,Technical and Trade Schools,38839,527,17,73.7,derived
2024-04-01,Technical and Trade Schools,36503,510,17,71.57,derived
2024-05-01,Technical and Trade Schools,39142,527,17,74.27,derived
2024-06-01,Technical and Trade Schools,36521,480,16,76.09,derived
2024-07-01,Technical and Trade Schools,38521,496,16,77.66,derived
2024-08-01,Technical and Trade Schools,39668,496,16,79.98,derived
2024-09-01,Technical and Trade Schools,33456,480,16,69.7,derived
2024-10-01,Technical and Trade Schools,34184,496,16,68.92,derived
2024-11-01,Technical and Trade Schools,37266,480,16,77.64,derived
2024-12-01,Technical and Trade Schools,43470,496,16,87.64,derived
2020-01-01,Travel Arrangement and Reservation Services,2517,62,2,40.6,derived
2020-02-01,Travel Arrangement and Reservation Services,2442,58,2,42.1,derived
2020-03-01,Travel Arrangement and Reservation Services,1223,62,2,19.73,derived
2020-04-01,Travel Arrangement and Reservation Services,0,60,2,0.0,derived
2020-05-01,Travel Arrangement and Reservation Services,741,62,2,11.95,derived
2020-06-01,Travel Arrangement and Reservation Services,1879,60,2,31.32,derived
2020-07-01,Travel Arrangement and Reservation Services,1974,62,2,31.84,derived
2020-08-01,Travel Arrangement and Reservation Services,1866,62,2,30.1,derived
2020-09-01,Travel Arrangement and Reservation Services,1915,60,2,31.92,derived
2020-10-01,Travel Arrangement and Reservation Services,1959,62,2,31.6,derived
2020-11-01,Travel Arrangement and Reservation Services,1446,60,2,24.1,derived
2020-12-01,Travel Arrangement and Reservation Services,1052,62,2,16.97,derived
2021-01-01,Travel Arrangement and Reservation Services,842,62,2,13.58,derived
2021-02-01,Travel Arrangement and Reservation Services,1286,56,2,22.96,derived
2021-03-01,Travel Arrangement and Reservation Services,2149,62,2,34.66,derived
2021-04-01,Travel Arrangement and Reservation Services,2180,60,2,36.33,derived
2021-05-01,Travel Arrangement and Reservation Services,2157,62,2,34.79,derived
2021-06-01,Travel Arrangement and Reservation Services,2076,60,2,34.6,derived
2021-07-01,Travel Arrangement and Reservation Services,2352,62,2,37.94,derived
2021-08-01,Travel Arrangement and Reservation Services,2249,62,2,36.27,derived
2021-09-01,Travel Arrangement and Reservation Services,2079,60,2,34.65,derived
2021-10-01,Travel Arrangement and Reservation Services,1998,62,2,32.23,derived
2021-11-01,Travel Arrangement and Reservation Services,2161,60,2,36.02,derived
2021-12-01,Travel Arrangement and Reservation Services,2376,62,2,38.32,derived
2022-01-01,Travel Arrangement and Reservation Services,1892,62,2,30.52,derived
2022-02-01,Travel Arrangement and Reservation Services,1923,56,2,34.34,derived
2022-03-01,Travel Arrangement and Reservation Services,2195,62,2,35.4,derived
2022-04-01,Travel Arrangement and Reservation Services,2146,60,2,35.77,derived
2022-05-01,Travel Arrangement and Reservation Services,2129,62,2,34.34,derived
2022-06-01,Travel Arrangement and Reservation Services,2217,60,2,36.95,derived
2022-07-01,Travel Arrangement and Reservation Services,2247,62,2,36.24,derived
2022-08-01,Travel Arrangement and Reservation Services,2401,62,2,38.73,derived
2022-09-01,Travel Arrangement and Reservation Services,2093,60,2,34.88,derived
2022-10-01,Travel Arrangement and Reservation Services,2061,62,2,33.24,derived
2022-11-01,Travel Arrangement and Reservation Services,2136,60,2,35.6,derived
2022-12-01,Travel Arrangement and Reservation Services,2633,62,2,42.47,derived
2023-01-01,Travel Arrangement and Reservation Services,2021,62,2,32.6,derived
2023-02-01,Travel Arrangement and Reservation Services,1931,56,2,34.48,derived
2023-03-01,Travel Arrangement and Reservation Services,2234,62,2,36.03,derived
2023-04-01,Travel Arrangement and Reservation Services,2125,60,2,35.42,derived
2023-05-01,Travel Arrangement and Reservation Services,2250,62,2,36.29,derived
2023-06-01,Travel Arrangement and Reservation Services,2260,60,2,37.67,derived
2023-07-01,Travel Arrangement and Reservation Services,2321,62,2,37.44,derived
2023-08-01,Travel Arrangement and Reservation Services,2346,62,2,37.84,derived
2023-09-01,Travel Arrangement and Reservation Services,2240,60,2,37.33,derived
2023-10-01,Travel Arrangement and Reservation Services,2151,62,2,34.69,derived
2023-11-01,Travel Arrangement and Reservation Services,2227,60,2,37.12,derived
2023-12-01,Travel Arrangement and Reservation Services,2586,62,2,41.71,derived
2024-01-01,Travel Arrangement and Reservation Services,2064,62,2,33.29,derived
2024-02-01,Travel Arrangement and Reservation Services,2043,58,2,35.22,derived
2024-03-01,Travel Arrangement and Reservation Services,2255,62,2,36.37,derived
2024-04-01,Travel Arrangement and Reservation Services,2269,60,2,37.82,derived
2024-05-01,Travel Arrangement and Reservation Services,2365,62,2,38.15,derived
2024-06-01,Travel Arrangement and Reservation Services,2278,60,2,37.97,derived
2024-07-01,Travel Arrangement and Reservation Services,2477,62,2,39.95,derived
2024-08-01,Travel Arrangement and Reservation Services,2546,62,2,41.06,derived
2024-09-01,Travel Arrangement and Reservation Services,2091,60,2,34.85,derived
2024-10-01,Travel Arrangement and Reservation Services,2350,62,2,37.9,derived
2024-11-01,Travel Arrangement and Reservation Services,2220,60,2,37.0,derived
2024-12-01,Travel Arrangement and Reservation Services,2607,62,2,42.05,derived
2020-01-01,Traveler Accommodation,58235612,97991,3161,594.3,derived
2020-02-01,Traveler Accommodation,56031832,91669,3161,611.24,derived
2020-03-01,Traveler Accommodation,34518679,97867,3157,352.71,derived
2020-04-01,Traveler Accommodation,2757581,94770,3159,29.1,derived
2020-05-01,Traveler Accommodation,10809409,97867,3157,110.45,derived
2020-06-01,Traveler Accommodation,37759076,94830,3161,398.18,derived
2020-07-01,Traveler Accommodation,42619375,97991,3161,434.93,derived
2020-08-01,Traveler Accommodation,43609290,98208,3168,444.05,derived
2020-09-01,Traveler Accommodation,45865809,95160,3172,481.99,derived
2020-10-01,Traveler Accommodation,49216945,98394,3174,500.2,derived
2020-11-01,Traveler Accommodation,47809526,95400,3180,501.15,derived
2020-12-01,Traveler Accommodation,50902023,98518,3178,516.68,derived
2021-01-01,Traveler Accommodation,39875852,98704,3184,403.99,derived
2021-02-01,Traveler Accommodation,37311784,89124,3183,418.65,derived
2021-03-01,Traveler Accommodation,54409376,98983,3193,549.68,derived
2021-04-01,Traveler Accommodation,53084789,95610,3187,555.22,derived
2021-05-01,Traveler Accommodation,56310360,98983,3193,568.89,derived
2021-06-01,Traveler Accommodation,58157856,96030,3201,605.62,derived
2021-07-01,Traveler Accommodation,63914248,99045,3195,645.31,derived
2021-08-01,Traveler Accommodation,62336183,98859,3189,630.56,derived
2021-09-01,Traveler Accommodation,54144431,95610,3187,566.31,derived
2021-10-01,Traveler Accommodation,56734384,98766,3186,574.43,derived
2021-11-01,Traveler Accommodation,57511870,95670,3189,601.15,derived
2021-12-01,Traveler Accommodation,61984911,99045,3195,625.83,derived
2022-01-01,Traveler Accommodation,48166492,98983,3193,486.61,derived
2022-02-01,Traveler Accommodation,46550590,89292,3189,521.33,derived
2022-03-01,Traveler Accommodation,56384571,98766,3186,570.89,derived
2022-04-01,Traveler Accommodation,54405018,95580,3186,569.21,derived
2022-05-01,Traveler Accommodation,56654349,98580,3180,574.7,derived
2022-06-01,Traveler Accommodation,57028484,94740,3158,601.95,derived
2022-07-01,Traveler Accommodation,61932911,97929,3159,632.43,derived
2022-08-01,Traveler Accommodation,62123660,98332,3172,631.77,derived
2022-09-01,Traveler Accommodation,55154203,95430,3181,577.95,derived
2022-10-01,Traveler Accommodation,56099226,98394,3174,570.15,derived
2022-11-01,Traveler Accommodation,56274549,95310,3177,590.44,derived
2022-12-01,Traveler Accommodation,61055403,98642,3182,618.96,derived
2023-01-01,Traveler Accommodation,50699593,98797,3187,513.17,derived
2023-02-01,Traveler Accommodation,47830843,89348,3191,535.33,derived
2023-03-01,Traveler Accommodation,55413788,98890,3190,560.36,derived
2023-04-01,Traveler Accommodation,53855515,95730,3191,562.58,derived
2023-05-01,Traveler Accommodation,56397312,98952,3192,569.95,derived
2023-06-01,Traveler Accommodation,57549335,96090,3203,598.91,derived
2023-07-01,Traveler Accommodation,62061877,99262,3202,625.23,derived
2023-08-01,Traveler Accommodation,60518702,99231,3201,609.88,derived
2023-09-01,Traveler Accommodation,53688347,96180,3206,558.21,derived
2023-10-01,Traveler Accommodation,54727989,99324,3204,551.0,derived
2023-11-01,Traveler Accommodation,55830231,96060,3202,581.2,derived
2023-12-01,Traveler Accommodation,60879152,99510,3210,611.79,derived
2024-01-01,Traveler Accommodation,48021923,99727,3217,481.53,derived
2024-02-01,Traveler Accommodation,47965663,93206,3214,514.62,derived
2024-03-01,Traveler Accommodation,55408510,99603,3213,556.29,derived
2024-04-01,Traveler Accommodation,52478781,96360,3212,544.61,derived
2024-05-01,Traveler Accommodation,56511294,99541,3211,567.72,derived
2024-06-01,Traveler Accommodation,56882202,97200,3240,585.21,derived
2024-07-01,Traveler Accommodation,60706854,100657,3247,603.11,derived
2024-08-01,Traveler Accommodation,60780804,100347,3237,605.71,derived
2024-09-01,Traveler Accommodation,51854538,97350,3245,532.66,derived
2024-10-01,Traveler Accommodation,54214789,100409,3239,539.94,derived
2024-11-01,Traveler Accommodation,56121762,97350,3245,576.49,derived
2024-12-01,Traveler Accommodation,62828326,100409,3239,625.72,derived
2020-01-01,Used Merchandise Stores,11355201,20863,673,544.27,derived
2020-02-01,Used Merchandise Stores,11348439,19517,673,581.46,derived
2020-03-01,Used Merchandise Stores,5755114,20863,673,275.85,derived
2020-04-01,Used Merchandise Stores,37758,20190,673,1.87,derived
2020-05-01,Used Merchandise Stores,1732916,20863,673,83.06,derived
2020-06-01,Used Merchandise Stores,7696122,20220,674,380.62,derived
2020-07-01,Used Merchandise Stores,8272025,20894,674,395.9,derived
2020-08-01,Used Merchandise Stores,9223144,20894,674,441.43,derived
2020-09-01,Used Merchandise Stores,9742507,20220,674,481.83,derived
2020-10-01,Used Merchandise Stores,11030483,20894,674,527.93,derived
2020-11-01,Used Merchandise Stores,8525532,20190,673,422.27,derived
2020-12-01,Used Merchandise Stores,8612280,20894,674,412.19,derived
2021-01-01,Used Merchandise Stores,8002307,20894,674,383.0,derived
2021-02-01,Used Merchandise Stores,7186894,19012,679,378.02,derived
2021-03-01,Used Merchandise Stores,10761772,21080,680,510.52,derived
2021-04-01,Used Merchandise Stores,10015349,20250,675,494.59,derived
2021-05-01,Used Merchandise Stores,10255303,20770,670,493.76,derived
2021-06-01,Used Merchandise Stores,10380502,20100,670,516.44,derived
2021-07-01,Used Merchandise Stores,11060671,20677,667,534.93,derived
2021-08-01,Used Merchandise Stores,10786180,20491,661,526.39,derived
2021-09-01,Used Merchandise Stores,10577129,19830,661,533.39,derived
2021-10-01,Used Merchandise Stores,12455071,20491,661,607.83,derived
2021-11-01,Used Merchandise Stores,10046159,19860,662,505.85,derived
2021-12-01,Used Merchandise Stores,10203214,20460,660,498.69,derived
2022-01-01,Used Merchandise Stores,9389068,20429,659,459.6,derived
2022-02-01,Used Merchandise Stores,9142221,18368,656,497.73,derived
2022-03-01,Used Merchandise Stores,10558817,20367,657,518.43,derived
2022-04-01,Used Merchandise Stores,10329353,19770,659,522.48,derived
2022-05-01,Used Merchandise Stores,10045968,20274,654,495.51,derived
2022-06-01,Used Merchandise Stores,10118546,19800,660,511.04,derived
2022-07-01,Used Merchandise Stores,10966332,20429,659,536.8,derived
2022-08-01,Used Merchandise Stores,11151002,20460,660,545.01,derived
2022-09-01,Used Merchandise Stores,10482190,19800,660,529.4,derived
2022-10-01,Used Merchandise Stores,11910635,20398,658,583.91,derived
2022-11-01,Used Merchandise Stores,9965969,19770,659,504.1,derived
2022-12-01,Used Merchandise Stores,10375874,20398,658,508.67,derived
2023-01-01,Used Merchandise Stores,10048025,20367,657,493.35,derived
2023-02-01,Used Merchandise Stores,9226087,18256,652,505.37,derived
2023-03-01,Used Merchandise Stores,10587117,20150,650,525.42,derived
2023-04-01,Used Merchandise Stores,10115330,19440,648,520.34,derived
2023-05-01,Used Merchandise Stores,10131065,20243,653,500.47,derived
2023-06-01,Used Merchandise Stores,10421803,19590,653,532.0,derived
2023-07-01,Used Merchandise Stores,11017943,20243,653,544.28,derived
2023-08-01,Used Merchandise Stores,10871991,20243,653,537.07,derived
2023-09-01,Used Merchandise Stores,11009958,20760,692,530.34,derived
2023-10-01,Used Merchandise Stores,12165471,21421,691,567.92,derived
2023-11-01,Used Merchandise Stores,10596615,20730,691,511.17,derived
2023-12-01,Used Merchandise Stores,11379313,21452,692,530.45,derived
2024-01-01,Used Merchandise Stores,10141580,21483,693,472.07,derived
2024-02-01,Used Merchandise Stores,10339936,20039,691,515.99,derived
2024-03-01,Used Merchandise Stores,11386704,21390,690,532.34,derived
2024-04-01,Used Merchandise Stores,10688859,20640,688,517.87,derived
2024-05-01,Used Merchandise Stores,10716815,21297,687,503.21,derived
2024-06-01,Used Merchandise Stores,10797548,20610,687,523.9,derived
2024-07-01,Used Merchandise Stores,11281386,21297,687,529.72,derived
2024-08-01,Used Merchandise Stores,11609123,21390,690,542.74,derived
2024-09-01,Used Merchandise Stores,10451128,20730,691,504.15,derived
2024-10-01,Used Merchandise Stores,11725228,21514,694,545.0,derived
2024-11-01,Used Merchandise Stores,10845311,20790,693,521.66,derived
2024-12-01,Used Merchandise Stores,10927785,21483,693,508.67,derived
2020-01-01,"Veneer, Plywood, and Engineered Wood Product Manufacturing",9949,31,1,320.94,derived
2020-02-01,"Veneer, Plywood, and Engineered Wood Product Manufacturing",9940,29,1,342.76,derived
2020-03-01,"Veneer, Plywood, and Engineered Wood Product Manufacturing",6033,31,1,194.61,derived
2020-04-01,"Veneer, Plywood, and Engineered Wood Product Manufacturing",0,30,1,0.0,derived
2020-05-01,"Veneer, Plywood, and Engineered Wood Product Manufacturing",614,31,1,19.81,derived
2020-06-01,"Veneer, Plywood, and Engineered Wood Product Manufacturing",9852,30,1,328.4,derived
2020-07-01,"Veneer, Plywood, and Engineered Wood Product Manufacturing",12074,31,1,389.48,derived
2020-08-01,"Veneer, Plywood, and Engineered Wood Product Manufacturing",11276,31,1,363.74,derived
2020-09-01,"Veneer, Plywood, and Engineered Wood Product Manufacturing",9609,30,1,320.3,derived
2020-10-01,"Veneer, Plywood, and Engineered Wood Product Manufacturing",8751,31,1,282.29,derived
2020-11-01,"Veneer, Plywood, and Engineered Wood Product Manufacturing",9104,30,1,303.47,derived
2020-12-01,"Veneer, Plywood, and Engineered Wood Product Manufacturing",9920,31,1,320.0,derived
2021-01-01,"Veneer, Plywood, and Engineered Wood Product Manufacturing",6932,31,1,223.61,derived
2021-02-01,"Veneer, Plywood, and Engineered Wood Product Manufacturing",5793,28,1,206.89,derived
2021-03-01,"Veneer, Plywood, and Engineered Wood Product Manufacturing",9009,31,1,290.61,derived
2021-04-01,"Veneer, Plywood, and Engineered Wood Product Manufacturing",9188,30,1,306.27,derived
2021-05-01,"Veneer, Plywood, and Engineered Wood Product Manufacturing",10243,31,1,330.42,derived
2021-06-01,"Veneer, Plywood, and Engineered Wood Product Manufacturing",9663,30,1,322.1,derived
2021-07-01,"Veneer, Plywood, and Engineered Wood Product Manufacturing",10442,31,1,336.84,derived
2021-08-01,"Veneer, Plywood, and Engineered Wood Product Manufacturing",9648,31,1,311.23,derived
2021-09-01,"Veneer, Plywood, and Engineered Wood Product Manufacturing",9483,30,1,316.1,derived
2021-10-01,"Veneer, Plywood, and Engineered Wood Product Manufacturing",9856,31,1,317.94,derived
2021-11-01,"Veneer, Plywood, and Engineered Wood Product Manufacturing",10272,30,1,342.4,derived
2021-12-01,"Veneer, Plywood, and Engineered Wood Product Manufacturing",11281,31,1,363.9,derived
2022-01-01,"Veneer, Plywood, and Engineered Wood Product Manufacturing",7114,31,1,229.48,derived
2022-02-01,"Veneer, Plywood, and Engineered Wood Product Manufacturing",7480,28,1,267.14,derived
2022-03-01,"Veneer, Plywood, and Engineered Wood Product Manufacturing",9057,31,1,292.16,derived
2022-04-01,"Veneer, Plywood, and Engineered Wood Product Manufacturing",9108,30,1,303.6,derived
2022-05-01,"Veneer, Plywood, and Engineered Wood Product Manufacturing",9307,31,1,300.23,derived
2022-06-01,"Veneer, Plywood, and Engineered Wood Product Manufacturing",10232,30,1,341.07,derived
2022-07-01,"Veneer, Plywood, and Engineered Wood Product Manufacturing",10450,31,1,337.1,derived
2022-08-01,"Veneer, Plywood, and Engineered Wood Product Manufacturing",10808,31,1,348.65,derived
2022-09-01,"Veneer, Plywood, and Engineered Wood Product Manufacturing",10050,30,1,335.0,derived
2022-10-01,"Veneer, Plywood, and Engineered Wood Product Manufacturing",9812,31,1,316.52,derived
2022-11-01,"Veneer, Plywood, and Engineered Wood Product Manufacturing",9821,30,1,327.37,derived
2022-12-01,"Veneer, Plywood, and Engineered Wood Product Manufacturing",9939,31,1,320.61,derived
2023-01-01,"Veneer, Plywood, and Engineered Wood Product Manufacturing",8533,31,1,275.26,derived
2023-02-01,"Veneer, Plywood, and Engineered Wood Product Manufacturing",7578,28,1,270.64,derived
2023-03-01,"Veneer, Plywood, and Engineered Wood Product Manufacturing",9059,31,1,292.23,derived
2023-04-01,"Veneer, Plywood, and Engineered Wood Product Manufacturing",9179,30,1,305.97,derived
2023-05-01,"Veneer, Plywood, and Engineered Wood Product Manufacturing",10038,31,1,323.81,derived
2023-06-01,"Veneer, Plywood, and Engineered Wood Product Manufacturing",10436,30,1,347.87,derived
2023-07-01,"Veneer, Plywood, and Engineered Wood Product Manufacturing",10934,31,1,352.71,derived
2023-08-01,"Veneer, Plywood, and Engineered Wood Product Manufacturing",10492,31,1,338.45,derived
2023-09-01,"Veneer, Plywood, and Engineered Wood Product Manufacturing",9445,30,1,314.83,derived
2023-10-01,"Veneer, Plywood, and Engineered Wood Product Manufacturing",9456,31,1,305.03,derived
2023-11-01,"Veneer, Plywood, and Engineered Wood Product Manufacturing",9688,30,1,322.93,derived
2023-12-01,"Veneer, Plywood, and Engineered Wood Product Manufacturing",10943,31,1,353.0,derived
2024-01-01,"Veneer, Plywood, and Engineered Wood Product Manufacturing",7834,31,1,252.71,derived
2024-02-01,"Veneer, Plywood, and Engineered Wood Product Manufacturing",8078,29,1,278.55,derived
2024-03-01,"Veneer, Plywood, and Engineered Wood Product Manufacturing",9189,31,1,296.42,derived
2024-04-01,"Veneer, Plywood, and Engineered Wood Product Manufacturing",8897,30,1,296.57,derived
2024-05-01,"Veneer, Plywood, and Engineered Wood Product Manufacturing",10154,31,1,327.55,derived
2024-06-01,"Veneer, Plywood, and Engineered Wood Product Manufacturing",10378,30,1,345.93,derived
2024-07-01,"Veneer, Plywood, and Engineered Wood Product Manufacturing",10520,31,1,339.35,derived
2024-08-01,"Veneer, Plywood, and Engineered Wood Product Manufacturing",11192,31,1,361.03,derived
2024-09-01,"Veneer, Plywood, and Engineered Wood Product Manufacturing",9784,30,1,326.13,derived
2024-10-01,"Veneer, Plywood, and Engineered Wood Product Manufacturing",10016,31,1,323.1,derived
2024-11-01,"Veneer, Plywood, and Engineered Wood Product Manufacturing",10324,30,1,344.13,derived
2024-12-01,"Veneer, Plywood, and Engineered Wood Product Manufacturing",11656,31,1,376.0,derived
2020-01-01,Warehousing and Storage,715407,17515,565,40.85,derived
2020-02-01,Warehousing and Storage,688945,16385,565,42.05,derived
2020-03-01,Warehousing and Storage,389696,17515,565,22.25,derived
2020-04-01,Warehousing and Storage,8608,16950,565,0.51,derived
2020-05-01,Warehousing and Storage,304897,17515,565,17.41,derived
2020-06-01,Warehousing and Storage,548941,16950,565,32.39,derived
2020-07-01,Warehousing and Storage,568275,17515,565,32.45,derived
2020-08-01,Warehousing and Storage,562292,17515,565,32.1,derived
2020-09-01,Warehousing and Storage,549114,16950,565,32.4,derived
2020-10-01,Warehousing and Storage,576818,17546,566,32.87,derived
2020-11-01,Warehousing and Storage,597917,16980,566,35.21,derived
2020-12-01,Warehousing and Storage,635340,17546,566,36.21,derived
2021-01-01,Warehousing and Storage,458699,17577,567,26.1,derived
2021-02-01,Warehousing and Storage,406159,15876,567,25.58,derived
2021-03-01,Warehousing and Storage,618465,17577,567,35.19,derived
2021-04-01,Warehousing and Storage,635205,17040,568,37.28,derived
2021-05-01,Warehousing and Storage,664758,17608,568,37.75,derived
2021-06-01,Warehousing and Storage,656214,17040,568,38.51,derived
2021-07-01,Warehousing and Storage,686817,17608,568,39.01,derived
2021-08-01,Warehousing and Storage,661473,17670,570,37.43,derived
2021-09-01,Warehousing and Storage,622477,17100,570,36.4,derived
2021-10-01,Warehousing and Storage,634407,17856,576,35.53,derived
2021-11-01,Warehousing and Storage,672102,17160,572,39.17,derived
2021-12-01,Warehousing and Storage,750903,17918,578,41.91,derived
2022-01-01,Warehousing and Storage,564583,17949,579,31.45,derived
2022-02-01,Warehousing and Storage,548723,16436,587,33.39,derived
2022-03-01,Warehousing and Storage,660607,18321,591,36.06,derived
2022-04-01,Warehousing and Storage,648062,17880,596,36.25,derived
2022-05-01,Warehousing and Storage,669341,18569,599,36.05,derived
2022-06-01,Warehousing and Storage,672144,18120,604,37.09,derived
2022-07-01,Warehousing and Storage,699011,18910,610,36.97,derived
2022-08-01,Warehousing and Storage,713465,19127,617,37.3,derived
2022-09-01,Warehousing and Storage,661534,18720,624,35.34,derived
2022-10-01,Warehousing and Storage,666934,19685,635,33.88,derived
2022-11-01,Warehousing and Storage,696776,19290,643,36.12,derived
2022-12-01,Warehousing and Storage,795066,19964,644,39.82,derived
2023-01-01,Warehousing and Storage,630884,19840,640,31.8,derived
2023-02-01,Warehousing and Storage,582702,17920,640,32.52,derived
2023-03-01,Warehousing and Storage,683330,19840,640,34.44,derived
2023-04-01,Warehousing and Storage,664209,19170,639,34.65,derived
2023-05-01,Warehousing and Storage,698627,19778,638,35.32,derived
2023-06-01,Warehousing and Storage,696871,19290,643,36.13,derived
2023-07-01,Warehousing and Storage,715212,19902,642,35.94,derived
2023-08-01,Warehousing and Storage,713706,19933,643,35.81,derived
2023-09-01,Warehousing and Storage,656716,19230,641,34.15,derived
2023-10-01,Warehousing and Storage,661008,19809,639,33.37,derived
2023-11-01,Warehousing and Storage,693682,19140,638,36.24,derived
2023-12-01,Warehousing and Storage,795305,19871,641,40.02,derived
2024-01-01,Warehousing and Storage,625534,19933,643,31.38,derived
2024-02-01,Warehousing and Storage,614592,18473,637,33.27,derived
2024-03-01,Warehousing and Storage,653430,19654,634,33.25,derived
2024-04-01,Warehousing and Storage,636077,19050,635,33.39,derived
2024-05-01,Warehousing and Storage,672864,19530,630,34.45,derived
2024-06-01,Warehousing and Storage,651553,18900,630,34.47,derived
2024-07-01,Warehousing and Storage,680429,19499,629,34.9,derived
2024-08-01,Warehousing and Storage,693571,19685,635,35.23,derived
2024-09-01,Warehousing and Storage,607694,19020,634,31.95,derived
2024-10-01,Warehousing and Storage,630868,19654,634,32.1,derived
2024-11-01,Warehousing and Storage,683372,19230,641,35.54,derived
2024-12-01,Warehousing and Storage,784242,20057,647,39.1,derived
2020-01-01,Waste Collection,7358,620,20,11.87,derived
2020-02-01,Waste Collection,7058,580,20,12.17,derived
2020-03-01,Waste Collection,3494,620,20,5.64,derived
2020-04-01,Waste Collection,1,600,20,0.0,derived
2020-05-01,Waste Collection,2662,620,20,4.29,derived
2020-06-01,Waste Collection,5663,600,20,9.44,derived
2020-07-01,Waste Collection,5711,620,20,9.21,derived
2020-08-01,Waste Collection,5531,620,20,8.92,derived
2020-09-01,Waste Collection,5484,600,20,9.14,derived
2020-10-01,Waste Collection,5811,620,20,9.37,derived
2020-11-01,Waste Collection,6009,600,20,10.02,derived
2020-12-01,Waste Collection,6444,620,20,10.39,derived
2021-01-01,Waste Collection,4159,620,20,6.71,derived
2021-02-01,Waste Collection,3658,560,20,6.53,derived
2021-03-01,Waste Collection,6192,620,20,9.99,derived
2021-04-01,Waste Collection,6320,600,20,10.53,derived
2021-05-01,Waste Collection,6706,620,20,10.82,derived
2021-06-01,Waste Collection,6530,600,20,10.88,derived
2021-07-01,Waste Collection,6908,620,20,11.14,derived
2021-08-01,Waste Collection,6566,620,20,10.59,derived
2021-09-01,Waste Collection,6170,600,20,10.28,derived
2021-10-01,Waste Collection,6280,620,20,10.13,derived
2021-11-01,Waste Collection,6911,630,21,10.97,derived
2021-12-01,Waste Collection,7510,620,20,12.11,derived
2022-01-01,Waste Collection,5944,682,22,8.72,derived
2022-02-01,Waste Collection,6014,616,22,9.76,derived
2022-03-01,Waste Collection,7097,682,22,10.41,derived
2022-04-01,Waste Collection,6933,660,22,10.5,derived
2022-05-01,Waste Collection,7103,682,22,10.41,derived
2022-06-01,Waste Collection,7192,660,22,10.9,derived
2022-07-01,Waste Collection,7473,682,22,10.96,derived
2022-08-01,Waste Collection,7778,713,23,10.91,derived
2022-09-01,Waste Collection,7016,690,23,10.17,derived
2022-10-01,Waste Collection,7028,713,23,9.86,derived
2022-11-01,Waste Collection,7485,720,24,10.4,derived
2022-12-01,Waste Collection,8600,744,24,11.56,derived
2023-01-01,Waste Collection,6913,744,24,9.29,derived
2023-02-01,Waste Collection,6703,672,24,9.97,derived
2023-03-01,Waste Collection,7644,744,24,10.27,derived
2023-04-01,Waste Collection,7429,750,25,9.91,derived
2023-05-01,Waste Collection,7898,775,25,10.19,derived
2023-06-01,Waste Collection,7891,750,25,10.52,derived
2023-07-01,Waste Collection,8536,806,26,10.59,derived
2023-08-01,Waste Collection,8473,806,26,10.51,derived
2023-09-01,Waste Collection,7663,780,26,9.82,derived
2023-10-01,Waste Collection,7587,806,26,9.41,derived
2023-11-01,Waste Collection,8136,780,26,10.43,derived
2023-12-01,Waste Collection,9417,806,26,11.68,derived
2024-01-01,Waste Collection,7216,775,25,9.31,derived
2024-02-01,Waste Collection,7112,725,25,9.81,derived
2024-03-01,Waste Collection,7505,744,24,10.09,derived
2024-04-01,Waste Collection,7207,720,24,10.01,derived
2024-05-01,Waste Collection,7244,713,23,10.16,derived
2024-06-01,Waste Collection,7081,690,23,10.26,derived
2024-07-01,Waste Collection,7347,713,23,10.3,derived
2024-08-01,Waste Collection,7599,713,23,10.66,derived
2024-09-01,Waste Collection,5982,660,22,9.06,derived
2024-10-01,Waste Collection,6156,682,22,9.03,derived
2024-11-01,Waste Collection,6629,630,21,10.52,derived
2024-12-01,Waste Collection,7684,651,21,11.8,derived
2020-01-01,Waste Treatment and Disposal,23201,1860,60,12.47,derived
2020-02-01,Waste Treatment and Disposal,21681,1740,60,12.46,derived
2020-03-01,Waste Treatment and Disposal,11959,1860,60,6.43,derived
2020-04-01,Waste Treatment and Disposal,573,1800,60,0.32,derived
2020-05-01,Waste Treatment and Disposal,9845,1860,60,5.29,derived
2020-06-01,Waste Treatment and Disposal,17206,1800,60,9.56,derived
2020-07-01,Waste Treatment and Disposal,18158,1860,60,9.76,derived
2020-08-01,Waste Treatment and Disposal,17053,1860,60,9.17,derived
2020-09-01,Waste Treatment and Disposal,17214,1800,60,9.56,derived
2020-10-01,Waste Treatment and Disposal,17718,1860,60,9.53,derived
2020-11-01,Waste Treatment and Disposal,17790,1800,60,9.88,derived
2020-12-01,Waste Treatment and Disposal,18665,1860,60,10.03,derived
2021-01-01,Waste Treatment and Disposal,14112,1860,60,7.59,derived
2021-02-01,Waste Treatment and Disposal,12502,1680,60,7.44,derived
2021-03-01,Waste Treatment and Disposal,18993,1860,60,10.21,derived
2021-04-01,Waste Treatment and Disposal,19733,1800,60,10.96,derived
2021-05-01,Waste Treatment and Disposal,19536,1860,60,10.5,derived
2021-06-01,Waste Treatment and Disposal,20516,1800,60,11.4,derived
2021-07-01,Waste Treatment and Disposal,21587,1860,60,11.61,derived
2021-08-01,Waste Treatment and Disposal,20764,1860,60,11.16,derived
2021-09-01,Waste Treatment and Disposal,19905,1800,60,11.06,derived
2021-10-01,Waste Treatment and Disposal,19121,1860,60,10.28,derived
2021-11-01,Waste Treatment and Disposal,20841,1800,60,11.58,derived
2021-12-01,Waste Treatment and Disposal,24027,1860,60,12.92,derived
2022-01-01,Waste Treatment and Disposal,19599,1860,60,10.54,derived
2022-02-01,Waste Treatment and Disposal,17041,1680,60,10.14,derived
2022-03-01,Waste Treatment and Disposal,20129,1860,60,10.82,derived
2022-04-01,Waste Treatment and Disposal,19560,1800,60,10.87,derived
2022-05-01,Waste Treatment and Disposal,20227,1860,60,10.87,derived
2022-06-01,Waste Treatment and Disposal,20687,1800,60,11.49,derived
2022-07-01,Waste Treatment and Disposal,20461,1860,60,11.0,derived
2022-08-01,Waste Treatment and Disposal,21233,1860,60,11.42,derived
2022-09-01,Waste Treatment and Disposal,19723,1800,60,10.96,derived
2022-10-01,Waste Treatment and Disposal,18864,1860,60,10.14,derived
2022-11-01,Waste Treatment and Disposal,20002,1800,60,11.11,derived
2022-12-01,Waste Treatment and Disposal,24162,1860,60,12.99,derived
2023-01-01,Waste Treatment and Disposal,19349,1860,60,10.4,derived
2023-02-01,Waste Treatment and Disposal,16705,1680,60,9.94,derived
2023-03-01,Waste Treatment and Disposal,19915,1860,60,10.71,derived
2023-04-01,Waste Treatment and Disposal,18325,1800,60,10.18,derived
2023-05-01,Waste Treatment and Disposal,20971,1860,60,11.27,derived
2023-06-01,Waste Treatment and Disposal,20570,1800,60,11.43,derived
2023-07-01,Waste Treatment and Disposal,20283,1860,60,10.9,derived
2023-08-01,Waste Treatment and Disposal,21066,1860,60,11.33,derived
2023-09-01,Waste Treatment and Disposal,19367,1800,60,10.76,derived
2023-10-01,Waste Treatment and Disposal,19429,1860,60,10.45,derived
2023-11-01,Waste Treatment and Disposal,20114,1800,60,11.17,derived
2023-12-01,Waste Treatment and Disposal,23289,1860,60,12.52,derived
2024-01-01,Waste Treatment and Disposal,20997,1860,60,11.29,derived
2024-02-01,Waste Treatment and Disposal,18095,1740,60,10.4,derived
2024-03-01,Waste Treatment and Disposal,18861,1860,60,10.14,derived
2024-04-01,Waste Treatment and Disposal,19172,1800,60,10.65,derived
2024-05-01,Waste Treatment and Disposal,20735,1860,60,11.15,derived
2024-06-01,Waste Treatment and Disposal,19202,1800,60,10.67,derived
2024-07-01,Waste Treatment and Disposal,21280,1860,60,11.44,derived
2024-08-01,Waste Treatment and Disposal,20649,1860,60,11.1,derived
2024-09-01,Waste Treatment and Disposal,18582,1800,60,10.32,derived
2024-10-01,Waste Treatment and Disposal,19568,1860,60,10.52,derived
2024-11-01,Waste Treatment and Disposal,20119,1800,60,11.18,derived
2024-12-01,Waste Treatment and Disposal,22858,1860,60,12.29,derived
2020-01-01,"Water, Sewage and Other Systems",85160,62,2,1373.55,derived
2020-02-01,"Water, Sewage and Other Systems",80989,58,2,1396.36,derived
2020-03-01,"Water, Sewage and Other Systems",49741,62,2,802.27,derived
2020-04-01,"Water, Sewage and Other Systems",0,60,2,0.0,derived
2020-05-01,"Water, Sewage and Other Systems",40755,62,2,657.34,derived
2020-06-01,"Water, Sewage and Other Systems",67183,60,2,1119.72,derived
2020-07-01,"Water, Sewage and Other Systems",60998,62,2,983.84,derived
2020-08-01,"Water, Sewage and Other Systems",61523,62,2,992.31,derived
2020-09-01,"Water, Sewage and Other Systems",60847,60,2,1014.12,derived
2020-10-01,"Water, Sewage and Other Systems",67402,62,2,1087.13,derived
2020-11-01,"Water, Sewage and Other Systems",73327,60,2,1222.12,derived
2020-12-01,"Water, Sewage and Other Systems",76901,62,2,1240.34,derived
2021-01-01,"Water, Sewage and Other Systems",55575,62,2,896.37,derived
2021-02-01,"Water, Sewage and Other Systems",39817,56,2,711.02,derived
2021-03-01,"Water, Sewage and Other Systems",71229,62,2,1148.85,derived
2021-04-01,"Water, Sewage and Other Systems",78267,60,2,1304.45,derived
2021-05-01,"Water, Sewage and Other Systems",82154,62,2,1325.06,derived
2021-06-01,"Water, Sewage and Other Systems",78319,60,2,1305.32,derived
2021-07-01,"Water, Sewage and Other Systems",83282,62,2,1343.26,derived
2021-08-01,"Water, Sewage and Other Systems",79931,62,2,1289.21,derived
2021-09-01,"Water, Sewage and Other Systems",75754,60,2,1262.57,derived
2021-10-01,"Water, Sewage and Other Systems",76452,62,2,1233.1,derived
2021-11-01,"Water, Sewage and Other Systems",80884,60,2,1348.07,derived
2021-12-01,"Water, Sewage and Other Systems",90863,62,2,1465.53,derived
2022-01-01,"Water, Sewage and Other Systems",69208,62,2,1116.26,derived
2022-02-01,"Water, Sewage and Other Systems",63062,56,2,1126.11,derived
2022-03-01,"Water, Sewage and Other Systems",79673,62,2,1285.05,derived
2022-04-01,"Water, Sewage and Other Systems",79358,60,2,1322.63,derived
2022-05-01,"Water, Sewage and Other Systems",81539,62,2,1315.15,derived
2022-06-01,"Water, Sewage and Other Systems",77784,60,2,1296.4,derived
2022-07-01,"Water, Sewage and Other Systems",81648,62,2,1316.9,derived
2022-08-01,"Water, Sewage and Other Systems",85348,62,2,1376.58,derived
2022-09-01,"Water, Sewage and Other Systems",75649,60,2,1260.82,derived
2022-10-01,"Water, Sewage and Other Systems",74636,62,2,1203.81,derived
2022-11-01,"Water, Sewage and Other Systems",81462,60,2,1357.7,derived
2022-12-01,"Water, Sewage and Other Systems",89595,62,2,1445.08,derived
2023-01-01,"Water, Sewage and Other Systems",71318,62,2,1150.29,derived
2023-02-01,"Water, Sewage and Other Systems",63543,56,2,1134.7,derived
2023-03-01,"Water, Sewage and Other Systems",78813,62,2,1271.18,derived
2023-04-01,"Water, Sewage and Other Systems",77722,60,2,1295.37,derived
2023-05-01,"Water, Sewage and Other Systems",82012,62,2,1322.77,derived
2023-06-01,"Water, Sewage and Other Systems",78120,60,2,1302.0,derived
2023-07-01,"Water, Sewage and Other Systems",83065,62,2,1339.76,derived
2023-08-01,"Water, Sewage and Other Systems",75779,62,2,1222.24,derived
2023-09-01,"Water, Sewage and Other Systems",74151,60,2,1235.85,derived
2023-10-01,"Water, Sewage and Other Systems",75376,62,2,1215.74,derived
2023-11-01,"Water, Sewage and Other Systems",78518,60,2,1308.63,derived
2023-12-01,"Water, Sewage and Other Systems",94156,62,2,1518.65,derived
2024-01-01,"Water, Sewage and Other Systems",67451,62,2,1087.92,derived
2024-02-01,"Water, Sewage and Other Systems",69515,58,2,1198.53,derived
2024-03-01,"Water, Sewage and Other Systems",76127,62,2,1227.85,derived
2024-04-01,"Water, Sewage and Other Systems",73486,60,2,1224.77,derived
2024-05-01,"Water, Sewage and Other Systems",79843,62,2,1287.79,derived
2024-06-01,"Water, Sewage and Other Systems",76528,60,2,1275.47,derived
2024-07-01,"Water, Sewage and Other Systems",78605,62,2,1267.82,derived
2024-08-01,"Water, Sewage and Other Systems",80440,62,2,1297.42,derived
2024-09-01,"Water, Sewage and Other Systems",71159,60,2,1185.98,derived
2024-10-01,"Water, Sewage and Other Systems",72475,62,2,1168.95,derived
2024-11-01,"Water, Sewage and Other Systems",78177,60,2,1302.95,derived
2024-12-01,"Water, Sewage and Other Systems",91547,62,2,1476.56,derived
2020-01-01,Wired and Wireless Telecommunications Carriers,11726301,109585,3535,107.01,derived
2020-02-01,Wired and Wireless Telecommunications Carriers,11295770,102834,3546,109.84,derived
2020-03-01,Wired and Wireless Telecommunications Carriers,6889693,109895,3545,62.69,derived
2020-04-01,Wired and Wireless Telecommunications Carriers,223780,106200,3540,2.11,derived
2020-05-01,Wired and Wireless Telecommunications Carriers,5075067,108655,3505,46.71,derived
2020-06-01,Wired and Wireless Telecommunications Carriers,9017091,103860,3462,86.82,derived
2020-07-01,Wired and Wireless Telecommunications Carriers,9217645,104842,3382,87.92,derived
2020-08-01,Wired and Wireless Telecommunications Carriers,8983109,104315,3365,86.12,derived
2020-09-01,Wired and Wireless Telecommunications Carriers,9196120,99810,3327,92.14,derived
2020-10-01,Wired and Wireless Telecommunications Carriers,10075714,103292,3332,97.55,derived
2020-11-01,Wired and Wireless Telecommunications Carriers,10257627,101670,3389,100.89,derived
2020-12-01,Wired and Wireless Telecommunications Carriers,10919403,104966,3386,104.03,derived
2021-01-01,Wired and Wireless Telecommunications Carriers,9293290,104222,3362,89.17,derived
2021-02-01,Wired and Wireless Telecommunications Carriers,8183698,93940,3355,87.12,derived
2021-03-01,Wired and Wireless Telecommunications Carriers,10848505,103788,3348,104.53,derived
2021-04-01,Wired and Wireless Telecommunications Carriers,10065366,100020,3334,100.63,derived
2021-05-01,Wired and Wireless Telecommunications Carriers,9968748,103416,3336,96.39,derived
2021-06-01,Wired and Wireless Telecommunications Carriers,10446156,100170,3339,104.28,derived
2021-07-01,Wired and Wireless Telecommunications Carriers,10777288,103540,3340,104.09,derived
2021-08-01,Wired and Wireless Telecommunications Carriers,10743893,103509,3339,103.8,derived
2021-09-01,Wired and Wireless Telecommunications Carriers,10659770,98550,3285,108.17,derived
2021-10-01,Wired and Wireless Telecommunications Carriers,11506220,101401,3271,113.47,derived
2021-11-01,Wired and Wireless Telecommunications Carriers,10901146,97500,3250,111.81,derived
2021-12-01,Wired and Wireless Telecommunications Carriers,12253104,100843,3253,121.51,derived
2022-01-01,Wired and Wireless Telecommunications Carriers,9590615,100843,3253,95.1,derived
2022-02-01,Wired and Wireless Telecommunications Carriers,9349358,93884,3353,99.58,derived
2022-03-01,Wired and Wireless Telecommunications Carriers,11032427,103943,3353,106.14,derived
2022-04-01,Wired and Wireless Telecommunications Carriers,9856332,98610,3287,99.95,derived
2022-05-01,Wired and Wireless Telecommunications Carriers,10201344,101680,3280,100.33,derived
2022-06-01,Wired and Wireless Telecommunications Carriers,10386178,98250,3275,105.71,derived
2022-07-01,Wired and Wireless Telecommunications Carriers,10345779,101649,3279,101.78,derived
2022-08-01,Wired and Wireless Telecommunications Carriers,10598038,101463,3273,104.45,derived
2022-09-01,Wired and Wireless Telecommunications Carriers,10917391,98220,3274,111.15,derived
2022-10-01,Wired and Wireless Telecommunications Carriers,10728524,101556,3276,105.64,derived
2022-11-01,Wired and Wireless Telecommunications Carriers,9983731,98610,3287,101.24,derived
2022-12-01,Wired and Wireless Telecommunications Carriers,11251130,100626,3246,111.81,derived
2023-01-01,Wired and Wireless Telecommunications Carriers,9781802,100471,3241,97.36,derived
2023-02-01,Wired and Wireless Telecommunications Carriers,9139098,90412,3229,101.08,derived
2023-03-01,Wired and Wireless Telecommunications Carriers,10483402,103974,3354,100.83,derived
2023-04-01,Wired and Wireless Telecommunications Carriers,9541981,99450,3315,95.95,derived
2023-05-01,Wired and Wireless Telecommunications Carriers,11232216,118420,3820,94.85,derived
2023-06-01,Wired and Wireless Telecommunications Carriers,11326604,114600,3820,98.84,derived
2023-07-01,Wired and Wireless Telecommunications Carriers,11332215,115723,3733,97.93,derived
2023-08-01,Wired and Wireless Telecommunications Carriers,11299105,114545,3695,98.64,derived
2023-09-01,Wired and Wireless Telecommunications Carriers,11292700,110730,3691,101.98,derived
2023-10-01,Wired and Wireless Telecommunications Carriers,11562740,114049,3679,101.38,derived
2023-11-01,Wired and Wireless Telecommunications Carriers,10867234,110310,3677,98.52,derived
2023-12-01,Wired and Wireless Telecommunications Carriers,12090522,114483,3693,105.61,derived
2024-01-01,Wired and Wireless Telecommunications Carriers,10309833,114886,3706,89.74,derived
2024-02-01,Wired and Wireless Telecommunications Carriers,10304080,107793,3717,95.59,derived
2024-03-01,Wired and Wireless Telecommunications Carriers,10813404,115630,3730,93.52,derived
2024-04-01,Wired and Wireless Telecommunications Carriers,10491564,111450,3715,94.14,derived
2024-05-01,Wired and Wireless Telecommunications Carriers,10892984,115413,3723,94.38,derived
2024-06-01,Wired and Wireless Telecommunications Carriers,10763198,111600,3720,96.44,derived
2024-07-01,Wired and Wireless Telecommunications Carriers,11086956,114359,3689,96.95,derived
2024-08-01,Wired and Wireless Telecommunications Carriers,11314630,115041,3711,98.35,derived
2024-09-01,Wired and Wireless Telecommunications Carriers,11055498,111450,3715,99.2,derived
2024-10-01,Wired and Wireless Telecommunications Carriers,11536261,115165,3715,100.17,derived
2024-11-01,Wired and Wireless Telecommunications Carriers,11252303,111510,3717,100.91,derived
2024-12-01,Wired and Wireless Telecommunications Carriers,12188448,115630,3730,105.41,derived
