scenario_id,timestamp,time_minutes,phase_id,node_id,incoming_passengers,queue_passengers,holding_passengers,served_passengers,departing_passengers,utilization,estimated_wait_minutes,data_type,assumption_note
baseline,2026-07-19T12:00:00Z,-180,pre_match,midtown,0,0,0,0,0,0.0,0.0,derived,Derived from synthetic FinalFlow scenario inputs; not observed event operations.
baseline,2026-07-19T12:00:00Z,-180,pre_match,penn_station,0,0,0,0,0,0.0,0.0,derived,Derived from synthetic FinalFlow scenario inputs; not observed event operations.
baseline,2026-07-19T12:00:00Z,-180,pre_match,secaucus,0,0,0,0,0,0.0,0.0,derived,Derived from synthetic FinalFlow scenario inputs; not observed event operations.
baseline,2026-07-19T12:00:00Z,-180,pre_match,meadowlands,0,0,0,0,0,0.0,0.0,derived,Derived from synthetic FinalFlow scenario inputs; not observed event operations.
baseline,2026-07-19T12:00:00Z,-180,pre_match,stadium,0,0,0,0,0,0.0,0.0,derived,Derived from synthetic FinalFlow scenario inputs; not observed event operations.
baseline,2026-07-19T12:05:00Z,-175,pre_match,midtown,0,0,0,0,0,0.0,0.0,derived,Derived from synthetic FinalFlow scenario inputs; not observed event operations.
baseline,2026-07-19T12:05:00Z,-175,pre_match,penn_station,0,0,0,0,0,0.0,0.0,derived,Derived from synthetic FinalFlow scenario inputs; not observed event operations.
baseline,2026-07-19T12:05:00Z,-175,pre_match,secaucus,0,0,0,0,0,0.0,0.0,derived,Derived from synthetic FinalFlow scenario inputs; not observed event operations.
baseline,2026-07-19T12:05:00Z,-175,pre_match,meadowlands,0,0,0,0,0,0.0,0.0,derived,Derived from synthetic FinalFlow scenario inputs; not observed event operations.
baseline,2026-07-19T12:05:00Z,-175,pre_match,stadium,0,0,0,0,0,0.0,0.0,derived,Derived from synthetic FinalFlow scenario inputs; not observed event operations.
baseline,2026-07-19T12:10:00Z,-170,pre_match,midtown,0,0,0,0,0,0.0,0.0,derived,Derived from synthetic FinalFlow scenario inputs; not observed event operations.
baseline,2026-07-19T12:10:00Z,-170,pre_match,penn_station,0,0,0,0,0,0.0,0.0,derived,Derived from synthetic FinalFlow scenario inputs; not observed event operations.
baseline,2026-07-19T12:10:00Z,-170,pre_match,secaucus,0,0,0,0,0,0.0,0.0,derived,Derived from synthetic FinalFlow scenario inputs; not observed event operations.
baseline,2026-07-19T12:10:00Z,-170,pre_match,meadowlands,0,0,0,0,0,0.0,0.0,derived,Derived from synthetic FinalFlow scenario inputs; not observed event operations.
baseline,2026-07-19T12:10:00Z,-170,pre_match,stadium,0,0,0,0,0,0.0,0.0,derived,Derived from synthetic FinalFlow scenario inputs; not observed event operations.
baseline,2026-07-19T12:15:00Z,-165,pre_match,midtown,0,0,0,0,0,0.0,0.0,derived,Derived from synthetic FinalFlow scenario inputs; not observed event operations.
baseline,2026-07-19T12:15:00Z,-165,pre_match,penn_station,0,0,0,0,0,0.0,0.0,derived,Derived from synthetic FinalFlow scenario inputs; not observed event operations.
baseline,2026-07-19T12:15:00Z,-165,pre_match,secaucus,0,0,0,0,0,0.0,0.0,derived,Derived from synthetic FinalFlow scenario inputs; not observed event operations.
baseline,2026-07-19T12:15:00Z,-165,pre_match,meadowlands,0,0,0,0,0,0.0,0.0,derived,Derived from synthetic FinalFlow scenario inputs; not observed event operations.
baseline,2026-07-19T12:15:00Z,-165,pre_match,stadium,0,0,0,0,0,0.0,0.0,derived,Derived from synthetic FinalFlow scenario inputs; not observed event operations.
baseline,2026-07-19T12:20:00Z,-160,pre_match,midtown,0,0,0,0,0,0.0,0.0,derived,Derived from synthetic FinalFlow scenario inputs; not observed event operations.
baseline,2026-07-19T12:20:00Z,-160,pre_match,penn_station,0,0,0,0,0,0.0,0.0,derived,Derived from synthetic FinalFlow scenario inputs; not observed event operations.
baseline,2026-07-19T12:20:00Z,-160,pre_match,secaucus,0,0,0,0,0,0.0,0.0,derived,Derived from synthetic FinalFlow scenario inputs; not observed event operations.
baseline,2026-07-19T12:20:00Z,-160,pre_match,meadowlands,0,0,0,0,0,0.0,0.0,derived,Derived from synthetic FinalFlow scenario inputs; not observed event operations.
baseline,2026-07-19T12:20:00Z,-160,pre_match,stadium,0,0,0,0,0,0.0,0.0,derived,Derived from synthetic FinalFlow scenario inputs; not observed event operations.
baseline,2026-07-19T12:25:00Z,-155,pre_match,midtown,0,0,0,0,0,0.0,0.0,derived,Derived from synthetic FinalFlow scenario inputs; not observed event operations.
baseline,2026-07-19T12:25:00Z,-155,pre_match,penn_station,0,0,0,0,0,0.0,0.0,derived,Derived from synthetic FinalFlow scenario inputs; not observed event operations.
baseline,2026-07-19T12:25:00Z,-155,pre_match,secaucus,0,0,0,0,0,0.0,0.0,derived,Derived from synthetic FinalFlow scenario inputs; not observed event operations.
baseline,2026-07-19T12:25:00Z,-155,pre_match,meadowlands,0,0,0,0,0,0.0,0.0,derived,Derived from synthetic FinalFlow scenario inputs; not observed event operations.
baseline,2026-07-19T12:25:00Z,-155,pre_match,stadium,0,0,0,0,0,0.0,0.0,derived,Derived from synthetic FinalFlow scenario inputs; not observed event operations.
baseline,2026-07-19T12:30:00Z,-150,pre_match,midtown,12,0,0,12,12,0.02,0.0,derived,Derived from synthetic FinalFlow scenario inputs; not observed event operations.
baseline,2026-07-19T12:30:00Z,-150,pre_match,penn_station,3,0,0,3,3,0.0033333333333333335,0.0,derived,Derived from synthetic FinalFlow scenario inputs; not observed event operations.
baseline,2026-07-19T12:30:00Z,-150,pre_match,secaucus,3,0,0,3,3,0.005,0.0,derived,Derived from synthetic FinalFlow scenario inputs; not observed event operations.
baseline,2026-07-19T12:30:00Z,-150,pre_match,meadowlands,1,0,0,1,1,0.0011111111111111111,0.0,derived,Derived from synthetic FinalFlow scenario inputs; not observed event operations.
baseline,2026-07-19T12:30:00Z,-150,pre_match,stadium,11,11,0,0,0,0.0,30.0,derived,Derived from synthetic FinalFlow scenario inputs; not observed event operations.
baseline,2026-07-19T12:35:00Z,-145,pre_match,midtown,12,0,0,12,12,0.02,0.0,derived,Derived from synthetic FinalFlow scenario inputs; not observed event operations.
baseline,2026-07-19T12:35:00Z,-145,pre_match,penn_station,3,0,0,3,3,0.0033333333333333335,0.0,derived,Derived from synthetic FinalFlow scenario inputs; not observed event operations.
baseline,2026-07-19T12:35:00Z,-145,pre_match,secaucus,3,0,0,3,3,0.005,0.0,derived,Derived from synthetic FinalFlow scenario inputs; not observed event operations.
baseline,2026-07-19T12:35:00Z,-145,pre_match,meadowlands,1,0,0,1,1,0.0011111111111111111,0.0,derived,Derived from synthetic FinalFlow scenario inputs; not observed event operations.
baseline,2026-07-19T12:35:00Z,-145,pre_match,stadium,11,22,0,0,0,0.0,25.0,derived,Derived from synthetic FinalFlow scenario inputs; not observed event operations.
baseline,2026-07-19T12:40:00Z,-140,pre_match,midtown,12,0,0,12,12,0.02,0.0,derived,Derived from synthetic FinalFlow scenario inputs; not observed event operations.
baseline,2026-07-19T12:40:00Z,-140,pre_match,penn_station,3,0,0,3,3,0.0033333333333333335,0.0,derived,Derived from synthetic FinalFlow scenario inputs; not observed event operations.
baseline,2026-07-19T12:40:00Z,-140,pre_match,secaucus,3,0,0,3,3,0.005,0.0,derived,Derived from synthetic FinalFlow scenario inputs; not observed event operations.
baseline,2026-07-19T12:40:00Z,-140,pre_match,meadowlands,1,0,0,1,1,0.0011111111111111111,0.0,derived,Derived from synthetic FinalFlow scenario inputs; not observed event operations.
baseline,2026-07-19T12:40:00Z,-140,pre_match,stadium,12,34,0,0,0,0.0,20.0,derived,Derived from synthetic FinalFlow scenario inputs; not observed event operations.
baseline,2026-07-19T12:45:00Z,-135,pre_match,midtown,23,0,0,23,23,0.03833333333333333,0.0,derived,Derived from synthetic FinalFlow scenario inputs; not observed event operations.
baseline,2026-07-19T12:45:00Z,-135,pre_match,penn_station,17,0,0,17,17,0.01888888888888889,0.0,derived,Derived from synthetic FinalFlow scenario inputs; not observed event operations.
baseline,2026-07-19T12:45:00Z,-135,pre_match,secaucus,7,0,0,7,7,0.011666666666666667,0.0,derived,Derived from synthetic FinalFlow scenario inputs; not observed event operations.
baseline,2026-07-19T12:45:00Z,-135,pre_match,meadowlands,6,0,0,6,6,0.006666666666666667,0.0,derived,Derived from synthetic FinalFlow scenario inputs; not observed event operations.
baseline,2026-07-19T12:45:00Z,-135,pre_match,stadium,26,60,0,0,0,0.0,15.0,derived,Derived from synthetic FinalFlow scenario inputs; not observed event operations.
baseline,2026-07-19T12:50:00Z,-130,pre_match,midtown,23,0,0,23,23,0.03833333333333333,0.0,derived,Derived from synthetic FinalFlow scenario inputs; not observed event operations.
baseline,2026-07-19T12:50:00Z,-130,pre_match,penn_station,17,0,0,17,17,0.01888888888888889,0.0,derived,Derived from synthetic FinalFlow scenario inputs; not observed event operations.
baseline,2026-07-19T12:50:00Z,-130,pre_match,secaucus,7,0,0,7,7,0.011666666666666667,0.0,derived,Derived from synthetic FinalFlow scenario inputs; not observed event operations.
baseline,2026-07-19T12:50:00Z,-130,pre_match,meadowlands,6,0,0,6,6,0.006666666666666667,0.0,derived,Derived from synthetic FinalFlow scenario inputs; not observed event operations.
baseline,2026-07-19T12:50:00Z,-130,pre_match,stadium,26,86,0,0,0,0.0,10.0,derived,Derived from synthetic FinalFlow scenario inputs; not observed event operations.
baseline,2026-07-19T12:55:00Z,-125,pre_match,midtown,35,0,0,35,35,0.058333333333333334,0.0,derived,Derived from synthetic FinalFlow scenario inputs; not observed event operations.
baseline,2026-07-19T12:55:00Z,-125,pre_match,penn_station,20,0,0,20,20,0.022222222222222223,0.0,derived,Derived from synthetic FinalFlow scenario inputs; not observed event operations.
baseline,2026-07-19T12:55:00Z,-125,pre_match,secaucus,10,0,0,10,10,0.016666666666666666,0.0,derived,Derived from synthetic FinalFlow scenario inputs; not observed event operations.
baseline,2026-07-19T12:55:00Z,-125,pre_match,meadowlands,7,0,0,7,7,0.0077777777777777776,0.0,derived,Derived from synthetic FinalFlow scenario inputs; not observed event operations.
baseline,2026-07-19T12:55:00Z,-125,pre_match,stadium,42,128,0,0,0,0.0,5.0,derived,Derived from synthetic FinalFlow scenario inputs; not observed event operations.
baseline,2026-07-19T13:00:00Z,-120,gates_open,midtown,35,0,0,35,35,0.058333333333333334,0.0,derived,Derived from synthetic FinalFlow scenario inputs; not observed event operations.
baseline,2026-07-19T13:00:00Z,-120,gates_open,penn_station,31,0,0,31,31,0.034444444444444444,0.0,derived,Derived from synthetic FinalFlow scenario inputs; not observed event operations.
baseline,2026-07-19T13:00:00Z,-120,gates_open,secaucus,24,0,0,24,24,0.04,0.0,derived,Derived from synthetic FinalFlow scenario inputs; not observed event operations.
baseline,2026-07-19T13:00:00Z,-120,gates_open,meadowlands,11,0,0,11,11,0.012222222222222223,0.0,derived,Derived from synthetic FinalFlow scenario inputs; not observed event operations.
baseline,2026-07-19T13:00:00Z,-120,gates_open,stadium,42,0,170,170,0,,0.0,derived,Derived from synthetic FinalFlow scenario inputs; not observed event operations.
baseline,2026-07-19T13:05:00Z,-115,pre_match,midtown,47,0,0,47,47,0.07833333333333334,0.0,derived,Derived from synthetic FinalFlow scenario inputs; not observed event operations.
baseline,2026-07-19T13:05:00Z,-115,pre_match,penn_station,34,0,0,34,34,0.03777777777777778,0.0,derived,Derived from synthetic FinalFlow scenario inputs; not observed event operations.
baseline,2026-07-19T13:05:00Z,-115,pre_match,secaucus,25,0,0,25,25,0.041666666666666664,0.0,derived,Derived from synthetic FinalFlow scenario inputs; not observed event operations.
baseline,2026-07-19T13:05:00Z,-115,pre_match,meadowlands,13,0,0,13,13,0.014444444444444444,0.0,derived,Derived from synthetic FinalFlow scenario inputs; not observed event operations.
baseline,2026-07-19T13:05:00Z,-115,pre_match,stadium,55,0,225,55,0,,0.0,derived,Derived from synthetic FinalFlow scenario inputs; not observed event operations.
baseline,2026-07-19T13:10:00Z,-110,pre_match,midtown,59,0,0,59,59,0.09833333333333333,0.0,derived,Derived from synthetic FinalFlow scenario inputs; not observed event operations.
baseline,2026-07-19T13:10:00Z,-110,pre_match,penn_station,48,0,0,48,48,0.05333333333333334,0.0,derived,Derived from synthetic FinalFlow scenario inputs; not observed event operations.
baseline,2026-07-19T13:10:00Z,-110,pre_match,secaucus,31,0,0,31,31,0.051666666666666666,0.0,derived,Derived from synthetic FinalFlow scenario inputs; not observed event operations.
baseline,2026-07-19T13:10:00Z,-110,pre_match,meadowlands,17,0,0,17,17,0.01888888888888889,0.0,derived,Derived from synthetic FinalFlow scenario inputs; not observed event operations.
baseline,2026-07-19T13:10:00Z,-110,pre_match,stadium,71,0,296,71,0,,0.0,derived,Derived from synthetic FinalFlow scenario inputs; not observed event operations.
baseline,2026-07-19T13:15:00Z,-105,pre_match,midtown,70,0,0,70,70,0.11666666666666667,0.0,derived,Derived from synthetic FinalFlow scenario inputs; not observed event operations.
baseline,2026-07-19T13:15:00Z,-105,pre_match,penn_station,51,0,0,51,51,0.056666666666666664,0.0,derived,Derived from synthetic FinalFlow scenario inputs; not observed event operations.
baseline,2026-07-19T13:15:00Z,-105,pre_match,secaucus,44,0,0,44,44,0.07333333333333333,0.0,derived,Derived from synthetic FinalFlow scenario inputs; not observed event operations.
baseline,2026-07-19T13:15:00Z,-105,pre_match,meadowlands,32,0,0,32,32,0.035555555555555556,0.0,derived,Derived from synthetic FinalFlow scenario inputs; not observed event operations.
baseline,2026-07-19T13:15:00Z,-105,pre_match,stadium,86,0,382,86,0,,0.0,derived,Derived from synthetic FinalFlow scenario inputs; not observed event operations.
baseline,2026-07-19T13:20:00Z,-100,pre_match,midtown,82,0,0,82,82,0.13666666666666666,0.0,derived,Derived from synthetic FinalFlow scenario inputs; not observed event operations.
baseline,2026-07-19T13:20:00Z,-100,pre_match,penn_station,66,0,0,66,66,0.07333333333333333,0.0,derived,Derived from synthetic FinalFlow scenario inputs; not observed event operations.
baseline,2026-07-19T13:20:00Z,-100,pre_match,secaucus,49,0,0,49,49,0.08166666666666667,0.0,derived,Derived from synthetic FinalFlow scenario inputs; not observed event operations.
baseline,2026-07-19T13:20:00Z,-100,pre_match,meadowlands,35,0,0,35,35,0.03888888888888889,0.0,derived,Derived from synthetic FinalFlow scenario inputs; not observed event operations.
baseline,2026-07-19T13:20:00Z,-100,pre_match,stadium,101,0,483,101,0,,0.0,derived,Derived from synthetic FinalFlow scenario inputs; not observed event operations.
baseline,2026-07-19T13:25:00Z,-95,pre_match,midtown,93,0,0,93,93,0.155,0.0,derived,Derived from synthetic FinalFlow scenario inputs; not observed event operations.
baseline,2026-07-19T13:25:00Z,-95,pre_match,penn_station,80,0,0,80,80,0.08888888888888889,0.0,derived,Derived from synthetic FinalFlow scenario inputs; not observed event operations.
baseline,2026-07-19T13:25:00Z,-95,pre_match,secaucus,65,0,0,65,65,0.10833333333333334,0.0,derived,Derived from synthetic FinalFlow scenario inputs; not observed event operations.
baseline,2026-07-19T13:25:00Z,-95,pre_match,meadowlands,42,0,0,42,42,0.04666666666666667,0.0,derived,Derived from synthetic FinalFlow scenario inputs; not observed event operations.
baseline,2026-07-19T13:25:00Z,-95,pre_match,stadium,130,0,613,130,0,,0.0,derived,Derived from synthetic FinalFlow scenario inputs; not observed event operations.
baseline,2026-07-19T13:30:00Z,-90,pre_match,midtown,105,0,0,105,105,0.175,0.0,derived,Derived from synthetic FinalFlow scenario inputs; not observed event operations.
baseline,2026-07-19T13:30:00Z,-90,pre_match,penn_station,94,0,0,94,94,0.10444444444444445,0.0,derived,Derived from synthetic FinalFlow scenario inputs; not observed event operations.
baseline,2026-07-19T13:30:00Z,-90,pre_match,secaucus,70,0,0,70,70,0.11666666666666667,0.0,derived,Derived from synthetic FinalFlow scenario inputs; not observed event operations.
baseline,2026-07-19T13:30:00Z,-90,pre_match,meadowlands,57,0,0,57,57,0.06333333333333334,0.0,derived,Derived from synthetic FinalFlow scenario inputs; not observed event operations.
baseline,2026-07-19T13:30:00Z,-90,pre_match,stadium,144,0,757,144,0,,0.0,derived,Derived from synthetic FinalFlow scenario inputs; not observed event operations.
baseline,2026-07-19T13:35:00Z,-85,pre_match,midtown,117,0,0,117,117,0.195,0.0,derived,Derived from synthetic FinalFlow scenario inputs; not observed event operations.
baseline,2026-07-19T13:35:00Z,-85,pre_match,penn_station,109,0,0,109,109,0.12111111111111111,0.0,derived,Derived from synthetic FinalFlow scenario inputs; not observed event operations.
baseline,2026-07-19T13:35:00Z,-85,pre_match,secaucus,87,0,0,87,87,0.145,0.0,derived,Derived from synthetic FinalFlow scenario inputs; not observed event operations.
baseline,2026-07-19T13:35:00Z,-85,pre_match,meadowlands,64,0,0,64,64,0.07111111111111111,0.0,derived,Derived from synthetic FinalFlow scenario inputs; not observed event operations.
baseline,2026-07-19T13:35:00Z,-85,pre_match,stadium,162,0,919,162,0,,0.0,derived,Derived from synthetic FinalFlow scenario inputs; not observed event operations.
baseline,2026-07-19T13:40:00Z,-80,pre_match,midtown,129,0,0,129,129,0.215,0.0,derived,Derived from synthetic FinalFlow scenario inputs; not observed event operations.
baseline,2026-07-19T13:40:00Z,-80,pre_match,penn_station,122,0,0,122,122,0.13555555555555557,0.0,derived,Derived from synthetic FinalFlow scenario inputs; not observed event operations.
baseline,2026-07-19T13:40:00Z,-80,pre_match,secaucus,104,0,0,104,104,0.17333333333333334,0.0,derived,Derived from synthetic FinalFlow scenario inputs; not observed event operations.
baseline,2026-07-19T13:40:00Z,-80,pre_match,meadowlands,81,0,0,81,81,0.09,0.0,derived,Derived from synthetic FinalFlow scenario inputs; not observed event operations.
baseline,2026-07-19T13:40:00Z,-80,pre_match,stadium,189,0,1108,189,0,,0.0,derived,Derived from synthetic FinalFlow scenario inputs; not observed event operations.
baseline,2026-07-19T13:45:00Z,-75,pre_match,midtown,140,0,0,140,140,0.23333333333333334,0.0,derived,Derived from synthetic FinalFlow scenario inputs; not observed event operations.
baseline,2026-07-19T13:45:00Z,-75,pre_match,penn_station,137,0,0,137,137,0.15222222222222223,0.0,derived,Derived from synthetic FinalFlow scenario inputs; not observed event operations.
baseline,2026-07-19T13:45:00Z,-75,pre_match,secaucus,120,0,0,120,120,0.2,0.0,derived,Derived from synthetic FinalFlow scenario inputs; not observed event operations.
baseline,2026-07-19T13:45:00Z,-75,pre_match,meadowlands,87,0,0,87,87,0.09666666666666666,0.0,derived,Derived from synthetic FinalFlow scenario inputs; not observed event operations.
baseline,2026-07-19T13:45:00Z,-75,pre_match,stadium,209,0,1317,209,0,,0.0,derived,Derived from synthetic FinalFlow scenario inputs; not observed event operations.
baseline,2026-07-19T13:50:00Z,-70,pre_match,midtown,152,0,0,152,152,0.25333333333333335,0.0,derived,Derived from synthetic FinalFlow scenario inputs; not observed event operations.
baseline,2026-07-19T13:50:00Z,-70,pre_match,penn_station,152,0,0,152,152,0.1688888888888889,0.0,derived,Derived from synthetic FinalFlow scenario inputs; not observed event operations.
baseline,2026-07-19T13:50:00Z,-70,pre_match,secaucus,137,0,0,137,137,0.22833333333333333,0.0,derived,Derived from synthetic FinalFlow scenario inputs; not observed event operations.
baseline,2026-07-19T13:50:00Z,-70,pre_match,meadowlands,106,0,0,106,106,0.11777777777777777,0.0,derived,Derived from synthetic FinalFlow scenario inputs; not observed event operations.
baseline,2026-07-19T13:50:00Z,-70,pre_match,stadium,237,0,1554,237,0,,0.0,derived,Derived from synthetic FinalFlow scenario inputs; not observed event operations.
baseline,2026-07-19T13:55:00Z,-65,pre_match,midtown,164,0,0,164,164,0.2733333333333333,0.0,derived,Derived from synthetic FinalFlow scenario inputs; not observed event operations.
baseline,2026-07-19T13:55:00Z,-65,pre_match,penn_station,167,0,0,167,167,0.18555555555555556,0.0,derived,Derived from synthetic FinalFlow scenario inputs; not observed event operations.
baseline,2026-07-19T13:55:00Z,-65,pre_match,secaucus,152,0,0,152,152,0.25333333333333335,0.0,derived,Derived from synthetic FinalFlow scenario inputs; not observed event operations.
baseline,2026-07-19T13:55:00Z,-65,pre_match,meadowlands,124,0,0,124,124,0.13777777777777778,0.0,derived,Derived from synthetic FinalFlow scenario inputs; not observed event operations.
baseline,2026-07-19T13:55:00Z,-65,pre_match,stadium,255,0,1809,255,0,,0.0,derived,Derived from synthetic FinalFlow scenario inputs; not observed event operations.
baseline,2026-07-19T14:00:00Z,-60,pre_match,midtown,176,0,0,176,176,0.29333333333333333,0.0,derived,Derived from synthetic FinalFlow scenario inputs; not observed event operations.
baseline,2026-07-19T14:00:00Z,-60,pre_match,penn_station,180,0,0,180,180,0.2,0.0,derived,Derived from synthetic FinalFlow scenario inputs; not observed event operations.
baseline,2026-07-19T14:00:00Z,-60,pre_match,secaucus,169,0,0,169,169,0.2816666666666667,0.0,derived,Derived from synthetic FinalFlow scenario inputs; not observed event operations.
baseline,2026-07-19T14:00:00Z,-60,pre_match,meadowlands,141,0,0,141,141,0.15666666666666668,0.0,derived,Derived from synthetic FinalFlow scenario inputs; not observed event operations.
baseline,2026-07-19T14:00:00Z,-60,pre_match,stadium,287,0,2096,287,0,,0.0,derived,Derived from synthetic FinalFlow scenario inputs; not observed event operations.
baseline,2026-07-19T14:05:00Z,-55,pre_match,midtown,187,0,0,187,187,0.31166666666666665,0.0,derived,Derived from synthetic FinalFlow scenario inputs; not observed event operations.
baseline,2026-07-19T14:05:00Z,-55,pre_match,penn_station,195,0,0,195,195,0.21666666666666667,0.0,derived,Derived from synthetic FinalFlow scenario inputs; not observed event operations.
baseline,2026-07-19T14:05:00Z,-55,pre_match,secaucus,187,0,0,187,187,0.31166666666666665,0.0,derived,Derived from synthetic FinalFlow scenario inputs; not observed event operations.
baseline,2026-07-19T14:05:00Z,-55,pre_match,meadowlands,160,0,0,160,160,0.17777777777777778,0.0,derived,Derived from synthetic FinalFlow scenario inputs; not observed event operations.
baseline,2026-07-19T14:05:00Z,-55,pre_match,stadium,316,0,2412,316,0,,0.0,derived,Derived from synthetic FinalFlow scenario inputs; not observed event operations.
baseline,2026-07-19T14:10:00Z,-50,pre_match,midtown,187,0,0,187,187,0.31166666666666665,0.0,derived,Derived from synthetic FinalFlow scenario inputs; not observed event operations.
baseline,2026-07-19T14:10:00Z,-50,pre_match,penn_station,207,0,0,207,207,0.23,0.0,derived,Derived from synthetic FinalFlow scenario inputs; not observed event operations.
baseline,2026-07-19T14:10:00Z,-50,pre_match,secaucus,202,0,0,202,202,0.33666666666666667,0.0,derived,Derived from synthetic FinalFlow scenario inputs; not observed event operations.
baseline,2026-07-19T14:10:00Z,-50,pre_match,meadowlands,175,0,0,175,175,0.19444444444444445,0.0,derived,Derived from synthetic FinalFlow scenario inputs; not observed event operations.
baseline,2026-07-19T14:10:00Z,-50,pre_match,stadium,333,0,2745,333,0,,0.0,derived,Derived from synthetic FinalFlow scenario inputs; not observed event operations.
baseline,2026-07-19T14:15:00Z,-45,pre_match,midtown,176,0,0,176,176,0.29333333333333333,0.0,derived,Derived from synthetic FinalFlow scenario inputs; not observed event operations.
baseline,2026-07-19T14:15:00Z,-45,pre_match,penn_station,216,0,0,216,216,0.24,0.0,derived,Derived from synthetic FinalFlow scenario inputs; not observed event operations.
baseline,2026-07-19T14:15:00Z,-45,pre_match,secaucus,212,0,0,212,212,0.35333333333333333,0.0,derived,Derived from synthetic FinalFlow scenario inputs; not observed event operations.
baseline,2026-07-19T14:15:00Z,-45,pre_match,meadowlands,190,0,0,190,190,0.2111111111111111,0.0,derived,Derived from synthetic FinalFlow scenario inputs; not observed event operations.
baseline,2026-07-19T14:15:00Z,-45,pre_match,stadium,341,0,3086,341,0,,0.0,derived,Derived from synthetic FinalFlow scenario inputs; not observed event operations.
baseline,2026-07-19T14:20:00Z,-40,pre_match,midtown,164,0,0,164,164,0.2733333333333333,0.0,derived,Derived from synthetic FinalFlow scenario inputs; not observed event operations.
baseline,2026-07-19T14:20:00Z,-40,pre_match,penn_station,225,0,0,225,225,0.25,0.0,derived,Derived from synthetic FinalFlow scenario inputs; not observed event operations.
baseline,2026-07-19T14:20:00Z,-40,pre_match,secaucus,225,0,0,225,225,0.375,0.0,derived,Derived from synthetic FinalFlow scenario inputs; not observed event operations.
baseline,2026-07-19T14:20:00Z,-40,pre_match,meadowlands,207,0,0,207,207,0.23,0.0,derived,Derived from synthetic FinalFlow scenario inputs; not observed event operations.
baseline,2026-07-19T14:20:00Z,-40,pre_match,stadium,343,0,3429,343,0,,0.0,derived,Derived from synthetic FinalFlow scenario inputs; not observed event operations.
baseline,2026-07-19T14:25:00Z,-35,pre_match,midtown,140,0,0,140,140,0.23333333333333334,0.0,derived,Derived from synthetic FinalFlow scenario inputs; not observed event operations.
baseline,2026-07-19T14:25:00Z,-35,pre_match,penn_station,219,0,0,219,219,0.24333333333333335,0.0,derived,Derived from synthetic FinalFlow scenario inputs; not observed event operations.
baseline,2026-07-19T14:25:00Z,-35,pre_match,secaucus,233,0,0,233,233,0.3883333333333333,0.0,derived,Derived from synthetic FinalFlow scenario inputs; not observed event operations.
baseline,2026-07-19T14:25:00Z,-35,pre_match,meadowlands,219,0,0,219,219,0.24333333333333335,0.0,derived,Derived from synthetic FinalFlow scenario inputs; not observed event operations.
baseline,2026-07-19T14:25:00Z,-35,pre_match,stadium,335,0,3764,335,0,,0.0,derived,Derived from synthetic FinalFlow scenario inputs; not observed event operations.
baseline,2026-07-19T14:30:00Z,-30,ceremony,midtown,0,0,0,0,0,0.0,0.0,derived,Derived from synthetic FinalFlow scenario inputs; not observed event operations.
baseline,2026-07-19T14:30:00Z,-30,ceremony,penn_station,176,0,0,176,176,0.19555555555555557,0.0,derived,Derived from synthetic FinalFlow scenario inputs; not observed event operations.
baseline,2026-07-19T14:30:00Z,-30,ceremony,secaucus,216,0,0,216,216,0.36,0.0,derived,Derived from synthetic FinalFlow scenario inputs; not observed event operations.
baseline,2026-07-19T14:30:00Z,-30,ceremony,meadowlands,212,0,0,212,212,0.23555555555555555,0.0,derived,Derived from synthetic FinalFlow scenario inputs; not observed event operations.
baseline,2026-07-19T14:30:00Z,-30,ceremony,stadium,207,0,3971,207,0,,0.0,derived,Derived from synthetic FinalFlow scenario inputs; not observed event operations.
baseline,2026-07-19T14:35:00Z,-25,ceremony,midtown,0,0,0,0,0,0.0,0.0,derived,Derived from synthetic FinalFlow scenario inputs; not observed event operations.
baseline,2026-07-19T14:35:00Z,-25,ceremony,penn_station,164,0,0,164,164,0.18222222222222223,0.0,derived,Derived from synthetic FinalFlow scenario inputs; not observed event operations.
baseline,2026-07-19T14:35:00Z,-25,ceremony,secaucus,225,0,0,225,225,0.375,0.0,derived,Derived from synthetic FinalFlow scenario inputs; not observed event operations.
baseline,2026-07-19T14:35:00Z,-25,ceremony,meadowlands,225,0,0,225,225,0.25,0.0,derived,Derived from synthetic FinalFlow scenario inputs; not observed event operations.
baseline,2026-07-19T14:35:00Z,-25,ceremony,stadium,219,0,4190,219,0,,0.0,derived,Derived from synthetic FinalFlow scenario inputs; not observed event operations.
baseline,2026-07-19T14:40:00Z,-20,ceremony,midtown,0,0,0,0,0,0.0,0.0,derived,Derived from synthetic FinalFlow scenario inputs; not observed event operations.
baseline,2026-07-19T14:40:00Z,-20,ceremony,penn_station,140,0,0,140,140,0.15555555555555556,0.0,derived,Derived from synthetic FinalFlow scenario inputs; not observed event operations.
baseline,2026-07-19T14:40:00Z,-20,ceremony,secaucus,219,0,0,219,219,0.365,0.0,derived,Derived from synthetic FinalFlow scenario inputs; not observed event operations.
baseline,2026-07-19T14:40:00Z,-20,ceremony,meadowlands,233,0,0,233,233,0.2588888888888889,0.0,derived,Derived from synthetic FinalFlow scenario inputs; not observed event operations.
baseline,2026-07-19T14:40:00Z,-20,ceremony,stadium,212,0,4402,212,0,,0.0,derived,Derived from synthetic FinalFlow scenario inputs; not observed event operations.
baseline,2026-07-19T14:45:00Z,-15,ceremony,midtown,0,0,0,0,0,0.0,0.0,derived,Derived from synthetic FinalFlow scenario inputs; not observed event operations.
baseline,2026-07-19T14:45:00Z,-15,ceremony,penn_station,0,0,0,0,0,0.0,0.0,derived,Derived from synthetic FinalFlow scenario inputs; not observed event operations.
baseline,2026-07-19T14:45:00Z,-15,ceremony,secaucus,176,0,0,176,176,0.29333333333333333,0.0,derived,Derived from synthetic FinalFlow scenario inputs; not observed event operations.
baseline,2026-07-19T14:45:00Z,-15,ceremony,meadowlands,216,0,0,216,216,0.24,0.0,derived,Derived from synthetic FinalFlow scenario inputs; not observed event operations.
baseline,2026-07-19T14:45:00Z,-15,ceremony,stadium,225,0,4627,225,0,,0.0,derived,Derived from synthetic FinalFlow scenario inputs; not observed event operations.
baseline,2026-07-19T14:50:00Z,-10,ceremony,midtown,0,0,0,0,0,0.0,0.0,derived,Derived from synthetic FinalFlow scenario inputs; not observed event operations.
baseline,2026-07-19T14:50:00Z,-10,ceremony,penn_station,0,0,0,0,0,0.0,0.0,derived,Derived from synthetic FinalFlow scenario inputs; not observed event operations.
baseline,2026-07-19T14:50:00Z,-10,ceremony,secaucus,164,0,0,164,164,0.2733333333333333,0.0,derived,Derived from synthetic FinalFlow scenario inputs; not observed event operations.
baseline,2026-07-19T14:50:00Z,-10,ceremony,meadowlands,225,0,0,225,225,0.25,0.0,derived,Derived from synthetic FinalFlow scenario inputs; not observed event operations.
baseline,2026-07-19T14:50:00Z,-10,ceremony,stadium,233,0,4860,233,0,,0.0,derived,Derived from synthetic FinalFlow scenario inputs; not observed event operations.
baseline,2026-07-19T14:55:00Z,-5,ceremony,midtown,0,0,0,0,0,0.0,0.0,derived,Derived from synthetic FinalFlow scenario inputs; not observed event operations.
baseline,2026-07-19T14:55:00Z,-5,ceremony,penn_station,0,0,0,0,0,0.0,0.0,derived,Derived from synthetic FinalFlow scenario inputs; not observed event operations.
baseline,2026-07-19T14:55:00Z,-5,ceremony,secaucus,140,0,0,140,140,0.23333333333333334,0.0,derived,Derived from synthetic FinalFlow scenario inputs; not observed event operations.
baseline,2026-07-19T14:55:00Z,-5,ceremony,meadowlands,219,0,0,219,219,0.24333333333333335,0.0,derived,Derived from synthetic FinalFlow scenario inputs; not observed event operations.
baseline,2026-07-19T14:55:00Z,-5,ceremony,stadium,216,0,5076,216,0,,0.0,derived,Derived from synthetic FinalFlow scenario inputs; not observed event operations.
baseline,2026-07-19T15:00:00Z,0,kickoff,midtown,0,0,0,0,0,0.0,0.0,derived,Derived from synthetic FinalFlow scenario inputs; not observed event operations.
baseline,2026-07-19T15:00:00Z,0,kickoff,penn_station,0,0,0,0,0,0.0,0.0,derived,Derived from synthetic FinalFlow scenario inputs; not observed event operations.
baseline,2026-07-19T15:00:00Z,0,kickoff,secaucus,0,0,0,0,0,0.0,0.0,derived,Derived from synthetic FinalFlow scenario inputs; not observed event operations.
baseline,2026-07-19T15:00:00Z,0,kickoff,meadowlands,176,0,0,176,176,0.19555555555555557,0.0,derived,Derived from synthetic FinalFlow scenario inputs; not observed event operations.
baseline,2026-07-19T15:00:00Z,0,kickoff,stadium,225,0,5301,225,0,,0.0,derived,Derived from synthetic FinalFlow scenario inputs; not observed event operations.
baseline,2026-07-19T15:05:00Z,5,first_half,midtown,0,0,0,0,0,0.0,0.0,derived,Derived from synthetic FinalFlow scenario inputs; not observed event operations.
baseline,2026-07-19T15:05:00Z,5,first_half,penn_station,0,0,0,0,0,0.0,0.0,derived,Derived from synthetic FinalFlow scenario inputs; not observed event operations.
baseline,2026-07-19T15:05:00Z,5,first_half,secaucus,0,0,0,0,0,0.0,0.0,derived,Derived from synthetic FinalFlow scenario inputs; not observed event operations.
baseline,2026-07-19T15:05:00Z,5,first_half,meadowlands,164,0,0,164,164,0.18222222222222223,0.0,derived,Derived from synthetic FinalFlow scenario inputs; not observed event operations.
baseline,2026-07-19T15:05:00Z,5,first_half,stadium,219,0,5520,219,0,,0.0,derived,Derived from synthetic FinalFlow scenario inputs; not observed event operations.
baseline,2026-07-19T15:10:00Z,10,first_half,midtown,0,0,0,0,0,0.0,0.0,derived,Derived from synthetic FinalFlow scenario inputs; not observed event operations.
baseline,2026-07-19T15:10:00Z,10,first_half,penn_station,0,0,0,0,0,0.0,0.0,derived,Derived from synthetic FinalFlow scenario inputs; not observed event operations.
baseline,2026-07-19T15:10:00Z,10,first_half,secaucus,0,0,0,0,0,0.0,0.0,derived,Derived from synthetic FinalFlow scenario inputs; not observed event operations.
baseline,2026-07-19T15:10:00Z,10,first_half,meadowlands,140,0,0,140,140,0.15555555555555556,0.0,derived,Derived from synthetic FinalFlow scenario inputs; not observed event operations.
baseline,2026-07-19T15:10:00Z,10,first_half,stadium,176,0,5696,176,0,,0.0,derived,Derived from synthetic FinalFlow scenario inputs; not observed event operations.
baseline,2026-07-19T15:15:00Z,15,first_half,midtown,0,0,0,0,0,0.0,0.0,derived,Derived from synthetic FinalFlow scenario inputs; not observed event operations.
baseline,2026-07-19T15:15:00Z,15,first_half,penn_station,0,0,0,0,0,0.0,0.0,derived,Derived from synthetic FinalFlow scenario inputs; not observed event operations.
baseline,2026-07-19T15:15:00Z,15,first_half,secaucus,0,0,0,0,0,0.0,0.0,derived,Derived from synthetic FinalFlow scenario inputs; not observed event operations.
baseline,2026-07-19T15:15:00Z,15,first_half,meadowlands,0,0,0,0,0,0.0,0.0,derived,Derived from synthetic FinalFlow scenario inputs; not observed event operations.
baseline,2026-07-19T15:15:00Z,15,first_half,stadium,164,0,5860,164,0,,0.0,derived,Derived from synthetic FinalFlow scenario inputs; not observed event operations.
baseline,2026-07-19T15:20:00Z,20,first_half,midtown,0,0,0,0,0,0.0,0.0,derived,Derived from synthetic FinalFlow scenario inputs; not observed event operations.
baseline,2026-07-19T15:20:00Z,20,first_half,penn_station,0,0,0,0,0,0.0,0.0,derived,Derived from synthetic FinalFlow scenario inputs; not observed event operations.
baseline,2026-07-19T15:20:00Z,20,first_half,secaucus,0,0,0,0,0,0.0,0.0,derived,Derived from synthetic FinalFlow scenario inputs; not observed event operations.
baseline,2026-07-19T15:20:00Z,20,first_half,meadowlands,0,0,0,0,0,0.0,0.0,derived,Derived from synthetic FinalFlow scenario inputs; not observed event operations.
baseline,2026-07-19T15:20:00Z,20,first_half,stadium,140,0,6000,140,0,,0.0,derived,Derived from synthetic FinalFlow scenario inputs; not observed event operations.
baseline,2026-07-19T15:25:00Z,25,first_half,midtown,0,0,0,0,0,0.0,0.0,derived,Derived from synthetic FinalFlow scenario inputs; not observed event operations.
baseline,2026-07-19T15:25:00Z,25,first_half,penn_station,0,0,0,0,0,0.0,0.0,derived,Derived from synthetic FinalFlow scenario inputs; not observed event operations.
baseline,2026-07-19T15:25:00Z,25,first_half,secaucus,0,0,0,0,0,0.0,0.0,derived,Derived from synthetic FinalFlow scenario inputs; not observed event operations.
baseline,2026-07-19T15:25:00Z,25,first_half,meadowlands,0,0,0,0,0,0.0,0.0,derived,Derived from synthetic FinalFlow scenario inputs; not observed event operations.
baseline,2026-07-19T15:25:00Z,25,first_half,stadium,0,0,6000,0,0,0.0,0.0,derived,Derived from synthetic FinalFlow scenario inputs; not observed event operations.
baseline,2026-07-19T15:30:00Z,30,first_half,midtown,0,0,0,0,0,0.0,0.0,derived,Derived from synthetic FinalFlow scenario inputs; not observed event operations.
baseline,2026-07-19T15:30:00Z,30,first_half,penn_station,0,0,0,0,0,0.0,0.0,derived,Derived from synthetic FinalFlow scenario inputs; not observed event operations.
baseline,2026-07-19T15:30:00Z,30,first_half,secaucus,0,0,0,0,0,0.0,0.0,derived,Derived from synthetic FinalFlow scenario inputs; not observed event operations.
baseline,2026-07-19T15:30:00Z,30,first_half,meadowlands,0,0,0,0,0,0.0,0.0,derived,Derived from synthetic FinalFlow scenario inputs; not observed event operations.
baseline,2026-07-19T15:30:00Z,30,first_half,stadium,0,0,6000,0,0,0.0,0.0,derived,Derived from synthetic FinalFlow scenario inputs; not observed event operations.
baseline,2026-07-19T15:35:00Z,35,first_half,midtown,0,0,0,0,0,0.0,0.0,derived,Derived from synthetic FinalFlow scenario inputs; not observed event operations.
baseline,2026-07-19T15:35:00Z,35,first_half,penn_station,0,0,0,0,0,0.0,0.0,derived,Derived from synthetic FinalFlow scenario inputs; not observed event operations.
baseline,2026-07-19T15:35:00Z,35,first_half,secaucus,0,0,0,0,0,0.0,0.0,derived,Derived from synthetic FinalFlow scenario inputs; not observed event operations.
baseline,2026-07-19T15:35:00Z,35,first_half,meadowlands,0,0,0,0,0,0.0,0.0,derived,Derived from synthetic FinalFlow scenario inputs; not observed event operations.
baseline,2026-07-19T15:35:00Z,35,first_half,stadium,0,0,6000,0,0,0.0,0.0,derived,Derived from synthetic FinalFlow scenario inputs; not observed event operations.
baseline,2026-07-19T15:40:00Z,40,first_half,midtown,0,0,0,0,0,0.0,0.0,derived,Derived from synthetic FinalFlow scenario inputs; not observed event operations.
baseline,2026-07-19T15:40:00Z,40,first_half,penn_station,0,0,0,0,0,0.0,0.0,derived,Derived from synthetic FinalFlow scenario inputs; not observed event operations.
baseline,2026-07-19T15:40:00Z,40,first_half,secaucus,0,0,0,0,0,0.0,0.0,derived,Derived from synthetic FinalFlow scenario inputs; not observed event operations.
baseline,2026-07-19T15:40:00Z,40,first_half,meadowlands,0,0,0,0,0,0.0,0.0,derived,Derived from synthetic FinalFlow scenario inputs; not observed event operations.
baseline,2026-07-19T15:40:00Z,40,first_half,stadium,0,0,6000,0,0,0.0,0.0,derived,Derived from synthetic FinalFlow scenario inputs; not observed event operations.
baseline,2026-07-19T15:45:00Z,45,first_half_end,midtown,0,0,0,0,0,0.0,0.0,derived,Derived from synthetic FinalFlow scenario inputs; not observed event operations.
baseline,2026-07-19T15:45:00Z,45,first_half_end,penn_station,0,0,0,0,0,0.0,0.0,derived,Derived from synthetic FinalFlow scenario inputs; not observed event operations.
baseline,2026-07-19T15:45:00Z,45,first_half_end,secaucus,0,0,0,0,0,0.0,0.0,derived,Derived from synthetic FinalFlow scenario inputs; not observed event operations.
baseline,2026-07-19T15:45:00Z,45,first_half_end,meadowlands,0,0,0,0,0,0.0,0.0,derived,Derived from synthetic FinalFlow scenario inputs; not observed event operations.
baseline,2026-07-19T15:45:00Z,45,first_half_end,stadium,0,0,6000,0,0,0.0,0.0,derived,Derived from synthetic FinalFlow scenario inputs; not observed event operations.
baseline,2026-07-19T15:50:00Z,50,halftime,midtown,0,0,0,0,0,0.0,0.0,derived,Derived from synthetic FinalFlow scenario inputs; not observed event operations.
baseline,2026-07-19T15:50:00Z,50,halftime,penn_station,0,0,0,0,0,0.0,0.0,derived,Derived from synthetic FinalFlow scenario inputs; not observed event operations.
baseline,2026-07-19T15:50:00Z,50,halftime,secaucus,0,0,0,0,0,0.0,0.0,derived,Derived from synthetic FinalFlow scenario inputs; not observed event operations.
baseline,2026-07-19T15:50:00Z,50,halftime,meadowlands,0,0,0,0,0,0.0,0.0,derived,Derived from synthetic FinalFlow scenario inputs; not observed event operations.
baseline,2026-07-19T15:50:00Z,50,halftime,stadium,0,0,6000,0,0,0.0,0.0,derived,Derived from synthetic FinalFlow scenario inputs; not observed event operations.
baseline,2026-07-19T15:55:00Z,55,halftime,midtown,0,0,0,0,0,0.0,0.0,derived,Derived from synthetic FinalFlow scenario inputs; not observed event operations.
baseline,2026-07-19T15:55:00Z,55,halftime,penn_station,0,0,0,0,0,0.0,0.0,derived,Derived from synthetic FinalFlow scenario inputs; not observed event operations.
baseline,2026-07-19T15:55:00Z,55,halftime,secaucus,0,0,0,0,0,0.0,0.0,derived,Derived from synthetic FinalFlow scenario inputs; not observed event operations.
baseline,2026-07-19T15:55:00Z,55,halftime,meadowlands,0,0,0,0,0,0.0,0.0,derived,Derived from synthetic FinalFlow scenario inputs; not observed event operations.
baseline,2026-07-19T15:55:00Z,55,halftime,stadium,0,0,6000,0,0,0.0,0.0,derived,Derived from synthetic FinalFlow scenario inputs; not observed event operations.
baseline,2026-07-19T16:00:00Z,60,second_half,midtown,0,0,0,0,0,0.0,0.0,derived,Derived from synthetic FinalFlow scenario inputs; not observed event operations.
baseline,2026-07-19T16:00:00Z,60,second_half,penn_station,0,0,0,0,0,0.0,0.0,derived,Derived from synthetic FinalFlow scenario inputs; not observed event operations.
baseline,2026-07-19T16:00:00Z,60,second_half,secaucus,0,0,0,0,0,0.0,0.0,derived,Derived from synthetic FinalFlow scenario inputs; not observed event operations.
baseline,2026-07-19T16:00:00Z,60,second_half,meadowlands,0,0,0,0,0,0.0,0.0,derived,Derived from synthetic FinalFlow scenario inputs; not observed event operations.
baseline,2026-07-19T16:00:00Z,60,second_half,stadium,0,0,6000,0,0,0.0,0.0,derived,Derived from synthetic FinalFlow scenario inputs; not observed event operations.
baseline,2026-07-19T16:05:00Z,65,second_half,midtown,0,0,0,0,0,0.0,0.0,derived,Derived from synthetic FinalFlow scenario inputs; not observed event operations.
baseline,2026-07-19T16:05:00Z,65,second_half,penn_station,0,0,0,0,0,0.0,0.0,derived,Derived from synthetic FinalFlow scenario inputs; not observed event operations.
baseline,2026-07-19T16:05:00Z,65,second_half,secaucus,0,0,0,0,0,0.0,0.0,derived,Derived from synthetic FinalFlow scenario inputs; not observed event operations.
baseline,2026-07-19T16:05:00Z,65,second_half,meadowlands,0,0,0,0,0,0.0,0.0,derived,Derived from synthetic FinalFlow scenario inputs; not observed event operations.
baseline,2026-07-19T16:05:00Z,65,second_half,stadium,0,0,6000,0,0,0.0,0.0,derived,Derived from synthetic FinalFlow scenario inputs; not observed event operations.
baseline,2026-07-19T16:10:00Z,70,second_half,midtown,0,0,0,0,0,0.0,0.0,derived,Derived from synthetic FinalFlow scenario inputs; not observed event operations.
baseline,2026-07-19T16:10:00Z,70,second_half,penn_station,0,0,0,0,0,0.0,0.0,derived,Derived from synthetic FinalFlow scenario inputs; not observed event operations.
baseline,2026-07-19T16:10:00Z,70,second_half,secaucus,0,0,0,0,0,0.0,0.0,derived,Derived from synthetic FinalFlow scenario inputs; not observed event operations.
baseline,2026-07-19T16:10:00Z,70,second_half,meadowlands,0,0,0,0,0,0.0,0.0,derived,Derived from synthetic FinalFlow scenario inputs; not observed event operations.
baseline,2026-07-19T16:10:00Z,70,second_half,stadium,0,0,6000,0,0,0.0,0.0,derived,Derived from synthetic FinalFlow scenario inputs; not observed event operations.
baseline,2026-07-19T16:15:00Z,75,second_half,midtown,0,0,0,0,0,0.0,0.0,derived,Derived from synthetic FinalFlow scenario inputs; not observed event operations.
baseline,2026-07-19T16:15:00Z,75,second_half,penn_station,0,0,0,0,0,0.0,0.0,derived,Derived from synthetic FinalFlow scenario inputs; not observed event operations.
baseline,2026-07-19T16:15:00Z,75,second_half,secaucus,0,0,0,0,0,0.0,0.0,derived,Derived from synthetic FinalFlow scenario inputs; not observed event operations.
baseline,2026-07-19T16:15:00Z,75,second_half,meadowlands,0,0,0,0,0,0.0,0.0,derived,Derived from synthetic FinalFlow scenario inputs; not observed event operations.
baseline,2026-07-19T16:15:00Z,75,second_half,stadium,0,0,6000,0,0,0.0,0.0,derived,Derived from synthetic FinalFlow scenario inputs; not observed event operations.
baseline,2026-07-19T16:20:00Z,80,second_half,midtown,0,0,0,0,0,0.0,0.0,derived,Derived from synthetic FinalFlow scenario inputs; not observed event operations.
baseline,2026-07-19T16:20:00Z,80,second_half,penn_station,0,0,0,0,0,0.0,0.0,derived,Derived from synthetic FinalFlow scenario inputs; not observed event operations.
baseline,2026-07-19T16:20:00Z,80,second_half,secaucus,0,0,0,0,0,0.0,0.0,derived,Derived from synthetic FinalFlow scenario inputs; not observed event operations.
baseline,2026-07-19T16:20:00Z,80,second_half,meadowlands,0,0,0,0,0,0.0,0.0,derived,Derived from synthetic FinalFlow scenario inputs; not observed event operations.
baseline,2026-07-19T16:20:00Z,80,second_half,stadium,0,0,6000,0,0,0.0,0.0,derived,Derived from synthetic FinalFlow scenario inputs; not observed event operations.
baseline,2026-07-19T16:25:00Z,85,second_half,midtown,0,0,0,0,0,0.0,0.0,derived,Derived from synthetic FinalFlow scenario inputs; not observed event operations.
baseline,2026-07-19T16:25:00Z,85,second_half,penn_station,0,0,0,0,0,0.0,0.0,derived,Derived from synthetic FinalFlow scenario inputs; not observed event operations.
baseline,2026-07-19T16:25:00Z,85,second_half,secaucus,0,0,0,0,0,0.0,0.0,derived,Derived from synthetic FinalFlow scenario inputs; not observed event operations.
baseline,2026-07-19T16:25:00Z,85,second_half,meadowlands,0,0,0,0,0,0.0,0.0,derived,Derived from synthetic FinalFlow scenario inputs; not observed event operations.
baseline,2026-07-19T16:25:00Z,85,second_half,stadium,0,0,6000,0,0,0.0,0.0,derived,Derived from synthetic FinalFlow scenario inputs; not observed event operations.
baseline,2026-07-19T16:30:00Z,90,second_half,midtown,0,0,0,0,0,0.0,0.0,derived,Derived from synthetic FinalFlow scenario inputs; not observed event operations.
baseline,2026-07-19T16:30:00Z,90,second_half,penn_station,0,0,0,0,0,0.0,0.0,derived,Derived from synthetic FinalFlow scenario inputs; not observed event operations.
baseline,2026-07-19T16:30:00Z,90,second_half,secaucus,0,0,0,0,0,0.0,0.0,derived,Derived from synthetic FinalFlow scenario inputs; not observed event operations.
baseline,2026-07-19T16:30:00Z,90,second_half,meadowlands,0,0,0,0,0,0.0,0.0,derived,Derived from synthetic FinalFlow scenario inputs; not observed event operations.
baseline,2026-07-19T16:30:00Z,90,second_half,stadium,0,0,6000,0,0,0.0,0.0,derived,Derived from synthetic FinalFlow scenario inputs; not observed event operations.
baseline,2026-07-19T16:35:00Z,95,second_half,midtown,0,0,0,0,0,0.0,0.0,derived,Derived from synthetic FinalFlow scenario inputs; not observed event operations.
baseline,2026-07-19T16:35:00Z,95,second_half,penn_station,0,0,0,0,0,0.0,0.0,derived,Derived from synthetic FinalFlow scenario inputs; not observed event operations.
baseline,2026-07-19T16:35:00Z,95,second_half,secaucus,0,0,0,0,0,0.0,0.0,derived,Derived from synthetic FinalFlow scenario inputs; not observed event operations.
baseline,2026-07-19T16:35:00Z,95,second_half,meadowlands,0,0,0,0,0,0.0,0.0,derived,Derived from synthetic FinalFlow scenario inputs; not observed event operations.
baseline,2026-07-19T16:35:00Z,95,second_half,stadium,0,0,6000,0,0,0.0,0.0,derived,Derived from synthetic FinalFlow scenario inputs; not observed event operations.
baseline,2026-07-19T16:40:00Z,100,second_half,midtown,0,0,0,0,0,0.0,0.0,derived,Derived from synthetic FinalFlow scenario inputs; not observed event operations.
baseline,2026-07-19T16:40:00Z,100,second_half,penn_station,0,0,0,0,0,0.0,0.0,derived,Derived from synthetic FinalFlow scenario inputs; not observed event operations.
baseline,2026-07-19T16:40:00Z,100,second_half,secaucus,0,0,0,0,0,0.0,0.0,derived,Derived from synthetic FinalFlow scenario inputs; not observed event operations.
baseline,2026-07-19T16:40:00Z,100,second_half,meadowlands,0,0,0,0,0,0.0,0.0,derived,Derived from synthetic FinalFlow scenario inputs; not observed event operations.
baseline,2026-07-19T16:40:00Z,100,second_half,stadium,0,0,6000,0,0,0.0,0.0,derived,Derived from synthetic FinalFlow scenario inputs; not observed event operations.
baseline,2026-07-19T16:45:00Z,105,regulation_end,midtown,0,0,0,0,0,0.0,0.0,derived,Derived from synthetic FinalFlow scenario inputs; not observed event operations.
baseline,2026-07-19T16:45:00Z,105,regulation_end,penn_station,0,0,0,0,0,0.0,0.0,derived,Derived from synthetic FinalFlow scenario inputs; not observed event operations.
baseline,2026-07-19T16:45:00Z,105,regulation_end,secaucus,0,0,0,0,0,0.0,0.0,derived,Derived from synthetic FinalFlow scenario inputs; not observed event operations.
baseline,2026-07-19T16:45:00Z,105,regulation_end,meadowlands,0,0,0,0,0,0.0,0.0,derived,Derived from synthetic FinalFlow scenario inputs; not observed event operations.
baseline,2026-07-19T16:45:00Z,105,regulation_end,stadium,0,0,6000,0,0,0.0,0.0,derived,Derived from synthetic FinalFlow scenario inputs; not observed event operations.
baseline,2026-07-19T16:50:00Z,110,extra_time,midtown,0,0,0,0,0,0.0,0.0,derived,Derived from synthetic FinalFlow scenario inputs; not observed event operations.
baseline,2026-07-19T16:50:00Z,110,extra_time,penn_station,0,0,0,0,0,0.0,0.0,derived,Derived from synthetic FinalFlow scenario inputs; not observed event operations.
baseline,2026-07-19T16:50:00Z,110,extra_time,secaucus,0,0,0,0,0,0.0,0.0,derived,Derived from synthetic FinalFlow scenario inputs; not observed event operations.
baseline,2026-07-19T16:50:00Z,110,extra_time,meadowlands,0,0,0,0,0,0.0,0.0,derived,Derived from synthetic FinalFlow scenario inputs; not observed event operations.
baseline,2026-07-19T16:50:00Z,110,extra_time,stadium,0,0,6000,0,0,0.0,0.0,derived,Derived from synthetic FinalFlow scenario inputs; not observed event operations.
baseline,2026-07-19T16:55:00Z,115,extra_time,midtown,0,0,0,0,0,0.0,0.0,derived,Derived from synthetic FinalFlow scenario inputs; not observed event operations.
baseline,2026-07-19T16:55:00Z,115,extra_time,penn_station,0,0,0,0,0,0.0,0.0,derived,Derived from synthetic FinalFlow scenario inputs; not observed event operations.
baseline,2026-07-19T16:55:00Z,115,extra_time,secaucus,0,0,0,0,0,0.0,0.0,derived,Derived from synthetic FinalFlow scenario inputs; not observed event operations.
baseline,2026-07-19T16:55:00Z,115,extra_time,meadowlands,0,0,0,0,0,0.0,0.0,derived,Derived from synthetic FinalFlow scenario inputs; not observed event operations.
baseline,2026-07-19T16:55:00Z,115,extra_time,stadium,0,0,6000,0,0,0.0,0.0,derived,Derived from synthetic FinalFlow scenario inputs; not observed event operations.
baseline,2026-07-19T17:00:00Z,120,extra_time,midtown,0,0,0,0,0,0.0,0.0,derived,Derived from synthetic FinalFlow scenario inputs; not observed event operations.
baseline,2026-07-19T17:00:00Z,120,extra_time,penn_station,0,0,0,0,0,0.0,0.0,derived,Derived from synthetic FinalFlow scenario inputs; not observed event operations.
baseline,2026-07-19T17:00:00Z,120,extra_time,secaucus,0,0,0,0,0,0.0,0.0,derived,Derived from synthetic FinalFlow scenario inputs; not observed event operations.
baseline,2026-07-19T17:00:00Z,120,extra_time,meadowlands,0,0,0,0,0,0.0,0.0,derived,Derived from synthetic FinalFlow scenario inputs; not observed event operations.
baseline,2026-07-19T17:00:00Z,120,extra_time,stadium,0,0,6000,0,0,0.0,0.0,derived,Derived from synthetic FinalFlow scenario inputs; not observed event operations.
baseline,2026-07-19T17:05:00Z,125,extra_time,midtown,0,0,0,0,0,0.0,0.0,derived,Derived from synthetic FinalFlow scenario inputs; not observed event operations.
baseline,2026-07-19T17:05:00Z,125,extra_time,penn_station,0,0,0,0,0,0.0,0.0,derived,Derived from synthetic FinalFlow scenario inputs; not observed event operations.
baseline,2026-07-19T17:05:00Z,125,extra_time,secaucus,0,0,0,0,0,0.0,0.0,derived,Derived from synthetic FinalFlow scenario inputs; not observed event operations.
baseline,2026-07-19T17:05:00Z,125,extra_time,meadowlands,0,0,0,0,0,0.0,0.0,derived,Derived from synthetic FinalFlow scenario inputs; not observed event operations.
baseline,2026-07-19T17:05:00Z,125,extra_time,stadium,0,0,6000,0,0,0.0,0.0,derived,Derived from synthetic FinalFlow scenario inputs; not observed event operations.
baseline,2026-07-19T17:10:00Z,130,extra_time,midtown,0,0,0,0,0,0.0,0.0,derived,Derived from synthetic FinalFlow scenario inputs; not observed event operations.
baseline,2026-07-19T17:10:00Z,130,extra_time,penn_station,0,0,0,0,0,0.0,0.0,derived,Derived from synthetic FinalFlow scenario inputs; not observed event operations.
baseline,2026-07-19T17:10:00Z,130,extra_time,secaucus,0,0,0,0,0,0.0,0.0,derived,Derived from synthetic FinalFlow scenario inputs; not observed event operations.
baseline,2026-07-19T17:10:00Z,130,extra_time,meadowlands,0,0,0,0,0,0.0,0.0,derived,Derived from synthetic FinalFlow scenario inputs; not observed event operations.
baseline,2026-07-19T17:10:00Z,130,extra_time,stadium,0,0,6000,0,0,0.0,0.0,derived,Derived from synthetic FinalFlow scenario inputs; not observed event operations.
baseline,2026-07-19T17:15:00Z,135,final_whistle,midtown,0,0,0,0,0,0.0,0.0,derived,Derived from synthetic FinalFlow scenario inputs; not observed event operations.
baseline,2026-07-19T17:15:00Z,135,final_whistle,penn_station,0,0,0,0,0,0.0,0.0,derived,Derived from synthetic FinalFlow scenario inputs; not observed event operations.
baseline,2026-07-19T17:15:00Z,135,final_whistle,secaucus,0,0,0,0,0,0.0,0.0,derived,Derived from synthetic FinalFlow scenario inputs; not observed event operations.
baseline,2026-07-19T17:15:00Z,135,final_whistle,meadowlands,0,0,0,0,0,0.0,0.0,derived,Derived from synthetic FinalFlow scenario inputs; not observed event operations.
baseline,2026-07-19T17:15:00Z,135,final_whistle,stadium,0,0,5238,762,762,,0.0,derived,Derived from synthetic FinalFlow scenario inputs; not observed event operations.
baseline,2026-07-19T17:20:00Z,140,post_match,midtown,0,0,0,0,0,0.0,0.0,derived,Derived from synthetic FinalFlow scenario inputs; not observed event operations.
baseline,2026-07-19T17:20:00Z,140,post_match,penn_station,0,0,0,0,0,0.0,0.0,derived,Derived from synthetic FinalFlow scenario inputs; not observed event operations.
baseline,2026-07-19T17:20:00Z,140,post_match,secaucus,0,0,0,0,0,0.0,0.0,derived,Derived from synthetic FinalFlow scenario inputs; not observed event operations.
baseline,2026-07-19T17:20:00Z,140,post_match,meadowlands,0,0,0,0,0,0.0,0.0,derived,Derived from synthetic FinalFlow scenario inputs; not observed event operations.
baseline,2026-07-19T17:20:00Z,140,post_match,stadium,0,0,4524,714,714,,0.0,derived,Derived from synthetic FinalFlow scenario inputs; not observed event operations.
baseline,2026-07-19T17:25:00Z,145,post_match,midtown,0,0,0,0,0,0.0,0.0,derived,Derived from synthetic FinalFlow scenario inputs; not observed event operations.
baseline,2026-07-19T17:25:00Z,145,post_match,penn_station,0,0,0,0,0,0.0,0.0,derived,Derived from synthetic FinalFlow scenario inputs; not observed event operations.
baseline,2026-07-19T17:25:00Z,145,post_match,secaucus,0,0,0,0,0,0.0,0.0,derived,Derived from synthetic FinalFlow scenario inputs; not observed event operations.
baseline,2026-07-19T17:25:00Z,145,post_match,meadowlands,662,9,0,653,653,0.36277777777777775,5,derived,Derived from synthetic FinalFlow scenario inputs; not observed event operations.
baseline,2026-07-19T17:25:00Z,145,post_match,stadium,0,0,3857,667,667,,0.0,derived,Derived from synthetic FinalFlow scenario inputs; not observed event operations.
baseline,2026-07-19T17:30:00Z,150,post_match,midtown,0,0,0,0,0,0.0,0.0,derived,Derived from synthetic FinalFlow scenario inputs; not observed event operations.
baseline,2026-07-19T17:30:00Z,150,post_match,penn_station,0,0,0,0,0,0.0,0.0,derived,Derived from synthetic FinalFlow scenario inputs; not observed event operations.
baseline,2026-07-19T17:30:00Z,150,post_match,secaucus,0,0,0,0,0,0.0,0.0,derived,Derived from synthetic FinalFlow scenario inputs; not observed event operations.
baseline,2026-07-19T17:30:00Z,150,post_match,meadowlands,621,0,0,630,630,0.35,0.0,derived,Derived from synthetic FinalFlow scenario inputs; not observed event operations.
baseline,2026-07-19T17:30:00Z,150,post_match,stadium,0,0,3238,619,619,,0.0,derived,Derived from synthetic FinalFlow scenario inputs; not observed event operations.
baseline,2026-07-19T17:35:00Z,155,post_match,midtown,0,0,0,0,0,0.0,0.0,derived,Derived from synthetic FinalFlow scenario inputs; not observed event operations.
baseline,2026-07-19T17:35:00Z,155,post_match,penn_station,0,0,0,0,0,0.0,0.0,derived,Derived from synthetic FinalFlow scenario inputs; not observed event operations.
baseline,2026-07-19T17:35:00Z,155,post_match,secaucus,0,0,0,0,0,0.0,0.0,derived,Derived from synthetic FinalFlow scenario inputs; not observed event operations.
baseline,2026-07-19T17:35:00Z,155,post_match,meadowlands,400,0,0,400,400,0.2222222222222222,0.0,derived,Derived from synthetic FinalFlow scenario inputs; not observed event operations.
baseline,2026-07-19T17:35:00Z,155,post_match,stadium,0,0,2667,571,571,,0.0,derived,Derived from synthetic FinalFlow scenario inputs; not observed event operations.
baseline,2026-07-19T17:40:00Z,160,post_match,midtown,0,0,0,0,0,0.0,0.0,derived,Derived from synthetic FinalFlow scenario inputs; not observed event operations.
baseline,2026-07-19T17:40:00Z,160,post_match,penn_station,0,0,0,0,0,0.0,0.0,derived,Derived from synthetic FinalFlow scenario inputs; not observed event operations.
baseline,2026-07-19T17:40:00Z,160,post_match,secaucus,600,0,0,600,600,0.3333333333333333,0.0,derived,Derived from synthetic FinalFlow scenario inputs; not observed event operations.
baseline,2026-07-19T17:40:00Z,160,post_match,meadowlands,371,0,0,371,371,0.2061111111111111,0.0,derived,Derived from synthetic FinalFlow scenario inputs; not observed event operations.
baseline,2026-07-19T17:40:00Z,160,post_match,stadium,0,0,2143,524,524,,0.0,derived,Derived from synthetic FinalFlow scenario inputs; not observed event operations.
baseline,2026-07-19T17:45:00Z,165,post_match,midtown,0,0,0,0,0,0.0,0.0,derived,Derived from synthetic FinalFlow scenario inputs; not observed event operations.
baseline,2026-07-19T17:45:00Z,165,post_match,penn_station,0,0,0,0,0,0.0,0.0,derived,Derived from synthetic FinalFlow scenario inputs; not observed event operations.
baseline,2026-07-19T17:45:00Z,165,post_match,secaucus,580,0,0,580,580,0.32222222222222224,0.0,derived,Derived from synthetic FinalFlow scenario inputs; not observed event operations.
baseline,2026-07-19T17:45:00Z,165,post_match,meadowlands,344,0,0,344,344,0.19111111111111112,0.0,derived,Derived from synthetic FinalFlow scenario inputs; not observed event operations.
baseline,2026-07-19T17:45:00Z,165,post_match,stadium,0,0,1667,476,476,,0.0,derived,Derived from synthetic FinalFlow scenario inputs; not observed event operations.
baseline,2026-07-19T17:50:00Z,170,post_match,midtown,0,0,0,0,0,0.0,0.0,derived,Derived from synthetic FinalFlow scenario inputs; not observed event operations.
baseline,2026-07-19T17:50:00Z,170,post_match,penn_station,0,0,0,0,0,0.0,0.0,derived,Derived from synthetic FinalFlow scenario inputs; not observed event operations.
baseline,2026-07-19T17:50:00Z,170,post_match,secaucus,368,0,0,368,368,0.20444444444444446,0.0,derived,Derived from synthetic FinalFlow scenario inputs; not observed event operations.
baseline,2026-07-19T17:50:00Z,170,post_match,meadowlands,315,0,0,315,315,0.175,0.0,derived,Derived from synthetic FinalFlow scenario inputs; not observed event operations.
baseline,2026-07-19T17:50:00Z,170,post_match,stadium,0,0,1238,429,429,,0.0,derived,Derived from synthetic FinalFlow scenario inputs; not observed event operations.
baseline,2026-07-19T17:55:00Z,175,post_match,midtown,0,0,0,0,0,0.0,0.0,derived,Derived from synthetic FinalFlow scenario inputs; not observed event operations.
baseline,2026-07-19T17:55:00Z,175,post_match,penn_station,529,0,0,529,529,0.8816666666666667,0.0,derived,Derived from synthetic FinalFlow scenario inputs; not observed event operations.
baseline,2026-07-19T17:55:00Z,175,post_match,secaucus,341,0,0,341,341,0.18944444444444444,0.0,derived,Derived from synthetic FinalFlow scenario inputs; not observed event operations.
baseline,2026-07-19T17:55:00Z,175,post_match,meadowlands,286,0,0,286,286,0.15888888888888889,0.0,derived,Derived from synthetic FinalFlow scenario inputs; not observed event operations.
baseline,2026-07-19T17:55:00Z,175,post_match,stadium,0,0,857,381,381,,0.0,derived,Derived from synthetic FinalFlow scenario inputs; not observed event operations.
baseline,2026-07-19T18:00:00Z,180,post_match,midtown,0,0,0,0,0,0.0,0.0,derived,Derived from synthetic FinalFlow scenario inputs; not observed event operations.
baseline,2026-07-19T18:00:00Z,180,post_match,penn_station,496,0,0,496,496,0.8266666666666667,0.0,derived,Derived from synthetic FinalFlow scenario inputs; not observed event operations.
baseline,2026-07-19T18:00:00Z,180,post_match,secaucus,316,0,0,316,316,0.17555555555555555,0.0,derived,Derived from synthetic FinalFlow scenario inputs; not observed event operations.
baseline,2026-07-19T18:00:00Z,180,post_match,meadowlands,257,0,0,257,257,0.14277777777777778,0.0,derived,Derived from synthetic FinalFlow scenario inputs; not observed event operations.
baseline,2026-07-19T18:00:00Z,180,post_match,stadium,0,0,524,333,333,,0.0,derived,Derived from synthetic FinalFlow scenario inputs; not observed event operations.
baseline,2026-07-19T18:05:00Z,185,post_match,midtown,0,0,0,0,0,0.0,0.0,derived,Derived from synthetic FinalFlow scenario inputs; not observed event operations.
baseline,2026-07-19T18:05:00Z,185,post_match,penn_station,320,0,0,320,320,0.5333333333333333,0.0,derived,Derived from synthetic FinalFlow scenario inputs; not observed event operations.
baseline,2026-07-19T18:05:00Z,185,post_match,secaucus,290,0,0,290,290,0.16111111111111112,0.0,derived,Derived from synthetic FinalFlow scenario inputs; not observed event operations.
baseline,2026-07-19T18:05:00Z,185,post_match,meadowlands,229,0,0,229,229,0.1272222222222222,0.0,derived,Derived from synthetic FinalFlow scenario inputs; not observed event operations.
baseline,2026-07-19T18:05:00Z,185,post_match,stadium,0,0,238,286,286,,0.0,derived,Derived from synthetic FinalFlow scenario inputs; not observed event operations.
baseline,2026-07-19T18:10:00Z,190,post_match,midtown,430,0,0,430,430,0.0,0.0,derived,Derived from synthetic FinalFlow scenario inputs; not observed event operations.
baseline,2026-07-19T18:10:00Z,190,post_match,penn_station,297,0,0,297,297,0.495,0.0,derived,Derived from synthetic FinalFlow scenario inputs; not observed event operations.
baseline,2026-07-19T18:10:00Z,190,post_match,secaucus,263,0,0,263,263,0.1461111111111111,0.0,derived,Derived from synthetic FinalFlow scenario inputs; not observed event operations.
baseline,2026-07-19T18:10:00Z,190,post_match,meadowlands,199,0,0,199,199,0.11055555555555556,0.0,derived,Derived from synthetic FinalFlow scenario inputs; not observed event operations.
baseline,2026-07-19T18:10:00Z,190,post_match,stadium,0,0,0,238,238,,0.0,derived,Derived from synthetic FinalFlow scenario inputs; not observed event operations.
baseline,2026-07-19T18:15:00Z,195,post_match,midtown,403,0,0,403,403,0.0,0.0,derived,Derived from synthetic FinalFlow scenario inputs; not observed event operations.
baseline,2026-07-19T18:15:00Z,195,post_match,penn_station,275,0,0,275,275,0.4583333333333333,0.0,derived,Derived from synthetic FinalFlow scenario inputs; not observed event operations.
baseline,2026-07-19T18:15:00Z,195,post_match,secaucus,237,0,0,237,237,0.13166666666666665,0.0,derived,Derived from synthetic FinalFlow scenario inputs; not observed event operations.
baseline,2026-07-19T18:15:00Z,195,post_match,meadowlands,172,0,0,172,172,0.09555555555555556,0.0,derived,Derived from synthetic FinalFlow scenario inputs; not observed event operations.
baseline,2026-07-19T18:15:00Z,195,post_match,stadium,0,0,0,0,0,0.0,0.0,derived,Derived from synthetic FinalFlow scenario inputs; not observed event operations.
baseline,2026-07-19T18:20:00Z,200,post_match,midtown,260,0,0,260,260,0.0,0.0,derived,Derived from synthetic FinalFlow scenario inputs; not observed event operations.
baseline,2026-07-19T18:20:00Z,200,post_match,penn_station,252,0,0,252,252,0.42,0.0,derived,Derived from synthetic FinalFlow scenario inputs; not observed event operations.
baseline,2026-07-19T18:20:00Z,200,post_match,secaucus,211,0,0,211,211,0.11722222222222223,0.0,derived,Derived from synthetic FinalFlow scenario inputs; not observed event operations.
baseline,2026-07-19T18:20:00Z,200,post_match,meadowlands,142,0,0,142,142,0.07888888888888888,0.0,derived,Derived from synthetic FinalFlow scenario inputs; not observed event operations.
baseline,2026-07-19T18:20:00Z,200,post_match,stadium,0,0,0,0,0,0.0,0.0,derived,Derived from synthetic FinalFlow scenario inputs; not observed event operations.
baseline,2026-07-19T18:25:00Z,205,post_match,midtown,241,0,0,241,241,0.0,0.0,derived,Derived from synthetic FinalFlow scenario inputs; not observed event operations.
baseline,2026-07-19T18:25:00Z,205,post_match,penn_station,229,0,0,229,229,0.38166666666666665,0.0,derived,Derived from synthetic FinalFlow scenario inputs; not observed event operations.
baseline,2026-07-19T18:25:00Z,205,post_match,secaucus,183,0,0,183,183,0.10166666666666667,0.0,derived,Derived from synthetic FinalFlow scenario inputs; not observed event operations.
baseline,2026-07-19T18:25:00Z,205,post_match,meadowlands,0,0,0,0,0,0.0,0.0,derived,Derived from synthetic FinalFlow scenario inputs; not observed event operations.
baseline,2026-07-19T18:25:00Z,205,post_match,stadium,0,0,0,0,0,0.0,0.0,derived,Derived from synthetic FinalFlow scenario inputs; not observed event operations.
baseline,2026-07-19T18:30:00Z,210,post_match,midtown,223,0,0,223,223,0.0,0.0,derived,Derived from synthetic FinalFlow scenario inputs; not observed event operations.
baseline,2026-07-19T18:30:00Z,210,post_match,penn_station,206,0,0,206,206,0.3433333333333333,0.0,derived,Derived from synthetic FinalFlow scenario inputs; not observed event operations.
baseline,2026-07-19T18:30:00Z,210,post_match,secaucus,158,0,0,158,158,0.08777777777777777,0.0,derived,Derived from synthetic FinalFlow scenario inputs; not observed event operations.
baseline,2026-07-19T18:30:00Z,210,post_match,meadowlands,0,0,0,0,0,0.0,0.0,derived,Derived from synthetic FinalFlow scenario inputs; not observed event operations.
baseline,2026-07-19T18:30:00Z,210,post_match,stadium,0,0,0,0,0,0.0,0.0,derived,Derived from synthetic FinalFlow scenario inputs; not observed event operations.
baseline,2026-07-19T18:35:00Z,215,post_match,midtown,205,0,0,205,205,0.0,0.0,derived,Derived from synthetic FinalFlow scenario inputs; not observed event operations.
baseline,2026-07-19T18:35:00Z,215,post_match,penn_station,183,0,0,183,183,0.305,0.0,derived,Derived from synthetic FinalFlow scenario inputs; not observed event operations.
baseline,2026-07-19T18:35:00Z,215,post_match,secaucus,131,0,0,131,131,0.07277777777777777,0.0,derived,Derived from synthetic FinalFlow scenario inputs; not observed event operations.
baseline,2026-07-19T18:35:00Z,215,post_match,meadowlands,0,0,0,0,0,0.0,0.0,derived,Derived from synthetic FinalFlow scenario inputs; not observed event operations.
baseline,2026-07-19T18:35:00Z,215,post_match,stadium,0,0,0,0,0,0.0,0.0,derived,Derived from synthetic FinalFlow scenario inputs; not observed event operations.
baseline,2026-07-19T18:40:00Z,220,post_match,midtown,186,0,0,186,186,0.0,0.0,derived,Derived from synthetic FinalFlow scenario inputs; not observed event operations.
baseline,2026-07-19T18:40:00Z,220,post_match,penn_station,159,0,0,159,159,0.265,0.0,derived,Derived from synthetic FinalFlow scenario inputs; not observed event operations.
baseline,2026-07-19T18:40:00Z,220,post_match,secaucus,0,0,0,0,0,0.0,0.0,derived,Derived from synthetic FinalFlow scenario inputs; not observed event operations.
baseline,2026-07-19T18:40:00Z,220,post_match,meadowlands,0,0,0,0,0,0.0,0.0,derived,Derived from synthetic FinalFlow scenario inputs; not observed event operations.
baseline,2026-07-19T18:40:00Z,220,post_match,stadium,0,0,0,0,0,0.0,0.0,derived,Derived from synthetic FinalFlow scenario inputs; not observed event operations.
baseline,2026-07-19T18:45:00Z,225,post_match,midtown,167,0,0,167,167,0.0,0.0,derived,Derived from synthetic FinalFlow scenario inputs; not observed event operations.
baseline,2026-07-19T18:45:00Z,225,post_match,penn_station,138,0,0,138,138,0.23,0.0,derived,Derived from synthetic FinalFlow scenario inputs; not observed event operations.
baseline,2026-07-19T18:45:00Z,225,post_match,secaucus,0,0,0,0,0,0.0,0.0,derived,Derived from synthetic FinalFlow scenario inputs; not observed event operations.
baseline,2026-07-19T18:45:00Z,225,post_match,meadowlands,0,0,0,0,0,0.0,0.0,derived,Derived from synthetic FinalFlow scenario inputs; not observed event operations.
baseline,2026-07-19T18:45:00Z,225,post_match,stadium,0,0,0,0,0,0.0,0.0,derived,Derived from synthetic FinalFlow scenario inputs; not observed event operations.
baseline,2026-07-19T18:50:00Z,230,post_match,midtown,149,0,0,149,149,0.0,0.0,derived,Derived from synthetic FinalFlow scenario inputs; not observed event operations.
baseline,2026-07-19T18:50:00Z,230,post_match,penn_station,114,0,0,114,114,0.19,0.0,derived,Derived from synthetic FinalFlow scenario inputs; not observed event operations.
baseline,2026-07-19T18:50:00Z,230,post_match,secaucus,0,0,0,0,0,0.0,0.0,derived,Derived from synthetic FinalFlow scenario inputs; not observed event operations.
baseline,2026-07-19T18:50:00Z,230,post_match,meadowlands,0,0,0,0,0,0.0,0.0,derived,Derived from synthetic FinalFlow scenario inputs; not observed event operations.
baseline,2026-07-19T18:50:00Z,230,post_match,stadium,0,0,0,0,0,0.0,0.0,derived,Derived from synthetic FinalFlow scenario inputs; not observed event operations.
baseline,2026-07-19T18:55:00Z,235,post_match,midtown,129,0,0,129,129,0.0,0.0,derived,Derived from synthetic FinalFlow scenario inputs; not observed event operations.
baseline,2026-07-19T18:55:00Z,235,post_match,penn_station,0,0,0,0,0,0.0,0.0,derived,Derived from synthetic FinalFlow scenario inputs; not observed event operations.
baseline,2026-07-19T18:55:00Z,235,post_match,secaucus,0,0,0,0,0,0.0,0.0,derived,Derived from synthetic FinalFlow scenario inputs; not observed event operations.
baseline,2026-07-19T18:55:00Z,235,post_match,meadowlands,0,0,0,0,0,0.0,0.0,derived,Derived from synthetic FinalFlow scenario inputs; not observed event operations.
baseline,2026-07-19T18:55:00Z,235,post_match,stadium,0,0,0,0,0,0.0,0.0,derived,Derived from synthetic FinalFlow scenario inputs; not observed event operations.
baseline,2026-07-19T19:00:00Z,240,post_match,midtown,112,0,0,112,112,0.0,0.0,derived,Derived from synthetic FinalFlow scenario inputs; not observed event operations.
baseline,2026-07-19T19:00:00Z,240,post_match,penn_station,0,0,0,0,0,0.0,0.0,derived,Derived from synthetic FinalFlow scenario inputs; not observed event operations.
baseline,2026-07-19T19:00:00Z,240,post_match,secaucus,0,0,0,0,0,0.0,0.0,derived,Derived from synthetic FinalFlow scenario inputs; not observed event operations.
baseline,2026-07-19T19:00:00Z,240,post_match,meadowlands,0,0,0,0,0,0.0,0.0,derived,Derived from synthetic FinalFlow scenario inputs; not observed event operations.
baseline,2026-07-19T19:00:00Z,240,post_match,stadium,0,0,0,0,0,0.0,0.0,derived,Derived from synthetic FinalFlow scenario inputs; not observed event operations.
baseline,2026-07-19T19:05:00Z,245,post_match,midtown,93,0,0,93,93,0.0,0.0,derived,Derived from synthetic FinalFlow scenario inputs; not observed event operations.
baseline,2026-07-19T19:05:00Z,245,post_match,penn_station,0,0,0,0,0,0.0,0.0,derived,Derived from synthetic FinalFlow scenario inputs; not observed event operations.
baseline,2026-07-19T19:05:00Z,245,post_match,secaucus,0,0,0,0,0,0.0,0.0,derived,Derived from synthetic FinalFlow scenario inputs; not observed event operations.
baseline,2026-07-19T19:05:00Z,245,post_match,meadowlands,0,0,0,0,0,0.0,0.0,derived,Derived from synthetic FinalFlow scenario inputs; not observed event operations.
baseline,2026-07-19T19:05:00Z,245,post_match,stadium,0,0,0,0,0,0.0,0.0,derived,Derived from synthetic FinalFlow scenario inputs; not observed event operations.
baseline,2026-07-19T19:10:00Z,250,post_match,midtown,0,0,0,0,0,0.0,0.0,derived,Derived from synthetic FinalFlow scenario inputs; not observed event operations.
baseline,2026-07-19T19:10:00Z,250,post_match,penn_station,0,0,0,0,0,0.0,0.0,derived,Derived from synthetic FinalFlow scenario inputs; not observed event operations.
baseline,2026-07-19T19:10:00Z,250,post_match,secaucus,0,0,0,0,0,0.0,0.0,derived,Derived from synthetic FinalFlow scenario inputs; not observed event operations.
baseline,2026-07-19T19:10:00Z,250,post_match,meadowlands,0,0,0,0,0,0.0,0.0,derived,Derived from synthetic FinalFlow scenario inputs; not observed event operations.
baseline,2026-07-19T19:10:00Z,250,post_match,stadium,0,0,0,0,0,0.0,0.0,derived,Derived from synthetic FinalFlow scenario inputs; not observed event operations.
baseline,2026-07-19T19:15:00Z,255,post_match,midtown,0,0,0,0,0,0.0,0.0,derived,Derived from synthetic FinalFlow scenario inputs; not observed event operations.
baseline,2026-07-19T19:15:00Z,255,post_match,penn_station,0,0,0,0,0,0.0,0.0,derived,Derived from synthetic FinalFlow scenario inputs; not observed event operations.
baseline,2026-07-19T19:15:00Z,255,post_match,secaucus,0,0,0,0,0,0.0,0.0,derived,Derived from synthetic FinalFlow scenario inputs; not observed event operations.
baseline,2026-07-19T19:15:00Z,255,post_match,meadowlands,0,0,0,0,0,0.0,0.0,derived,Derived from synthetic FinalFlow scenario inputs; not observed event operations.
baseline,2026-07-19T19:15:00Z,255,post_match,stadium,0,0,0,0,0,0.0,0.0,derived,Derived from synthetic FinalFlow scenario inputs; not observed event operations.
baseline,2026-07-19T19:20:00Z,260,post_match,midtown,0,0,0,0,0,0.0,0.0,derived,Derived from synthetic FinalFlow scenario inputs; not observed event operations.
baseline,2026-07-19T19:20:00Z,260,post_match,penn_station,0,0,0,0,0,0.0,0.0,derived,Derived from synthetic FinalFlow scenario inputs; not observed event operations.
baseline,2026-07-19T19:20:00Z,260,post_match,secaucus,0,0,0,0,0,0.0,0.0,derived,Derived from synthetic FinalFlow scenario inputs; not observed event operations.
baseline,2026-07-19T19:20:00Z,260,post_match,meadowlands,0,0,0,0,0,0.0,0.0,derived,Derived from synthetic FinalFlow scenario inputs; not observed event operations.
baseline,2026-07-19T19:20:00Z,260,post_match,stadium,0,0,0,0,0,0.0,0.0,derived,Derived from synthetic FinalFlow scenario inputs; not observed event operations.
baseline,2026-07-19T19:25:00Z,265,post_match,midtown,0,0,0,0,0,0.0,0.0,derived,Derived from synthetic FinalFlow scenario inputs; not observed event operations.
baseline,2026-07-19T19:25:00Z,265,post_match,penn_station,0,0,0,0,0,0.0,0.0,derived,Derived from synthetic FinalFlow scenario inputs; not observed event operations.
baseline,2026-07-19T19:25:00Z,265,post_match,secaucus,0,0,0,0,0,0.0,0.0,derived,Derived from synthetic FinalFlow scenario inputs; not observed event operations.
baseline,2026-07-19T19:25:00Z,265,post_match,meadowlands,0,0,0,0,0,0.0,0.0,derived,Derived from synthetic FinalFlow scenario inputs; not observed event operations.
baseline,2026-07-19T19:25:00Z,265,post_match,stadium,0,0,0,0,0,0.0,0.0,derived,Derived from synthetic FinalFlow scenario inputs; not observed event operations.
baseline,2026-07-19T19:30:00Z,270,post_match,midtown,0,0,0,0,0,0.0,0.0,derived,Derived from synthetic FinalFlow scenario inputs; not observed event operations.
baseline,2026-07-19T19:30:00Z,270,post_match,penn_station,0,0,0,0,0,0.0,0.0,derived,Derived from synthetic FinalFlow scenario inputs; not observed event operations.
baseline,2026-07-19T19:30:00Z,270,post_match,secaucus,0,0,0,0,0,0.0,0.0,derived,Derived from synthetic FinalFlow scenario inputs; not observed event operations.
baseline,2026-07-19T19:30:00Z,270,post_match,meadowlands,0,0,0,0,0,0.0,0.0,derived,Derived from synthetic FinalFlow scenario inputs; not observed event operations.
baseline,2026-07-19T19:30:00Z,270,post_match,stadium,0,0,0,0,0,0.0,0.0,derived,Derived from synthetic FinalFlow scenario inputs; not observed event operations.
baseline,2026-07-19T19:35:00Z,275,post_match,midtown,0,0,0,0,0,0.0,0.0,derived,Derived from synthetic FinalFlow scenario inputs; not observed event operations.
baseline,2026-07-19T19:35:00Z,275,post_match,penn_station,0,0,0,0,0,0.0,0.0,derived,Derived from synthetic FinalFlow scenario inputs; not observed event operations.
baseline,2026-07-19T19:35:00Z,275,post_match,secaucus,0,0,0,0,0,0.0,0.0,derived,Derived from synthetic FinalFlow scenario inputs; not observed event operations.
baseline,2026-07-19T19:35:00Z,275,post_match,meadowlands,0,0,0,0,0,0.0,0.0,derived,Derived from synthetic FinalFlow scenario inputs; not observed event operations.
baseline,2026-07-19T19:35:00Z,275,post_match,stadium,0,0,0,0,0,0.0,0.0,derived,Derived from synthetic FinalFlow scenario inputs; not observed event operations.
baseline,2026-07-19T19:40:00Z,280,post_match,midtown,0,0,0,0,0,0.0,0.0,derived,Derived from synthetic FinalFlow scenario inputs; not observed event operations.
baseline,2026-07-19T19:40:00Z,280,post_match,penn_station,0,0,0,0,0,0.0,0.0,derived,Derived from synthetic FinalFlow scenario inputs; not observed event operations.
baseline,2026-07-19T19:40:00Z,280,post_match,secaucus,0,0,0,0,0,0.0,0.0,derived,Derived from synthetic FinalFlow scenario inputs; not observed event operations.
baseline,2026-07-19T19:40:00Z,280,post_match,meadowlands,0,0,0,0,0,0.0,0.0,derived,Derived from synthetic FinalFlow scenario inputs; not observed event operations.
baseline,2026-07-19T19:40:00Z,280,post_match,stadium,0,0,0,0,0,0.0,0.0,derived,Derived from synthetic FinalFlow scenario inputs; not observed event operations.
baseline,2026-07-19T19:45:00Z,285,post_match,midtown,0,0,0,0,0,0.0,0.0,derived,Derived from synthetic FinalFlow scenario inputs; not observed event operations.
baseline,2026-07-19T19:45:00Z,285,post_match,penn_station,0,0,0,0,0,0.0,0.0,derived,Derived from synthetic FinalFlow scenario inputs; not observed event operations.
baseline,2026-07-19T19:45:00Z,285,post_match,secaucus,0,0,0,0,0,0.0,0.0,derived,Derived from synthetic FinalFlow scenario inputs; not observed event operations.
baseline,2026-07-19T19:45:00Z,285,post_match,meadowlands,0,0,0,0,0,0.0,0.0,derived,Derived from synthetic FinalFlow scenario inputs; not observed event operations.
baseline,2026-07-19T19:45:00Z,285,post_match,stadium,0,0,0,0,0,0.0,0.0,derived,Derived from synthetic FinalFlow scenario inputs; not observed event operations.
baseline,2026-07-19T19:50:00Z,290,post_match,midtown,0,0,0,0,0,0.0,0.0,derived,Derived from synthetic FinalFlow scenario inputs; not observed event operations.
baseline,2026-07-19T19:50:00Z,290,post_match,penn_station,0,0,0,0,0,0.0,0.0,derived,Derived from synthetic FinalFlow scenario inputs; not observed event operations.
baseline,2026-07-19T19:50:00Z,290,post_match,secaucus,0,0,0,0,0,0.0,0.0,derived,Derived from synthetic FinalFlow scenario inputs; not observed event operations.
baseline,2026-07-19T19:50:00Z,290,post_match,meadowlands,0,0,0,0,0,0.0,0.0,derived,Derived from synthetic FinalFlow scenario inputs; not observed event operations.
baseline,2026-07-19T19:50:00Z,290,post_match,stadium,0,0,0,0,0,0.0,0.0,derived,Derived from synthetic FinalFlow scenario inputs; not observed event operations.
baseline,2026-07-19T19:55:00Z,295,post_match,midtown,0,0,0,0,0,0.0,0.0,derived,Derived from synthetic FinalFlow scenario inputs; not observed event operations.
baseline,2026-07-19T19:55:00Z,295,post_match,penn_station,0,0,0,0,0,0.0,0.0,derived,Derived from synthetic FinalFlow scenario inputs; not observed event operations.
baseline,2026-07-19T19:55:00Z,295,post_match,secaucus,0,0,0,0,0,0.0,0.0,derived,Derived from synthetic FinalFlow scenario inputs; not observed event operations.
baseline,2026-07-19T19:55:00Z,295,post_match,meadowlands,0,0,0,0,0,0.0,0.0,derived,Derived from synthetic FinalFlow scenario inputs; not observed event operations.
baseline,2026-07-19T19:55:00Z,295,post_match,stadium,0,0,0,0,0,0.0,0.0,derived,Derived from synthetic FinalFlow scenario inputs; not observed event operations.
baseline,2026-07-19T20:00:00Z,300,post_match,midtown,0,0,0,0,0,0.0,0.0,derived,Derived from synthetic FinalFlow scenario inputs; not observed event operations.
baseline,2026-07-19T20:00:00Z,300,post_match,penn_station,0,0,0,0,0,0.0,0.0,derived,Derived from synthetic FinalFlow scenario inputs; not observed event operations.
baseline,2026-07-19T20:00:00Z,300,post_match,secaucus,0,0,0,0,0,0.0,0.0,derived,Derived from synthetic FinalFlow scenario inputs; not observed event operations.
baseline,2026-07-19T20:00:00Z,300,post_match,meadowlands,0,0,0,0,0,0.0,0.0,derived,Derived from synthetic FinalFlow scenario inputs; not observed event operations.
baseline,2026-07-19T20:00:00Z,300,post_match,stadium,0,0,0,0,0,0.0,0.0,derived,Derived from synthetic FinalFlow scenario inputs; not observed event operations.
baseline,2026-07-19T20:05:00Z,305,post_match,midtown,0,0,0,0,0,0.0,0.0,derived,Derived from synthetic FinalFlow scenario inputs; not observed event operations.
baseline,2026-07-19T20:05:00Z,305,post_match,penn_station,0,0,0,0,0,0.0,0.0,derived,Derived from synthetic FinalFlow scenario inputs; not observed event operations.
baseline,2026-07-19T20:05:00Z,305,post_match,secaucus,0,0,0,0,0,0.0,0.0,derived,Derived from synthetic FinalFlow scenario inputs; not observed event operations.
baseline,2026-07-19T20:05:00Z,305,post_match,meadowlands,0,0,0,0,0,0.0,0.0,derived,Derived from synthetic FinalFlow scenario inputs; not observed event operations.
baseline,2026-07-19T20:05:00Z,305,post_match,stadium,0,0,0,0,0,0.0,0.0,derived,Derived from synthetic FinalFlow scenario inputs; not observed event operations.
baseline,2026-07-19T20:10:00Z,310,post_match,midtown,0,0,0,0,0,0.0,0.0,derived,Derived from synthetic FinalFlow scenario inputs; not observed event operations.
baseline,2026-07-19T20:10:00Z,310,post_match,penn_station,0,0,0,0,0,0.0,0.0,derived,Derived from synthetic FinalFlow scenario inputs; not observed event operations.
baseline,2026-07-19T20:10:00Z,310,post_match,secaucus,0,0,0,0,0,0.0,0.0,derived,Derived from synthetic FinalFlow scenario inputs; not observed event operations.
baseline,2026-07-19T20:10:00Z,310,post_match,meadowlands,0,0,0,0,0,0.0,0.0,derived,Derived from synthetic FinalFlow scenario inputs; not observed event operations.
baseline,2026-07-19T20:10:00Z,310,post_match,stadium,0,0,0,0,0,0.0,0.0,derived,Derived from synthetic FinalFlow scenario inputs; not observed event operations.
baseline,2026-07-19T20:15:00Z,315,post_match,midtown,0,0,0,0,0,0.0,0.0,derived,Derived from synthetic FinalFlow scenario inputs; not observed event operations.
baseline,2026-07-19T20:15:00Z,315,post_match,penn_station,0,0,0,0,0,0.0,0.0,derived,Derived from synthetic FinalFlow scenario inputs; not observed event operations.
baseline,2026-07-19T20:15:00Z,315,post_match,secaucus,0,0,0,0,0,0.0,0.0,derived,Derived from synthetic FinalFlow scenario inputs; not observed event operations.
baseline,2026-07-19T20:15:00Z,315,post_match,meadowlands,0,0,0,0,0,0.0,0.0,derived,Derived from synthetic FinalFlow scenario inputs; not observed event operations.
baseline,2026-07-19T20:15:00Z,315,post_match,stadium,0,0,0,0,0,0.0,0.0,derived,Derived from synthetic FinalFlow scenario inputs; not observed event operations.
rail_disruption,2026-07-19T12:00:00Z,-180,pre_match,midtown,0,0,0,0,0,0.0,0.0,derived,Derived from synthetic FinalFlow scenario inputs; not observed event operations.
rail_disruption,2026-07-19T12:00:00Z,-180,pre_match,penn_station,0,0,0,0,0,0.0,0.0,derived,Derived from synthetic FinalFlow scenario inputs; not observed event operations.
rail_disruption,2026-07-19T12:00:00Z,-180,pre_match,secaucus,0,0,0,0,0,0.0,0.0,derived,Derived from synthetic FinalFlow scenario inputs; not observed event operations.
rail_disruption,2026-07-19T12:00:00Z,-180,pre_match,meadowlands,0,0,0,0,0,0.0,0.0,derived,Derived from synthetic FinalFlow scenario inputs; not observed event operations.
rail_disruption,2026-07-19T12:00:00Z,-180,pre_match,stadium,0,0,0,0,0,0.0,0.0,derived,Derived from synthetic FinalFlow scenario inputs; not observed event operations.
rail_disruption,2026-07-19T12:05:00Z,-175,pre_match,midtown,0,0,0,0,0,0.0,0.0,derived,Derived from synthetic FinalFlow scenario inputs; not observed event operations.
rail_disruption,2026-07-19T12:05:00Z,-175,pre_match,penn_station,0,0,0,0,0,0.0,0.0,derived,Derived from synthetic FinalFlow scenario inputs; not observed event operations.
rail_disruption,2026-07-19T12:05:00Z,-175,pre_match,secaucus,0,0,0,0,0,0.0,0.0,derived,Derived from synthetic FinalFlow scenario inputs; not observed event operations.
rail_disruption,2026-07-19T12:05:00Z,-175,pre_match,meadowlands,0,0,0,0,0,0.0,0.0,derived,Derived from synthetic FinalFlow scenario inputs; not observed event operations.
rail_disruption,2026-07-19T12:05:00Z,-175,pre_match,stadium,0,0,0,0,0,0.0,0.0,derived,Derived from synthetic FinalFlow scenario inputs; not observed event operations.
rail_disruption,2026-07-19T12:10:00Z,-170,pre_match,midtown,0,0,0,0,0,0.0,0.0,derived,Derived from synthetic FinalFlow scenario inputs; not observed event operations.
rail_disruption,2026-07-19T12:10:00Z,-170,pre_match,penn_station,0,0,0,0,0,0.0,0.0,derived,Derived from synthetic FinalFlow scenario inputs; not observed event operations.
rail_disruption,2026-07-19T12:10:00Z,-170,pre_match,secaucus,0,0,0,0,0,0.0,0.0,derived,Derived from synthetic FinalFlow scenario inputs; not observed event operations.
rail_disruption,2026-07-19T12:10:00Z,-170,pre_match,meadowlands,0,0,0,0,0,0.0,0.0,derived,Derived from synthetic FinalFlow scenario inputs; not observed event operations.
rail_disruption,2026-07-19T12:10:00Z,-170,pre_match,stadium,0,0,0,0,0,0.0,0.0,derived,Derived from synthetic FinalFlow scenario inputs; not observed event operations.
rail_disruption,2026-07-19T12:15:00Z,-165,pre_match,midtown,0,0,0,0,0,0.0,0.0,derived,Derived from synthetic FinalFlow scenario inputs; not observed event operations.
rail_disruption,2026-07-19T12:15:00Z,-165,pre_match,penn_station,0,0,0,0,0,0.0,0.0,derived,Derived from synthetic FinalFlow scenario inputs; not observed event operations.
rail_disruption,2026-07-19T12:15:00Z,-165,pre_match,secaucus,0,0,0,0,0,0.0,0.0,derived,Derived from synthetic FinalFlow scenario inputs; not observed event operations.
rail_disruption,2026-07-19T12:15:00Z,-165,pre_match,meadowlands,0,0,0,0,0,0.0,0.0,derived,Derived from synthetic FinalFlow scenario inputs; not observed event operations.
rail_disruption,2026-07-19T12:15:00Z,-165,pre_match,stadium,0,0,0,0,0,0.0,0.0,derived,Derived from synthetic FinalFlow scenario inputs; not observed event operations.
rail_disruption,2026-07-19T12:20:00Z,-160,pre_match,midtown,0,0,0,0,0,0.0,0.0,derived,Derived from synthetic FinalFlow scenario inputs; not observed event operations.
rail_disruption,2026-07-19T12:20:00Z,-160,pre_match,penn_station,0,0,0,0,0,0.0,0.0,derived,Derived from synthetic FinalFlow scenario inputs; not observed event operations.
rail_disruption,2026-07-19T12:20:00Z,-160,pre_match,secaucus,0,0,0,0,0,0.0,0.0,derived,Derived from synthetic FinalFlow scenario inputs; not observed event operations.
rail_disruption,2026-07-19T12:20:00Z,-160,pre_match,meadowlands,0,0,0,0,0,0.0,0.0,derived,Derived from synthetic FinalFlow scenario inputs; not observed event operations.
rail_disruption,2026-07-19T12:20:00Z,-160,pre_match,stadium,0,0,0,0,0,0.0,0.0,derived,Derived from synthetic FinalFlow scenario inputs; not observed event operations.
rail_disruption,2026-07-19T12:25:00Z,-155,pre_match,midtown,0,0,0,0,0,0.0,0.0,derived,Derived from synthetic FinalFlow scenario inputs; not observed event operations.
rail_disruption,2026-07-19T12:25:00Z,-155,pre_match,penn_station,0,0,0,0,0,0.0,0.0,derived,Derived from synthetic FinalFlow scenario inputs; not observed event operations.
rail_disruption,2026-07-19T12:25:00Z,-155,pre_match,secaucus,0,0,0,0,0,0.0,0.0,derived,Derived from synthetic FinalFlow scenario inputs; not observed event operations.
rail_disruption,2026-07-19T12:25:00Z,-155,pre_match,meadowlands,0,0,0,0,0,0.0,0.0,derived,Derived from synthetic FinalFlow scenario inputs; not observed event operations.
rail_disruption,2026-07-19T12:25:00Z,-155,pre_match,stadium,0,0,0,0,0,0.0,0.0,derived,Derived from synthetic FinalFlow scenario inputs; not observed event operations.
rail_disruption,2026-07-19T12:30:00Z,-150,pre_match,midtown,12,0,0,12,12,0.02,0.0,derived,Derived from synthetic FinalFlow scenario inputs; not observed event operations.
rail_disruption,2026-07-19T12:30:00Z,-150,pre_match,penn_station,3,0,0,3,3,0.006666666666666667,0.0,derived,Derived from synthetic FinalFlow scenario inputs; not observed event operations.
rail_disruption,2026-07-19T12:30:00Z,-150,pre_match,secaucus,3,0,0,3,3,0.01,0.0,derived,Derived from synthetic FinalFlow scenario inputs; not observed event operations.
rail_disruption,2026-07-19T12:30:00Z,-150,pre_match,meadowlands,1,0,0,1,1,0.0011111111111111111,0.0,derived,Derived from synthetic FinalFlow scenario inputs; not observed event operations.
rail_disruption,2026-07-19T12:30:00Z,-150,pre_match,stadium,11,11,0,0,0,0.0,30.0,derived,Derived from synthetic FinalFlow scenario inputs; not observed event operations.
rail_disruption,2026-07-19T12:35:00Z,-145,pre_match,midtown,12,0,0,12,12,0.02,0.0,derived,Derived from synthetic FinalFlow scenario inputs; not observed event operations.
rail_disruption,2026-07-19T12:35:00Z,-145,pre_match,penn_station,3,0,0,3,3,0.006666666666666667,0.0,derived,Derived from synthetic FinalFlow scenario inputs; not observed event operations.
rail_disruption,2026-07-19T12:35:00Z,-145,pre_match,secaucus,3,0,0,3,3,0.01,0.0,derived,Derived from synthetic FinalFlow scenario inputs; not observed event operations.
rail_disruption,2026-07-19T12:35:00Z,-145,pre_match,meadowlands,1,0,0,1,1,0.0011111111111111111,0.0,derived,Derived from synthetic FinalFlow scenario inputs; not observed event operations.
rail_disruption,2026-07-19T12:35:00Z,-145,pre_match,stadium,11,22,0,0,0,0.0,25.0,derived,Derived from synthetic FinalFlow scenario inputs; not observed event operations.
rail_disruption,2026-07-19T12:40:00Z,-140,pre_match,midtown,12,0,0,12,12,0.02,0.0,derived,Derived from synthetic FinalFlow scenario inputs; not observed event operations.
rail_disruption,2026-07-19T12:40:00Z,-140,pre_match,penn_station,3,0,0,3,3,0.006666666666666667,0.0,derived,Derived from synthetic FinalFlow scenario inputs; not observed event operations.
rail_disruption,2026-07-19T12:40:00Z,-140,pre_match,secaucus,3,0,0,3,3,0.01,0.0,derived,Derived from synthetic FinalFlow scenario inputs; not observed event operations.
rail_disruption,2026-07-19T12:40:00Z,-140,pre_match,meadowlands,1,0,0,1,1,0.0011111111111111111,0.0,derived,Derived from synthetic FinalFlow scenario inputs; not observed event operations.
rail_disruption,2026-07-19T12:40:00Z,-140,pre_match,stadium,12,34,0,0,0,0.0,20.0,derived,Derived from synthetic FinalFlow scenario inputs; not observed event operations.
rail_disruption,2026-07-19T12:45:00Z,-135,pre_match,midtown,23,0,0,23,23,0.03833333333333333,0.0,derived,Derived from synthetic FinalFlow scenario inputs; not observed event operations.
rail_disruption,2026-07-19T12:45:00Z,-135,pre_match,penn_station,17,0,0,17,17,0.03777777777777778,0.0,derived,Derived from synthetic FinalFlow scenario inputs; not observed event operations.
rail_disruption,2026-07-19T12:45:00Z,-135,pre_match,secaucus,7,0,0,7,7,0.023333333333333334,0.0,derived,Derived from synthetic FinalFlow scenario inputs; not observed event operations.
rail_disruption,2026-07-19T12:45:00Z,-135,pre_match,meadowlands,6,0,0,6,6,0.006666666666666667,0.0,derived,Derived from synthetic FinalFlow scenario inputs; not observed event operations.
rail_disruption,2026-07-19T12:45:00Z,-135,pre_match,stadium,26,60,0,0,0,0.0,15.0,derived,Derived from synthetic FinalFlow scenario inputs; not observed event operations.
rail_disruption,2026-07-19T12:50:00Z,-130,pre_match,midtown,23,0,0,23,23,0.03833333333333333,0.0,derived,Derived from synthetic FinalFlow scenario inputs; not observed event operations.
rail_disruption,2026-07-19T12:50:00Z,-130,pre_match,penn_station,17,0,0,17,17,0.03777777777777778,0.0,derived,Derived from synthetic FinalFlow scenario inputs; not observed event operations.
rail_disruption,2026-07-19T12:50:00Z,-130,pre_match,secaucus,7,0,0,7,7,0.023333333333333334,0.0,derived,Derived from synthetic FinalFlow scenario inputs; not observed event operations.
rail_disruption,2026-07-19T12:50:00Z,-130,pre_match,meadowlands,6,0,0,6,6,0.006666666666666667,0.0,derived,Derived from synthetic FinalFlow scenario inputs; not observed event operations.
rail_disruption,2026-07-19T12:50:00Z,-130,pre_match,stadium,26,86,0,0,0,0.0,10.0,derived,Derived from synthetic FinalFlow scenario inputs; not observed event operations.
rail_disruption,2026-07-19T12:55:00Z,-125,pre_match,midtown,35,0,0,35,35,0.058333333333333334,0.0,derived,Derived from synthetic FinalFlow scenario inputs; not observed event operations.
rail_disruption,2026-07-19T12:55:00Z,-125,pre_match,penn_station,20,0,0,20,20,0.044444444444444446,0.0,derived,Derived from synthetic FinalFlow scenario inputs; not observed event operations.
rail_disruption,2026-07-19T12:55:00Z,-125,pre_match,secaucus,10,0,0,10,10,0.03333333333333333,0.0,derived,Derived from synthetic FinalFlow scenario inputs; not observed event operations.
rail_disruption,2026-07-19T12:55:00Z,-125,pre_match,meadowlands,7,0,0,7,7,0.0077777777777777776,0.0,derived,Derived from synthetic FinalFlow scenario inputs; not observed event operations.
rail_disruption,2026-07-19T12:55:00Z,-125,pre_match,stadium,42,128,0,0,0,0.0,5.0,derived,Derived from synthetic FinalFlow scenario inputs; not observed event operations.
rail_disruption,2026-07-19T13:00:00Z,-120,gates_open,midtown,35,0,0,35,35,0.058333333333333334,0.0,derived,Derived from synthetic FinalFlow scenario inputs; not observed event operations.
rail_disruption,2026-07-19T13:00:00Z,-120,gates_open,penn_station,31,0,0,31,31,0.06888888888888889,0.0,derived,Derived from synthetic FinalFlow scenario inputs; not observed event operations.
rail_disruption,2026-07-19T13:00:00Z,-120,gates_open,secaucus,24,0,0,24,24,0.08,0.0,derived,Derived from synthetic FinalFlow scenario inputs; not observed event operations.
rail_disruption,2026-07-19T13:00:00Z,-120,gates_open,meadowlands,11,0,0,11,11,0.012222222222222223,0.0,derived,Derived from synthetic FinalFlow scenario inputs; not observed event operations.
rail_disruption,2026-07-19T13:00:00Z,-120,gates_open,stadium,42,0,170,170,0,,0.0,derived,Derived from synthetic FinalFlow scenario inputs; not observed event operations.
rail_disruption,2026-07-19T13:05:00Z,-115,pre_match,midtown,47,0,0,47,47,0.07833333333333334,0.0,derived,Derived from synthetic FinalFlow scenario inputs; not observed event operations.
rail_disruption,2026-07-19T13:05:00Z,-115,pre_match,penn_station,34,0,0,34,34,0.07555555555555556,0.0,derived,Derived from synthetic FinalFlow scenario inputs; not observed event operations.
rail_disruption,2026-07-19T13:05:00Z,-115,pre_match,secaucus,25,0,0,25,25,0.08333333333333333,0.0,derived,Derived from synthetic FinalFlow scenario inputs; not observed event operations.
rail_disruption,2026-07-19T13:05:00Z,-115,pre_match,meadowlands,13,0,0,13,13,0.014444444444444444,0.0,derived,Derived from synthetic FinalFlow scenario inputs; not observed event operations.
rail_disruption,2026-07-19T13:05:00Z,-115,pre_match,stadium,55,0,225,55,0,,0.0,derived,Derived from synthetic FinalFlow scenario inputs; not observed event operations.
rail_disruption,2026-07-19T13:10:00Z,-110,pre_match,midtown,59,0,0,59,59,0.09833333333333333,0.0,derived,Derived from synthetic FinalFlow scenario inputs; not observed event operations.
rail_disruption,2026-07-19T13:10:00Z,-110,pre_match,penn_station,48,0,0,48,48,0.10666666666666667,0.0,derived,Derived from synthetic FinalFlow scenario inputs; not observed event operations.
rail_disruption,2026-07-19T13:10:00Z,-110,pre_match,secaucus,31,0,0,31,31,0.10333333333333333,0.0,derived,Derived from synthetic FinalFlow scenario inputs; not observed event operations.
rail_disruption,2026-07-19T13:10:00Z,-110,pre_match,meadowlands,17,0,0,17,17,0.01888888888888889,0.0,derived,Derived from synthetic FinalFlow scenario inputs; not observed event operations.
rail_disruption,2026-07-19T13:10:00Z,-110,pre_match,stadium,71,0,296,71,0,,0.0,derived,Derived from synthetic FinalFlow scenario inputs; not observed event operations.
rail_disruption,2026-07-19T13:15:00Z,-105,pre_match,midtown,70,0,0,70,70,0.11666666666666667,0.0,derived,Derived from synthetic FinalFlow scenario inputs; not observed event operations.
rail_disruption,2026-07-19T13:15:00Z,-105,pre_match,penn_station,51,0,0,51,51,0.11333333333333333,0.0,derived,Derived from synthetic FinalFlow scenario inputs; not observed event operations.
rail_disruption,2026-07-19T13:15:00Z,-105,pre_match,secaucus,44,0,0,44,44,0.14666666666666667,0.0,derived,Derived from synthetic FinalFlow scenario inputs; not observed event operations.
rail_disruption,2026-07-19T13:15:00Z,-105,pre_match,meadowlands,32,0,0,32,32,0.035555555555555556,0.0,derived,Derived from synthetic FinalFlow scenario inputs; not observed event operations.
rail_disruption,2026-07-19T13:15:00Z,-105,pre_match,stadium,86,0,382,86,0,,0.0,derived,Derived from synthetic FinalFlow scenario inputs; not observed event operations.
rail_disruption,2026-07-19T13:20:00Z,-100,pre_match,midtown,82,0,0,82,82,0.13666666666666666,0.0,derived,Derived from synthetic FinalFlow scenario inputs; not observed event operations.
rail_disruption,2026-07-19T13:20:00Z,-100,pre_match,penn_station,66,0,0,66,66,0.14666666666666667,0.0,derived,Derived from synthetic FinalFlow scenario inputs; not observed event operations.
rail_disruption,2026-07-19T13:20:00Z,-100,pre_match,secaucus,49,0,0,49,49,0.16333333333333333,0.0,derived,Derived from synthetic FinalFlow scenario inputs; not observed event operations.
rail_disruption,2026-07-19T13:20:00Z,-100,pre_match,meadowlands,35,0,0,35,35,0.03888888888888889,0.0,derived,Derived from synthetic FinalFlow scenario inputs; not observed event operations.
rail_disruption,2026-07-19T13:20:00Z,-100,pre_match,stadium,101,0,483,101,0,,0.0,derived,Derived from synthetic FinalFlow scenario inputs; not observed event operations.
rail_disruption,2026-07-19T13:25:00Z,-95,pre_match,midtown,93,0,0,93,93,0.155,0.0,derived,Derived from synthetic FinalFlow scenario inputs; not observed event operations.
rail_disruption,2026-07-19T13:25:00Z,-95,pre_match,penn_station,80,0,0,80,80,0.17777777777777778,0.0,derived,Derived from synthetic FinalFlow scenario inputs; not observed event operations.
rail_disruption,2026-07-19T13:25:00Z,-95,pre_match,secaucus,65,0,0,65,65,0.21666666666666667,0.0,derived,Derived from synthetic FinalFlow scenario inputs; not observed event operations.
rail_disruption,2026-07-19T13:25:00Z,-95,pre_match,meadowlands,42,0,0,42,42,0.04666666666666667,0.0,derived,Derived from synthetic FinalFlow scenario inputs; not observed event operations.
rail_disruption,2026-07-19T13:25:00Z,-95,pre_match,stadium,130,0,613,130,0,,0.0,derived,Derived from synthetic FinalFlow scenario inputs; not observed event operations.
rail_disruption,2026-07-19T13:30:00Z,-90,pre_match,midtown,105,0,0,105,105,0.175,0.0,derived,Derived from synthetic FinalFlow scenario inputs; not observed event operations.
rail_disruption,2026-07-19T13:30:00Z,-90,pre_match,penn_station,94,0,0,94,94,0.2088888888888889,0.0,derived,Derived from synthetic FinalFlow scenario inputs; not observed event operations.
rail_disruption,2026-07-19T13:30:00Z,-90,pre_match,secaucus,70,0,0,70,70,0.23333333333333334,0.0,derived,Derived from synthetic FinalFlow scenario inputs; not observed event operations.
rail_disruption,2026-07-19T13:30:00Z,-90,pre_match,meadowlands,57,0,0,57,57,0.06333333333333334,0.0,derived,Derived from synthetic FinalFlow scenario inputs; not observed event operations.
rail_disruption,2026-07-19T13:30:00Z,-90,pre_match,stadium,144,0,757,144,0,,0.0,derived,Derived from synthetic FinalFlow scenario inputs; not observed event operations.
rail_disruption,2026-07-19T13:35:00Z,-85,pre_match,midtown,117,0,0,117,117,0.195,0.0,derived,Derived from synthetic FinalFlow scenario inputs; not observed event operations.
rail_disruption,2026-07-19T13:35:00Z,-85,pre_match,penn_station,109,0,0,109,109,0.24222222222222223,0.0,derived,Derived from synthetic FinalFlow scenario inputs; not observed event operations.
rail_disruption,2026-07-19T13:35:00Z,-85,pre_match,secaucus,87,0,0,87,87,0.29,0.0,derived,Derived from synthetic FinalFlow scenario inputs; not observed event operations.
rail_disruption,2026-07-19T13:35:00Z,-85,pre_match,meadowlands,64,0,0,64,64,0.07111111111111111,0.0,derived,Derived from synthetic FinalFlow scenario inputs; not observed event operations.
rail_disruption,2026-07-19T13:35:00Z,-85,pre_match,stadium,162,0,919,162,0,,0.0,derived,Derived from synthetic FinalFlow scenario inputs; not observed event operations.
rail_disruption,2026-07-19T13:40:00Z,-80,pre_match,midtown,129,0,0,129,129,0.215,0.0,derived,Derived from synthetic FinalFlow scenario inputs; not observed event operations.
rail_disruption,2026-07-19T13:40:00Z,-80,pre_match,penn_station,122,0,0,122,122,0.27111111111111114,0.0,derived,Derived from synthetic FinalFlow scenario inputs; not observed event operations.
rail_disruption,2026-07-19T13:40:00Z,-80,pre_match,secaucus,104,0,0,104,104,0.3466666666666667,0.0,derived,Derived from synthetic FinalFlow scenario inputs; not observed event operations.
rail_disruption,2026-07-19T13:40:00Z,-80,pre_match,meadowlands,81,0,0,81,81,0.09,0.0,derived,Derived from synthetic FinalFlow scenario inputs; not observed event operations.
rail_disruption,2026-07-19T13:40:00Z,-80,pre_match,stadium,189,0,1108,189,0,,0.0,derived,Derived from synthetic FinalFlow scenario inputs; not observed event operations.
rail_disruption,2026-07-19T13:45:00Z,-75,pre_match,midtown,140,0,0,140,140,0.23333333333333334,0.0,derived,Derived from synthetic FinalFlow scenario inputs; not observed event operations.
rail_disruption,2026-07-19T13:45:00Z,-75,pre_match,penn_station,137,0,0,137,137,0.30444444444444446,0.0,derived,Derived from synthetic FinalFlow scenario inputs; not observed event operations.
rail_disruption,2026-07-19T13:45:00Z,-75,pre_match,secaucus,120,0,0,120,120,0.4,0.0,derived,Derived from synthetic FinalFlow scenario inputs; not observed event operations.
rail_disruption,2026-07-19T13:45:00Z,-75,pre_match,meadowlands,87,0,0,87,87,0.09666666666666666,0.0,derived,Derived from synthetic FinalFlow scenario inputs; not observed event operations.
rail_disruption,2026-07-19T13:45:00Z,-75,pre_match,stadium,209,0,1317,209,0,,0.0,derived,Derived from synthetic FinalFlow scenario inputs; not observed event operations.
rail_disruption,2026-07-19T13:50:00Z,-70,pre_match,midtown,152,0,0,152,152,0.25333333333333335,0.0,derived,Derived from synthetic FinalFlow scenario inputs; not observed event operations.
rail_disruption,2026-07-19T13:50:00Z,-70,pre_match,penn_station,152,0,0,152,152,0.3377777777777778,0.0,derived,Derived from synthetic FinalFlow scenario inputs; not observed event operations.
rail_disruption,2026-07-19T13:50:00Z,-70,pre_match,secaucus,137,0,0,137,137,0.45666666666666667,0.0,derived,Derived from synthetic FinalFlow scenario inputs; not observed event operations.
rail_disruption,2026-07-19T13:50:00Z,-70,pre_match,meadowlands,106,0,0,106,106,0.11777777777777777,0.0,derived,Derived from synthetic FinalFlow scenario inputs; not observed event operations.
rail_disruption,2026-07-19T13:50:00Z,-70,pre_match,stadium,237,0,1554,237,0,,0.0,derived,Derived from synthetic FinalFlow scenario inputs; not observed event operations.
rail_disruption,2026-07-19T13:55:00Z,-65,pre_match,midtown,164,0,0,164,164,0.2733333333333333,0.0,derived,Derived from synthetic FinalFlow scenario inputs; not observed event operations.
rail_disruption,2026-07-19T13:55:00Z,-65,pre_match,penn_station,167,0,0,167,167,0.3711111111111111,0.0,derived,Derived from synthetic FinalFlow scenario inputs; not observed event operations.
rail_disruption,2026-07-19T13:55:00Z,-65,pre_match,secaucus,152,0,0,152,152,0.5066666666666667,0.0,derived,Derived from synthetic FinalFlow scenario inputs; not observed event operations.
rail_disruption,2026-07-19T13:55:00Z,-65,pre_match,meadowlands,124,0,0,124,124,0.13777777777777778,0.0,derived,Derived from synthetic FinalFlow scenario inputs; not observed event operations.
rail_disruption,2026-07-19T13:55:00Z,-65,pre_match,stadium,255,0,1809,255,0,,0.0,derived,Derived from synthetic FinalFlow scenario inputs; not observed event operations.
rail_disruption,2026-07-19T14:00:00Z,-60,pre_match,midtown,176,0,0,176,176,0.29333333333333333,0.0,derived,Derived from synthetic FinalFlow scenario inputs; not observed event operations.
rail_disruption,2026-07-19T14:00:00Z,-60,pre_match,penn_station,180,0,0,180,180,0.4,0.0,derived,Derived from synthetic FinalFlow scenario inputs; not observed event operations.
rail_disruption,2026-07-19T14:00:00Z,-60,pre_match,secaucus,169,0,0,169,169,0.5633333333333334,0.0,derived,Derived from synthetic FinalFlow scenario inputs; not observed event operations.
rail_disruption,2026-07-19T14:00:00Z,-60,pre_match,meadowlands,141,0,0,141,141,0.15666666666666668,0.0,derived,Derived from synthetic FinalFlow scenario inputs; not observed event operations.
rail_disruption,2026-07-19T14:00:00Z,-60,pre_match,stadium,287,0,2096,287,0,,0.0,derived,Derived from synthetic FinalFlow scenario inputs; not observed event operations.
rail_disruption,2026-07-19T14:05:00Z,-55,pre_match,midtown,187,0,0,187,187,0.31166666666666665,0.0,derived,Derived from synthetic FinalFlow scenario inputs; not observed event operations.
rail_disruption,2026-07-19T14:05:00Z,-55,pre_match,penn_station,195,0,0,195,195,0.43333333333333335,0.0,derived,Derived from synthetic FinalFlow scenario inputs; not observed event operations.
rail_disruption,2026-07-19T14:05:00Z,-55,pre_match,secaucus,187,0,0,187,187,0.6233333333333333,0.0,derived,Derived from synthetic FinalFlow scenario inputs; not observed event operations.
rail_disruption,2026-07-19T14:05:00Z,-55,pre_match,meadowlands,160,0,0,160,160,0.17777777777777778,0.0,derived,Derived from synthetic FinalFlow scenario inputs; not observed event operations.
rail_disruption,2026-07-19T14:05:00Z,-55,pre_match,stadium,316,0,2412,316,0,,0.0,derived,Derived from synthetic FinalFlow scenario inputs; not observed event operations.
rail_disruption,2026-07-19T14:10:00Z,-50,pre_match,midtown,187,0,0,187,187,0.31166666666666665,0.0,derived,Derived from synthetic FinalFlow scenario inputs; not observed event operations.
rail_disruption,2026-07-19T14:10:00Z,-50,pre_match,penn_station,207,0,0,207,207,0.46,0.0,derived,Derived from synthetic FinalFlow scenario inputs; not observed event operations.
rail_disruption,2026-07-19T14:10:00Z,-50,pre_match,secaucus,202,0,0,202,202,0.6733333333333333,0.0,derived,Derived from synthetic FinalFlow scenario inputs; not observed event operations.
rail_disruption,2026-07-19T14:10:00Z,-50,pre_match,meadowlands,175,0,0,175,175,0.19444444444444445,0.0,derived,Derived from synthetic FinalFlow scenario inputs; not observed event operations.
rail_disruption,2026-07-19T14:10:00Z,-50,pre_match,stadium,333,0,2745,333,0,,0.0,derived,Derived from synthetic FinalFlow scenario inputs; not observed event operations.
rail_disruption,2026-07-19T14:15:00Z,-45,pre_match,midtown,176,0,0,176,176,0.29333333333333333,0.0,derived,Derived from synthetic FinalFlow scenario inputs; not observed event operations.
rail_disruption,2026-07-19T14:15:00Z,-45,pre_match,penn_station,216,0,0,216,216,0.48,0.0,derived,Derived from synthetic FinalFlow scenario inputs; not observed event operations.
rail_disruption,2026-07-19T14:15:00Z,-45,pre_match,secaucus,212,0,0,212,212,0.7066666666666667,0.0,derived,Derived from synthetic FinalFlow scenario inputs; not observed event operations.
rail_disruption,2026-07-19T14:15:00Z,-45,pre_match,meadowlands,190,0,0,190,190,0.2111111111111111,0.0,derived,Derived from synthetic FinalFlow scenario inputs; not observed event operations.
rail_disruption,2026-07-19T14:15:00Z,-45,pre_match,stadium,341,0,3086,341,0,,0.0,derived,Derived from synthetic FinalFlow scenario inputs; not observed event operations.
rail_disruption,2026-07-19T14:20:00Z,-40,pre_match,midtown,164,0,0,164,164,0.2733333333333333,0.0,derived,Derived from synthetic FinalFlow scenario inputs; not observed event operations.
rail_disruption,2026-07-19T14:20:00Z,-40,pre_match,penn_station,225,0,0,225,225,0.5,0.0,derived,Derived from synthetic FinalFlow scenario inputs; not observed event operations.
rail_disruption,2026-07-19T14:20:00Z,-40,pre_match,secaucus,225,0,0,225,225,0.75,0.0,derived,Derived from synthetic FinalFlow scenario inputs; not observed event operations.
rail_disruption,2026-07-19T14:20:00Z,-40,pre_match,meadowlands,207,0,0,207,207,0.23,0.0,derived,Derived from synthetic FinalFlow scenario inputs; not observed event operations.
rail_disruption,2026-07-19T14:20:00Z,-40,pre_match,stadium,343,0,3429,343,0,,0.0,derived,Derived from synthetic FinalFlow scenario inputs; not observed event operations.
rail_disruption,2026-07-19T14:25:00Z,-35,pre_match,midtown,140,0,0,140,140,0.23333333333333334,0.0,derived,Derived from synthetic FinalFlow scenario inputs; not observed event operations.
rail_disruption,2026-07-19T14:25:00Z,-35,pre_match,penn_station,219,0,0,219,219,0.4866666666666667,0.0,derived,Derived from synthetic FinalFlow scenario inputs; not observed event operations.
rail_disruption,2026-07-19T14:25:00Z,-35,pre_match,secaucus,233,0,0,233,233,0.7766666666666666,0.0,derived,Derived from synthetic FinalFlow scenario inputs; not observed event operations.
rail_disruption,2026-07-19T14:25:00Z,-35,pre_match,meadowlands,219,0,0,219,219,0.24333333333333335,0.0,derived,Derived from synthetic FinalFlow scenario inputs; not observed event operations.
rail_disruption,2026-07-19T14:25:00Z,-35,pre_match,stadium,335,0,3764,335,0,,0.0,derived,Derived from synthetic FinalFlow scenario inputs; not observed event operations.
rail_disruption,2026-07-19T14:30:00Z,-30,ceremony,midtown,0,0,0,0,0,0.0,0.0,derived,Derived from synthetic FinalFlow scenario inputs; not observed event operations.
rail_disruption,2026-07-19T14:30:00Z,-30,ceremony,penn_station,176,0,0,176,176,0.39111111111111113,0.0,derived,Derived from synthetic FinalFlow scenario inputs; not observed event operations.
rail_disruption,2026-07-19T14:30:00Z,-30,ceremony,secaucus,216,0,0,216,216,0.72,0.0,derived,Derived from synthetic FinalFlow scenario inputs; not observed event operations.
rail_disruption,2026-07-19T14:30:00Z,-30,ceremony,meadowlands,212,0,0,212,212,0.23555555555555555,0.0,derived,Derived from synthetic FinalFlow scenario inputs; not observed event operations.
rail_disruption,2026-07-19T14:30:00Z,-30,ceremony,stadium,207,0,3971,207,0,,0.0,derived,Derived from synthetic FinalFlow scenario inputs; not observed event operations.
rail_disruption,2026-07-19T14:35:00Z,-25,ceremony,midtown,0,0,0,0,0,0.0,0.0,derived,Derived from synthetic FinalFlow scenario inputs; not observed event operations.
rail_disruption,2026-07-19T14:35:00Z,-25,ceremony,penn_station,164,0,0,164,164,0.36444444444444446,0.0,derived,Derived from synthetic FinalFlow scenario inputs; not observed event operations.
rail_disruption,2026-07-19T14:35:00Z,-25,ceremony,secaucus,225,0,0,225,225,0.75,0.0,derived,Derived from synthetic FinalFlow scenario inputs; not observed event operations.
rail_disruption,2026-07-19T14:35:00Z,-25,ceremony,meadowlands,225,0,0,225,225,0.25,0.0,derived,Derived from synthetic FinalFlow scenario inputs; not observed event operations.
rail_disruption,2026-07-19T14:35:00Z,-25,ceremony,stadium,219,0,4190,219,0,,0.0,derived,Derived from synthetic FinalFlow scenario inputs; not observed event operations.
rail_disruption,2026-07-19T14:40:00Z,-20,ceremony,midtown,0,0,0,0,0,0.0,0.0,derived,Derived from synthetic FinalFlow scenario inputs; not observed event operations.
rail_disruption,2026-07-19T14:40:00Z,-20,ceremony,penn_station,140,0,0,140,140,0.3111111111111111,0.0,derived,Derived from synthetic FinalFlow scenario inputs; not observed event operations.
rail_disruption,2026-07-19T14:40:00Z,-20,ceremony,secaucus,219,0,0,219,219,0.73,0.0,derived,Derived from synthetic FinalFlow scenario inputs; not observed event operations.
rail_disruption,2026-07-19T14:40:00Z,-20,ceremony,meadowlands,233,0,0,233,233,0.2588888888888889,0.0,derived,Derived from synthetic FinalFlow scenario inputs; not observed event operations.
rail_disruption,2026-07-19T14:40:00Z,-20,ceremony,stadium,212,0,4402,212,0,,0.0,derived,Derived from synthetic FinalFlow scenario inputs; not observed event operations.
rail_disruption,2026-07-19T14:45:00Z,-15,ceremony,midtown,0,0,0,0,0,0.0,0.0,derived,Derived from synthetic FinalFlow scenario inputs; not observed event operations.
rail_disruption,2026-07-19T14:45:00Z,-15,ceremony,penn_station,0,0,0,0,0,0.0,0.0,derived,Derived from synthetic FinalFlow scenario inputs; not observed event operations.
rail_disruption,2026-07-19T14:45:00Z,-15,ceremony,secaucus,176,0,0,176,176,0.5866666666666667,0.0,derived,Derived from synthetic FinalFlow scenario inputs; not observed event operations.
rail_disruption,2026-07-19T14:45:00Z,-15,ceremony,meadowlands,216,0,0,216,216,0.24,0.0,derived,Derived from synthetic FinalFlow scenario inputs; not observed event operations.
rail_disruption,2026-07-19T14:45:00Z,-15,ceremony,stadium,225,0,4627,225,0,,0.0,derived,Derived from synthetic FinalFlow scenario inputs; not observed event operations.
rail_disruption,2026-07-19T14:50:00Z,-10,ceremony,midtown,0,0,0,0,0,0.0,0.0,derived,Derived from synthetic FinalFlow scenario inputs; not observed event operations.
rail_disruption,2026-07-19T14:50:00Z,-10,ceremony,penn_station,0,0,0,0,0,0.0,0.0,derived,Derived from synthetic FinalFlow scenario inputs; not observed event operations.
rail_disruption,2026-07-19T14:50:00Z,-10,ceremony,secaucus,164,0,0,164,164,0.5466666666666666,0.0,derived,Derived from synthetic FinalFlow scenario inputs; not observed event operations.
rail_disruption,2026-07-19T14:50:00Z,-10,ceremony,meadowlands,225,0,0,225,225,0.25,0.0,derived,Derived from synthetic FinalFlow scenario inputs; not observed event operations.
rail_disruption,2026-07-19T14:50:00Z,-10,ceremony,stadium,233,0,4860,233,0,,0.0,derived,Derived from synthetic FinalFlow scenario inputs; not observed event operations.
rail_disruption,2026-07-19T14:55:00Z,-5,ceremony,midtown,0,0,0,0,0,0.0,0.0,derived,Derived from synthetic FinalFlow scenario inputs; not observed event operations.
rail_disruption,2026-07-19T14:55:00Z,-5,ceremony,penn_station,0,0,0,0,0,0.0,0.0,derived,Derived from synthetic FinalFlow scenario inputs; not observed event operations.
rail_disruption,2026-07-19T14:55:00Z,-5,ceremony,secaucus,140,0,0,140,140,0.4666666666666667,0.0,derived,Derived from synthetic FinalFlow scenario inputs; not observed event operations.
rail_disruption,2026-07-19T14:55:00Z,-5,ceremony,meadowlands,219,0,0,219,219,0.24333333333333335,0.0,derived,Derived from synthetic FinalFlow scenario inputs; not observed event operations.
rail_disruption,2026-07-19T14:55:00Z,-5,ceremony,stadium,216,0,5076,216,0,,0.0,derived,Derived from synthetic FinalFlow scenario inputs; not observed event operations.
rail_disruption,2026-07-19T15:00:00Z,0,kickoff,midtown,0,0,0,0,0,0.0,0.0,derived,Derived from synthetic FinalFlow scenario inputs; not observed event operations.
rail_disruption,2026-07-19T15:00:00Z,0,kickoff,penn_station,0,0,0,0,0,0.0,0.0,derived,Derived from synthetic FinalFlow scenario inputs; not observed event operations.
rail_disruption,2026-07-19T15:00:00Z,0,kickoff,secaucus,0,0,0,0,0,0.0,0.0,derived,Derived from synthetic FinalFlow scenario inputs; not observed event operations.
rail_disruption,2026-07-19T15:00:00Z,0,kickoff,meadowlands,176,0,0,176,176,0.19555555555555557,0.0,derived,Derived from synthetic FinalFlow scenario inputs; not observed event operations.
rail_disruption,2026-07-19T15:00:00Z,0,kickoff,stadium,225,0,5301,225,0,,0.0,derived,Derived from synthetic FinalFlow scenario inputs; not observed event operations.
rail_disruption,2026-07-19T15:05:00Z,5,first_half,midtown,0,0,0,0,0,0.0,0.0,derived,Derived from synthetic FinalFlow scenario inputs; not observed event operations.
rail_disruption,2026-07-19T15:05:00Z,5,first_half,penn_station,0,0,0,0,0,0.0,0.0,derived,Derived from synthetic FinalFlow scenario inputs; not observed event operations.
rail_disruption,2026-07-19T15:05:00Z,5,first_half,secaucus,0,0,0,0,0,0.0,0.0,derived,Derived from synthetic FinalFlow scenario inputs; not observed event operations.
rail_disruption,2026-07-19T15:05:00Z,5,first_half,meadowlands,164,0,0,164,164,0.18222222222222223,0.0,derived,Derived from synthetic FinalFlow scenario inputs; not observed event operations.
rail_disruption,2026-07-19T15:05:00Z,5,first_half,stadium,219,0,5520,219,0,,0.0,derived,Derived from synthetic FinalFlow scenario inputs; not observed event operations.
rail_disruption,2026-07-19T15:10:00Z,10,first_half,midtown,0,0,0,0,0,0.0,0.0,derived,Derived from synthetic FinalFlow scenario inputs; not observed event operations.
rail_disruption,2026-07-19T15:10:00Z,10,first_half,penn_station,0,0,0,0,0,0.0,0.0,derived,Derived from synthetic FinalFlow scenario inputs; not observed event operations.
rail_disruption,2026-07-19T15:10:00Z,10,first_half,secaucus,0,0,0,0,0,0.0,0.0,derived,Derived from synthetic FinalFlow scenario inputs; not observed event operations.
rail_disruption,2026-07-19T15:10:00Z,10,first_half,meadowlands,140,0,0,140,140,0.15555555555555556,0.0,derived,Derived from synthetic FinalFlow scenario inputs; not observed event operations.
rail_disruption,2026-07-19T15:10:00Z,10,first_half,stadium,176,0,5696,176,0,,0.0,derived,Derived from synthetic FinalFlow scenario inputs; not observed event operations.
rail_disruption,2026-07-19T15:15:00Z,15,first_half,midtown,0,0,0,0,0,0.0,0.0,derived,Derived from synthetic FinalFlow scenario inputs; not observed event operations.
rail_disruption,2026-07-19T15:15:00Z,15,first_half,penn_station,0,0,0,0,0,0.0,0.0,derived,Derived from synthetic FinalFlow scenario inputs; not observed event operations.
rail_disruption,2026-07-19T15:15:00Z,15,first_half,secaucus,0,0,0,0,0,0.0,0.0,derived,Derived from synthetic FinalFlow scenario inputs; not observed event operations.
rail_disruption,2026-07-19T15:15:00Z,15,first_half,meadowlands,0,0,0,0,0,0.0,0.0,derived,Derived from synthetic FinalFlow scenario inputs; not observed event operations.
rail_disruption,2026-07-19T15:15:00Z,15,first_half,stadium,164,0,5860,164,0,,0.0,derived,Derived from synthetic FinalFlow scenario inputs; not observed event operations.
rail_disruption,2026-07-19T15:20:00Z,20,first_half,midtown,0,0,0,0,0,0.0,0.0,derived,Derived from synthetic FinalFlow scenario inputs; not observed event operations.
rail_disruption,2026-07-19T15:20:00Z,20,first_half,penn_station,0,0,0,0,0,0.0,0.0,derived,Derived from synthetic FinalFlow scenario inputs; not observed event operations.
rail_disruption,2026-07-19T15:20:00Z,20,first_half,secaucus,0,0,0,0,0,0.0,0.0,derived,Derived from synthetic FinalFlow scenario inputs; not observed event operations.
rail_disruption,2026-07-19T15:20:00Z,20,first_half,meadowlands,0,0,0,0,0,0.0,0.0,derived,Derived from synthetic FinalFlow scenario inputs; not observed event operations.
rail_disruption,2026-07-19T15:20:00Z,20,first_half,stadium,140,0,6000,140,0,,0.0,derived,Derived from synthetic FinalFlow scenario inputs; not observed event operations.
rail_disruption,2026-07-19T15:25:00Z,25,first_half,midtown,0,0,0,0,0,0.0,0.0,derived,Derived from synthetic FinalFlow scenario inputs; not observed event operations.
rail_disruption,2026-07-19T15:25:00Z,25,first_half,penn_station,0,0,0,0,0,0.0,0.0,derived,Derived from synthetic FinalFlow scenario inputs; not observed event operations.
rail_disruption,2026-07-19T15:25:00Z,25,first_half,secaucus,0,0,0,0,0,0.0,0.0,derived,Derived from synthetic FinalFlow scenario inputs; not observed event operations.
rail_disruption,2026-07-19T15:25:00Z,25,first_half,meadowlands,0,0,0,0,0,0.0,0.0,derived,Derived from synthetic FinalFlow scenario inputs; not observed event operations.
rail_disruption,2026-07-19T15:25:00Z,25,first_half,stadium,0,0,6000,0,0,0.0,0.0,derived,Derived from synthetic FinalFlow scenario inputs; not observed event operations.
rail_disruption,2026-07-19T15:30:00Z,30,first_half,midtown,0,0,0,0,0,0.0,0.0,derived,Derived from synthetic FinalFlow scenario inputs; not observed event operations.
rail_disruption,2026-07-19T15:30:00Z,30,first_half,penn_station,0,0,0,0,0,0.0,0.0,derived,Derived from synthetic FinalFlow scenario inputs; not observed event operations.
rail_disruption,2026-07-19T15:30:00Z,30,first_half,secaucus,0,0,0,0,0,0.0,0.0,derived,Derived from synthetic FinalFlow scenario inputs; not observed event operations.
rail_disruption,2026-07-19T15:30:00Z,30,first_half,meadowlands,0,0,0,0,0,0.0,0.0,derived,Derived from synthetic FinalFlow scenario inputs; not observed event operations.
rail_disruption,2026-07-19T15:30:00Z,30,first_half,stadium,0,0,6000,0,0,0.0,0.0,derived,Derived from synthetic FinalFlow scenario inputs; not observed event operations.
rail_disruption,2026-07-19T15:35:00Z,35,first_half,midtown,0,0,0,0,0,0.0,0.0,derived,Derived from synthetic FinalFlow scenario inputs; not observed event operations.
rail_disruption,2026-07-19T15:35:00Z,35,first_half,penn_station,0,0,0,0,0,0.0,0.0,derived,Derived from synthetic FinalFlow scenario inputs; not observed event operations.
rail_disruption,2026-07-19T15:35:00Z,35,first_half,secaucus,0,0,0,0,0,0.0,0.0,derived,Derived from synthetic FinalFlow scenario inputs; not observed event operations.
rail_disruption,2026-07-19T15:35:00Z,35,first_half,meadowlands,0,0,0,0,0,0.0,0.0,derived,Derived from synthetic FinalFlow scenario inputs; not observed event operations.
rail_disruption,2026-07-19T15:35:00Z,35,first_half,stadium,0,0,6000,0,0,0.0,0.0,derived,Derived from synthetic FinalFlow scenario inputs; not observed event operations.
rail_disruption,2026-07-19T15:40:00Z,40,first_half,midtown,0,0,0,0,0,0.0,0.0,derived,Derived from synthetic FinalFlow scenario inputs; not observed event operations.
rail_disruption,2026-07-19T15:40:00Z,40,first_half,penn_station,0,0,0,0,0,0.0,0.0,derived,Derived from synthetic FinalFlow scenario inputs; not observed event operations.
rail_disruption,2026-07-19T15:40:00Z,40,first_half,secaucus,0,0,0,0,0,0.0,0.0,derived,Derived from synthetic FinalFlow scenario inputs; not observed event operations.
rail_disruption,2026-07-19T15:40:00Z,40,first_half,meadowlands,0,0,0,0,0,0.0,0.0,derived,Derived from synthetic FinalFlow scenario inputs; not observed event operations.
rail_disruption,2026-07-19T15:40:00Z,40,first_half,stadium,0,0,6000,0,0,0.0,0.0,derived,Derived from synthetic FinalFlow scenario inputs; not observed event operations.
rail_disruption,2026-07-19T15:45:00Z,45,first_half_end,midtown,0,0,0,0,0,0.0,0.0,derived,Derived from synthetic FinalFlow scenario inputs; not observed event operations.
rail_disruption,2026-07-19T15:45:00Z,45,first_half_end,penn_station,0,0,0,0,0,0.0,0.0,derived,Derived from synthetic FinalFlow scenario inputs; not observed event operations.
rail_disruption,2026-07-19T15:45:00Z,45,first_half_end,secaucus,0,0,0,0,0,0.0,0.0,derived,Derived from synthetic FinalFlow scenario inputs; not observed event operations.
rail_disruption,2026-07-19T15:45:00Z,45,first_half_end,meadowlands,0,0,0,0,0,0.0,0.0,derived,Derived from synthetic FinalFlow scenario inputs; not observed event operations.
rail_disruption,2026-07-19T15:45:00Z,45,first_half_end,stadium,0,0,6000,0,0,0.0,0.0,derived,Derived from synthetic FinalFlow scenario inputs; not observed event operations.
rail_disruption,2026-07-19T15:50:00Z,50,halftime,midtown,0,0,0,0,0,0.0,0.0,derived,Derived from synthetic FinalFlow scenario inputs; not observed event operations.
rail_disruption,2026-07-19T15:50:00Z,50,halftime,penn_station,0,0,0,0,0,0.0,0.0,derived,Derived from synthetic FinalFlow scenario inputs; not observed event operations.
rail_disruption,2026-07-19T15:50:00Z,50,halftime,secaucus,0,0,0,0,0,0.0,0.0,derived,Derived from synthetic FinalFlow scenario inputs; not observed event operations.
rail_disruption,2026-07-19T15:50:00Z,50,halftime,meadowlands,0,0,0,0,0,0.0,0.0,derived,Derived from synthetic FinalFlow scenario inputs; not observed event operations.
rail_disruption,2026-07-19T15:50:00Z,50,halftime,stadium,0,0,6000,0,0,0.0,0.0,derived,Derived from synthetic FinalFlow scenario inputs; not observed event operations.
rail_disruption,2026-07-19T15:55:00Z,55,halftime,midtown,0,0,0,0,0,0.0,0.0,derived,Derived from synthetic FinalFlow scenario inputs; not observed event operations.
rail_disruption,2026-07-19T15:55:00Z,55,halftime,penn_station,0,0,0,0,0,0.0,0.0,derived,Derived from synthetic FinalFlow scenario inputs; not observed event operations.
rail_disruption,2026-07-19T15:55:00Z,55,halftime,secaucus,0,0,0,0,0,0.0,0.0,derived,Derived from synthetic FinalFlow scenario inputs; not observed event operations.
rail_disruption,2026-07-19T15:55:00Z,55,halftime,meadowlands,0,0,0,0,0,0.0,0.0,derived,Derived from synthetic FinalFlow scenario inputs; not observed event operations.
rail_disruption,2026-07-19T15:55:00Z,55,halftime,stadium,0,0,6000,0,0,0.0,0.0,derived,Derived from synthetic FinalFlow scenario inputs; not observed event operations.
rail_disruption,2026-07-19T16:00:00Z,60,second_half,midtown,0,0,0,0,0,0.0,0.0,derived,Derived from synthetic FinalFlow scenario inputs; not observed event operations.
rail_disruption,2026-07-19T16:00:00Z,60,second_half,penn_station,0,0,0,0,0,0.0,0.0,derived,Derived from synthetic FinalFlow scenario inputs; not observed event operations.
rail_disruption,2026-07-19T16:00:00Z,60,second_half,secaucus,0,0,0,0,0,0.0,0.0,derived,Derived from synthetic FinalFlow scenario inputs; not observed event operations.
rail_disruption,2026-07-19T16:00:00Z,60,second_half,meadowlands,0,0,0,0,0,0.0,0.0,derived,Derived from synthetic FinalFlow scenario inputs; not observed event operations.
rail_disruption,2026-07-19T16:00:00Z,60,second_half,stadium,0,0,6000,0,0,0.0,0.0,derived,Derived from synthetic FinalFlow scenario inputs; not observed event operations.
rail_disruption,2026-07-19T16:05:00Z,65,second_half,midtown,0,0,0,0,0,0.0,0.0,derived,Derived from synthetic FinalFlow scenario inputs; not observed event operations.
rail_disruption,2026-07-19T16:05:00Z,65,second_half,penn_station,0,0,0,0,0,0.0,0.0,derived,Derived from synthetic FinalFlow scenario inputs; not observed event operations.
rail_disruption,2026-07-19T16:05:00Z,65,second_half,secaucus,0,0,0,0,0,0.0,0.0,derived,Derived from synthetic FinalFlow scenario inputs; not observed event operations.
rail_disruption,2026-07-19T16:05:00Z,65,second_half,meadowlands,0,0,0,0,0,0.0,0.0,derived,Derived from synthetic FinalFlow scenario inputs; not observed event operations.
rail_disruption,2026-07-19T16:05:00Z,65,second_half,stadium,0,0,6000,0,0,0.0,0.0,derived,Derived from synthetic FinalFlow scenario inputs; not observed event operations.
rail_disruption,2026-07-19T16:10:00Z,70,second_half,midtown,0,0,0,0,0,0.0,0.0,derived,Derived from synthetic FinalFlow scenario inputs; not observed event operations.
rail_disruption,2026-07-19T16:10:00Z,70,second_half,penn_station,0,0,0,0,0,0.0,0.0,derived,Derived from synthetic FinalFlow scenario inputs; not observed event operations.
rail_disruption,2026-07-19T16:10:00Z,70,second_half,secaucus,0,0,0,0,0,0.0,0.0,derived,Derived from synthetic FinalFlow scenario inputs; not observed event operations.
rail_disruption,2026-07-19T16:10:00Z,70,second_half,meadowlands,0,0,0,0,0,0.0,0.0,derived,Derived from synthetic FinalFlow scenario inputs; not observed event operations.
rail_disruption,2026-07-19T16:10:00Z,70,second_half,stadium,0,0,6000,0,0,0.0,0.0,derived,Derived from synthetic FinalFlow scenario inputs; not observed event operations.
rail_disruption,2026-07-19T16:15:00Z,75,second_half,midtown,0,0,0,0,0,0.0,0.0,derived,Derived from synthetic FinalFlow scenario inputs; not observed event operations.
rail_disruption,2026-07-19T16:15:00Z,75,second_half,penn_station,0,0,0,0,0,0.0,0.0,derived,Derived from synthetic FinalFlow scenario inputs; not observed event operations.
rail_disruption,2026-07-19T16:15:00Z,75,second_half,secaucus,0,0,0,0,0,0.0,0.0,derived,Derived from synthetic FinalFlow scenario inputs; not observed event operations.
rail_disruption,2026-07-19T16:15:00Z,75,second_half,meadowlands,0,0,0,0,0,0.0,0.0,derived,Derived from synthetic FinalFlow scenario inputs; not observed event operations.
rail_disruption,2026-07-19T16:15:00Z,75,second_half,stadium,0,0,6000,0,0,0.0,0.0,derived,Derived from synthetic FinalFlow scenario inputs; not observed event operations.
rail_disruption,2026-07-19T16:20:00Z,80,second_half,midtown,0,0,0,0,0,0.0,0.0,derived,Derived from synthetic FinalFlow scenario inputs; not observed event operations.
rail_disruption,2026-07-19T16:20:00Z,80,second_half,penn_station,0,0,0,0,0,0.0,0.0,derived,Derived from synthetic FinalFlow scenario inputs; not observed event operations.
rail_disruption,2026-07-19T16:20:00Z,80,second_half,secaucus,0,0,0,0,0,0.0,0.0,derived,Derived from synthetic FinalFlow scenario inputs; not observed event operations.
rail_disruption,2026-07-19T16:20:00Z,80,second_half,meadowlands,0,0,0,0,0,0.0,0.0,derived,Derived from synthetic FinalFlow scenario inputs; not observed event operations.
rail_disruption,2026-07-19T16:20:00Z,80,second_half,stadium,0,0,6000,0,0,0.0,0.0,derived,Derived from synthetic FinalFlow scenario inputs; not observed event operations.
rail_disruption,2026-07-19T16:25:00Z,85,second_half,midtown,0,0,0,0,0,0.0,0.0,derived,Derived from synthetic FinalFlow scenario inputs; not observed event operations.
rail_disruption,2026-07-19T16:25:00Z,85,second_half,penn_station,0,0,0,0,0,0.0,0.0,derived,Derived from synthetic FinalFlow scenario inputs; not observed event operations.
rail_disruption,2026-07-19T16:25:00Z,85,second_half,secaucus,0,0,0,0,0,0.0,0.0,derived,Derived from synthetic FinalFlow scenario inputs; not observed event operations.
rail_disruption,2026-07-19T16:25:00Z,85,second_half,meadowlands,0,0,0,0,0,0.0,0.0,derived,Derived from synthetic FinalFlow scenario inputs; not observed event operations.
rail_disruption,2026-07-19T16:25:00Z,85,second_half,stadium,0,0,6000,0,0,0.0,0.0,derived,Derived from synthetic FinalFlow scenario inputs; not observed event operations.
rail_disruption,2026-07-19T16:30:00Z,90,second_half,midtown,0,0,0,0,0,0.0,0.0,derived,Derived from synthetic FinalFlow scenario inputs; not observed event operations.
rail_disruption,2026-07-19T16:30:00Z,90,second_half,penn_station,0,0,0,0,0,0.0,0.0,derived,Derived from synthetic FinalFlow scenario inputs; not observed event operations.
rail_disruption,2026-07-19T16:30:00Z,90,second_half,secaucus,0,0,0,0,0,0.0,0.0,derived,Derived from synthetic FinalFlow scenario inputs; not observed event operations.
rail_disruption,2026-07-19T16:30:00Z,90,second_half,meadowlands,0,0,0,0,0,0.0,0.0,derived,Derived from synthetic FinalFlow scenario inputs; not observed event operations.
rail_disruption,2026-07-19T16:30:00Z,90,second_half,stadium,0,0,6000,0,0,0.0,0.0,derived,Derived from synthetic FinalFlow scenario inputs; not observed event operations.
rail_disruption,2026-07-19T16:35:00Z,95,second_half,midtown,0,0,0,0,0,0.0,0.0,derived,Derived from synthetic FinalFlow scenario inputs; not observed event operations.
rail_disruption,2026-07-19T16:35:00Z,95,second_half,penn_station,0,0,0,0,0,0.0,0.0,derived,Derived from synthetic FinalFlow scenario inputs; not observed event operations.
rail_disruption,2026-07-19T16:35:00Z,95,second_half,secaucus,0,0,0,0,0,0.0,0.0,derived,Derived from synthetic FinalFlow scenario inputs; not observed event operations.
rail_disruption,2026-07-19T16:35:00Z,95,second_half,meadowlands,0,0,0,0,0,0.0,0.0,derived,Derived from synthetic FinalFlow scenario inputs; not observed event operations.
rail_disruption,2026-07-19T16:35:00Z,95,second_half,stadium,0,0,6000,0,0,0.0,0.0,derived,Derived from synthetic FinalFlow scenario inputs; not observed event operations.
rail_disruption,2026-07-19T16:40:00Z,100,second_half,midtown,0,0,0,0,0,0.0,0.0,derived,Derived from synthetic FinalFlow scenario inputs; not observed event operations.
rail_disruption,2026-07-19T16:40:00Z,100,second_half,penn_station,0,0,0,0,0,0.0,0.0,derived,Derived from synthetic FinalFlow scenario inputs; not observed event operations.
rail_disruption,2026-07-19T16:40:00Z,100,second_half,secaucus,0,0,0,0,0,0.0,0.0,derived,Derived from synthetic FinalFlow scenario inputs; not observed event operations.
rail_disruption,2026-07-19T16:40:00Z,100,second_half,meadowlands,0,0,0,0,0,0.0,0.0,derived,Derived from synthetic FinalFlow scenario inputs; not observed event operations.
rail_disruption,2026-07-19T16:40:00Z,100,second_half,stadium,0,0,6000,0,0,0.0,0.0,derived,Derived from synthetic FinalFlow scenario inputs; not observed event operations.
rail_disruption,2026-07-19T16:45:00Z,105,regulation_end,midtown,0,0,0,0,0,0.0,0.0,derived,Derived from synthetic FinalFlow scenario inputs; not observed event operations.
rail_disruption,2026-07-19T16:45:00Z,105,regulation_end,penn_station,0,0,0,0,0,0.0,0.0,derived,Derived from synthetic FinalFlow scenario inputs; not observed event operations.
rail_disruption,2026-07-19T16:45:00Z,105,regulation_end,secaucus,0,0,0,0,0,0.0,0.0,derived,Derived from synthetic FinalFlow scenario inputs; not observed event operations.
rail_disruption,2026-07-19T16:45:00Z,105,regulation_end,meadowlands,0,0,0,0,0,0.0,0.0,derived,Derived from synthetic FinalFlow scenario inputs; not observed event operations.
rail_disruption,2026-07-19T16:45:00Z,105,regulation_end,stadium,0,0,6000,0,0,0.0,0.0,derived,Derived from synthetic FinalFlow scenario inputs; not observed event operations.
rail_disruption,2026-07-19T16:50:00Z,110,extra_time,midtown,0,0,0,0,0,0.0,0.0,derived,Derived from synthetic FinalFlow scenario inputs; not observed event operations.
rail_disruption,2026-07-19T16:50:00Z,110,extra_time,penn_station,0,0,0,0,0,0.0,0.0,derived,Derived from synthetic FinalFlow scenario inputs; not observed event operations.
rail_disruption,2026-07-19T16:50:00Z,110,extra_time,secaucus,0,0,0,0,0,0.0,0.0,derived,Derived from synthetic FinalFlow scenario inputs; not observed event operations.
rail_disruption,2026-07-19T16:50:00Z,110,extra_time,meadowlands,0,0,0,0,0,0.0,0.0,derived,Derived from synthetic FinalFlow scenario inputs; not observed event operations.
rail_disruption,2026-07-19T16:50:00Z,110,extra_time,stadium,0,0,6000,0,0,0.0,0.0,derived,Derived from synthetic FinalFlow scenario inputs; not observed event operations.
rail_disruption,2026-07-19T16:55:00Z,115,extra_time,midtown,0,0,0,0,0,0.0,0.0,derived,Derived from synthetic FinalFlow scenario inputs; not observed event operations.
rail_disruption,2026-07-19T16:55:00Z,115,extra_time,penn_station,0,0,0,0,0,0.0,0.0,derived,Derived from synthetic FinalFlow scenario inputs; not observed event operations.
rail_disruption,2026-07-19T16:55:00Z,115,extra_time,secaucus,0,0,0,0,0,0.0,0.0,derived,Derived from synthetic FinalFlow scenario inputs; not observed event operations.
rail_disruption,2026-07-19T16:55:00Z,115,extra_time,meadowlands,0,0,0,0,0,0.0,0.0,derived,Derived from synthetic FinalFlow scenario inputs; not observed event operations.
rail_disruption,2026-07-19T16:55:00Z,115,extra_time,stadium,0,0,6000,0,0,0.0,0.0,derived,Derived from synthetic FinalFlow scenario inputs; not observed event operations.
rail_disruption,2026-07-19T17:00:00Z,120,extra_time,midtown,0,0,0,0,0,0.0,0.0,derived,Derived from synthetic FinalFlow scenario inputs; not observed event operations.
rail_disruption,2026-07-19T17:00:00Z,120,extra_time,penn_station,0,0,0,0,0,0.0,0.0,derived,Derived from synthetic FinalFlow scenario inputs; not observed event operations.
rail_disruption,2026-07-19T17:00:00Z,120,extra_time,secaucus,0,0,0,0,0,0.0,0.0,derived,Derived from synthetic FinalFlow scenario inputs; not observed event operations.
rail_disruption,2026-07-19T17:00:00Z,120,extra_time,meadowlands,0,0,0,0,0,0.0,0.0,derived,Derived from synthetic FinalFlow scenario inputs; not observed event operations.
rail_disruption,2026-07-19T17:00:00Z,120,extra_time,stadium,0,0,6000,0,0,0.0,0.0,derived,Derived from synthetic FinalFlow scenario inputs; not observed event operations.
rail_disruption,2026-07-19T17:05:00Z,125,extra_time,midtown,0,0,0,0,0,0.0,0.0,derived,Derived from synthetic FinalFlow scenario inputs; not observed event operations.
rail_disruption,2026-07-19T17:05:00Z,125,extra_time,penn_station,0,0,0,0,0,0.0,0.0,derived,Derived from synthetic FinalFlow scenario inputs; not observed event operations.
rail_disruption,2026-07-19T17:05:00Z,125,extra_time,secaucus,0,0,0,0,0,0.0,0.0,derived,Derived from synthetic FinalFlow scenario inputs; not observed event operations.
rail_disruption,2026-07-19T17:05:00Z,125,extra_time,meadowlands,0,0,0,0,0,0.0,0.0,derived,Derived from synthetic FinalFlow scenario inputs; not observed event operations.
rail_disruption,2026-07-19T17:05:00Z,125,extra_time,stadium,0,0,6000,0,0,0.0,0.0,derived,Derived from synthetic FinalFlow scenario inputs; not observed event operations.
rail_disruption,2026-07-19T17:10:00Z,130,extra_time,midtown,0,0,0,0,0,0.0,0.0,derived,Derived from synthetic FinalFlow scenario inputs; not observed event operations.
rail_disruption,2026-07-19T17:10:00Z,130,extra_time,penn_station,0,0,0,0,0,0.0,0.0,derived,Derived from synthetic FinalFlow scenario inputs; not observed event operations.
rail_disruption,2026-07-19T17:10:00Z,130,extra_time,secaucus,0,0,0,0,0,0.0,0.0,derived,Derived from synthetic FinalFlow scenario inputs; not observed event operations.
rail_disruption,2026-07-19T17:10:00Z,130,extra_time,meadowlands,0,0,0,0,0,0.0,0.0,derived,Derived from synthetic FinalFlow scenario inputs; not observed event operations.
rail_disruption,2026-07-19T17:10:00Z,130,extra_time,stadium,0,0,6000,0,0,0.0,0.0,derived,Derived from synthetic FinalFlow scenario inputs; not observed event operations.
rail_disruption,2026-07-19T17:15:00Z,135,final_whistle,midtown,0,0,0,0,0,0.0,0.0,derived,Derived from synthetic FinalFlow scenario inputs; not observed event operations.
rail_disruption,2026-07-19T17:15:00Z,135,final_whistle,penn_station,0,0,0,0,0,0.0,0.0,derived,Derived from synthetic FinalFlow scenario inputs; not observed event operations.
rail_disruption,2026-07-19T17:15:00Z,135,final_whistle,secaucus,0,0,0,0,0,0.0,0.0,derived,Derived from synthetic FinalFlow scenario inputs; not observed event operations.
rail_disruption,2026-07-19T17:15:00Z,135,final_whistle,meadowlands,0,0,0,0,0,0.0,0.0,derived,Derived from synthetic FinalFlow scenario inputs; not observed event operations.
rail_disruption,2026-07-19T17:15:00Z,135,final_whistle,stadium,0,0,5238,762,762,,0.0,derived,Derived from synthetic FinalFlow scenario inputs; not observed event operations.
rail_disruption,2026-07-19T17:20:00Z,140,post_match,midtown,0,0,0,0,0,0.0,0.0,derived,Derived from synthetic FinalFlow scenario inputs; not observed event operations.
rail_disruption,2026-07-19T17:20:00Z,140,post_match,penn_station,0,0,0,0,0,0.0,0.0,derived,Derived from synthetic FinalFlow scenario inputs; not observed event operations.
rail_disruption,2026-07-19T17:20:00Z,140,post_match,secaucus,0,0,0,0,0,0.0,0.0,derived,Derived from synthetic FinalFlow scenario inputs; not observed event operations.
rail_disruption,2026-07-19T17:20:00Z,140,post_match,meadowlands,0,0,0,0,0,0.0,0.0,derived,Derived from synthetic FinalFlow scenario inputs; not observed event operations.
rail_disruption,2026-07-19T17:20:00Z,140,post_match,stadium,0,0,4524,714,714,,0.0,derived,Derived from synthetic FinalFlow scenario inputs; not observed event operations.
rail_disruption,2026-07-19T17:25:00Z,145,post_match,midtown,0,0,0,0,0,0.0,0.0,derived,Derived from synthetic FinalFlow scenario inputs; not observed event operations.
rail_disruption,2026-07-19T17:25:00Z,145,post_match,penn_station,0,0,0,0,0,0.0,0.0,derived,Derived from synthetic FinalFlow scenario inputs; not observed event operations.
rail_disruption,2026-07-19T17:25:00Z,145,post_match,secaucus,0,0,0,0,0,0.0,0.0,derived,Derived from synthetic FinalFlow scenario inputs; not observed event operations.
rail_disruption,2026-07-19T17:25:00Z,145,post_match,meadowlands,662,309,0,353,353,0.39222222222222225,5,derived,Derived from synthetic FinalFlow scenario inputs; not observed event operations.
rail_disruption,2026-07-19T17:25:00Z,145,post_match,stadium,0,0,3857,667,667,,0.0,derived,Derived from synthetic FinalFlow scenario inputs; not observed event operations.
rail_disruption,2026-07-19T17:30:00Z,150,post_match,midtown,0,0,0,0,0,0.0,0.0,derived,Derived from synthetic FinalFlow scenario inputs; not observed event operations.
rail_disruption,2026-07-19T17:30:00Z,150,post_match,penn_station,0,0,0,0,0,0.0,0.0,derived,Derived from synthetic FinalFlow scenario inputs; not observed event operations.
rail_disruption,2026-07-19T17:30:00Z,150,post_match,secaucus,0,0,0,0,0,0.0,0.0,derived,Derived from synthetic FinalFlow scenario inputs; not observed event operations.
rail_disruption,2026-07-19T17:30:00Z,150,post_match,meadowlands,621,580,0,350,350,0.3888888888888889,5,derived,Derived from synthetic FinalFlow scenario inputs; not observed event operations.
rail_disruption,2026-07-19T17:30:00Z,150,post_match,stadium,0,0,3238,619,619,,0.0,derived,Derived from synthetic FinalFlow scenario inputs; not observed event operations.
rail_disruption,2026-07-19T17:35:00Z,155,post_match,midtown,0,0,0,0,0,0.0,0.0,derived,Derived from synthetic FinalFlow scenario inputs; not observed event operations.
rail_disruption,2026-07-19T17:35:00Z,155,post_match,penn_station,0,0,0,0,0,0.0,0.0,derived,Derived from synthetic FinalFlow scenario inputs; not observed event operations.
rail_disruption,2026-07-19T17:35:00Z,155,post_match,secaucus,0,0,0,0,0,0.0,0.0,derived,Derived from synthetic FinalFlow scenario inputs; not observed event operations.
rail_disruption,2026-07-19T17:35:00Z,155,post_match,meadowlands,400,648,0,332,332,0.3688888888888889,5,derived,Derived from synthetic FinalFlow scenario inputs; not observed event operations.
rail_disruption,2026-07-19T17:35:00Z,155,post_match,stadium,0,0,2667,571,571,,0.0,derived,Derived from synthetic FinalFlow scenario inputs; not observed event operations.
rail_disruption,2026-07-19T17:40:00Z,160,post_match,midtown,0,0,0,0,0,0.0,0.0,derived,Derived from synthetic FinalFlow scenario inputs; not observed event operations.
rail_disruption,2026-07-19T17:40:00Z,160,post_match,penn_station,0,0,0,0,0,0.0,0.0,derived,Derived from synthetic FinalFlow scenario inputs; not observed event operations.
rail_disruption,2026-07-19T17:40:00Z,160,post_match,secaucus,300,0,0,300,300,0.6666666666666666,0.0,derived,Derived from synthetic FinalFlow scenario inputs; not observed event operations.
rail_disruption,2026-07-19T17:40:00Z,160,post_match,meadowlands,371,689,0,330,330,0.36666666666666664,10,derived,Derived from synthetic FinalFlow scenario inputs; not observed event operations.
rail_disruption,2026-07-19T17:40:00Z,160,post_match,stadium,0,0,2143,524,524,,0.0,derived,Derived from synthetic FinalFlow scenario inputs; not observed event operations.
rail_disruption,2026-07-19T17:45:00Z,165,post_match,midtown,0,0,0,0,0,0.0,0.0,derived,Derived from synthetic FinalFlow scenario inputs; not observed event operations.
rail_disruption,2026-07-19T17:45:00Z,165,post_match,penn_station,0,0,0,0,0,0.0,0.0,derived,Derived from synthetic FinalFlow scenario inputs; not observed event operations.
rail_disruption,2026-07-19T17:45:00Z,165,post_match,secaucus,300,0,0,300,300,0.6666666666666666,0.0,derived,Derived from synthetic FinalFlow scenario inputs; not observed event operations.
rail_disruption,2026-07-19T17:45:00Z,165,post_match,meadowlands,344,705,0,328,328,0.36444444444444446,10,derived,Derived from synthetic FinalFlow scenario inputs; not observed event operations.
rail_disruption,2026-07-19T17:45:00Z,165,post_match,stadium,0,0,1667,476,476,,0.0,derived,Derived from synthetic FinalFlow scenario inputs; not observed event operations.
rail_disruption,2026-07-19T17:50:00Z,170,post_match,midtown,0,0,0,0,0,0.0,0.0,derived,Derived from synthetic FinalFlow scenario inputs; not observed event operations.
rail_disruption,2026-07-19T17:50:00Z,170,post_match,penn_station,0,0,0,0,0,0.0,0.0,derived,Derived from synthetic FinalFlow scenario inputs; not observed event operations.
rail_disruption,2026-07-19T17:50:00Z,170,post_match,secaucus,300,0,0,300,300,0.6666666666666666,0.0,derived,Derived from synthetic FinalFlow scenario inputs; not observed event operations.
rail_disruption,2026-07-19T17:50:00Z,170,post_match,meadowlands,315,695,0,325,325,0.3611111111111111,10,derived,Derived from synthetic FinalFlow scenario inputs; not observed event operations.
rail_disruption,2026-07-19T17:50:00Z,170,post_match,stadium,0,0,1238,429,429,,0.0,derived,Derived from synthetic FinalFlow scenario inputs; not observed event operations.
rail_disruption,2026-07-19T17:55:00Z,175,post_match,midtown,0,0,0,0,0,0.0,0.0,derived,Derived from synthetic FinalFlow scenario inputs; not observed event operations.
rail_disruption,2026-07-19T17:55:00Z,175,post_match,penn_station,300,0,0,300,300,0.5,0.0,derived,Derived from synthetic FinalFlow scenario inputs; not observed event operations.
rail_disruption,2026-07-19T17:55:00Z,175,post_match,secaucus,300,0,0,300,300,0.6666666666666666,0.0,derived,Derived from synthetic FinalFlow scenario inputs; not observed event operations.
rail_disruption,2026-07-19T17:55:00Z,175,post_match,meadowlands,286,658,0,323,323,0.35888888888888887,10,derived,Derived from synthetic FinalFlow scenario inputs; not observed event operations.
rail_disruption,2026-07-19T17:55:00Z,175,post_match,stadium,0,0,857,381,381,,0.0,derived,Derived from synthetic FinalFlow scenario inputs; not observed event operations.
rail_disruption,2026-07-19T18:00:00Z,180,post_match,midtown,0,0,0,0,0,0.0,0.0,derived,Derived from synthetic FinalFlow scenario inputs; not observed event operations.
rail_disruption,2026-07-19T18:00:00Z,180,post_match,penn_station,300,0,0,300,300,0.5,0.0,derived,Derived from synthetic FinalFlow scenario inputs; not observed event operations.
rail_disruption,2026-07-19T18:00:00Z,180,post_match,secaucus,300,0,0,300,300,0.6666666666666666,0.0,derived,Derived from synthetic FinalFlow scenario inputs; not observed event operations.
rail_disruption,2026-07-19T18:00:00Z,180,post_match,meadowlands,257,595,0,320,320,0.35555555555555557,10,derived,Derived from synthetic FinalFlow scenario inputs; not observed event operations.
rail_disruption,2026-07-19T18:00:00Z,180,post_match,stadium,0,0,524,333,333,,0.0,derived,Derived from synthetic FinalFlow scenario inputs; not observed event operations.
rail_disruption,2026-07-19T18:05:00Z,185,post_match,midtown,0,0,0,0,0,0.0,0.0,derived,Derived from synthetic FinalFlow scenario inputs; not observed event operations.
rail_disruption,2026-07-19T18:05:00Z,185,post_match,penn_station,300,0,0,300,300,0.5,0.0,derived,Derived from synthetic FinalFlow scenario inputs; not observed event operations.
rail_disruption,2026-07-19T18:05:00Z,185,post_match,secaucus,300,0,0,300,300,0.3333333333333333,0.0,derived,Derived from synthetic FinalFlow scenario inputs; not observed event operations.
rail_disruption,2026-07-19T18:05:00Z,185,post_match,meadowlands,229,506,0,318,318,0.35333333333333333,10,derived,Derived from synthetic FinalFlow scenario inputs; not observed event operations.
rail_disruption,2026-07-19T18:05:00Z,185,post_match,stadium,0,0,238,286,286,,0.0,derived,Derived from synthetic FinalFlow scenario inputs; not observed event operations.
rail_disruption,2026-07-19T18:10:00Z,190,post_match,midtown,300,0,0,300,300,0.0,0.0,derived,Derived from synthetic FinalFlow scenario inputs; not observed event operations.
rail_disruption,2026-07-19T18:10:00Z,190,post_match,penn_station,300,0,0,300,300,0.5,0.0,derived,Derived from synthetic FinalFlow scenario inputs; not observed event operations.
rail_disruption,2026-07-19T18:10:00Z,190,post_match,secaucus,300,0,0,300,300,0.3333333333333333,0.0,derived,Derived from synthetic FinalFlow scenario inputs; not observed event operations.
rail_disruption,2026-07-19T18:10:00Z,190,post_match,meadowlands,199,389,0,316,316,0.3511111111111111,10,derived,Derived from synthetic FinalFlow scenario inputs; not observed event operations.
rail_disruption,2026-07-19T18:10:00Z,190,post_match,stadium,0,0,0,238,238,,0.0,derived,Derived from synthetic FinalFlow scenario inputs; not observed event operations.
rail_disruption,2026-07-19T18:15:00Z,195,post_match,midtown,300,0,0,300,300,0.0,0.0,derived,Derived from synthetic FinalFlow scenario inputs; not observed event operations.
rail_disruption,2026-07-19T18:15:00Z,195,post_match,penn_station,300,0,0,300,300,0.5,0.0,derived,Derived from synthetic FinalFlow scenario inputs; not observed event operations.
rail_disruption,2026-07-19T18:15:00Z,195,post_match,secaucus,300,0,0,300,300,0.3333333333333333,0.0,derived,Derived from synthetic FinalFlow scenario inputs; not observed event operations.
rail_disruption,2026-07-19T18:15:00Z,195,post_match,meadowlands,172,247,0,314,314,0.3488888888888889,5,derived,Derived from synthetic FinalFlow scenario inputs; not observed event operations.
rail_disruption,2026-07-19T18:15:00Z,195,post_match,stadium,0,0,0,0,0,0.0,0.0,derived,Derived from synthetic FinalFlow scenario inputs; not observed event operations.
rail_disruption,2026-07-19T18:20:00Z,200,post_match,midtown,300,0,0,300,300,0.0,0.0,derived,Derived from synthetic FinalFlow scenario inputs; not observed event operations.
rail_disruption,2026-07-19T18:20:00Z,200,post_match,penn_station,300,0,0,300,300,0.5,0.0,derived,Derived from synthetic FinalFlow scenario inputs; not observed event operations.
rail_disruption,2026-07-19T18:20:00Z,200,post_match,secaucus,300,0,0,300,300,0.3333333333333333,0.0,derived,Derived from synthetic FinalFlow scenario inputs; not observed event operations.
rail_disruption,2026-07-19T18:20:00Z,200,post_match,meadowlands,142,78,0,311,311,0.34555555555555556,5,derived,Derived from synthetic FinalFlow scenario inputs; not observed event operations.
rail_disruption,2026-07-19T18:20:00Z,200,post_match,stadium,0,0,0,0,0,0.0,0.0,derived,Derived from synthetic FinalFlow scenario inputs; not observed event operations.
rail_disruption,2026-07-19T18:25:00Z,205,post_match,midtown,300,0,0,300,300,0.0,0.0,derived,Derived from synthetic FinalFlow scenario inputs; not observed event operations.
rail_disruption,2026-07-19T18:25:00Z,205,post_match,penn_station,300,0,0,300,300,0.5,0.0,derived,Derived from synthetic FinalFlow scenario inputs; not observed event operations.
rail_disruption,2026-07-19T18:25:00Z,205,post_match,secaucus,300,0,0,300,300,0.3333333333333333,0.0,derived,Derived from synthetic FinalFlow scenario inputs; not observed event operations.
rail_disruption,2026-07-19T18:25:00Z,205,post_match,meadowlands,0,0,0,78,78,0.26,0.0,derived,Derived from synthetic FinalFlow scenario inputs; not observed event operations.
rail_disruption,2026-07-19T18:25:00Z,205,post_match,stadium,0,0,0,0,0,0.0,0.0,derived,Derived from synthetic FinalFlow scenario inputs; not observed event operations.
rail_disruption,2026-07-19T18:30:00Z,210,post_match,midtown,300,0,0,300,300,0.0,0.0,derived,Derived from synthetic FinalFlow scenario inputs; not observed event operations.
rail_disruption,2026-07-19T18:30:00Z,210,post_match,penn_station,300,0,0,300,300,0.5,0.0,derived,Derived from synthetic FinalFlow scenario inputs; not observed event operations.
rail_disruption,2026-07-19T18:30:00Z,210,post_match,secaucus,300,0,0,300,300,0.3333333333333333,0.0,derived,Derived from synthetic FinalFlow scenario inputs; not observed event operations.
rail_disruption,2026-07-19T18:30:00Z,210,post_match,meadowlands,0,0,0,0,0,0.0,0.0,derived,Derived from synthetic FinalFlow scenario inputs; not observed event operations.
rail_disruption,2026-07-19T18:30:00Z,210,post_match,stadium,0,0,0,0,0,0.0,0.0,derived,Derived from synthetic FinalFlow scenario inputs; not observed event operations.
rail_disruption,2026-07-19T18:35:00Z,215,post_match,midtown,262,0,0,262,262,0.0,0.0,derived,Derived from synthetic FinalFlow scenario inputs; not observed event operations.
rail_disruption,2026-07-19T18:35:00Z,215,post_match,penn_station,300,0,0,300,300,0.5,0.0,derived,Derived from synthetic FinalFlow scenario inputs; not observed event operations.
rail_disruption,2026-07-19T18:35:00Z,215,post_match,secaucus,300,0,0,300,300,0.3333333333333333,0.0,derived,Derived from synthetic FinalFlow scenario inputs; not observed event operations.
rail_disruption,2026-07-19T18:35:00Z,215,post_match,meadowlands,0,0,0,0,0,0.0,0.0,derived,Derived from synthetic FinalFlow scenario inputs; not observed event operations.
rail_disruption,2026-07-19T18:35:00Z,215,post_match,stadium,0,0,0,0,0,0.0,0.0,derived,Derived from synthetic FinalFlow scenario inputs; not observed event operations.
rail_disruption,2026-07-19T18:40:00Z,220,post_match,midtown,186,0,0,186,186,0.0,0.0,derived,Derived from synthetic FinalFlow scenario inputs; not observed event operations.
rail_disruption,2026-07-19T18:40:00Z,220,post_match,penn_station,246,0,0,246,246,0.41,0.0,derived,Derived from synthetic FinalFlow scenario inputs; not observed event operations.
rail_disruption,2026-07-19T18:40:00Z,220,post_match,secaucus,78,0,0,78,78,0.0,0.0,derived,Derived from synthetic FinalFlow scenario inputs; not observed event operations.
rail_disruption,2026-07-19T18:40:00Z,220,post_match,meadowlands,0,0,0,0,0,0.0,0.0,derived,Derived from synthetic FinalFlow scenario inputs; not observed event operations.
rail_disruption,2026-07-19T18:40:00Z,220,post_match,stadium,0,0,0,0,0,0.0,0.0,derived,Derived from synthetic FinalFlow scenario inputs; not observed event operations.
rail_disruption,2026-07-19T18:45:00Z,225,post_match,midtown,167,0,0,167,167,0.0,0.0,derived,Derived from synthetic FinalFlow scenario inputs; not observed event operations.
rail_disruption,2026-07-19T18:45:00Z,225,post_match,penn_station,138,0,0,138,138,0.23,0.0,derived,Derived from synthetic FinalFlow scenario inputs; not observed event operations.
rail_disruption,2026-07-19T18:45:00Z,225,post_match,secaucus,0,0,0,0,0,0.0,0.0,derived,Derived from synthetic FinalFlow scenario inputs; not observed event operations.
rail_disruption,2026-07-19T18:45:00Z,225,post_match,meadowlands,0,0,0,0,0,0.0,0.0,derived,Derived from synthetic FinalFlow scenario inputs; not observed event operations.
rail_disruption,2026-07-19T18:45:00Z,225,post_match,stadium,0,0,0,0,0,0.0,0.0,derived,Derived from synthetic FinalFlow scenario inputs; not observed event operations.
rail_disruption,2026-07-19T18:50:00Z,230,post_match,midtown,149,0,0,149,149,0.0,0.0,derived,Derived from synthetic FinalFlow scenario inputs; not observed event operations.
rail_disruption,2026-07-19T18:50:00Z,230,post_match,penn_station,114,0,0,114,114,0.19,0.0,derived,Derived from synthetic FinalFlow scenario inputs; not observed event operations.
rail_disruption,2026-07-19T18:50:00Z,230,post_match,secaucus,0,0,0,0,0,0.0,0.0,derived,Derived from synthetic FinalFlow scenario inputs; not observed event operations.
rail_disruption,2026-07-19T18:50:00Z,230,post_match,meadowlands,0,0,0,0,0,0.0,0.0,derived,Derived from synthetic FinalFlow scenario inputs; not observed event operations.
rail_disruption,2026-07-19T18:50:00Z,230,post_match,stadium,0,0,0,0,0,0.0,0.0,derived,Derived from synthetic FinalFlow scenario inputs; not observed event operations.
rail_disruption,2026-07-19T18:55:00Z,235,post_match,midtown,129,0,0,129,129,0.0,0.0,derived,Derived from synthetic FinalFlow scenario inputs; not observed event operations.
rail_disruption,2026-07-19T18:55:00Z,235,post_match,penn_station,0,0,0,0,0,0.0,0.0,derived,Derived from synthetic FinalFlow scenario inputs; not observed event operations.
rail_disruption,2026-07-19T18:55:00Z,235,post_match,secaucus,0,0,0,0,0,0.0,0.0,derived,Derived from synthetic FinalFlow scenario inputs; not observed event operations.
rail_disruption,2026-07-19T18:55:00Z,235,post_match,meadowlands,0,0,0,0,0,0.0,0.0,derived,Derived from synthetic FinalFlow scenario inputs; not observed event operations.
rail_disruption,2026-07-19T18:55:00Z,235,post_match,stadium,0,0,0,0,0,0.0,0.0,derived,Derived from synthetic FinalFlow scenario inputs; not observed event operations.
rail_disruption,2026-07-19T19:00:00Z,240,post_match,midtown,112,0,0,112,112,0.0,0.0,derived,Derived from synthetic FinalFlow scenario inputs; not observed event operations.
rail_disruption,2026-07-19T19:00:00Z,240,post_match,penn_station,0,0,0,0,0,0.0,0.0,derived,Derived from synthetic FinalFlow scenario inputs; not observed event operations.
rail_disruption,2026-07-19T19:00:00Z,240,post_match,secaucus,0,0,0,0,0,0.0,0.0,derived,Derived from synthetic FinalFlow scenario inputs; not observed event operations.
rail_disruption,2026-07-19T19:00:00Z,240,post_match,meadowlands,0,0,0,0,0,0.0,0.0,derived,Derived from synthetic FinalFlow scenario inputs; not observed event operations.
rail_disruption,2026-07-19T19:00:00Z,240,post_match,stadium,0,0,0,0,0,0.0,0.0,derived,Derived from synthetic FinalFlow scenario inputs; not observed event operations.
rail_disruption,2026-07-19T19:05:00Z,245,post_match,midtown,93,0,0,93,93,0.0,0.0,derived,Derived from synthetic FinalFlow scenario inputs; not observed event operations.
rail_disruption,2026-07-19T19:05:00Z,245,post_match,penn_station,0,0,0,0,0,0.0,0.0,derived,Derived from synthetic FinalFlow scenario inputs; not observed event operations.
rail_disruption,2026-07-19T19:05:00Z,245,post_match,secaucus,0,0,0,0,0,0.0,0.0,derived,Derived from synthetic FinalFlow scenario inputs; not observed event operations.
rail_disruption,2026-07-19T19:05:00Z,245,post_match,meadowlands,0,0,0,0,0,0.0,0.0,derived,Derived from synthetic FinalFlow scenario inputs; not observed event operations.
rail_disruption,2026-07-19T19:05:00Z,245,post_match,stadium,0,0,0,0,0,0.0,0.0,derived,Derived from synthetic FinalFlow scenario inputs; not observed event operations.
rail_disruption,2026-07-19T19:10:00Z,250,post_match,midtown,0,0,0,0,0,0.0,0.0,derived,Derived from synthetic FinalFlow scenario inputs; not observed event operations.
rail_disruption,2026-07-19T19:10:00Z,250,post_match,penn_station,0,0,0,0,0,0.0,0.0,derived,Derived from synthetic FinalFlow scenario inputs; not observed event operations.
rail_disruption,2026-07-19T19:10:00Z,250,post_match,secaucus,0,0,0,0,0,0.0,0.0,derived,Derived from synthetic FinalFlow scenario inputs; not observed event operations.
rail_disruption,2026-07-19T19:10:00Z,250,post_match,meadowlands,0,0,0,0,0,0.0,0.0,derived,Derived from synthetic FinalFlow scenario inputs; not observed event operations.
rail_disruption,2026-07-19T19:10:00Z,250,post_match,stadium,0,0,0,0,0,0.0,0.0,derived,Derived from synthetic FinalFlow scenario inputs; not observed event operations.
rail_disruption,2026-07-19T19:15:00Z,255,post_match,midtown,0,0,0,0,0,0.0,0.0,derived,Derived from synthetic FinalFlow scenario inputs; not observed event operations.
rail_disruption,2026-07-19T19:15:00Z,255,post_match,penn_station,0,0,0,0,0,0.0,0.0,derived,Derived from synthetic FinalFlow scenario inputs; not observed event operations.
rail_disruption,2026-07-19T19:15:00Z,255,post_match,secaucus,0,0,0,0,0,0.0,0.0,derived,Derived from synthetic FinalFlow scenario inputs; not observed event operations.
rail_disruption,2026-07-19T19:15:00Z,255,post_match,meadowlands,0,0,0,0,0,0.0,0.0,derived,Derived from synthetic FinalFlow scenario inputs; not observed event operations.
rail_disruption,2026-07-19T19:15:00Z,255,post_match,stadium,0,0,0,0,0,0.0,0.0,derived,Derived from synthetic FinalFlow scenario inputs; not observed event operations.
rail_disruption,2026-07-19T19:20:00Z,260,post_match,midtown,0,0,0,0,0,0.0,0.0,derived,Derived from synthetic FinalFlow scenario inputs; not observed event operations.
rail_disruption,2026-07-19T19:20:00Z,260,post_match,penn_station,0,0,0,0,0,0.0,0.0,derived,Derived from synthetic FinalFlow scenario inputs; not observed event operations.
rail_disruption,2026-07-19T19:20:00Z,260,post_match,secaucus,0,0,0,0,0,0.0,0.0,derived,Derived from synthetic FinalFlow scenario inputs; not observed event operations.
rail_disruption,2026-07-19T19:20:00Z,260,post_match,meadowlands,0,0,0,0,0,0.0,0.0,derived,Derived from synthetic FinalFlow scenario inputs; not observed event operations.
rail_disruption,2026-07-19T19:20:00Z,260,post_match,stadium,0,0,0,0,0,0.0,0.0,derived,Derived from synthetic FinalFlow scenario inputs; not observed event operations.
rail_disruption,2026-07-19T19:25:00Z,265,post_match,midtown,0,0,0,0,0,0.0,0.0,derived,Derived from synthetic FinalFlow scenario inputs; not observed event operations.
rail_disruption,2026-07-19T19:25:00Z,265,post_match,penn_station,0,0,0,0,0,0.0,0.0,derived,Derived from synthetic FinalFlow scenario inputs; not observed event operations.
rail_disruption,2026-07-19T19:25:00Z,265,post_match,secaucus,0,0,0,0,0,0.0,0.0,derived,Derived from synthetic FinalFlow scenario inputs; not observed event operations.
rail_disruption,2026-07-19T19:25:00Z,265,post_match,meadowlands,0,0,0,0,0,0.0,0.0,derived,Derived from synthetic FinalFlow scenario inputs; not observed event operations.
rail_disruption,2026-07-19T19:25:00Z,265,post_match,stadium,0,0,0,0,0,0.0,0.0,derived,Derived from synthetic FinalFlow scenario inputs; not observed event operations.
rail_disruption,2026-07-19T19:30:00Z,270,post_match,midtown,0,0,0,0,0,0.0,0.0,derived,Derived from synthetic FinalFlow scenario inputs; not observed event operations.
rail_disruption,2026-07-19T19:30:00Z,270,post_match,penn_station,0,0,0,0,0,0.0,0.0,derived,Derived from synthetic FinalFlow scenario inputs; not observed event operations.
rail_disruption,2026-07-19T19:30:00Z,270,post_match,secaucus,0,0,0,0,0,0.0,0.0,derived,Derived from synthetic FinalFlow scenario inputs; not observed event operations.
rail_disruption,2026-07-19T19:30:00Z,270,post_match,meadowlands,0,0,0,0,0,0.0,0.0,derived,Derived from synthetic FinalFlow scenario inputs; not observed event operations.
rail_disruption,2026-07-19T19:30:00Z,270,post_match,stadium,0,0,0,0,0,0.0,0.0,derived,Derived from synthetic FinalFlow scenario inputs; not observed event operations.
rail_disruption,2026-07-19T19:35:00Z,275,post_match,midtown,0,0,0,0,0,0.0,0.0,derived,Derived from synthetic FinalFlow scenario inputs; not observed event operations.
rail_disruption,2026-07-19T19:35:00Z,275,post_match,penn_station,0,0,0,0,0,0.0,0.0,derived,Derived from synthetic FinalFlow scenario inputs; not observed event operations.
rail_disruption,2026-07-19T19:35:00Z,275,post_match,secaucus,0,0,0,0,0,0.0,0.0,derived,Derived from synthetic FinalFlow scenario inputs; not observed event operations.
rail_disruption,2026-07-19T19:35:00Z,275,post_match,meadowlands,0,0,0,0,0,0.0,0.0,derived,Derived from synthetic FinalFlow scenario inputs; not observed event operations.
rail_disruption,2026-07-19T19:35:00Z,275,post_match,stadium,0,0,0,0,0,0.0,0.0,derived,Derived from synthetic FinalFlow scenario inputs; not observed event operations.
rail_disruption,2026-07-19T19:40:00Z,280,post_match,midtown,0,0,0,0,0,0.0,0.0,derived,Derived from synthetic FinalFlow scenario inputs; not observed event operations.
rail_disruption,2026-07-19T19:40:00Z,280,post_match,penn_station,0,0,0,0,0,0.0,0.0,derived,Derived from synthetic FinalFlow scenario inputs; not observed event operations.
rail_disruption,2026-07-19T19:40:00Z,280,post_match,secaucus,0,0,0,0,0,0.0,0.0,derived,Derived from synthetic FinalFlow scenario inputs; not observed event operations.
rail_disruption,2026-07-19T19:40:00Z,280,post_match,meadowlands,0,0,0,0,0,0.0,0.0,derived,Derived from synthetic FinalFlow scenario inputs; not observed event operations.
rail_disruption,2026-07-19T19:40:00Z,280,post_match,stadium,0,0,0,0,0,0.0,0.0,derived,Derived from synthetic FinalFlow scenario inputs; not observed event operations.
rail_disruption,2026-07-19T19:45:00Z,285,post_match,midtown,0,0,0,0,0,0.0,0.0,derived,Derived from synthetic FinalFlow scenario inputs; not observed event operations.
rail_disruption,2026-07-19T19:45:00Z,285,post_match,penn_station,0,0,0,0,0,0.0,0.0,derived,Derived from synthetic FinalFlow scenario inputs; not observed event operations.
rail_disruption,2026-07-19T19:45:00Z,285,post_match,secaucus,0,0,0,0,0,0.0,0.0,derived,Derived from synthetic FinalFlow scenario inputs; not observed event operations.
rail_disruption,2026-07-19T19:45:00Z,285,post_match,meadowlands,0,0,0,0,0,0.0,0.0,derived,Derived from synthetic FinalFlow scenario inputs; not observed event operations.
rail_disruption,2026-07-19T19:45:00Z,285,post_match,stadium,0,0,0,0,0,0.0,0.0,derived,Derived from synthetic FinalFlow scenario inputs; not observed event operations.
rail_disruption,2026-07-19T19:50:00Z,290,post_match,midtown,0,0,0,0,0,0.0,0.0,derived,Derived from synthetic FinalFlow scenario inputs; not observed event operations.
rail_disruption,2026-07-19T19:50:00Z,290,post_match,penn_station,0,0,0,0,0,0.0,0.0,derived,Derived from synthetic FinalFlow scenario inputs; not observed event operations.
rail_disruption,2026-07-19T19:50:00Z,290,post_match,secaucus,0,0,0,0,0,0.0,0.0,derived,Derived from synthetic FinalFlow scenario inputs; not observed event operations.
rail_disruption,2026-07-19T19:50:00Z,290,post_match,meadowlands,0,0,0,0,0,0.0,0.0,derived,Derived from synthetic FinalFlow scenario inputs; not observed event operations.
rail_disruption,2026-07-19T19:50:00Z,290,post_match,stadium,0,0,0,0,0,0.0,0.0,derived,Derived from synthetic FinalFlow scenario inputs; not observed event operations.
rail_disruption,2026-07-19T19:55:00Z,295,post_match,midtown,0,0,0,0,0,0.0,0.0,derived,Derived from synthetic FinalFlow scenario inputs; not observed event operations.
rail_disruption,2026-07-19T19:55:00Z,295,post_match,penn_station,0,0,0,0,0,0.0,0.0,derived,Derived from synthetic FinalFlow scenario inputs; not observed event operations.
rail_disruption,2026-07-19T19:55:00Z,295,post_match,secaucus,0,0,0,0,0,0.0,0.0,derived,Derived from synthetic FinalFlow scenario inputs; not observed event operations.
rail_disruption,2026-07-19T19:55:00Z,295,post_match,meadowlands,0,0,0,0,0,0.0,0.0,derived,Derived from synthetic FinalFlow scenario inputs; not observed event operations.
rail_disruption,2026-07-19T19:55:00Z,295,post_match,stadium,0,0,0,0,0,0.0,0.0,derived,Derived from synthetic FinalFlow scenario inputs; not observed event operations.
rail_disruption,2026-07-19T20:00:00Z,300,post_match,midtown,0,0,0,0,0,0.0,0.0,derived,Derived from synthetic FinalFlow scenario inputs; not observed event operations.
rail_disruption,2026-07-19T20:00:00Z,300,post_match,penn_station,0,0,0,0,0,0.0,0.0,derived,Derived from synthetic FinalFlow scenario inputs; not observed event operations.
rail_disruption,2026-07-19T20:00:00Z,300,post_match,secaucus,0,0,0,0,0,0.0,0.0,derived,Derived from synthetic FinalFlow scenario inputs; not observed event operations.
rail_disruption,2026-07-19T20:00:00Z,300,post_match,meadowlands,0,0,0,0,0,0.0,0.0,derived,Derived from synthetic FinalFlow scenario inputs; not observed event operations.
rail_disruption,2026-07-19T20:00:00Z,300,post_match,stadium,0,0,0,0,0,0.0,0.0,derived,Derived from synthetic FinalFlow scenario inputs; not observed event operations.
rail_disruption,2026-07-19T20:05:00Z,305,post_match,midtown,0,0,0,0,0,0.0,0.0,derived,Derived from synthetic FinalFlow scenario inputs; not observed event operations.
rail_disruption,2026-07-19T20:05:00Z,305,post_match,penn_station,0,0,0,0,0,0.0,0.0,derived,Derived from synthetic FinalFlow scenario inputs; not observed event operations.
rail_disruption,2026-07-19T20:05:00Z,305,post_match,secaucus,0,0,0,0,0,0.0,0.0,derived,Derived from synthetic FinalFlow scenario inputs; not observed event operations.
rail_disruption,2026-07-19T20:05:00Z,305,post_match,meadowlands,0,0,0,0,0,0.0,0.0,derived,Derived from synthetic FinalFlow scenario inputs; not observed event operations.
rail_disruption,2026-07-19T20:05:00Z,305,post_match,stadium,0,0,0,0,0,0.0,0.0,derived,Derived from synthetic FinalFlow scenario inputs; not observed event operations.
rail_disruption,2026-07-19T20:10:00Z,310,post_match,midtown,0,0,0,0,0,0.0,0.0,derived,Derived from synthetic FinalFlow scenario inputs; not observed event operations.
rail_disruption,2026-07-19T20:10:00Z,310,post_match,penn_station,0,0,0,0,0,0.0,0.0,derived,Derived from synthetic FinalFlow scenario inputs; not observed event operations.
rail_disruption,2026-07-19T20:10:00Z,310,post_match,secaucus,0,0,0,0,0,0.0,0.0,derived,Derived from synthetic FinalFlow scenario inputs; not observed event operations.
rail_disruption,2026-07-19T20:10:00Z,310,post_match,meadowlands,0,0,0,0,0,0.0,0.0,derived,Derived from synthetic FinalFlow scenario inputs; not observed event operations.
rail_disruption,2026-07-19T20:10:00Z,310,post_match,stadium,0,0,0,0,0,0.0,0.0,derived,Derived from synthetic FinalFlow scenario inputs; not observed event operations.
rail_disruption,2026-07-19T20:15:00Z,315,post_match,midtown,0,0,0,0,0,0.0,0.0,derived,Derived from synthetic FinalFlow scenario inputs; not observed event operations.
rail_disruption,2026-07-19T20:15:00Z,315,post_match,penn_station,0,0,0,0,0,0.0,0.0,derived,Derived from synthetic FinalFlow scenario inputs; not observed event operations.
rail_disruption,2026-07-19T20:15:00Z,315,post_match,secaucus,0,0,0,0,0,0.0,0.0,derived,Derived from synthetic FinalFlow scenario inputs; not observed event operations.
rail_disruption,2026-07-19T20:15:00Z,315,post_match,meadowlands,0,0,0,0,0,0.0,0.0,derived,Derived from synthetic FinalFlow scenario inputs; not observed event operations.
rail_disruption,2026-07-19T20:15:00Z,315,post_match,stadium,0,0,0,0,0,0.0,0.0,derived,Derived from synthetic FinalFlow scenario inputs; not observed event operations.
rail_capacity_boost,2026-07-19T12:00:00Z,-180,pre_match,midtown,0,0,0,0,0,0.0,0.0,derived,Derived from synthetic FinalFlow scenario inputs; not observed event operations.
rail_capacity_boost,2026-07-19T12:00:00Z,-180,pre_match,penn_station,0,0,0,0,0,0.0,0.0,derived,Derived from synthetic FinalFlow scenario inputs; not observed event operations.
rail_capacity_boost,2026-07-19T12:00:00Z,-180,pre_match,secaucus,0,0,0,0,0,0.0,0.0,derived,Derived from synthetic FinalFlow scenario inputs; not observed event operations.
rail_capacity_boost,2026-07-19T12:00:00Z,-180,pre_match,meadowlands,0,0,0,0,0,0.0,0.0,derived,Derived from synthetic FinalFlow scenario inputs; not observed event operations.
rail_capacity_boost,2026-07-19T12:00:00Z,-180,pre_match,stadium,0,0,0,0,0,0.0,0.0,derived,Derived from synthetic FinalFlow scenario inputs; not observed event operations.
rail_capacity_boost,2026-07-19T12:05:00Z,-175,pre_match,midtown,0,0,0,0,0,0.0,0.0,derived,Derived from synthetic FinalFlow scenario inputs; not observed event operations.
rail_capacity_boost,2026-07-19T12:05:00Z,-175,pre_match,penn_station,0,0,0,0,0,0.0,0.0,derived,Derived from synthetic FinalFlow scenario inputs; not observed event operations.
rail_capacity_boost,2026-07-19T12:05:00Z,-175,pre_match,secaucus,0,0,0,0,0,0.0,0.0,derived,Derived from synthetic FinalFlow scenario inputs; not observed event operations.
rail_capacity_boost,2026-07-19T12:05:00Z,-175,pre_match,meadowlands,0,0,0,0,0,0.0,0.0,derived,Derived from synthetic FinalFlow scenario inputs; not observed event operations.
rail_capacity_boost,2026-07-19T12:05:00Z,-175,pre_match,stadium,0,0,0,0,0,0.0,0.0,derived,Derived from synthetic FinalFlow scenario inputs; not observed event operations.
rail_capacity_boost,2026-07-19T12:10:00Z,-170,pre_match,midtown,0,0,0,0,0,0.0,0.0,derived,Derived from synthetic FinalFlow scenario inputs; not observed event operations.
rail_capacity_boost,2026-07-19T12:10:00Z,-170,pre_match,penn_station,0,0,0,0,0,0.0,0.0,derived,Derived from synthetic FinalFlow scenario inputs; not observed event operations.
rail_capacity_boost,2026-07-19T12:10:00Z,-170,pre_match,secaucus,0,0,0,0,0,0.0,0.0,derived,Derived from synthetic FinalFlow scenario inputs; not observed event operations.
rail_capacity_boost,2026-07-19T12:10:00Z,-170,pre_match,meadowlands,0,0,0,0,0,0.0,0.0,derived,Derived from synthetic FinalFlow scenario inputs; not observed event operations.
rail_capacity_boost,2026-07-19T12:10:00Z,-170,pre_match,stadium,0,0,0,0,0,0.0,0.0,derived,Derived from synthetic FinalFlow scenario inputs; not observed event operations.
rail_capacity_boost,2026-07-19T12:15:00Z,-165,pre_match,midtown,0,0,0,0,0,0.0,0.0,derived,Derived from synthetic FinalFlow scenario inputs; not observed event operations.
rail_capacity_boost,2026-07-19T12:15:00Z,-165,pre_match,penn_station,0,0,0,0,0,0.0,0.0,derived,Derived from synthetic FinalFlow scenario inputs; not observed event operations.
rail_capacity_boost,2026-07-19T12:15:00Z,-165,pre_match,secaucus,0,0,0,0,0,0.0,0.0,derived,Derived from synthetic FinalFlow scenario inputs; not observed event operations.
rail_capacity_boost,2026-07-19T12:15:00Z,-165,pre_match,meadowlands,0,0,0,0,0,0.0,0.0,derived,Derived from synthetic FinalFlow scenario inputs; not observed event operations.
rail_capacity_boost,2026-07-19T12:15:00Z,-165,pre_match,stadium,0,0,0,0,0,0.0,0.0,derived,Derived from synthetic FinalFlow scenario inputs; not observed event operations.
rail_capacity_boost,2026-07-19T12:20:00Z,-160,pre_match,midtown,0,0,0,0,0,0.0,0.0,derived,Derived from synthetic FinalFlow scenario inputs; not observed event operations.
rail_capacity_boost,2026-07-19T12:20:00Z,-160,pre_match,penn_station,0,0,0,0,0,0.0,0.0,derived,Derived from synthetic FinalFlow scenario inputs; not observed event operations.
rail_capacity_boost,2026-07-19T12:20:00Z,-160,pre_match,secaucus,0,0,0,0,0,0.0,0.0,derived,Derived from synthetic FinalFlow scenario inputs; not observed event operations.
rail_capacity_boost,2026-07-19T12:20:00Z,-160,pre_match,meadowlands,0,0,0,0,0,0.0,0.0,derived,Derived from synthetic FinalFlow scenario inputs; not observed event operations.
rail_capacity_boost,2026-07-19T12:20:00Z,-160,pre_match,stadium,0,0,0,0,0,0.0,0.0,derived,Derived from synthetic FinalFlow scenario inputs; not observed event operations.
rail_capacity_boost,2026-07-19T12:25:00Z,-155,pre_match,midtown,0,0,0,0,0,0.0,0.0,derived,Derived from synthetic FinalFlow scenario inputs; not observed event operations.
rail_capacity_boost,2026-07-19T12:25:00Z,-155,pre_match,penn_station,0,0,0,0,0,0.0,0.0,derived,Derived from synthetic FinalFlow scenario inputs; not observed event operations.
rail_capacity_boost,2026-07-19T12:25:00Z,-155,pre_match,secaucus,0,0,0,0,0,0.0,0.0,derived,Derived from synthetic FinalFlow scenario inputs; not observed event operations.
rail_capacity_boost,2026-07-19T12:25:00Z,-155,pre_match,meadowlands,0,0,0,0,0,0.0,0.0,derived,Derived from synthetic FinalFlow scenario inputs; not observed event operations.
rail_capacity_boost,2026-07-19T12:25:00Z,-155,pre_match,stadium,0,0,0,0,0,0.0,0.0,derived,Derived from synthetic FinalFlow scenario inputs; not observed event operations.
rail_capacity_boost,2026-07-19T12:30:00Z,-150,pre_match,midtown,12,0,0,12,12,0.02,0.0,derived,Derived from synthetic FinalFlow scenario inputs; not observed event operations.
rail_capacity_boost,2026-07-19T12:30:00Z,-150,pre_match,penn_station,3,0,0,3,3,0.0022222222222222222,0.0,derived,Derived from synthetic FinalFlow scenario inputs; not observed event operations.
rail_capacity_boost,2026-07-19T12:30:00Z,-150,pre_match,secaucus,3,0,0,3,3,0.0033333333333333335,0.0,derived,Derived from synthetic FinalFlow scenario inputs; not observed event operations.
rail_capacity_boost,2026-07-19T12:30:00Z,-150,pre_match,meadowlands,1,0,0,1,1,0.0011111111111111111,0.0,derived,Derived from synthetic FinalFlow scenario inputs; not observed event operations.
rail_capacity_boost,2026-07-19T12:30:00Z,-150,pre_match,stadium,11,11,0,0,0,0.0,30.0,derived,Derived from synthetic FinalFlow scenario inputs; not observed event operations.
rail_capacity_boost,2026-07-19T12:35:00Z,-145,pre_match,midtown,12,0,0,12,12,0.02,0.0,derived,Derived from synthetic FinalFlow scenario inputs; not observed event operations.
rail_capacity_boost,2026-07-19T12:35:00Z,-145,pre_match,penn_station,3,0,0,3,3,0.0022222222222222222,0.0,derived,Derived from synthetic FinalFlow scenario inputs; not observed event operations.
rail_capacity_boost,2026-07-19T12:35:00Z,-145,pre_match,secaucus,3,0,0,3,3,0.0033333333333333335,0.0,derived,Derived from synthetic FinalFlow scenario inputs; not observed event operations.
rail_capacity_boost,2026-07-19T12:35:00Z,-145,pre_match,meadowlands,1,0,0,1,1,0.0011111111111111111,0.0,derived,Derived from synthetic FinalFlow scenario inputs; not observed event operations.
rail_capacity_boost,2026-07-19T12:35:00Z,-145,pre_match,stadium,11,22,0,0,0,0.0,25.0,derived,Derived from synthetic FinalFlow scenario inputs; not observed event operations.
rail_capacity_boost,2026-07-19T12:40:00Z,-140,pre_match,midtown,12,0,0,12,12,0.02,0.0,derived,Derived from synthetic FinalFlow scenario inputs; not observed event operations.
rail_capacity_boost,2026-07-19T12:40:00Z,-140,pre_match,penn_station,3,0,0,3,3,0.0022222222222222222,0.0,derived,Derived from synthetic FinalFlow scenario inputs; not observed event operations.
rail_capacity_boost,2026-07-19T12:40:00Z,-140,pre_match,secaucus,3,0,0,3,3,0.0033333333333333335,0.0,derived,Derived from synthetic FinalFlow scenario inputs; not observed event operations.
rail_capacity_boost,2026-07-19T12:40:00Z,-140,pre_match,meadowlands,1,0,0,1,1,0.0011111111111111111,0.0,derived,Derived from synthetic FinalFlow scenario inputs; not observed event operations.
rail_capacity_boost,2026-07-19T12:40:00Z,-140,pre_match,stadium,12,34,0,0,0,0.0,20.0,derived,Derived from synthetic FinalFlow scenario inputs; not observed event operations.
rail_capacity_boost,2026-07-19T12:45:00Z,-135,pre_match,midtown,23,0,0,23,23,0.03833333333333333,0.0,derived,Derived from synthetic FinalFlow scenario inputs; not observed event operations.
rail_capacity_boost,2026-07-19T12:45:00Z,-135,pre_match,penn_station,17,0,0,17,17,0.012592592592592593,0.0,derived,Derived from synthetic FinalFlow scenario inputs; not observed event operations.
rail_capacity_boost,2026-07-19T12:45:00Z,-135,pre_match,secaucus,7,0,0,7,7,0.0077777777777777776,0.0,derived,Derived from synthetic FinalFlow scenario inputs; not observed event operations.
rail_capacity_boost,2026-07-19T12:45:00Z,-135,pre_match,meadowlands,6,0,0,6,6,0.006666666666666667,0.0,derived,Derived from synthetic FinalFlow scenario inputs; not observed event operations.
rail_capacity_boost,2026-07-19T12:45:00Z,-135,pre_match,stadium,26,60,0,0,0,0.0,15.0,derived,Derived from synthetic FinalFlow scenario inputs; not observed event operations.
rail_capacity_boost,2026-07-19T12:50:00Z,-130,pre_match,midtown,23,0,0,23,23,0.03833333333333333,0.0,derived,Derived from synthetic FinalFlow scenario inputs; not observed event operations.
rail_capacity_boost,2026-07-19T12:50:00Z,-130,pre_match,penn_station,17,0,0,17,17,0.012592592592592593,0.0,derived,Derived from synthetic FinalFlow scenario inputs; not observed event operations.
rail_capacity_boost,2026-07-19T12:50:00Z,-130,pre_match,secaucus,7,0,0,7,7,0.0077777777777777776,0.0,derived,Derived from synthetic FinalFlow scenario inputs; not observed event operations.
rail_capacity_boost,2026-07-19T12:50:00Z,-130,pre_match,meadowlands,6,0,0,6,6,0.006666666666666667,0.0,derived,Derived from synthetic FinalFlow scenario inputs; not observed event operations.
rail_capacity_boost,2026-07-19T12:50:00Z,-130,pre_match,stadium,26,86,0,0,0,0.0,10.0,derived,Derived from synthetic FinalFlow scenario inputs; not observed event operations.
rail_capacity_boost,2026-07-19T12:55:00Z,-125,pre_match,midtown,35,0,0,35,35,0.058333333333333334,0.0,derived,Derived from synthetic FinalFlow scenario inputs; not observed event operations.
rail_capacity_boost,2026-07-19T12:55:00Z,-125,pre_match,penn_station,20,0,0,20,20,0.014814814814814815,0.0,derived,Derived from synthetic FinalFlow scenario inputs; not observed event operations.
rail_capacity_boost,2026-07-19T12:55:00Z,-125,pre_match,secaucus,10,0,0,10,10,0.011111111111111112,0.0,derived,Derived from synthetic FinalFlow scenario inputs; not observed event operations.
rail_capacity_boost,2026-07-19T12:55:00Z,-125,pre_match,meadowlands,7,0,0,7,7,0.0077777777777777776,0.0,derived,Derived from synthetic FinalFlow scenario inputs; not observed event operations.
rail_capacity_boost,2026-07-19T12:55:00Z,-125,pre_match,stadium,42,128,0,0,0,0.0,5.0,derived,Derived from synthetic FinalFlow scenario inputs; not observed event operations.
rail_capacity_boost,2026-07-19T13:00:00Z,-120,gates_open,midtown,35,0,0,35,35,0.058333333333333334,0.0,derived,Derived from synthetic FinalFlow scenario inputs; not observed event operations.
rail_capacity_boost,2026-07-19T13:00:00Z,-120,gates_open,penn_station,31,0,0,31,31,0.022962962962962963,0.0,derived,Derived from synthetic FinalFlow scenario inputs; not observed event operations.
rail_capacity_boost,2026-07-19T13:00:00Z,-120,gates_open,secaucus,24,0,0,24,24,0.02666666666666667,0.0,derived,Derived from synthetic FinalFlow scenario inputs; not observed event operations.
rail_capacity_boost,2026-07-19T13:00:00Z,-120,gates_open,meadowlands,11,0,0,11,11,0.012222222222222223,0.0,derived,Derived from synthetic FinalFlow scenario inputs; not observed event operations.
rail_capacity_boost,2026-07-19T13:00:00Z,-120,gates_open,stadium,42,0,170,170,0,,0.0,derived,Derived from synthetic FinalFlow scenario inputs; not observed event operations.
rail_capacity_boost,2026-07-19T13:05:00Z,-115,pre_match,midtown,47,0,0,47,47,0.07833333333333334,0.0,derived,Derived from synthetic FinalFlow scenario inputs; not observed event operations.
rail_capacity_boost,2026-07-19T13:05:00Z,-115,pre_match,penn_station,34,0,0,34,34,0.025185185185185185,0.0,derived,Derived from synthetic FinalFlow scenario inputs; not observed event operations.
rail_capacity_boost,2026-07-19T13:05:00Z,-115,pre_match,secaucus,25,0,0,25,25,0.027777777777777776,0.0,derived,Derived from synthetic FinalFlow scenario inputs; not observed event operations.
rail_capacity_boost,2026-07-19T13:05:00Z,-115,pre_match,meadowlands,13,0,0,13,13,0.014444444444444444,0.0,derived,Derived from synthetic FinalFlow scenario inputs; not observed event operations.
rail_capacity_boost,2026-07-19T13:05:00Z,-115,pre_match,stadium,55,0,225,55,0,,0.0,derived,Derived from synthetic FinalFlow scenario inputs; not observed event operations.
rail_capacity_boost,2026-07-19T13:10:00Z,-110,pre_match,midtown,59,0,0,59,59,0.09833333333333333,0.0,derived,Derived from synthetic FinalFlow scenario inputs; not observed event operations.
rail_capacity_boost,2026-07-19T13:10:00Z,-110,pre_match,penn_station,48,0,0,48,48,0.035555555555555556,0.0,derived,Derived from synthetic FinalFlow scenario inputs; not observed event operations.
rail_capacity_boost,2026-07-19T13:10:00Z,-110,pre_match,secaucus,31,0,0,31,31,0.034444444444444444,0.0,derived,Derived from synthetic FinalFlow scenario inputs; not observed event operations.
rail_capacity_boost,2026-07-19T13:10:00Z,-110,pre_match,meadowlands,17,0,0,17,17,0.01888888888888889,0.0,derived,Derived from synthetic FinalFlow scenario inputs; not observed event operations.
rail_capacity_boost,2026-07-19T13:10:00Z,-110,pre_match,stadium,71,0,296,71,0,,0.0,derived,Derived from synthetic FinalFlow scenario inputs; not observed event operations.
rail_capacity_boost,2026-07-19T13:15:00Z,-105,pre_match,midtown,70,0,0,70,70,0.11666666666666667,0.0,derived,Derived from synthetic FinalFlow scenario inputs; not observed event operations.
rail_capacity_boost,2026-07-19T13:15:00Z,-105,pre_match,penn_station,51,0,0,51,51,0.03777777777777778,0.0,derived,Derived from synthetic FinalFlow scenario inputs; not observed event operations.
rail_capacity_boost,2026-07-19T13:15:00Z,-105,pre_match,secaucus,44,0,0,44,44,0.04888888888888889,0.0,derived,Derived from synthetic FinalFlow scenario inputs; not observed event operations.
rail_capacity_boost,2026-07-19T13:15:00Z,-105,pre_match,meadowlands,32,0,0,32,32,0.035555555555555556,0.0,derived,Derived from synthetic FinalFlow scenario inputs; not observed event operations.
rail_capacity_boost,2026-07-19T13:15:00Z,-105,pre_match,stadium,86,0,382,86,0,,0.0,derived,Derived from synthetic FinalFlow scenario inputs; not observed event operations.
rail_capacity_boost,2026-07-19T13:20:00Z,-100,pre_match,midtown,82,0,0,82,82,0.13666666666666666,0.0,derived,Derived from synthetic FinalFlow scenario inputs; not observed event operations.
rail_capacity_boost,2026-07-19T13:20:00Z,-100,pre_match,penn_station,66,0,0,66,66,0.04888888888888889,0.0,derived,Derived from synthetic FinalFlow scenario inputs; not observed event operations.
rail_capacity_boost,2026-07-19T13:20:00Z,-100,pre_match,secaucus,49,0,0,49,49,0.05444444444444444,0.0,derived,Derived from synthetic FinalFlow scenario inputs; not observed event operations.
rail_capacity_boost,2026-07-19T13:20:00Z,-100,pre_match,meadowlands,35,0,0,35,35,0.03888888888888889,0.0,derived,Derived from synthetic FinalFlow scenario inputs; not observed event operations.
rail_capacity_boost,2026-07-19T13:20:00Z,-100,pre_match,stadium,101,0,483,101,0,,0.0,derived,Derived from synthetic FinalFlow scenario inputs; not observed event operations.
rail_capacity_boost,2026-07-19T13:25:00Z,-95,pre_match,midtown,93,0,0,93,93,0.155,0.0,derived,Derived from synthetic FinalFlow scenario inputs; not observed event operations.
rail_capacity_boost,2026-07-19T13:25:00Z,-95,pre_match,penn_station,80,0,0,80,80,0.05925925925925926,0.0,derived,Derived from synthetic FinalFlow scenario inputs; not observed event operations.
rail_capacity_boost,2026-07-19T13:25:00Z,-95,pre_match,secaucus,65,0,0,65,65,0.07222222222222222,0.0,derived,Derived from synthetic FinalFlow scenario inputs; not observed event operations.
rail_capacity_boost,2026-07-19T13:25:00Z,-95,pre_match,meadowlands,42,0,0,42,42,0.04666666666666667,0.0,derived,Derived from synthetic FinalFlow scenario inputs; not observed event operations.
rail_capacity_boost,2026-07-19T13:25:00Z,-95,pre_match,stadium,130,0,613,130,0,,0.0,derived,Derived from synthetic FinalFlow scenario inputs; not observed event operations.
rail_capacity_boost,2026-07-19T13:30:00Z,-90,pre_match,midtown,105,0,0,105,105,0.175,0.0,derived,Derived from synthetic FinalFlow scenario inputs; not observed event operations.
rail_capacity_boost,2026-07-19T13:30:00Z,-90,pre_match,penn_station,94,0,0,94,94,0.06962962962962962,0.0,derived,Derived from synthetic FinalFlow scenario inputs; not observed event operations.
rail_capacity_boost,2026-07-19T13:30:00Z,-90,pre_match,secaucus,70,0,0,70,70,0.07777777777777778,0.0,derived,Derived from synthetic FinalFlow scenario inputs; not observed event operations.
rail_capacity_boost,2026-07-19T13:30:00Z,-90,pre_match,meadowlands,57,0,0,57,57,0.06333333333333334,0.0,derived,Derived from synthetic FinalFlow scenario inputs; not observed event operations.
rail_capacity_boost,2026-07-19T13:30:00Z,-90,pre_match,stadium,144,0,757,144,0,,0.0,derived,Derived from synthetic FinalFlow scenario inputs; not observed event operations.
rail_capacity_boost,2026-07-19T13:35:00Z,-85,pre_match,midtown,117,0,0,117,117,0.195,0.0,derived,Derived from synthetic FinalFlow scenario inputs; not observed event operations.
rail_capacity_boost,2026-07-19T13:35:00Z,-85,pre_match,penn_station,109,0,0,109,109,0.08074074074074074,0.0,derived,Derived from synthetic FinalFlow scenario inputs; not observed event operations.
rail_capacity_boost,2026-07-19T13:35:00Z,-85,pre_match,secaucus,87,0,0,87,87,0.09666666666666666,0.0,derived,Derived from synthetic FinalFlow scenario inputs; not observed event operations.
rail_capacity_boost,2026-07-19T13:35:00Z,-85,pre_match,meadowlands,64,0,0,64,64,0.07111111111111111,0.0,derived,Derived from synthetic FinalFlow scenario inputs; not observed event operations.
rail_capacity_boost,2026-07-19T13:35:00Z,-85,pre_match,stadium,162,0,919,162,0,,0.0,derived,Derived from synthetic FinalFlow scenario inputs; not observed event operations.
rail_capacity_boost,2026-07-19T13:40:00Z,-80,pre_match,midtown,129,0,0,129,129,0.215,0.0,derived,Derived from synthetic FinalFlow scenario inputs; not observed event operations.
rail_capacity_boost,2026-07-19T13:40:00Z,-80,pre_match,penn_station,122,0,0,122,122,0.09037037037037036,0.0,derived,Derived from synthetic FinalFlow scenario inputs; not observed event operations.
rail_capacity_boost,2026-07-19T13:40:00Z,-80,pre_match,secaucus,104,0,0,104,104,0.11555555555555555,0.0,derived,Derived from synthetic FinalFlow scenario inputs; not observed event operations.
rail_capacity_boost,2026-07-19T13:40:00Z,-80,pre_match,meadowlands,81,0,0,81,81,0.09,0.0,derived,Derived from synthetic FinalFlow scenario inputs; not observed event operations.
rail_capacity_boost,2026-07-19T13:40:00Z,-80,pre_match,stadium,189,0,1108,189,0,,0.0,derived,Derived from synthetic FinalFlow scenario inputs; not observed event operations.
rail_capacity_boost,2026-07-19T13:45:00Z,-75,pre_match,midtown,140,0,0,140,140,0.23333333333333334,0.0,derived,Derived from synthetic FinalFlow scenario inputs; not observed event operations.
rail_capacity_boost,2026-07-19T13:45:00Z,-75,pre_match,penn_station,137,0,0,137,137,0.10148148148148148,0.0,derived,Derived from synthetic FinalFlow scenario inputs; not observed event operations.
rail_capacity_boost,2026-07-19T13:45:00Z,-75,pre_match,secaucus,120,0,0,120,120,0.13333333333333333,0.0,derived,Derived from synthetic FinalFlow scenario inputs; not observed event operations.
rail_capacity_boost,2026-07-19T13:45:00Z,-75,pre_match,meadowlands,87,0,0,87,87,0.09666666666666666,0.0,derived,Derived from synthetic FinalFlow scenario inputs; not observed event operations.
rail_capacity_boost,2026-07-19T13:45:00Z,-75,pre_match,stadium,209,0,1317,209,0,,0.0,derived,Derived from synthetic FinalFlow scenario inputs; not observed event operations.
rail_capacity_boost,2026-07-19T13:50:00Z,-70,pre_match,midtown,152,0,0,152,152,0.25333333333333335,0.0,derived,Derived from synthetic FinalFlow scenario inputs; not observed event operations.
rail_capacity_boost,2026-07-19T13:50:00Z,-70,pre_match,penn_station,152,0,0,152,152,0.11259259259259259,0.0,derived,Derived from synthetic FinalFlow scenario inputs; not observed event operations.
rail_capacity_boost,2026-07-19T13:50:00Z,-70,pre_match,secaucus,137,0,0,137,137,0.15222222222222223,0.0,derived,Derived from synthetic FinalFlow scenario inputs; not observed event operations.
rail_capacity_boost,2026-07-19T13:50:00Z,-70,pre_match,meadowlands,106,0,0,106,106,0.11777777777777777,0.0,derived,Derived from synthetic FinalFlow scenario inputs; not observed event operations.
rail_capacity_boost,2026-07-19T13:50:00Z,-70,pre_match,stadium,237,0,1554,237,0,,0.0,derived,Derived from synthetic FinalFlow scenario inputs; not observed event operations.
rail_capacity_boost,2026-07-19T13:55:00Z,-65,pre_match,midtown,164,0,0,164,164,0.2733333333333333,0.0,derived,Derived from synthetic FinalFlow scenario inputs; not observed event operations.
rail_capacity_boost,2026-07-19T13:55:00Z,-65,pre_match,penn_station,167,0,0,167,167,0.1237037037037037,0.0,derived,Derived from synthetic FinalFlow scenario inputs; not observed event operations.
rail_capacity_boost,2026-07-19T13:55:00Z,-65,pre_match,secaucus,152,0,0,152,152,0.1688888888888889,0.0,derived,Derived from synthetic FinalFlow scenario inputs; not observed event operations.
rail_capacity_boost,2026-07-19T13:55:00Z,-65,pre_match,meadowlands,124,0,0,124,124,0.13777777777777778,0.0,derived,Derived from synthetic FinalFlow scenario inputs; not observed event operations.
rail_capacity_boost,2026-07-19T13:55:00Z,-65,pre_match,stadium,255,0,1809,255,0,,0.0,derived,Derived from synthetic FinalFlow scenario inputs; not observed event operations.
rail_capacity_boost,2026-07-19T14:00:00Z,-60,pre_match,midtown,176,0,0,176,176,0.29333333333333333,0.0,derived,Derived from synthetic FinalFlow scenario inputs; not observed event operations.
rail_capacity_boost,2026-07-19T14:00:00Z,-60,pre_match,penn_station,180,0,0,180,180,0.13333333333333333,0.0,derived,Derived from synthetic FinalFlow scenario inputs; not observed event operations.
rail_capacity_boost,2026-07-19T14:00:00Z,-60,pre_match,secaucus,169,0,0,169,169,0.18777777777777777,0.0,derived,Derived from synthetic FinalFlow scenario inputs; not observed event operations.
rail_capacity_boost,2026-07-19T14:00:00Z,-60,pre_match,meadowlands,141,0,0,141,141,0.15666666666666668,0.0,derived,Derived from synthetic FinalFlow scenario inputs; not observed event operations.
rail_capacity_boost,2026-07-19T14:00:00Z,-60,pre_match,stadium,287,0,2096,287,0,,0.0,derived,Derived from synthetic FinalFlow scenario inputs; not observed event operations.
rail_capacity_boost,2026-07-19T14:05:00Z,-55,pre_match,midtown,187,0,0,187,187,0.31166666666666665,0.0,derived,Derived from synthetic FinalFlow scenario inputs; not observed event operations.
rail_capacity_boost,2026-07-19T14:05:00Z,-55,pre_match,penn_station,195,0,0,195,195,0.14444444444444443,0.0,derived,Derived from synthetic FinalFlow scenario inputs; not observed event operations.
rail_capacity_boost,2026-07-19T14:05:00Z,-55,pre_match,secaucus,187,0,0,187,187,0.20777777777777778,0.0,derived,Derived from synthetic FinalFlow scenario inputs; not observed event operations.
rail_capacity_boost,2026-07-19T14:05:00Z,-55,pre_match,meadowlands,160,0,0,160,160,0.17777777777777778,0.0,derived,Derived from synthetic FinalFlow scenario inputs; not observed event operations.
rail_capacity_boost,2026-07-19T14:05:00Z,-55,pre_match,stadium,316,0,2412,316,0,,0.0,derived,Derived from synthetic FinalFlow scenario inputs; not observed event operations.
rail_capacity_boost,2026-07-19T14:10:00Z,-50,pre_match,midtown,187,0,0,187,187,0.31166666666666665,0.0,derived,Derived from synthetic FinalFlow scenario inputs; not observed event operations.
rail_capacity_boost,2026-07-19T14:10:00Z,-50,pre_match,penn_station,207,0,0,207,207,0.15333333333333332,0.0,derived,Derived from synthetic FinalFlow scenario inputs; not observed event operations.
rail_capacity_boost,2026-07-19T14:10:00Z,-50,pre_match,secaucus,202,0,0,202,202,0.22444444444444445,0.0,derived,Derived from synthetic FinalFlow scenario inputs; not observed event operations.
rail_capacity_boost,2026-07-19T14:10:00Z,-50,pre_match,meadowlands,175,0,0,175,175,0.19444444444444445,0.0,derived,Derived from synthetic FinalFlow scenario inputs; not observed event operations.
rail_capacity_boost,2026-07-19T14:10:00Z,-50,pre_match,stadium,333,0,2745,333,0,,0.0,derived,Derived from synthetic FinalFlow scenario inputs; not observed event operations.
rail_capacity_boost,2026-07-19T14:15:00Z,-45,pre_match,midtown,176,0,0,176,176,0.29333333333333333,0.0,derived,Derived from synthetic FinalFlow scenario inputs; not observed event operations.
rail_capacity_boost,2026-07-19T14:15:00Z,-45,pre_match,penn_station,216,0,0,216,216,0.16,0.0,derived,Derived from synthetic FinalFlow scenario inputs; not observed event operations.
rail_capacity_boost,2026-07-19T14:15:00Z,-45,pre_match,secaucus,212,0,0,212,212,0.23555555555555555,0.0,derived,Derived from synthetic FinalFlow scenario inputs; not observed event operations.
rail_capacity_boost,2026-07-19T14:15:00Z,-45,pre_match,meadowlands,190,0,0,190,190,0.2111111111111111,0.0,derived,Derived from synthetic FinalFlow scenario inputs; not observed event operations.
rail_capacity_boost,2026-07-19T14:15:00Z,-45,pre_match,stadium,341,0,3086,341,0,,0.0,derived,Derived from synthetic FinalFlow scenario inputs; not observed event operations.
rail_capacity_boost,2026-07-19T14:20:00Z,-40,pre_match,midtown,164,0,0,164,164,0.2733333333333333,0.0,derived,Derived from synthetic FinalFlow scenario inputs; not observed event operations.
rail_capacity_boost,2026-07-19T14:20:00Z,-40,pre_match,penn_station,225,0,0,225,225,0.16666666666666666,0.0,derived,Derived from synthetic FinalFlow scenario inputs; not observed event operations.
rail_capacity_boost,2026-07-19T14:20:00Z,-40,pre_match,secaucus,225,0,0,225,225,0.25,0.0,derived,Derived from synthetic FinalFlow scenario inputs; not observed event operations.
rail_capacity_boost,2026-07-19T14:20:00Z,-40,pre_match,meadowlands,207,0,0,207,207,0.23,0.0,derived,Derived from synthetic FinalFlow scenario inputs; not observed event operations.
rail_capacity_boost,2026-07-19T14:20:00Z,-40,pre_match,stadium,343,0,3429,343,0,,0.0,derived,Derived from synthetic FinalFlow scenario inputs; not observed event operations.
rail_capacity_boost,2026-07-19T14:25:00Z,-35,pre_match,midtown,140,0,0,140,140,0.23333333333333334,0.0,derived,Derived from synthetic FinalFlow scenario inputs; not observed event operations.
rail_capacity_boost,2026-07-19T14:25:00Z,-35,pre_match,penn_station,219,0,0,219,219,0.1622222222222222,0.0,derived,Derived from synthetic FinalFlow scenario inputs; not observed event operations.
rail_capacity_boost,2026-07-19T14:25:00Z,-35,pre_match,secaucus,233,0,0,233,233,0.2588888888888889,0.0,derived,Derived from synthetic FinalFlow scenario inputs; not observed event operations.
rail_capacity_boost,2026-07-19T14:25:00Z,-35,pre_match,meadowlands,219,0,0,219,219,0.24333333333333335,0.0,derived,Derived from synthetic FinalFlow scenario inputs; not observed event operations.
rail_capacity_boost,2026-07-19T14:25:00Z,-35,pre_match,stadium,335,0,3764,335,0,,0.0,derived,Derived from synthetic FinalFlow scenario inputs; not observed event operations.
rail_capacity_boost,2026-07-19T14:30:00Z,-30,ceremony,midtown,0,0,0,0,0,0.0,0.0,derived,Derived from synthetic FinalFlow scenario inputs; not observed event operations.
rail_capacity_boost,2026-07-19T14:30:00Z,-30,ceremony,penn_station,176,0,0,176,176,0.13037037037037036,0.0,derived,Derived from synthetic FinalFlow scenario inputs; not observed event operations.
rail_capacity_boost,2026-07-19T14:30:00Z,-30,ceremony,secaucus,216,0,0,216,216,0.24,0.0,derived,Derived from synthetic FinalFlow scenario inputs; not observed event operations.
rail_capacity_boost,2026-07-19T14:30:00Z,-30,ceremony,meadowlands,212,0,0,212,212,0.23555555555555555,0.0,derived,Derived from synthetic FinalFlow scenario inputs; not observed event operations.
rail_capacity_boost,2026-07-19T14:30:00Z,-30,ceremony,stadium,207,0,3971,207,0,,0.0,derived,Derived from synthetic FinalFlow scenario inputs; not observed event operations.
rail_capacity_boost,2026-07-19T14:35:00Z,-25,ceremony,midtown,0,0,0,0,0,0.0,0.0,derived,Derived from synthetic FinalFlow scenario inputs; not observed event operations.
rail_capacity_boost,2026-07-19T14:35:00Z,-25,ceremony,penn_station,164,0,0,164,164,0.12148148148148148,0.0,derived,Derived from synthetic FinalFlow scenario inputs; not observed event operations.
rail_capacity_boost,2026-07-19T14:35:00Z,-25,ceremony,secaucus,225,0,0,225,225,0.25,0.0,derived,Derived from synthetic FinalFlow scenario inputs; not observed event operations.
rail_capacity_boost,2026-07-19T14:35:00Z,-25,ceremony,meadowlands,225,0,0,225,225,0.25,0.0,derived,Derived from synthetic FinalFlow scenario inputs; not observed event operations.
rail_capacity_boost,2026-07-19T14:35:00Z,-25,ceremony,stadium,219,0,4190,219,0,,0.0,derived,Derived from synthetic FinalFlow scenario inputs; not observed event operations.
rail_capacity_boost,2026-07-19T14:40:00Z,-20,ceremony,midtown,0,0,0,0,0,0.0,0.0,derived,Derived from synthetic FinalFlow scenario inputs; not observed event operations.
rail_capacity_boost,2026-07-19T14:40:00Z,-20,ceremony,penn_station,140,0,0,140,140,0.1037037037037037,0.0,derived,Derived from synthetic FinalFlow scenario inputs; not observed event operations.
rail_capacity_boost,2026-07-19T14:40:00Z,-20,ceremony,secaucus,219,0,0,219,219,0.24333333333333335,0.0,derived,Derived from synthetic FinalFlow scenario inputs; not observed event operations.
rail_capacity_boost,2026-07-19T14:40:00Z,-20,ceremony,meadowlands,233,0,0,233,233,0.2588888888888889,0.0,derived,Derived from synthetic FinalFlow scenario inputs; not observed event operations.
rail_capacity_boost,2026-07-19T14:40:00Z,-20,ceremony,stadium,212,0,4402,212,0,,0.0,derived,Derived from synthetic FinalFlow scenario inputs; not observed event operations.
rail_capacity_boost,2026-07-19T14:45:00Z,-15,ceremony,midtown,0,0,0,0,0,0.0,0.0,derived,Derived from synthetic FinalFlow scenario inputs; not observed event operations.
rail_capacity_boost,2026-07-19T14:45:00Z,-15,ceremony,penn_station,0,0,0,0,0,0.0,0.0,derived,Derived from synthetic FinalFlow scenario inputs; not observed event operations.
rail_capacity_boost,2026-07-19T14:45:00Z,-15,ceremony,secaucus,176,0,0,176,176,0.19555555555555557,0.0,derived,Derived from synthetic FinalFlow scenario inputs; not observed event operations.
rail_capacity_boost,2026-07-19T14:45:00Z,-15,ceremony,meadowlands,216,0,0,216,216,0.24,0.0,derived,Derived from synthetic FinalFlow scenario inputs; not observed event operations.
rail_capacity_boost,2026-07-19T14:45:00Z,-15,ceremony,stadium,225,0,4627,225,0,,0.0,derived,Derived from synthetic FinalFlow scenario inputs; not observed event operations.
rail_capacity_boost,2026-07-19T14:50:00Z,-10,ceremony,midtown,0,0,0,0,0,0.0,0.0,derived,Derived from synthetic FinalFlow scenario inputs; not observed event operations.
rail_capacity_boost,2026-07-19T14:50:00Z,-10,ceremony,penn_station,0,0,0,0,0,0.0,0.0,derived,Derived from synthetic FinalFlow scenario inputs; not observed event operations.
rail_capacity_boost,2026-07-19T14:50:00Z,-10,ceremony,secaucus,164,0,0,164,164,0.18222222222222223,0.0,derived,Derived from synthetic FinalFlow scenario inputs; not observed event operations.
rail_capacity_boost,2026-07-19T14:50:00Z,-10,ceremony,meadowlands,225,0,0,225,225,0.25,0.0,derived,Derived from synthetic FinalFlow scenario inputs; not observed event operations.
rail_capacity_boost,2026-07-19T14:50:00Z,-10,ceremony,stadium,233,0,4860,233,0,,0.0,derived,Derived from synthetic FinalFlow scenario inputs; not observed event operations.
rail_capacity_boost,2026-07-19T14:55:00Z,-5,ceremony,midtown,0,0,0,0,0,0.0,0.0,derived,Derived from synthetic FinalFlow scenario inputs; not observed event operations.
rail_capacity_boost,2026-07-19T14:55:00Z,-5,ceremony,penn_station,0,0,0,0,0,0.0,0.0,derived,Derived from synthetic FinalFlow scenario inputs; not observed event operations.
rail_capacity_boost,2026-07-19T14:55:00Z,-5,ceremony,secaucus,140,0,0,140,140,0.15555555555555556,0.0,derived,Derived from synthetic FinalFlow scenario inputs; not observed event operations.
rail_capacity_boost,2026-07-19T14:55:00Z,-5,ceremony,meadowlands,219,0,0,219,219,0.24333333333333335,0.0,derived,Derived from synthetic FinalFlow scenario inputs; not observed event operations.
rail_capacity_boost,2026-07-19T14:55:00Z,-5,ceremony,stadium,216,0,5076,216,0,,0.0,derived,Derived from synthetic FinalFlow scenario inputs; not observed event operations.
rail_capacity_boost,2026-07-19T15:00:00Z,0,kickoff,midtown,0,0,0,0,0,0.0,0.0,derived,Derived from synthetic FinalFlow scenario inputs; not observed event operations.
rail_capacity_boost,2026-07-19T15:00:00Z,0,kickoff,penn_station,0,0,0,0,0,0.0,0.0,derived,Derived from synthetic FinalFlow scenario inputs; not observed event operations.
rail_capacity_boost,2026-07-19T15:00:00Z,0,kickoff,secaucus,0,0,0,0,0,0.0,0.0,derived,Derived from synthetic FinalFlow scenario inputs; not observed event operations.
rail_capacity_boost,2026-07-19T15:00:00Z,0,kickoff,meadowlands,176,0,0,176,176,0.19555555555555557,0.0,derived,Derived from synthetic FinalFlow scenario inputs; not observed event operations.
rail_capacity_boost,2026-07-19T15:00:00Z,0,kickoff,stadium,225,0,5301,225,0,,0.0,derived,Derived from synthetic FinalFlow scenario inputs; not observed event operations.
rail_capacity_boost,2026-07-19T15:05:00Z,5,first_half,midtown,0,0,0,0,0,0.0,0.0,derived,Derived from synthetic FinalFlow scenario inputs; not observed event operations.
rail_capacity_boost,2026-07-19T15:05:00Z,5,first_half,penn_station,0,0,0,0,0,0.0,0.0,derived,Derived from synthetic FinalFlow scenario inputs; not observed event operations.
rail_capacity_boost,2026-07-19T15:05:00Z,5,first_half,secaucus,0,0,0,0,0,0.0,0.0,derived,Derived from synthetic FinalFlow scenario inputs; not observed event operations.
rail_capacity_boost,2026-07-19T15:05:00Z,5,first_half,meadowlands,164,0,0,164,164,0.18222222222222223,0.0,derived,Derived from synthetic FinalFlow scenario inputs; not observed event operations.
rail_capacity_boost,2026-07-19T15:05:00Z,5,first_half,stadium,219,0,5520,219,0,,0.0,derived,Derived from synthetic FinalFlow scenario inputs; not observed event operations.
rail_capacity_boost,2026-07-19T15:10:00Z,10,first_half,midtown,0,0,0,0,0,0.0,0.0,derived,Derived from synthetic FinalFlow scenario inputs; not observed event operations.
rail_capacity_boost,2026-07-19T15:10:00Z,10,first_half,penn_station,0,0,0,0,0,0.0,0.0,derived,Derived from synthetic FinalFlow scenario inputs; not observed event operations.
rail_capacity_boost,2026-07-19T15:10:00Z,10,first_half,secaucus,0,0,0,0,0,0.0,0.0,derived,Derived from synthetic FinalFlow scenario inputs; not observed event operations.
rail_capacity_boost,2026-07-19T15:10:00Z,10,first_half,meadowlands,140,0,0,140,140,0.15555555555555556,0.0,derived,Derived from synthetic FinalFlow scenario inputs; not observed event operations.
rail_capacity_boost,2026-07-19T15:10:00Z,10,first_half,stadium,176,0,5696,176,0,,0.0,derived,Derived from synthetic FinalFlow scenario inputs; not observed event operations.
rail_capacity_boost,2026-07-19T15:15:00Z,15,first_half,midtown,0,0,0,0,0,0.0,0.0,derived,Derived from synthetic FinalFlow scenario inputs; not observed event operations.
rail_capacity_boost,2026-07-19T15:15:00Z,15,first_half,penn_station,0,0,0,0,0,0.0,0.0,derived,Derived from synthetic FinalFlow scenario inputs; not observed event operations.
rail_capacity_boost,2026-07-19T15:15:00Z,15,first_half,secaucus,0,0,0,0,0,0.0,0.0,derived,Derived from synthetic FinalFlow scenario inputs; not observed event operations.
rail_capacity_boost,2026-07-19T15:15:00Z,15,first_half,meadowlands,0,0,0,0,0,0.0,0.0,derived,Derived from synthetic FinalFlow scenario inputs; not observed event operations.
rail_capacity_boost,2026-07-19T15:15:00Z,15,first_half,stadium,164,0,5860,164,0,,0.0,derived,Derived from synthetic FinalFlow scenario inputs; not observed event operations.
rail_capacity_boost,2026-07-19T15:20:00Z,20,first_half,midtown,0,0,0,0,0,0.0,0.0,derived,Derived from synthetic FinalFlow scenario inputs; not observed event operations.
rail_capacity_boost,2026-07-19T15:20:00Z,20,first_half,penn_station,0,0,0,0,0,0.0,0.0,derived,Derived from synthetic FinalFlow scenario inputs; not observed event operations.
rail_capacity_boost,2026-07-19T15:20:00Z,20,first_half,secaucus,0,0,0,0,0,0.0,0.0,derived,Derived from synthetic FinalFlow scenario inputs; not observed event operations.
rail_capacity_boost,2026-07-19T15:20:00Z,20,first_half,meadowlands,0,0,0,0,0,0.0,0.0,derived,Derived from synthetic FinalFlow scenario inputs; not observed event operations.
rail_capacity_boost,2026-07-19T15:20:00Z,20,first_half,stadium,140,0,6000,140,0,,0.0,derived,Derived from synthetic FinalFlow scenario inputs; not observed event operations.
rail_capacity_boost,2026-07-19T15:25:00Z,25,first_half,midtown,0,0,0,0,0,0.0,0.0,derived,Derived from synthetic FinalFlow scenario inputs; not observed event operations.
rail_capacity_boost,2026-07-19T15:25:00Z,25,first_half,penn_station,0,0,0,0,0,0.0,0.0,derived,Derived from synthetic FinalFlow scenario inputs; not observed event operations.
rail_capacity_boost,2026-07-19T15:25:00Z,25,first_half,secaucus,0,0,0,0,0,0.0,0.0,derived,Derived from synthetic FinalFlow scenario inputs; not observed event operations.
rail_capacity_boost,2026-07-19T15:25:00Z,25,first_half,meadowlands,0,0,0,0,0,0.0,0.0,derived,Derived from synthetic FinalFlow scenario inputs; not observed event operations.
rail_capacity_boost,2026-07-19T15:25:00Z,25,first_half,stadium,0,0,6000,0,0,0.0,0.0,derived,Derived from synthetic FinalFlow scenario inputs; not observed event operations.
rail_capacity_boost,2026-07-19T15:30:00Z,30,first_half,midtown,0,0,0,0,0,0.0,0.0,derived,Derived from synthetic FinalFlow scenario inputs; not observed event operations.
rail_capacity_boost,2026-07-19T15:30:00Z,30,first_half,penn_station,0,0,0,0,0,0.0,0.0,derived,Derived from synthetic FinalFlow scenario inputs; not observed event operations.
rail_capacity_boost,2026-07-19T15:30:00Z,30,first_half,secaucus,0,0,0,0,0,0.0,0.0,derived,Derived from synthetic FinalFlow scenario inputs; not observed event operations.
rail_capacity_boost,2026-07-19T15:30:00Z,30,first_half,meadowlands,0,0,0,0,0,0.0,0.0,derived,Derived from synthetic FinalFlow scenario inputs; not observed event operations.
rail_capacity_boost,2026-07-19T15:30:00Z,30,first_half,stadium,0,0,6000,0,0,0.0,0.0,derived,Derived from synthetic FinalFlow scenario inputs; not observed event operations.
rail_capacity_boost,2026-07-19T15:35:00Z,35,first_half,midtown,0,0,0,0,0,0.0,0.0,derived,Derived from synthetic FinalFlow scenario inputs; not observed event operations.
rail_capacity_boost,2026-07-19T15:35:00Z,35,first_half,penn_station,0,0,0,0,0,0.0,0.0,derived,Derived from synthetic FinalFlow scenario inputs; not observed event operations.
rail_capacity_boost,2026-07-19T15:35:00Z,35,first_half,secaucus,0,0,0,0,0,0.0,0.0,derived,Derived from synthetic FinalFlow scenario inputs; not observed event operations.
rail_capacity_boost,2026-07-19T15:35:00Z,35,first_half,meadowlands,0,0,0,0,0,0.0,0.0,derived,Derived from synthetic FinalFlow scenario inputs; not observed event operations.
rail_capacity_boost,2026-07-19T15:35:00Z,35,first_half,stadium,0,0,6000,0,0,0.0,0.0,derived,Derived from synthetic FinalFlow scenario inputs; not observed event operations.
rail_capacity_boost,2026-07-19T15:40:00Z,40,first_half,midtown,0,0,0,0,0,0.0,0.0,derived,Derived from synthetic FinalFlow scenario inputs; not observed event operations.
rail_capacity_boost,2026-07-19T15:40:00Z,40,first_half,penn_station,0,0,0,0,0,0.0,0.0,derived,Derived from synthetic FinalFlow scenario inputs; not observed event operations.
rail_capacity_boost,2026-07-19T15:40:00Z,40,first_half,secaucus,0,0,0,0,0,0.0,0.0,derived,Derived from synthetic FinalFlow scenario inputs; not observed event operations.
rail_capacity_boost,2026-07-19T15:40:00Z,40,first_half,meadowlands,0,0,0,0,0,0.0,0.0,derived,Derived from synthetic FinalFlow scenario inputs; not observed event operations.
rail_capacity_boost,2026-07-19T15:40:00Z,40,first_half,stadium,0,0,6000,0,0,0.0,0.0,derived,Derived from synthetic FinalFlow scenario inputs; not observed event operations.
rail_capacity_boost,2026-07-19T15:45:00Z,45,first_half_end,midtown,0,0,0,0,0,0.0,0.0,derived,Derived from synthetic FinalFlow scenario inputs; not observed event operations.
rail_capacity_boost,2026-07-19T15:45:00Z,45,first_half_end,penn_station,0,0,0,0,0,0.0,0.0,derived,Derived from synthetic FinalFlow scenario inputs; not observed event operations.
rail_capacity_boost,2026-07-19T15:45:00Z,45,first_half_end,secaucus,0,0,0,0,0,0.0,0.0,derived,Derived from synthetic FinalFlow scenario inputs; not observed event operations.
rail_capacity_boost,2026-07-19T15:45:00Z,45,first_half_end,meadowlands,0,0,0,0,0,0.0,0.0,derived,Derived from synthetic FinalFlow scenario inputs; not observed event operations.
rail_capacity_boost,2026-07-19T15:45:00Z,45,first_half_end,stadium,0,0,6000,0,0,0.0,0.0,derived,Derived from synthetic FinalFlow scenario inputs; not observed event operations.
rail_capacity_boost,2026-07-19T15:50:00Z,50,halftime,midtown,0,0,0,0,0,0.0,0.0,derived,Derived from synthetic FinalFlow scenario inputs; not observed event operations.
rail_capacity_boost,2026-07-19T15:50:00Z,50,halftime,penn_station,0,0,0,0,0,0.0,0.0,derived,Derived from synthetic FinalFlow scenario inputs; not observed event operations.
rail_capacity_boost,2026-07-19T15:50:00Z,50,halftime,secaucus,0,0,0,0,0,0.0,0.0,derived,Derived from synthetic FinalFlow scenario inputs; not observed event operations.
rail_capacity_boost,2026-07-19T15:50:00Z,50,halftime,meadowlands,0,0,0,0,0,0.0,0.0,derived,Derived from synthetic FinalFlow scenario inputs; not observed event operations.
rail_capacity_boost,2026-07-19T15:50:00Z,50,halftime,stadium,0,0,6000,0,0,0.0,0.0,derived,Derived from synthetic FinalFlow scenario inputs; not observed event operations.
rail_capacity_boost,2026-07-19T15:55:00Z,55,halftime,midtown,0,0,0,0,0,0.0,0.0,derived,Derived from synthetic FinalFlow scenario inputs; not observed event operations.
rail_capacity_boost,2026-07-19T15:55:00Z,55,halftime,penn_station,0,0,0,0,0,0.0,0.0,derived,Derived from synthetic FinalFlow scenario inputs; not observed event operations.
rail_capacity_boost,2026-07-19T15:55:00Z,55,halftime,secaucus,0,0,0,0,0,0.0,0.0,derived,Derived from synthetic FinalFlow scenario inputs; not observed event operations.
rail_capacity_boost,2026-07-19T15:55:00Z,55,halftime,meadowlands,0,0,0,0,0,0.0,0.0,derived,Derived from synthetic FinalFlow scenario inputs; not observed event operations.
rail_capacity_boost,2026-07-19T15:55:00Z,55,halftime,stadium,0,0,6000,0,0,0.0,0.0,derived,Derived from synthetic FinalFlow scenario inputs; not observed event operations.
rail_capacity_boost,2026-07-19T16:00:00Z,60,second_half,midtown,0,0,0,0,0,0.0,0.0,derived,Derived from synthetic FinalFlow scenario inputs; not observed event operations.
rail_capacity_boost,2026-07-19T16:00:00Z,60,second_half,penn_station,0,0,0,0,0,0.0,0.0,derived,Derived from synthetic FinalFlow scenario inputs; not observed event operations.
rail_capacity_boost,2026-07-19T16:00:00Z,60,second_half,secaucus,0,0,0,0,0,0.0,0.0,derived,Derived from synthetic FinalFlow scenario inputs; not observed event operations.
rail_capacity_boost,2026-07-19T16:00:00Z,60,second_half,meadowlands,0,0,0,0,0,0.0,0.0,derived,Derived from synthetic FinalFlow scenario inputs; not observed event operations.
rail_capacity_boost,2026-07-19T16:00:00Z,60,second_half,stadium,0,0,6000,0,0,0.0,0.0,derived,Derived from synthetic FinalFlow scenario inputs; not observed event operations.
rail_capacity_boost,2026-07-19T16:05:00Z,65,second_half,midtown,0,0,0,0,0,0.0,0.0,derived,Derived from synthetic FinalFlow scenario inputs; not observed event operations.
rail_capacity_boost,2026-07-19T16:05:00Z,65,second_half,penn_station,0,0,0,0,0,0.0,0.0,derived,Derived from synthetic FinalFlow scenario inputs; not observed event operations.
rail_capacity_boost,2026-07-19T16:05:00Z,65,second_half,secaucus,0,0,0,0,0,0.0,0.0,derived,Derived from synthetic FinalFlow scenario inputs; not observed event operations.
rail_capacity_boost,2026-07-19T16:05:00Z,65,second_half,meadowlands,0,0,0,0,0,0.0,0.0,derived,Derived from synthetic FinalFlow scenario inputs; not observed event operations.
rail_capacity_boost,2026-07-19T16:05:00Z,65,second_half,stadium,0,0,6000,0,0,0.0,0.0,derived,Derived from synthetic FinalFlow scenario inputs; not observed event operations.
rail_capacity_boost,2026-07-19T16:10:00Z,70,second_half,midtown,0,0,0,0,0,0.0,0.0,derived,Derived from synthetic FinalFlow scenario inputs; not observed event operations.
rail_capacity_boost,2026-07-19T16:10:00Z,70,second_half,penn_station,0,0,0,0,0,0.0,0.0,derived,Derived from synthetic FinalFlow scenario inputs; not observed event operations.
rail_capacity_boost,2026-07-19T16:10:00Z,70,second_half,secaucus,0,0,0,0,0,0.0,0.0,derived,Derived from synthetic FinalFlow scenario inputs; not observed event operations.
rail_capacity_boost,2026-07-19T16:10:00Z,70,second_half,meadowlands,0,0,0,0,0,0.0,0.0,derived,Derived from synthetic FinalFlow scenario inputs; not observed event operations.
rail_capacity_boost,2026-07-19T16:10:00Z,70,second_half,stadium,0,0,6000,0,0,0.0,0.0,derived,Derived from synthetic FinalFlow scenario inputs; not observed event operations.
rail_capacity_boost,2026-07-19T16:15:00Z,75,second_half,midtown,0,0,0,0,0,0.0,0.0,derived,Derived from synthetic FinalFlow scenario inputs; not observed event operations.
rail_capacity_boost,2026-07-19T16:15:00Z,75,second_half,penn_station,0,0,0,0,0,0.0,0.0,derived,Derived from synthetic FinalFlow scenario inputs; not observed event operations.
rail_capacity_boost,2026-07-19T16:15:00Z,75,second_half,secaucus,0,0,0,0,0,0.0,0.0,derived,Derived from synthetic FinalFlow scenario inputs; not observed event operations.
rail_capacity_boost,2026-07-19T16:15:00Z,75,second_half,meadowlands,0,0,0,0,0,0.0,0.0,derived,Derived from synthetic FinalFlow scenario inputs; not observed event operations.
rail_capacity_boost,2026-07-19T16:15:00Z,75,second_half,stadium,0,0,6000,0,0,0.0,0.0,derived,Derived from synthetic FinalFlow scenario inputs; not observed event operations.
rail_capacity_boost,2026-07-19T16:20:00Z,80,second_half,midtown,0,0,0,0,0,0.0,0.0,derived,Derived from synthetic FinalFlow scenario inputs; not observed event operations.
rail_capacity_boost,2026-07-19T16:20:00Z,80,second_half,penn_station,0,0,0,0,0,0.0,0.0,derived,Derived from synthetic FinalFlow scenario inputs; not observed event operations.
rail_capacity_boost,2026-07-19T16:20:00Z,80,second_half,secaucus,0,0,0,0,0,0.0,0.0,derived,Derived from synthetic FinalFlow scenario inputs; not observed event operations.
rail_capacity_boost,2026-07-19T16:20:00Z,80,second_half,meadowlands,0,0,0,0,0,0.0,0.0,derived,Derived from synthetic FinalFlow scenario inputs; not observed event operations.
rail_capacity_boost,2026-07-19T16:20:00Z,80,second_half,stadium,0,0,6000,0,0,0.0,0.0,derived,Derived from synthetic FinalFlow scenario inputs; not observed event operations.
rail_capacity_boost,2026-07-19T16:25:00Z,85,second_half,midtown,0,0,0,0,0,0.0,0.0,derived,Derived from synthetic FinalFlow scenario inputs; not observed event operations.
rail_capacity_boost,2026-07-19T16:25:00Z,85,second_half,penn_station,0,0,0,0,0,0.0,0.0,derived,Derived from synthetic FinalFlow scenario inputs; not observed event operations.
rail_capacity_boost,2026-07-19T16:25:00Z,85,second_half,secaucus,0,0,0,0,0,0.0,0.0,derived,Derived from synthetic FinalFlow scenario inputs; not observed event operations.
rail_capacity_boost,2026-07-19T16:25:00Z,85,second_half,meadowlands,0,0,0,0,0,0.0,0.0,derived,Derived from synthetic FinalFlow scenario inputs; not observed event operations.
rail_capacity_boost,2026-07-19T16:25:00Z,85,second_half,stadium,0,0,6000,0,0,0.0,0.0,derived,Derived from synthetic FinalFlow scenario inputs; not observed event operations.
rail_capacity_boost,2026-07-19T16:30:00Z,90,second_half,midtown,0,0,0,0,0,0.0,0.0,derived,Derived from synthetic FinalFlow scenario inputs; not observed event operations.
rail_capacity_boost,2026-07-19T16:30:00Z,90,second_half,penn_station,0,0,0,0,0,0.0,0.0,derived,Derived from synthetic FinalFlow scenario inputs; not observed event operations.
rail_capacity_boost,2026-07-19T16:30:00Z,90,second_half,secaucus,0,0,0,0,0,0.0,0.0,derived,Derived from synthetic FinalFlow scenario inputs; not observed event operations.
rail_capacity_boost,2026-07-19T16:30:00Z,90,second_half,meadowlands,0,0,0,0,0,0.0,0.0,derived,Derived from synthetic FinalFlow scenario inputs; not observed event operations.
rail_capacity_boost,2026-07-19T16:30:00Z,90,second_half,stadium,0,0,6000,0,0,0.0,0.0,derived,Derived from synthetic FinalFlow scenario inputs; not observed event operations.
rail_capacity_boost,2026-07-19T16:35:00Z,95,second_half,midtown,0,0,0,0,0,0.0,0.0,derived,Derived from synthetic FinalFlow scenario inputs; not observed event operations.
rail_capacity_boost,2026-07-19T16:35:00Z,95,second_half,penn_station,0,0,0,0,0,0.0,0.0,derived,Derived from synthetic FinalFlow scenario inputs; not observed event operations.
rail_capacity_boost,2026-07-19T16:35:00Z,95,second_half,secaucus,0,0,0,0,0,0.0,0.0,derived,Derived from synthetic FinalFlow scenario inputs; not observed event operations.
rail_capacity_boost,2026-07-19T16:35:00Z,95,second_half,meadowlands,0,0,0,0,0,0.0,0.0,derived,Derived from synthetic FinalFlow scenario inputs; not observed event operations.
rail_capacity_boost,2026-07-19T16:35:00Z,95,second_half,stadium,0,0,6000,0,0,0.0,0.0,derived,Derived from synthetic FinalFlow scenario inputs; not observed event operations.
rail_capacity_boost,2026-07-19T16:40:00Z,100,second_half,midtown,0,0,0,0,0,0.0,0.0,derived,Derived from synthetic FinalFlow scenario inputs; not observed event operations.
rail_capacity_boost,2026-07-19T16:40:00Z,100,second_half,penn_station,0,0,0,0,0,0.0,0.0,derived,Derived from synthetic FinalFlow scenario inputs; not observed event operations.
rail_capacity_boost,2026-07-19T16:40:00Z,100,second_half,secaucus,0,0,0,0,0,0.0,0.0,derived,Derived from synthetic FinalFlow scenario inputs; not observed event operations.
rail_capacity_boost,2026-07-19T16:40:00Z,100,second_half,meadowlands,0,0,0,0,0,0.0,0.0,derived,Derived from synthetic FinalFlow scenario inputs; not observed event operations.
rail_capacity_boost,2026-07-19T16:40:00Z,100,second_half,stadium,0,0,6000,0,0,0.0,0.0,derived,Derived from synthetic FinalFlow scenario inputs; not observed event operations.
rail_capacity_boost,2026-07-19T16:45:00Z,105,regulation_end,midtown,0,0,0,0,0,0.0,0.0,derived,Derived from synthetic FinalFlow scenario inputs; not observed event operations.
rail_capacity_boost,2026-07-19T16:45:00Z,105,regulation_end,penn_station,0,0,0,0,0,0.0,0.0,derived,Derived from synthetic FinalFlow scenario inputs; not observed event operations.
rail_capacity_boost,2026-07-19T16:45:00Z,105,regulation_end,secaucus,0,0,0,0,0,0.0,0.0,derived,Derived from synthetic FinalFlow scenario inputs; not observed event operations.
rail_capacity_boost,2026-07-19T16:45:00Z,105,regulation_end,meadowlands,0,0,0,0,0,0.0,0.0,derived,Derived from synthetic FinalFlow scenario inputs; not observed event operations.
rail_capacity_boost,2026-07-19T16:45:00Z,105,regulation_end,stadium,0,0,6000,0,0,0.0,0.0,derived,Derived from synthetic FinalFlow scenario inputs; not observed event operations.
rail_capacity_boost,2026-07-19T16:50:00Z,110,extra_time,midtown,0,0,0,0,0,0.0,0.0,derived,Derived from synthetic FinalFlow scenario inputs; not observed event operations.
rail_capacity_boost,2026-07-19T16:50:00Z,110,extra_time,penn_station,0,0,0,0,0,0.0,0.0,derived,Derived from synthetic FinalFlow scenario inputs; not observed event operations.
rail_capacity_boost,2026-07-19T16:50:00Z,110,extra_time,secaucus,0,0,0,0,0,0.0,0.0,derived,Derived from synthetic FinalFlow scenario inputs; not observed event operations.
rail_capacity_boost,2026-07-19T16:50:00Z,110,extra_time,meadowlands,0,0,0,0,0,0.0,0.0,derived,Derived from synthetic FinalFlow scenario inputs; not observed event operations.
rail_capacity_boost,2026-07-19T16:50:00Z,110,extra_time,stadium,0,0,6000,0,0,0.0,0.0,derived,Derived from synthetic FinalFlow scenario inputs; not observed event operations.
rail_capacity_boost,2026-07-19T16:55:00Z,115,extra_time,midtown,0,0,0,0,0,0.0,0.0,derived,Derived from synthetic FinalFlow scenario inputs; not observed event operations.
rail_capacity_boost,2026-07-19T16:55:00Z,115,extra_time,penn_station,0,0,0,0,0,0.0,0.0,derived,Derived from synthetic FinalFlow scenario inputs; not observed event operations.
rail_capacity_boost,2026-07-19T16:55:00Z,115,extra_time,secaucus,0,0,0,0,0,0.0,0.0,derived,Derived from synthetic FinalFlow scenario inputs; not observed event operations.
rail_capacity_boost,2026-07-19T16:55:00Z,115,extra_time,meadowlands,0,0,0,0,0,0.0,0.0,derived,Derived from synthetic FinalFlow scenario inputs; not observed event operations.
rail_capacity_boost,2026-07-19T16:55:00Z,115,extra_time,stadium,0,0,6000,0,0,0.0,0.0,derived,Derived from synthetic FinalFlow scenario inputs; not observed event operations.
rail_capacity_boost,2026-07-19T17:00:00Z,120,extra_time,midtown,0,0,0,0,0,0.0,0.0,derived,Derived from synthetic FinalFlow scenario inputs; not observed event operations.
rail_capacity_boost,2026-07-19T17:00:00Z,120,extra_time,penn_station,0,0,0,0,0,0.0,0.0,derived,Derived from synthetic FinalFlow scenario inputs; not observed event operations.
rail_capacity_boost,2026-07-19T17:00:00Z,120,extra_time,secaucus,0,0,0,0,0,0.0,0.0,derived,Derived from synthetic FinalFlow scenario inputs; not observed event operations.
rail_capacity_boost,2026-07-19T17:00:00Z,120,extra_time,meadowlands,0,0,0,0,0,0.0,0.0,derived,Derived from synthetic FinalFlow scenario inputs; not observed event operations.
rail_capacity_boost,2026-07-19T17:00:00Z,120,extra_time,stadium,0,0,6000,0,0,0.0,0.0,derived,Derived from synthetic FinalFlow scenario inputs; not observed event operations.
rail_capacity_boost,2026-07-19T17:05:00Z,125,extra_time,midtown,0,0,0,0,0,0.0,0.0,derived,Derived from synthetic FinalFlow scenario inputs; not observed event operations.
rail_capacity_boost,2026-07-19T17:05:00Z,125,extra_time,penn_station,0,0,0,0,0,0.0,0.0,derived,Derived from synthetic FinalFlow scenario inputs; not observed event operations.
rail_capacity_boost,2026-07-19T17:05:00Z,125,extra_time,secaucus,0,0,0,0,0,0.0,0.0,derived,Derived from synthetic FinalFlow scenario inputs; not observed event operations.
rail_capacity_boost,2026-07-19T17:05:00Z,125,extra_time,meadowlands,0,0,0,0,0,0.0,0.0,derived,Derived from synthetic FinalFlow scenario inputs; not observed event operations.
rail_capacity_boost,2026-07-19T17:05:00Z,125,extra_time,stadium,0,0,6000,0,0,0.0,0.0,derived,Derived from synthetic FinalFlow scenario inputs; not observed event operations.
rail_capacity_boost,2026-07-19T17:10:00Z,130,extra_time,midtown,0,0,0,0,0,0.0,0.0,derived,Derived from synthetic FinalFlow scenario inputs; not observed event operations.
rail_capacity_boost,2026-07-19T17:10:00Z,130,extra_time,penn_station,0,0,0,0,0,0.0,0.0,derived,Derived from synthetic FinalFlow scenario inputs; not observed event operations.
rail_capacity_boost,2026-07-19T17:10:00Z,130,extra_time,secaucus,0,0,0,0,0,0.0,0.0,derived,Derived from synthetic FinalFlow scenario inputs; not observed event operations.
rail_capacity_boost,2026-07-19T17:10:00Z,130,extra_time,meadowlands,0,0,0,0,0,0.0,0.0,derived,Derived from synthetic FinalFlow scenario inputs; not observed event operations.
rail_capacity_boost,2026-07-19T17:10:00Z,130,extra_time,stadium,0,0,6000,0,0,0.0,0.0,derived,Derived from synthetic FinalFlow scenario inputs; not observed event operations.
rail_capacity_boost,2026-07-19T17:15:00Z,135,final_whistle,midtown,0,0,0,0,0,0.0,0.0,derived,Derived from synthetic FinalFlow scenario inputs; not observed event operations.
rail_capacity_boost,2026-07-19T17:15:00Z,135,final_whistle,penn_station,0,0,0,0,0,0.0,0.0,derived,Derived from synthetic FinalFlow scenario inputs; not observed event operations.
rail_capacity_boost,2026-07-19T17:15:00Z,135,final_whistle,secaucus,0,0,0,0,0,0.0,0.0,derived,Derived from synthetic FinalFlow scenario inputs; not observed event operations.
rail_capacity_boost,2026-07-19T17:15:00Z,135,final_whistle,meadowlands,0,0,0,0,0,0.0,0.0,derived,Derived from synthetic FinalFlow scenario inputs; not observed event operations.
rail_capacity_boost,2026-07-19T17:15:00Z,135,final_whistle,stadium,0,0,5238,762,762,,0.0,derived,Derived from synthetic FinalFlow scenario inputs; not observed event operations.
rail_capacity_boost,2026-07-19T17:20:00Z,140,post_match,midtown,0,0,0,0,0,0.0,0.0,derived,Derived from synthetic FinalFlow scenario inputs; not observed event operations.
rail_capacity_boost,2026-07-19T17:20:00Z,140,post_match,penn_station,0,0,0,0,0,0.0,0.0,derived,Derived from synthetic FinalFlow scenario inputs; not observed event operations.
rail_capacity_boost,2026-07-19T17:20:00Z,140,post_match,secaucus,0,0,0,0,0,0.0,0.0,derived,Derived from synthetic FinalFlow scenario inputs; not observed event operations.
rail_capacity_boost,2026-07-19T17:20:00Z,140,post_match,meadowlands,0,0,0,0,0,0.0,0.0,derived,Derived from synthetic FinalFlow scenario inputs; not observed event operations.
rail_capacity_boost,2026-07-19T17:20:00Z,140,post_match,stadium,0,0,4524,714,714,,0.0,derived,Derived from synthetic FinalFlow scenario inputs; not observed event operations.
rail_capacity_boost,2026-07-19T17:25:00Z,145,post_match,midtown,0,0,0,0,0,0.0,0.0,derived,Derived from synthetic FinalFlow scenario inputs; not observed event operations.
rail_capacity_boost,2026-07-19T17:25:00Z,145,post_match,penn_station,0,0,0,0,0,0.0,0.0,derived,Derived from synthetic FinalFlow scenario inputs; not observed event operations.
rail_capacity_boost,2026-07-19T17:25:00Z,145,post_match,secaucus,0,0,0,0,0,0.0,0.0,derived,Derived from synthetic FinalFlow scenario inputs; not observed event operations.
rail_capacity_boost,2026-07-19T17:25:00Z,145,post_match,meadowlands,662,0,0,662,662,0.24518518518518517,0.0,derived,Derived from synthetic FinalFlow scenario inputs; not observed event operations.
rail_capacity_boost,2026-07-19T17:25:00Z,145,post_match,stadium,0,0,3857,667,667,,0.0,derived,Derived from synthetic FinalFlow scenario inputs; not observed event operations.
rail_capacity_boost,2026-07-19T17:30:00Z,150,post_match,midtown,0,0,0,0,0,0.0,0.0,derived,Derived from synthetic FinalFlow scenario inputs; not observed event operations.
rail_capacity_boost,2026-07-19T17:30:00Z,150,post_match,penn_station,0,0,0,0,0,0.0,0.0,derived,Derived from synthetic FinalFlow scenario inputs; not observed event operations.
rail_capacity_boost,2026-07-19T17:30:00Z,150,post_match,secaucus,0,0,0,0,0,0.0,0.0,derived,Derived from synthetic FinalFlow scenario inputs; not observed event operations.
rail_capacity_boost,2026-07-19T17:30:00Z,150,post_match,meadowlands,621,0,0,621,621,0.23,0.0,derived,Derived from synthetic FinalFlow scenario inputs; not observed event operations.
rail_capacity_boost,2026-07-19T17:30:00Z,150,post_match,stadium,0,0,3238,619,619,,0.0,derived,Derived from synthetic FinalFlow scenario inputs; not observed event operations.
rail_capacity_boost,2026-07-19T17:35:00Z,155,post_match,midtown,0,0,0,0,0,0.0,0.0,derived,Derived from synthetic FinalFlow scenario inputs; not observed event operations.
rail_capacity_boost,2026-07-19T17:35:00Z,155,post_match,penn_station,0,0,0,0,0,0.0,0.0,derived,Derived from synthetic FinalFlow scenario inputs; not observed event operations.
rail_capacity_boost,2026-07-19T17:35:00Z,155,post_match,secaucus,0,0,0,0,0,0.0,0.0,derived,Derived from synthetic FinalFlow scenario inputs; not observed event operations.
rail_capacity_boost,2026-07-19T17:35:00Z,155,post_match,meadowlands,400,0,0,400,400,0.14814814814814814,0.0,derived,Derived from synthetic FinalFlow scenario inputs; not observed event operations.
rail_capacity_boost,2026-07-19T17:35:00Z,155,post_match,stadium,0,0,2667,571,571,,0.0,derived,Derived from synthetic FinalFlow scenario inputs; not observed event operations.
rail_capacity_boost,2026-07-19T17:40:00Z,160,post_match,midtown,0,0,0,0,0,0.0,0.0,derived,Derived from synthetic FinalFlow scenario inputs; not observed event operations.
rail_capacity_boost,2026-07-19T17:40:00Z,160,post_match,penn_station,0,0,0,0,0,0.0,0.0,derived,Derived from synthetic FinalFlow scenario inputs; not observed event operations.
rail_capacity_boost,2026-07-19T17:40:00Z,160,post_match,secaucus,609,0,0,609,609,0.22555555555555556,0.0,derived,Derived from synthetic FinalFlow scenario inputs; not observed event operations.
rail_capacity_boost,2026-07-19T17:40:00Z,160,post_match,meadowlands,371,0,0,371,371,0.1374074074074074,0.0,derived,Derived from synthetic FinalFlow scenario inputs; not observed event operations.
rail_capacity_boost,2026-07-19T17:40:00Z,160,post_match,stadium,0,0,2143,524,524,,0.0,derived,Derived from synthetic FinalFlow scenario inputs; not observed event operations.
rail_capacity_boost,2026-07-19T17:45:00Z,165,post_match,midtown,0,0,0,0,0,0.0,0.0,derived,Derived from synthetic FinalFlow scenario inputs; not observed event operations.
rail_capacity_boost,2026-07-19T17:45:00Z,165,post_match,penn_station,0,0,0,0,0,0.0,0.0,derived,Derived from synthetic FinalFlow scenario inputs; not observed event operations.
rail_capacity_boost,2026-07-19T17:45:00Z,165,post_match,secaucus,571,0,0,571,571,0.2114814814814815,0.0,derived,Derived from synthetic FinalFlow scenario inputs; not observed event operations.
rail_capacity_boost,2026-07-19T17:45:00Z,165,post_match,meadowlands,344,0,0,344,344,0.1274074074074074,0.0,derived,Derived from synthetic FinalFlow scenario inputs; not observed event operations.
rail_capacity_boost,2026-07-19T17:45:00Z,165,post_match,stadium,0,0,1667,476,476,,0.0,derived,Derived from synthetic FinalFlow scenario inputs; not observed event operations.
rail_capacity_boost,2026-07-19T17:50:00Z,170,post_match,midtown,0,0,0,0,0,0.0,0.0,derived,Derived from synthetic FinalFlow scenario inputs; not observed event operations.
rail_capacity_boost,2026-07-19T17:50:00Z,170,post_match,penn_station,0,0,0,0,0,0.0,0.0,derived,Derived from synthetic FinalFlow scenario inputs; not observed event operations.
rail_capacity_boost,2026-07-19T17:50:00Z,170,post_match,secaucus,368,0,0,368,368,0.1362962962962963,0.0,derived,Derived from synthetic FinalFlow scenario inputs; not observed event operations.
rail_capacity_boost,2026-07-19T17:50:00Z,170,post_match,meadowlands,315,0,0,315,315,0.11666666666666667,0.0,derived,Derived from synthetic FinalFlow scenario inputs; not observed event operations.
rail_capacity_boost,2026-07-19T17:50:00Z,170,post_match,stadium,0,0,1238,429,429,,0.0,derived,Derived from synthetic FinalFlow scenario inputs; not observed event operations.
rail_capacity_boost,2026-07-19T17:55:00Z,175,post_match,midtown,0,0,0,0,0,0.0,0.0,derived,Derived from synthetic FinalFlow scenario inputs; not observed event operations.
rail_capacity_boost,2026-07-19T17:55:00Z,175,post_match,penn_station,529,0,0,529,529,0.8816666666666667,0.0,derived,Derived from synthetic FinalFlow scenario inputs; not observed event operations.
rail_capacity_boost,2026-07-19T17:55:00Z,175,post_match,secaucus,341,0,0,341,341,0.1262962962962963,0.0,derived,Derived from synthetic FinalFlow scenario inputs; not observed event operations.
rail_capacity_boost,2026-07-19T17:55:00Z,175,post_match,meadowlands,286,0,0,286,286,0.10592592592592592,0.0,derived,Derived from synthetic FinalFlow scenario inputs; not observed event operations.
rail_capacity_boost,2026-07-19T17:55:00Z,175,post_match,stadium,0,0,857,381,381,,0.0,derived,Derived from synthetic FinalFlow scenario inputs; not observed event operations.
rail_capacity_boost,2026-07-19T18:00:00Z,180,post_match,midtown,0,0,0,0,0,0.0,0.0,derived,Derived from synthetic FinalFlow scenario inputs; not observed event operations.
rail_capacity_boost,2026-07-19T18:00:00Z,180,post_match,penn_station,496,0,0,496,496,0.8266666666666667,0.0,derived,Derived from synthetic FinalFlow scenario inputs; not observed event operations.
rail_capacity_boost,2026-07-19T18:00:00Z,180,post_match,secaucus,316,0,0,316,316,0.11703703703703704,0.0,derived,Derived from synthetic FinalFlow scenario inputs; not observed event operations.
rail_capacity_boost,2026-07-19T18:00:00Z,180,post_match,meadowlands,257,0,0,257,257,0.09518518518518519,0.0,derived,Derived from synthetic FinalFlow scenario inputs; not observed event operations.
rail_capacity_boost,2026-07-19T18:00:00Z,180,post_match,stadium,0,0,524,333,333,,0.0,derived,Derived from synthetic FinalFlow scenario inputs; not observed event operations.
rail_capacity_boost,2026-07-19T18:05:00Z,185,post_match,midtown,0,0,0,0,0,0.0,0.0,derived,Derived from synthetic FinalFlow scenario inputs; not observed event operations.
rail_capacity_boost,2026-07-19T18:05:00Z,185,post_match,penn_station,320,0,0,320,320,0.5333333333333333,0.0,derived,Derived from synthetic FinalFlow scenario inputs; not observed event operations.
rail_capacity_boost,2026-07-19T18:05:00Z,185,post_match,secaucus,290,0,0,290,290,0.10740740740740741,0.0,derived,Derived from synthetic FinalFlow scenario inputs; not observed event operations.
rail_capacity_boost,2026-07-19T18:05:00Z,185,post_match,meadowlands,229,0,0,229,229,0.08481481481481482,0.0,derived,Derived from synthetic FinalFlow scenario inputs; not observed event operations.
rail_capacity_boost,2026-07-19T18:05:00Z,185,post_match,stadium,0,0,238,286,286,,0.0,derived,Derived from synthetic FinalFlow scenario inputs; not observed event operations.
rail_capacity_boost,2026-07-19T18:10:00Z,190,post_match,midtown,430,0,0,430,430,0.0,0.0,derived,Derived from synthetic FinalFlow scenario inputs; not observed event operations.
rail_capacity_boost,2026-07-19T18:10:00Z,190,post_match,penn_station,297,0,0,297,297,0.495,0.0,derived,Derived from synthetic FinalFlow scenario inputs; not observed event operations.
rail_capacity_boost,2026-07-19T18:10:00Z,190,post_match,secaucus,263,0,0,263,263,0.0974074074074074,0.0,derived,Derived from synthetic FinalFlow scenario inputs; not observed event operations.
rail_capacity_boost,2026-07-19T18:10:00Z,190,post_match,meadowlands,199,0,0,199,199,0.0737037037037037,0.0,derived,Derived from synthetic FinalFlow scenario inputs; not observed event operations.
rail_capacity_boost,2026-07-19T18:10:00Z,190,post_match,stadium,0,0,0,238,238,,0.0,derived,Derived from synthetic FinalFlow scenario inputs; not observed event operations.
rail_capacity_boost,2026-07-19T18:15:00Z,195,post_match,midtown,403,0,0,403,403,0.0,0.0,derived,Derived from synthetic FinalFlow scenario inputs; not observed event operations.
rail_capacity_boost,2026-07-19T18:15:00Z,195,post_match,penn_station,275,0,0,275,275,0.4583333333333333,0.0,derived,Derived from synthetic FinalFlow scenario inputs; not observed event operations.
rail_capacity_boost,2026-07-19T18:15:00Z,195,post_match,secaucus,237,0,0,237,237,0.08777777777777777,0.0,derived,Derived from synthetic FinalFlow scenario inputs; not observed event operations.
rail_capacity_boost,2026-07-19T18:15:00Z,195,post_match,meadowlands,172,0,0,172,172,0.0637037037037037,0.0,derived,Derived from synthetic FinalFlow scenario inputs; not observed event operations.
rail_capacity_boost,2026-07-19T18:15:00Z,195,post_match,stadium,0,0,0,0,0,0.0,0.0,derived,Derived from synthetic FinalFlow scenario inputs; not observed event operations.
rail_capacity_boost,2026-07-19T18:20:00Z,200,post_match,midtown,260,0,0,260,260,0.0,0.0,derived,Derived from synthetic FinalFlow scenario inputs; not observed event operations.
rail_capacity_boost,2026-07-19T18:20:00Z,200,post_match,penn_station,252,0,0,252,252,0.42,0.0,derived,Derived from synthetic FinalFlow scenario inputs; not observed event operations.
rail_capacity_boost,2026-07-19T18:20:00Z,200,post_match,secaucus,211,0,0,211,211,0.07814814814814815,0.0,derived,Derived from synthetic FinalFlow scenario inputs; not observed event operations.
rail_capacity_boost,2026-07-19T18:20:00Z,200,post_match,meadowlands,142,0,0,142,142,0.052592592592592594,0.0,derived,Derived from synthetic FinalFlow scenario inputs; not observed event operations.
rail_capacity_boost,2026-07-19T18:20:00Z,200,post_match,stadium,0,0,0,0,0,0.0,0.0,derived,Derived from synthetic FinalFlow scenario inputs; not observed event operations.
rail_capacity_boost,2026-07-19T18:25:00Z,205,post_match,midtown,241,0,0,241,241,0.0,0.0,derived,Derived from synthetic FinalFlow scenario inputs; not observed event operations.
rail_capacity_boost,2026-07-19T18:25:00Z,205,post_match,penn_station,229,0,0,229,229,0.38166666666666665,0.0,derived,Derived from synthetic FinalFlow scenario inputs; not observed event operations.
rail_capacity_boost,2026-07-19T18:25:00Z,205,post_match,secaucus,183,0,0,183,183,0.06777777777777778,0.0,derived,Derived from synthetic FinalFlow scenario inputs; not observed event operations.
rail_capacity_boost,2026-07-19T18:25:00Z,205,post_match,meadowlands,0,0,0,0,0,0.0,0.0,derived,Derived from synthetic FinalFlow scenario inputs; not observed event operations.
rail_capacity_boost,2026-07-19T18:25:00Z,205,post_match,stadium,0,0,0,0,0,0.0,0.0,derived,Derived from synthetic FinalFlow scenario inputs; not observed event operations.
rail_capacity_boost,2026-07-19T18:30:00Z,210,post_match,midtown,223,0,0,223,223,0.0,0.0,derived,Derived from synthetic FinalFlow scenario inputs; not observed event operations.
rail_capacity_boost,2026-07-19T18:30:00Z,210,post_match,penn_station,206,0,0,206,206,0.3433333333333333,0.0,derived,Derived from synthetic FinalFlow scenario inputs; not observed event operations.
rail_capacity_boost,2026-07-19T18:30:00Z,210,post_match,secaucus,158,0,0,158,158,0.05851851851851852,0.0,derived,Derived from synthetic FinalFlow scenario inputs; not observed event operations.
rail_capacity_boost,2026-07-19T18:30:00Z,210,post_match,meadowlands,0,0,0,0,0,0.0,0.0,derived,Derived from synthetic FinalFlow scenario inputs; not observed event operations.
rail_capacity_boost,2026-07-19T18:30:00Z,210,post_match,stadium,0,0,0,0,0,0.0,0.0,derived,Derived from synthetic FinalFlow scenario inputs; not observed event operations.
rail_capacity_boost,2026-07-19T18:35:00Z,215,post_match,midtown,205,0,0,205,205,0.0,0.0,derived,Derived from synthetic FinalFlow scenario inputs; not observed event operations.
rail_capacity_boost,2026-07-19T18:35:00Z,215,post_match,penn_station,183,0,0,183,183,0.305,0.0,derived,Derived from synthetic FinalFlow scenario inputs; not observed event operations.
rail_capacity_boost,2026-07-19T18:35:00Z,215,post_match,secaucus,131,0,0,131,131,0.048518518518518516,0.0,derived,Derived from synthetic FinalFlow scenario inputs; not observed event operations.
rail_capacity_boost,2026-07-19T18:35:00Z,215,post_match,meadowlands,0,0,0,0,0,0.0,0.0,derived,Derived from synthetic FinalFlow scenario inputs; not observed event operations.
rail_capacity_boost,2026-07-19T18:35:00Z,215,post_match,stadium,0,0,0,0,0,0.0,0.0,derived,Derived from synthetic FinalFlow scenario inputs; not observed event operations.
rail_capacity_boost,2026-07-19T18:40:00Z,220,post_match,midtown,186,0,0,186,186,0.0,0.0,derived,Derived from synthetic FinalFlow scenario inputs; not observed event operations.
rail_capacity_boost,2026-07-19T18:40:00Z,220,post_match,penn_station,159,0,0,159,159,0.265,0.0,derived,Derived from synthetic FinalFlow scenario inputs; not observed event operations.
rail_capacity_boost,2026-07-19T18:40:00Z,220,post_match,secaucus,0,0,0,0,0,0.0,0.0,derived,Derived from synthetic FinalFlow scenario inputs; not observed event operations.
rail_capacity_boost,2026-07-19T18:40:00Z,220,post_match,meadowlands,0,0,0,0,0,0.0,0.0,derived,Derived from synthetic FinalFlow scenario inputs; not observed event operations.
rail_capacity_boost,2026-07-19T18:40:00Z,220,post_match,stadium,0,0,0,0,0,0.0,0.0,derived,Derived from synthetic FinalFlow scenario inputs; not observed event operations.
rail_capacity_boost,2026-07-19T18:45:00Z,225,post_match,midtown,167,0,0,167,167,0.0,0.0,derived,Derived from synthetic FinalFlow scenario inputs; not observed event operations.
rail_capacity_boost,2026-07-19T18:45:00Z,225,post_match,penn_station,138,0,0,138,138,0.23,0.0,derived,Derived from synthetic FinalFlow scenario inputs; not observed event operations.
rail_capacity_boost,2026-07-19T18:45:00Z,225,post_match,secaucus,0,0,0,0,0,0.0,0.0,derived,Derived from synthetic FinalFlow scenario inputs; not observed event operations.
rail_capacity_boost,2026-07-19T18:45:00Z,225,post_match,meadowlands,0,0,0,0,0,0.0,0.0,derived,Derived from synthetic FinalFlow scenario inputs; not observed event operations.
rail_capacity_boost,2026-07-19T18:45:00Z,225,post_match,stadium,0,0,0,0,0,0.0,0.0,derived,Derived from synthetic FinalFlow scenario inputs; not observed event operations.
rail_capacity_boost,2026-07-19T18:50:00Z,230,post_match,midtown,149,0,0,149,149,0.0,0.0,derived,Derived from synthetic FinalFlow scenario inputs; not observed event operations.
rail_capacity_boost,2026-07-19T18:50:00Z,230,post_match,penn_station,114,0,0,114,114,0.19,0.0,derived,Derived from synthetic FinalFlow scenario inputs; not observed event operations.
rail_capacity_boost,2026-07-19T18:50:00Z,230,post_match,secaucus,0,0,0,0,0,0.0,0.0,derived,Derived from synthetic FinalFlow scenario inputs; not observed event operations.
rail_capacity_boost,2026-07-19T18:50:00Z,230,post_match,meadowlands,0,0,0,0,0,0.0,0.0,derived,Derived from synthetic FinalFlow scenario inputs; not observed event operations.
rail_capacity_boost,2026-07-19T18:50:00Z,230,post_match,stadium,0,0,0,0,0,0.0,0.0,derived,Derived from synthetic FinalFlow scenario inputs; not observed event operations.
rail_capacity_boost,2026-07-19T18:55:00Z,235,post_match,midtown,129,0,0,129,129,0.0,0.0,derived,Derived from synthetic FinalFlow scenario inputs; not observed event operations.
rail_capacity_boost,2026-07-19T18:55:00Z,235,post_match,penn_station,0,0,0,0,0,0.0,0.0,derived,Derived from synthetic FinalFlow scenario inputs; not observed event operations.
rail_capacity_boost,2026-07-19T18:55:00Z,235,post_match,secaucus,0,0,0,0,0,0.0,0.0,derived,Derived from synthetic FinalFlow scenario inputs; not observed event operations.
rail_capacity_boost,2026-07-19T18:55:00Z,235,post_match,meadowlands,0,0,0,0,0,0.0,0.0,derived,Derived from synthetic FinalFlow scenario inputs; not observed event operations.
rail_capacity_boost,2026-07-19T18:55:00Z,235,post_match,stadium,0,0,0,0,0,0.0,0.0,derived,Derived from synthetic FinalFlow scenario inputs; not observed event operations.
rail_capacity_boost,2026-07-19T19:00:00Z,240,post_match,midtown,112,0,0,112,112,0.0,0.0,derived,Derived from synthetic FinalFlow scenario inputs; not observed event operations.
rail_capacity_boost,2026-07-19T19:00:00Z,240,post_match,penn_station,0,0,0,0,0,0.0,0.0,derived,Derived from synthetic FinalFlow scenario inputs; not observed event operations.
rail_capacity_boost,2026-07-19T19:00:00Z,240,post_match,secaucus,0,0,0,0,0,0.0,0.0,derived,Derived from synthetic FinalFlow scenario inputs; not observed event operations.
rail_capacity_boost,2026-07-19T19:00:00Z,240,post_match,meadowlands,0,0,0,0,0,0.0,0.0,derived,Derived from synthetic FinalFlow scenario inputs; not observed event operations.
rail_capacity_boost,2026-07-19T19:00:00Z,240,post_match,stadium,0,0,0,0,0,0.0,0.0,derived,Derived from synthetic FinalFlow scenario inputs; not observed event operations.
rail_capacity_boost,2026-07-19T19:05:00Z,245,post_match,midtown,93,0,0,93,93,0.0,0.0,derived,Derived from synthetic FinalFlow scenario inputs; not observed event operations.
rail_capacity_boost,2026-07-19T19:05:00Z,245,post_match,penn_station,0,0,0,0,0,0.0,0.0,derived,Derived from synthetic FinalFlow scenario inputs; not observed event operations.
rail_capacity_boost,2026-07-19T19:05:00Z,245,post_match,secaucus,0,0,0,0,0,0.0,0.0,derived,Derived from synthetic FinalFlow scenario inputs; not observed event operations.
rail_capacity_boost,2026-07-19T19:05:00Z,245,post_match,meadowlands,0,0,0,0,0,0.0,0.0,derived,Derived from synthetic FinalFlow scenario inputs; not observed event operations.
rail_capacity_boost,2026-07-19T19:05:00Z,245,post_match,stadium,0,0,0,0,0,0.0,0.0,derived,Derived from synthetic FinalFlow scenario inputs; not observed event operations.
rail_capacity_boost,2026-07-19T19:10:00Z,250,post_match,midtown,0,0,0,0,0,0.0,0.0,derived,Derived from synthetic FinalFlow scenario inputs; not observed event operations.
rail_capacity_boost,2026-07-19T19:10:00Z,250,post_match,penn_station,0,0,0,0,0,0.0,0.0,derived,Derived from synthetic FinalFlow scenario inputs; not observed event operations.
rail_capacity_boost,2026-07-19T19:10:00Z,250,post_match,secaucus,0,0,0,0,0,0.0,0.0,derived,Derived from synthetic FinalFlow scenario inputs; not observed event operations.
rail_capacity_boost,2026-07-19T19:10:00Z,250,post_match,meadowlands,0,0,0,0,0,0.0,0.0,derived,Derived from synthetic FinalFlow scenario inputs; not observed event operations.
rail_capacity_boost,2026-07-19T19:10:00Z,250,post_match,stadium,0,0,0,0,0,0.0,0.0,derived,Derived from synthetic FinalFlow scenario inputs; not observed event operations.
rail_capacity_boost,2026-07-19T19:15:00Z,255,post_match,midtown,0,0,0,0,0,0.0,0.0,derived,Derived from synthetic FinalFlow scenario inputs; not observed event operations.
rail_capacity_boost,2026-07-19T19:15:00Z,255,post_match,penn_station,0,0,0,0,0,0.0,0.0,derived,Derived from synthetic FinalFlow scenario inputs; not observed event operations.
rail_capacity_boost,2026-07-19T19:15:00Z,255,post_match,secaucus,0,0,0,0,0,0.0,0.0,derived,Derived from synthetic FinalFlow scenario inputs; not observed event operations.
rail_capacity_boost,2026-07-19T19:15:00Z,255,post_match,meadowlands,0,0,0,0,0,0.0,0.0,derived,Derived from synthetic FinalFlow scenario inputs; not observed event operations.
rail_capacity_boost,2026-07-19T19:15:00Z,255,post_match,stadium,0,0,0,0,0,0.0,0.0,derived,Derived from synthetic FinalFlow scenario inputs; not observed event operations.
rail_capacity_boost,2026-07-19T19:20:00Z,260,post_match,midtown,0,0,0,0,0,0.0,0.0,derived,Derived from synthetic FinalFlow scenario inputs; not observed event operations.
rail_capacity_boost,2026-07-19T19:20:00Z,260,post_match,penn_station,0,0,0,0,0,0.0,0.0,derived,Derived from synthetic FinalFlow scenario inputs; not observed event operations.
rail_capacity_boost,2026-07-19T19:20:00Z,260,post_match,secaucus,0,0,0,0,0,0.0,0.0,derived,Derived from synthetic FinalFlow scenario inputs; not observed event operations.
rail_capacity_boost,2026-07-19T19:20:00Z,260,post_match,meadowlands,0,0,0,0,0,0.0,0.0,derived,Derived from synthetic FinalFlow scenario inputs; not observed event operations.
rail_capacity_boost,2026-07-19T19:20:00Z,260,post_match,stadium,0,0,0,0,0,0.0,0.0,derived,Derived from synthetic FinalFlow scenario inputs; not observed event operations.
rail_capacity_boost,2026-07-19T19:25:00Z,265,post_match,midtown,0,0,0,0,0,0.0,0.0,derived,Derived from synthetic FinalFlow scenario inputs; not observed event operations.
rail_capacity_boost,2026-07-19T19:25:00Z,265,post_match,penn_station,0,0,0,0,0,0.0,0.0,derived,Derived from synthetic FinalFlow scenario inputs; not observed event operations.
rail_capacity_boost,2026-07-19T19:25:00Z,265,post_match,secaucus,0,0,0,0,0,0.0,0.0,derived,Derived from synthetic FinalFlow scenario inputs; not observed event operations.
rail_capacity_boost,2026-07-19T19:25:00Z,265,post_match,meadowlands,0,0,0,0,0,0.0,0.0,derived,Derived from synthetic FinalFlow scenario inputs; not observed event operations.
rail_capacity_boost,2026-07-19T19:25:00Z,265,post_match,stadium,0,0,0,0,0,0.0,0.0,derived,Derived from synthetic FinalFlow scenario inputs; not observed event operations.
rail_capacity_boost,2026-07-19T19:30:00Z,270,post_match,midtown,0,0,0,0,0,0.0,0.0,derived,Derived from synthetic FinalFlow scenario inputs; not observed event operations.
rail_capacity_boost,2026-07-19T19:30:00Z,270,post_match,penn_station,0,0,0,0,0,0.0,0.0,derived,Derived from synthetic FinalFlow scenario inputs; not observed event operations.
rail_capacity_boost,2026-07-19T19:30:00Z,270,post_match,secaucus,0,0,0,0,0,0.0,0.0,derived,Derived from synthetic FinalFlow scenario inputs; not observed event operations.
rail_capacity_boost,2026-07-19T19:30:00Z,270,post_match,meadowlands,0,0,0,0,0,0.0,0.0,derived,Derived from synthetic FinalFlow scenario inputs; not observed event operations.
rail_capacity_boost,2026-07-19T19:30:00Z,270,post_match,stadium,0,0,0,0,0,0.0,0.0,derived,Derived from synthetic FinalFlow scenario inputs; not observed event operations.
rail_capacity_boost,2026-07-19T19:35:00Z,275,post_match,midtown,0,0,0,0,0,0.0,0.0,derived,Derived from synthetic FinalFlow scenario inputs; not observed event operations.
rail_capacity_boost,2026-07-19T19:35:00Z,275,post_match,penn_station,0,0,0,0,0,0.0,0.0,derived,Derived from synthetic FinalFlow scenario inputs; not observed event operations.
rail_capacity_boost,2026-07-19T19:35:00Z,275,post_match,secaucus,0,0,0,0,0,0.0,0.0,derived,Derived from synthetic FinalFlow scenario inputs; not observed event operations.
rail_capacity_boost,2026-07-19T19:35:00Z,275,post_match,meadowlands,0,0,0,0,0,0.0,0.0,derived,Derived from synthetic FinalFlow scenario inputs; not observed event operations.
rail_capacity_boost,2026-07-19T19:35:00Z,275,post_match,stadium,0,0,0,0,0,0.0,0.0,derived,Derived from synthetic FinalFlow scenario inputs; not observed event operations.
rail_capacity_boost,2026-07-19T19:40:00Z,280,post_match,midtown,0,0,0,0,0,0.0,0.0,derived,Derived from synthetic FinalFlow scenario inputs; not observed event operations.
rail_capacity_boost,2026-07-19T19:40:00Z,280,post_match,penn_station,0,0,0,0,0,0.0,0.0,derived,Derived from synthetic FinalFlow scenario inputs; not observed event operations.
rail_capacity_boost,2026-07-19T19:40:00Z,280,post_match,secaucus,0,0,0,0,0,0.0,0.0,derived,Derived from synthetic FinalFlow scenario inputs; not observed event operations.
rail_capacity_boost,2026-07-19T19:40:00Z,280,post_match,meadowlands,0,0,0,0,0,0.0,0.0,derived,Derived from synthetic FinalFlow scenario inputs; not observed event operations.
rail_capacity_boost,2026-07-19T19:40:00Z,280,post_match,stadium,0,0,0,0,0,0.0,0.0,derived,Derived from synthetic FinalFlow scenario inputs; not observed event operations.
rail_capacity_boost,2026-07-19T19:45:00Z,285,post_match,midtown,0,0,0,0,0,0.0,0.0,derived,Derived from synthetic FinalFlow scenario inputs; not observed event operations.
rail_capacity_boost,2026-07-19T19:45:00Z,285,post_match,penn_station,0,0,0,0,0,0.0,0.0,derived,Derived from synthetic FinalFlow scenario inputs; not observed event operations.
rail_capacity_boost,2026-07-19T19:45:00Z,285,post_match,secaucus,0,0,0,0,0,0.0,0.0,derived,Derived from synthetic FinalFlow scenario inputs; not observed event operations.
rail_capacity_boost,2026-07-19T19:45:00Z,285,post_match,meadowlands,0,0,0,0,0,0.0,0.0,derived,Derived from synthetic FinalFlow scenario inputs; not observed event operations.
rail_capacity_boost,2026-07-19T19:45:00Z,285,post_match,stadium,0,0,0,0,0,0.0,0.0,derived,Derived from synthetic FinalFlow scenario inputs; not observed event operations.
rail_capacity_boost,2026-07-19T19:50:00Z,290,post_match,midtown,0,0,0,0,0,0.0,0.0,derived,Derived from synthetic FinalFlow scenario inputs; not observed event operations.
rail_capacity_boost,2026-07-19T19:50:00Z,290,post_match,penn_station,0,0,0,0,0,0.0,0.0,derived,Derived from synthetic FinalFlow scenario inputs; not observed event operations.
rail_capacity_boost,2026-07-19T19:50:00Z,290,post_match,secaucus,0,0,0,0,0,0.0,0.0,derived,Derived from synthetic FinalFlow scenario inputs; not observed event operations.
rail_capacity_boost,2026-07-19T19:50:00Z,290,post_match,meadowlands,0,0,0,0,0,0.0,0.0,derived,Derived from synthetic FinalFlow scenario inputs; not observed event operations.
rail_capacity_boost,2026-07-19T19:50:00Z,290,post_match,stadium,0,0,0,0,0,0.0,0.0,derived,Derived from synthetic FinalFlow scenario inputs; not observed event operations.
rail_capacity_boost,2026-07-19T19:55:00Z,295,post_match,midtown,0,0,0,0,0,0.0,0.0,derived,Derived from synthetic FinalFlow scenario inputs; not observed event operations.
rail_capacity_boost,2026-07-19T19:55:00Z,295,post_match,penn_station,0,0,0,0,0,0.0,0.0,derived,Derived from synthetic FinalFlow scenario inputs; not observed event operations.
rail_capacity_boost,2026-07-19T19:55:00Z,295,post_match,secaucus,0,0,0,0,0,0.0,0.0,derived,Derived from synthetic FinalFlow scenario inputs; not observed event operations.
rail_capacity_boost,2026-07-19T19:55:00Z,295,post_match,meadowlands,0,0,0,0,0,0.0,0.0,derived,Derived from synthetic FinalFlow scenario inputs; not observed event operations.
rail_capacity_boost,2026-07-19T19:55:00Z,295,post_match,stadium,0,0,0,0,0,0.0,0.0,derived,Derived from synthetic FinalFlow scenario inputs; not observed event operations.
rail_capacity_boost,2026-07-19T20:00:00Z,300,post_match,midtown,0,0,0,0,0,0.0,0.0,derived,Derived from synthetic FinalFlow scenario inputs; not observed event operations.
rail_capacity_boost,2026-07-19T20:00:00Z,300,post_match,penn_station,0,0,0,0,0,0.0,0.0,derived,Derived from synthetic FinalFlow scenario inputs; not observed event operations.
rail_capacity_boost,2026-07-19T20:00:00Z,300,post_match,secaucus,0,0,0,0,0,0.0,0.0,derived,Derived from synthetic FinalFlow scenario inputs; not observed event operations.
rail_capacity_boost,2026-07-19T20:00:00Z,300,post_match,meadowlands,0,0,0,0,0,0.0,0.0,derived,Derived from synthetic FinalFlow scenario inputs; not observed event operations.
rail_capacity_boost,2026-07-19T20:00:00Z,300,post_match,stadium,0,0,0,0,0,0.0,0.0,derived,Derived from synthetic FinalFlow scenario inputs; not observed event operations.
rail_capacity_boost,2026-07-19T20:05:00Z,305,post_match,midtown,0,0,0,0,0,0.0,0.0,derived,Derived from synthetic FinalFlow scenario inputs; not observed event operations.
rail_capacity_boost,2026-07-19T20:05:00Z,305,post_match,penn_station,0,0,0,0,0,0.0,0.0,derived,Derived from synthetic FinalFlow scenario inputs; not observed event operations.
rail_capacity_boost,2026-07-19T20:05:00Z,305,post_match,secaucus,0,0,0,0,0,0.0,0.0,derived,Derived from synthetic FinalFlow scenario inputs; not observed event operations.
rail_capacity_boost,2026-07-19T20:05:00Z,305,post_match,meadowlands,0,0,0,0,0,0.0,0.0,derived,Derived from synthetic FinalFlow scenario inputs; not observed event operations.
rail_capacity_boost,2026-07-19T20:05:00Z,305,post_match,stadium,0,0,0,0,0,0.0,0.0,derived,Derived from synthetic FinalFlow scenario inputs; not observed event operations.
rail_capacity_boost,2026-07-19T20:10:00Z,310,post_match,midtown,0,0,0,0,0,0.0,0.0,derived,Derived from synthetic FinalFlow scenario inputs; not observed event operations.
rail_capacity_boost,2026-07-19T20:10:00Z,310,post_match,penn_station,0,0,0,0,0,0.0,0.0,derived,Derived from synthetic FinalFlow scenario inputs; not observed event operations.
rail_capacity_boost,2026-07-19T20:10:00Z,310,post_match,secaucus,0,0,0,0,0,0.0,0.0,derived,Derived from synthetic FinalFlow scenario inputs; not observed event operations.
rail_capacity_boost,2026-07-19T20:10:00Z,310,post_match,meadowlands,0,0,0,0,0,0.0,0.0,derived,Derived from synthetic FinalFlow scenario inputs; not observed event operations.
rail_capacity_boost,2026-07-19T20:10:00Z,310,post_match,stadium,0,0,0,0,0,0.0,0.0,derived,Derived from synthetic FinalFlow scenario inputs; not observed event operations.
rail_capacity_boost,2026-07-19T20:15:00Z,315,post_match,midtown,0,0,0,0,0,0.0,0.0,derived,Derived from synthetic FinalFlow scenario inputs; not observed event operations.
rail_capacity_boost,2026-07-19T20:15:00Z,315,post_match,penn_station,0,0,0,0,0,0.0,0.0,derived,Derived from synthetic FinalFlow scenario inputs; not observed event operations.
rail_capacity_boost,2026-07-19T20:15:00Z,315,post_match,secaucus,0,0,0,0,0,0.0,0.0,derived,Derived from synthetic FinalFlow scenario inputs; not observed event operations.
rail_capacity_boost,2026-07-19T20:15:00Z,315,post_match,meadowlands,0,0,0,0,0,0.0,0.0,derived,Derived from synthetic FinalFlow scenario inputs; not observed event operations.
rail_capacity_boost,2026-07-19T20:15:00Z,315,post_match,stadium,0,0,0,0,0,0.0,0.0,derived,Derived from synthetic FinalFlow scenario inputs; not observed event operations.
rain,2026-07-19T12:00:00Z,-180,pre_match,midtown,0,0,0,0,0,0.0,0.0,derived,Derived from synthetic FinalFlow scenario inputs; not observed event operations.
rain,2026-07-19T12:00:00Z,-180,pre_match,penn_station,0,0,0,0,0,0.0,0.0,derived,Derived from synthetic FinalFlow scenario inputs; not observed event operations.
rain,2026-07-19T12:00:00Z,-180,pre_match,secaucus,0,0,0,0,0,0.0,0.0,derived,Derived from synthetic FinalFlow scenario inputs; not observed event operations.
rain,2026-07-19T12:00:00Z,-180,pre_match,meadowlands,0,0,0,0,0,0.0,0.0,derived,Derived from synthetic FinalFlow scenario inputs; not observed event operations.
rain,2026-07-19T12:00:00Z,-180,pre_match,stadium,0,0,0,0,0,0.0,0.0,derived,Derived from synthetic FinalFlow scenario inputs; not observed event operations.
rain,2026-07-19T12:05:00Z,-175,pre_match,midtown,0,0,0,0,0,0.0,0.0,derived,Derived from synthetic FinalFlow scenario inputs; not observed event operations.
rain,2026-07-19T12:05:00Z,-175,pre_match,penn_station,0,0,0,0,0,0.0,0.0,derived,Derived from synthetic FinalFlow scenario inputs; not observed event operations.
rain,2026-07-19T12:05:00Z,-175,pre_match,secaucus,0,0,0,0,0,0.0,0.0,derived,Derived from synthetic FinalFlow scenario inputs; not observed event operations.
rain,2026-07-19T12:05:00Z,-175,pre_match,meadowlands,0,0,0,0,0,0.0,0.0,derived,Derived from synthetic FinalFlow scenario inputs; not observed event operations.
rain,2026-07-19T12:05:00Z,-175,pre_match,stadium,0,0,0,0,0,0.0,0.0,derived,Derived from synthetic FinalFlow scenario inputs; not observed event operations.
rain,2026-07-19T12:10:00Z,-170,pre_match,midtown,0,0,0,0,0,0.0,0.0,derived,Derived from synthetic FinalFlow scenario inputs; not observed event operations.
rain,2026-07-19T12:10:00Z,-170,pre_match,penn_station,0,0,0,0,0,0.0,0.0,derived,Derived from synthetic FinalFlow scenario inputs; not observed event operations.
rain,2026-07-19T12:10:00Z,-170,pre_match,secaucus,0,0,0,0,0,0.0,0.0,derived,Derived from synthetic FinalFlow scenario inputs; not observed event operations.
rain,2026-07-19T12:10:00Z,-170,pre_match,meadowlands,0,0,0,0,0,0.0,0.0,derived,Derived from synthetic FinalFlow scenario inputs; not observed event operations.
rain,2026-07-19T12:10:00Z,-170,pre_match,stadium,0,0,0,0,0,0.0,0.0,derived,Derived from synthetic FinalFlow scenario inputs; not observed event operations.
rain,2026-07-19T12:15:00Z,-165,pre_match,midtown,0,0,0,0,0,0.0,0.0,derived,Derived from synthetic FinalFlow scenario inputs; not observed event operations.
rain,2026-07-19T12:15:00Z,-165,pre_match,penn_station,0,0,0,0,0,0.0,0.0,derived,Derived from synthetic FinalFlow scenario inputs; not observed event operations.
rain,2026-07-19T12:15:00Z,-165,pre_match,secaucus,0,0,0,0,0,0.0,0.0,derived,Derived from synthetic FinalFlow scenario inputs; not observed event operations.
rain,2026-07-19T12:15:00Z,-165,pre_match,meadowlands,0,0,0,0,0,0.0,0.0,derived,Derived from synthetic FinalFlow scenario inputs; not observed event operations.
rain,2026-07-19T12:15:00Z,-165,pre_match,stadium,0,0,0,0,0,0.0,0.0,derived,Derived from synthetic FinalFlow scenario inputs; not observed event operations.
rain,2026-07-19T12:20:00Z,-160,pre_match,midtown,0,0,0,0,0,0.0,0.0,derived,Derived from synthetic FinalFlow scenario inputs; not observed event operations.
rain,2026-07-19T12:20:00Z,-160,pre_match,penn_station,0,0,0,0,0,0.0,0.0,derived,Derived from synthetic FinalFlow scenario inputs; not observed event operations.
rain,2026-07-19T12:20:00Z,-160,pre_match,secaucus,0,0,0,0,0,0.0,0.0,derived,Derived from synthetic FinalFlow scenario inputs; not observed event operations.
rain,2026-07-19T12:20:00Z,-160,pre_match,meadowlands,0,0,0,0,0,0.0,0.0,derived,Derived from synthetic FinalFlow scenario inputs; not observed event operations.
rain,2026-07-19T12:20:00Z,-160,pre_match,stadium,0,0,0,0,0,0.0,0.0,derived,Derived from synthetic FinalFlow scenario inputs; not observed event operations.
rain,2026-07-19T12:25:00Z,-155,pre_match,midtown,0,0,0,0,0,0.0,0.0,derived,Derived from synthetic FinalFlow scenario inputs; not observed event operations.
rain,2026-07-19T12:25:00Z,-155,pre_match,penn_station,0,0,0,0,0,0.0,0.0,derived,Derived from synthetic FinalFlow scenario inputs; not observed event operations.
rain,2026-07-19T12:25:00Z,-155,pre_match,secaucus,0,0,0,0,0,0.0,0.0,derived,Derived from synthetic FinalFlow scenario inputs; not observed event operations.
rain,2026-07-19T12:25:00Z,-155,pre_match,meadowlands,0,0,0,0,0,0.0,0.0,derived,Derived from synthetic FinalFlow scenario inputs; not observed event operations.
rain,2026-07-19T12:25:00Z,-155,pre_match,stadium,0,0,0,0,0,0.0,0.0,derived,Derived from synthetic FinalFlow scenario inputs; not observed event operations.
rain,2026-07-19T12:30:00Z,-150,pre_match,midtown,11,0,0,11,11,0.022916666666666665,0.0,derived,Derived from synthetic FinalFlow scenario inputs; not observed event operations.
rain,2026-07-19T12:30:00Z,-150,pre_match,penn_station,2,0,0,2,2,0.002777777777777778,0.0,derived,Derived from synthetic FinalFlow scenario inputs; not observed event operations.
rain,2026-07-19T12:30:00Z,-150,pre_match,secaucus,2,0,0,2,2,0.004166666666666667,0.0,derived,Derived from synthetic FinalFlow scenario inputs; not observed event operations.
rain,2026-07-19T12:30:00Z,-150,pre_match,meadowlands,1,0,0,1,1,0.001388888888888889,0.0,derived,Derived from synthetic FinalFlow scenario inputs; not observed event operations.
rain,2026-07-19T12:30:00Z,-150,pre_match,stadium,14,14,0,0,0,0.0,30.0,derived,Derived from synthetic FinalFlow scenario inputs; not observed event operations.
rain,2026-07-19T12:35:00Z,-145,pre_match,midtown,11,0,0,11,11,0.022916666666666665,0.0,derived,Derived from synthetic FinalFlow scenario inputs; not observed event operations.
rain,2026-07-19T12:35:00Z,-145,pre_match,penn_station,2,0,0,2,2,0.002777777777777778,0.0,derived,Derived from synthetic FinalFlow scenario inputs; not observed event operations.
rain,2026-07-19T12:35:00Z,-145,pre_match,secaucus,2,0,0,2,2,0.004166666666666667,0.0,derived,Derived from synthetic FinalFlow scenario inputs; not observed event operations.
rain,2026-07-19T12:35:00Z,-145,pre_match,meadowlands,1,0,0,1,1,0.001388888888888889,0.0,derived,Derived from synthetic FinalFlow scenario inputs; not observed event operations.
rain,2026-07-19T12:35:00Z,-145,pre_match,stadium,14,28,0,0,0,0.0,25.0,derived,Derived from synthetic FinalFlow scenario inputs; not observed event operations.
rain,2026-07-19T12:40:00Z,-140,pre_match,midtown,11,0,0,11,11,0.022916666666666665,0.0,derived,Derived from synthetic FinalFlow scenario inputs; not observed event operations.
rain,2026-07-19T12:40:00Z,-140,pre_match,penn_station,2,0,0,2,2,0.002777777777777778,0.0,derived,Derived from synthetic FinalFlow scenario inputs; not observed event operations.
rain,2026-07-19T12:40:00Z,-140,pre_match,secaucus,2,0,0,2,2,0.004166666666666667,0.0,derived,Derived from synthetic FinalFlow scenario inputs; not observed event operations.
rain,2026-07-19T12:40:00Z,-140,pre_match,meadowlands,1,0,0,1,1,0.001388888888888889,0.0,derived,Derived from synthetic FinalFlow scenario inputs; not observed event operations.
rain,2026-07-19T12:40:00Z,-140,pre_match,stadium,14,42,0,0,0,0.0,20.0,derived,Derived from synthetic FinalFlow scenario inputs; not observed event operations.
rain,2026-07-19T12:45:00Z,-135,pre_match,midtown,20,0,0,20,20,0.041666666666666664,0.0,derived,Derived from synthetic FinalFlow scenario inputs; not observed event operations.
rain,2026-07-19T12:45:00Z,-135,pre_match,penn_station,5,0,0,5,5,0.006944444444444444,0.0,derived,Derived from synthetic FinalFlow scenario inputs; not observed event operations.
rain,2026-07-19T12:45:00Z,-135,pre_match,secaucus,4,0,0,4,4,0.008333333333333333,0.0,derived,Derived from synthetic FinalFlow scenario inputs; not observed event operations.
rain,2026-07-19T12:45:00Z,-135,pre_match,meadowlands,2,0,0,2,2,0.002777777777777778,0.0,derived,Derived from synthetic FinalFlow scenario inputs; not observed event operations.
rain,2026-07-19T12:45:00Z,-135,pre_match,stadium,30,72,0,0,0,0.0,15.0,derived,Derived from synthetic FinalFlow scenario inputs; not observed event operations.
rain,2026-07-19T12:50:00Z,-130,pre_match,midtown,20,0,0,20,20,0.041666666666666664,0.0,derived,Derived from synthetic FinalFlow scenario inputs; not observed event operations.
rain,2026-07-19T12:50:00Z,-130,pre_match,penn_station,16,0,0,16,16,0.022222222222222223,0.0,derived,Derived from synthetic FinalFlow scenario inputs; not observed event operations.
rain,2026-07-19T12:50:00Z,-130,pre_match,secaucus,6,0,0,6,6,0.0125,0.0,derived,Derived from synthetic FinalFlow scenario inputs; not observed event operations.
rain,2026-07-19T12:50:00Z,-130,pre_match,meadowlands,4,0,0,4,4,0.005555555555555556,0.0,derived,Derived from synthetic FinalFlow scenario inputs; not observed event operations.
rain,2026-07-19T12:50:00Z,-130,pre_match,stadium,30,102,0,0,0,0.0,10.0,derived,Derived from synthetic FinalFlow scenario inputs; not observed event operations.
rain,2026-07-19T12:55:00Z,-125,pre_match,midtown,31,0,0,31,31,0.06458333333333334,0.0,derived,Derived from synthetic FinalFlow scenario inputs; not observed event operations.
rain,2026-07-19T12:55:00Z,-125,pre_match,penn_station,18,0,0,18,18,0.025,0.0,derived,Derived from synthetic FinalFlow scenario inputs; not observed event operations.
rain,2026-07-19T12:55:00Z,-125,pre_match,secaucus,8,0,0,8,8,0.016666666666666666,0.0,derived,Derived from synthetic FinalFlow scenario inputs; not observed event operations.
rain,2026-07-19T12:55:00Z,-125,pre_match,meadowlands,6,0,0,6,6,0.008333333333333333,0.0,derived,Derived from synthetic FinalFlow scenario inputs; not observed event operations.
rain,2026-07-19T12:55:00Z,-125,pre_match,stadium,43,145,0,0,0,0.0,5.0,derived,Derived from synthetic FinalFlow scenario inputs; not observed event operations.
rain,2026-07-19T13:00:00Z,-120,gates_open,midtown,31,0,0,31,31,0.06458333333333334,0.0,derived,Derived from synthetic FinalFlow scenario inputs; not observed event operations.
rain,2026-07-19T13:00:00Z,-120,gates_open,penn_station,18,0,0,18,18,0.025,0.0,derived,Derived from synthetic FinalFlow scenario inputs; not observed event operations.
rain,2026-07-19T13:00:00Z,-120,gates_open,secaucus,8,0,0,8,8,0.016666666666666666,0.0,derived,Derived from synthetic FinalFlow scenario inputs; not observed event operations.
rain,2026-07-19T13:00:00Z,-120,gates_open,meadowlands,6,0,0,6,6,0.008333333333333333,0.0,derived,Derived from synthetic FinalFlow scenario inputs; not observed event operations.
rain,2026-07-19T13:00:00Z,-120,gates_open,stadium,44,0,189,189,0,,0.0,derived,Derived from synthetic FinalFlow scenario inputs; not observed event operations.
rain,2026-07-19T13:05:00Z,-115,pre_match,midtown,41,0,0,41,41,0.08541666666666667,0.0,derived,Derived from synthetic FinalFlow scenario inputs; not observed event operations.
rain,2026-07-19T13:05:00Z,-115,pre_match,penn_station,30,0,0,30,30,0.041666666666666664,0.0,derived,Derived from synthetic FinalFlow scenario inputs; not observed event operations.
rain,2026-07-19T13:05:00Z,-115,pre_match,secaucus,12,0,0,12,12,0.025,0.0,derived,Derived from synthetic FinalFlow scenario inputs; not observed event operations.
rain,2026-07-19T13:05:00Z,-115,pre_match,meadowlands,9,0,0,9,9,0.0125,0.0,derived,Derived from synthetic FinalFlow scenario inputs; not observed event operations.
rain,2026-07-19T13:05:00Z,-115,pre_match,stadium,61,0,250,61,0,,0.0,derived,Derived from synthetic FinalFlow scenario inputs; not observed event operations.
rain,2026-07-19T13:10:00Z,-110,pre_match,midtown,52,0,0,52,52,0.10833333333333334,0.0,derived,Derived from synthetic FinalFlow scenario inputs; not observed event operations.
rain,2026-07-19T13:10:00Z,-110,pre_match,penn_station,32,0,0,32,32,0.044444444444444446,0.0,derived,Derived from synthetic FinalFlow scenario inputs; not observed event operations.
rain,2026-07-19T13:10:00Z,-110,pre_match,secaucus,26,0,0,26,26,0.05416666666666667,0.0,derived,Derived from synthetic FinalFlow scenario inputs; not observed event operations.
rain,2026-07-19T13:10:00Z,-110,pre_match,meadowlands,12,0,0,12,12,0.016666666666666666,0.0,derived,Derived from synthetic FinalFlow scenario inputs; not observed event operations.
rain,2026-07-19T13:10:00Z,-110,pre_match,stadium,76,0,326,76,0,,0.0,derived,Derived from synthetic FinalFlow scenario inputs; not observed event operations.
rain,2026-07-19T13:15:00Z,-105,pre_match,midtown,62,0,0,62,62,0.12916666666666668,0.0,derived,Derived from synthetic FinalFlow scenario inputs; not observed event operations.
rain,2026-07-19T13:15:00Z,-105,pre_match,penn_station,45,0,0,45,45,0.0625,0.0,derived,Derived from synthetic FinalFlow scenario inputs; not observed event operations.
rain,2026-07-19T13:15:00Z,-105,pre_match,secaucus,30,0,0,30,30,0.0625,0.0,derived,Derived from synthetic FinalFlow scenario inputs; not observed event operations.
rain,2026-07-19T13:15:00Z,-105,pre_match,meadowlands,15,0,0,15,15,0.020833333333333332,0.0,derived,Derived from synthetic FinalFlow scenario inputs; not observed event operations.
rain,2026-07-19T13:15:00Z,-105,pre_match,stadium,91,0,417,91,0,,0.0,derived,Derived from synthetic FinalFlow scenario inputs; not observed event operations.
rain,2026-07-19T13:20:00Z,-100,pre_match,midtown,73,0,0,73,73,0.15208333333333332,0.0,derived,Derived from synthetic FinalFlow scenario inputs; not observed event operations.
rain,2026-07-19T13:20:00Z,-100,pre_match,penn_station,48,0,0,48,48,0.06666666666666667,0.0,derived,Derived from synthetic FinalFlow scenario inputs; not observed event operations.
rain,2026-07-19T13:20:00Z,-100,pre_match,secaucus,31,0,0,31,31,0.06458333333333334,0.0,derived,Derived from synthetic FinalFlow scenario inputs; not observed event operations.
rain,2026-07-19T13:20:00Z,-100,pre_match,meadowlands,17,0,0,17,17,0.02361111111111111,0.0,derived,Derived from synthetic FinalFlow scenario inputs; not observed event operations.
rain,2026-07-19T13:20:00Z,-100,pre_match,stadium,107,0,524,107,0,,0.0,derived,Derived from synthetic FinalFlow scenario inputs; not observed event operations.
rain,2026-07-19T13:25:00Z,-95,pre_match,midtown,82,0,0,82,82,0.17083333333333334,0.0,derived,Derived from synthetic FinalFlow scenario inputs; not observed event operations.
rain,2026-07-19T13:25:00Z,-95,pre_match,penn_station,60,0,0,60,60,0.08333333333333333,0.0,derived,Derived from synthetic FinalFlow scenario inputs; not observed event operations.
rain,2026-07-19T13:25:00Z,-95,pre_match,secaucus,45,0,0,45,45,0.09375,0.0,derived,Derived from synthetic FinalFlow scenario inputs; not observed event operations.
rain,2026-07-19T13:25:00Z,-95,pre_match,meadowlands,22,0,0,22,22,0.030555555555555555,0.0,derived,Derived from synthetic FinalFlow scenario inputs; not observed event operations.
rain,2026-07-19T13:25:00Z,-95,pre_match,stadium,126,0,650,126,0,,0.0,derived,Derived from synthetic FinalFlow scenario inputs; not observed event operations.
rain,2026-07-19T13:30:00Z,-90,pre_match,midtown,93,0,0,93,93,0.19375,0.0,derived,Derived from synthetic FinalFlow scenario inputs; not observed event operations.
rain,2026-07-19T13:30:00Z,-90,pre_match,penn_station,73,0,0,73,73,0.10138888888888889,0.0,derived,Derived from synthetic FinalFlow scenario inputs; not observed event operations.
rain,2026-07-19T13:30:00Z,-90,pre_match,secaucus,49,0,0,49,49,0.10208333333333333,0.0,derived,Derived from synthetic FinalFlow scenario inputs; not observed event operations.
rain,2026-07-19T13:30:00Z,-90,pre_match,meadowlands,38,0,0,38,38,0.05277777777777778,0.0,derived,Derived from synthetic FinalFlow scenario inputs; not observed event operations.
rain,2026-07-19T13:30:00Z,-90,pre_match,stadium,142,0,792,142,0,,0.0,derived,Derived from synthetic FinalFlow scenario inputs; not observed event operations.
rain,2026-07-19T13:35:00Z,-85,pre_match,midtown,104,0,0,104,104,0.21666666666666667,0.0,derived,Derived from synthetic FinalFlow scenario inputs; not observed event operations.
rain,2026-07-19T13:35:00Z,-85,pre_match,penn_station,86,0,0,86,86,0.11944444444444445,0.0,derived,Derived from synthetic FinalFlow scenario inputs; not observed event operations.
rain,2026-07-19T13:35:00Z,-85,pre_match,secaucus,64,0,0,64,64,0.13333333333333333,0.0,derived,Derived from synthetic FinalFlow scenario inputs; not observed event operations.
rain,2026-07-19T13:35:00Z,-85,pre_match,meadowlands,43,0,0,43,43,0.059722222222222225,0.0,derived,Derived from synthetic FinalFlow scenario inputs; not observed event operations.
rain,2026-07-19T13:35:00Z,-85,pre_match,stadium,157,0,949,157,0,,0.0,derived,Derived from synthetic FinalFlow scenario inputs; not observed event operations.
rain,2026-07-19T13:40:00Z,-80,pre_match,midtown,114,0,0,114,114,0.2375,0.0,derived,Derived from synthetic FinalFlow scenario inputs; not observed event operations.
rain,2026-07-19T13:40:00Z,-80,pre_match,penn_station,99,0,0,99,99,0.1375,0.0,derived,Derived from synthetic FinalFlow scenario inputs; not observed event operations.
rain,2026-07-19T13:40:00Z,-80,pre_match,secaucus,69,0,0,69,69,0.14375,0.0,derived,Derived from synthetic FinalFlow scenario inputs; not observed event operations.
rain,2026-07-19T13:40:00Z,-80,pre_match,meadowlands,45,0,0,45,45,0.0625,0.0,derived,Derived from synthetic FinalFlow scenario inputs; not observed event operations.
rain,2026-07-19T13:40:00Z,-80,pre_match,stadium,177,0,1126,177,0,,0.0,derived,Derived from synthetic FinalFlow scenario inputs; not observed event operations.
rain,2026-07-19T13:45:00Z,-75,pre_match,midtown,124,0,0,124,124,0.25833333333333336,0.0,derived,Derived from synthetic FinalFlow scenario inputs; not observed event operations.
rain,2026-07-19T13:45:00Z,-75,pre_match,penn_station,111,0,0,111,111,0.15416666666666667,0.0,derived,Derived from synthetic FinalFlow scenario inputs; not observed event operations.
rain,2026-07-19T13:45:00Z,-75,pre_match,secaucus,83,0,0,83,83,0.17291666666666666,0.0,derived,Derived from synthetic FinalFlow scenario inputs; not observed event operations.
rain,2026-07-19T13:45:00Z,-75,pre_match,meadowlands,60,0,0,60,60,0.08333333333333333,0.0,derived,Derived from synthetic FinalFlow scenario inputs; not observed event operations.
rain,2026-07-19T13:45:00Z,-75,pre_match,stadium,207,0,1333,207,0,,0.0,derived,Derived from synthetic FinalFlow scenario inputs; not observed event operations.
rain,2026-07-19T13:50:00Z,-70,pre_match,midtown,135,0,0,135,135,0.28125,0.0,derived,Derived from synthetic FinalFlow scenario inputs; not observed event operations.
rain,2026-07-19T13:50:00Z,-70,pre_match,penn_station,124,0,0,124,124,0.17222222222222222,0.0,derived,Derived from synthetic FinalFlow scenario inputs; not observed event operations.
rain,2026-07-19T13:50:00Z,-70,pre_match,secaucus,98,0,0,98,98,0.20416666666666666,0.0,derived,Derived from synthetic FinalFlow scenario inputs; not observed event operations.
rain,2026-07-19T13:50:00Z,-70,pre_match,meadowlands,66,0,0,66,66,0.09166666666666666,0.0,derived,Derived from synthetic FinalFlow scenario inputs; not observed event operations.
rain,2026-07-19T13:50:00Z,-70,pre_match,stadium,225,0,1558,225,0,,0.0,derived,Derived from synthetic FinalFlow scenario inputs; not observed event operations.
rain,2026-07-19T13:55:00Z,-65,pre_match,midtown,145,0,0,145,145,0.3020833333333333,0.0,derived,Derived from synthetic FinalFlow scenario inputs; not observed event operations.
rain,2026-07-19T13:55:00Z,-65,pre_match,penn_station,137,0,0,137,137,0.19027777777777777,0.0,derived,Derived from synthetic FinalFlow scenario inputs; not observed event operations.
rain,2026-07-19T13:55:00Z,-65,pre_match,secaucus,113,0,0,113,113,0.23541666666666666,0.0,derived,Derived from synthetic FinalFlow scenario inputs; not observed event operations.
rain,2026-07-19T13:55:00Z,-65,pre_match,meadowlands,82,0,0,82,82,0.11388888888888889,0.0,derived,Derived from synthetic FinalFlow scenario inputs; not observed event operations.
rain,2026-07-19T13:55:00Z,-65,pre_match,stadium,242,0,1800,242,0,,0.0,derived,Derived from synthetic FinalFlow scenario inputs; not observed event operations.
rain,2026-07-19T14:00:00Z,-60,pre_match,midtown,155,0,0,155,155,0.3229166666666667,0.0,derived,Derived from synthetic FinalFlow scenario inputs; not observed event operations.
rain,2026-07-19T14:00:00Z,-60,pre_match,penn_station,149,0,0,149,149,0.20694444444444443,0.0,derived,Derived from synthetic FinalFlow scenario inputs; not observed event operations.
rain,2026-07-19T14:00:00Z,-60,pre_match,secaucus,128,0,0,128,128,0.26666666666666666,0.0,derived,Derived from synthetic FinalFlow scenario inputs; not observed event operations.
rain,2026-07-19T14:00:00Z,-60,pre_match,meadowlands,88,0,0,88,88,0.12222222222222222,0.0,derived,Derived from synthetic FinalFlow scenario inputs; not observed event operations.
rain,2026-07-19T14:00:00Z,-60,pre_match,stadium,272,0,2072,272,0,,0.0,derived,Derived from synthetic FinalFlow scenario inputs; not observed event operations.
rain,2026-07-19T14:05:00Z,-55,pre_match,midtown,165,0,0,165,165,0.34375,0.0,derived,Derived from synthetic FinalFlow scenario inputs; not observed event operations.
rain,2026-07-19T14:05:00Z,-55,pre_match,penn_station,162,0,0,162,162,0.225,0.0,derived,Derived from synthetic FinalFlow scenario inputs; not observed event operations.
rain,2026-07-19T14:05:00Z,-55,pre_match,secaucus,142,0,0,142,142,0.29583333333333334,0.0,derived,Derived from synthetic FinalFlow scenario inputs; not observed event operations.
rain,2026-07-19T14:05:00Z,-55,pre_match,meadowlands,103,0,0,103,103,0.14305555555555555,0.0,derived,Derived from synthetic FinalFlow scenario inputs; not observed event operations.
rain,2026-07-19T14:05:00Z,-55,pre_match,stadium,292,0,2364,292,0,,0.0,derived,Derived from synthetic FinalFlow scenario inputs; not observed event operations.
rain,2026-07-19T14:10:00Z,-50,pre_match,midtown,165,0,0,165,165,0.34375,0.0,derived,Derived from synthetic FinalFlow scenario inputs; not observed event operations.
rain,2026-07-19T14:10:00Z,-50,pre_match,penn_station,173,0,0,173,173,0.24027777777777778,0.0,derived,Derived from synthetic FinalFlow scenario inputs; not observed event operations.
rain,2026-07-19T14:10:00Z,-50,pre_match,secaucus,155,0,0,155,155,0.3229166666666667,0.0,derived,Derived from synthetic FinalFlow scenario inputs; not observed event operations.
rain,2026-07-19T14:10:00Z,-50,pre_match,meadowlands,118,0,0,118,118,0.1638888888888889,0.0,derived,Derived from synthetic FinalFlow scenario inputs; not observed event operations.
rain,2026-07-19T14:10:00Z,-50,pre_match,stadium,308,0,2672,308,0,,0.0,derived,Derived from synthetic FinalFlow scenario inputs; not observed event operations.
rain,2026-07-19T14:15:00Z,-45,pre_match,midtown,155,0,0,155,155,0.3229166666666667,0.0,derived,Derived from synthetic FinalFlow scenario inputs; not observed event operations.
rain,2026-07-19T14:15:00Z,-45,pre_match,penn_station,180,0,0,180,180,0.25,0.0,derived,Derived from synthetic FinalFlow scenario inputs; not observed event operations.
rain,2026-07-19T14:15:00Z,-45,pre_match,secaucus,166,0,0,166,166,0.3458333333333333,0.0,derived,Derived from synthetic FinalFlow scenario inputs; not observed event operations.
rain,2026-07-19T14:15:00Z,-45,pre_match,meadowlands,132,0,0,132,132,0.18333333333333332,0.0,derived,Derived from synthetic FinalFlow scenario inputs; not observed event operations.
rain,2026-07-19T14:15:00Z,-45,pre_match,stadium,300,0,2972,300,0,,0.0,derived,Derived from synthetic FinalFlow scenario inputs; not observed event operations.
rain,2026-07-19T14:20:00Z,-40,pre_match,midtown,145,0,0,145,145,0.3020833333333333,0.0,derived,Derived from synthetic FinalFlow scenario inputs; not observed event operations.
rain,2026-07-19T14:20:00Z,-40,pre_match,penn_station,188,0,0,188,188,0.2611111111111111,0.0,derived,Derived from synthetic FinalFlow scenario inputs; not observed event operations.
rain,2026-07-19T14:20:00Z,-40,pre_match,secaucus,176,0,0,176,176,0.36666666666666664,0.0,derived,Derived from synthetic FinalFlow scenario inputs; not observed event operations.
rain,2026-07-19T14:20:00Z,-40,pre_match,meadowlands,146,0,0,146,146,0.20277777777777778,0.0,derived,Derived from synthetic FinalFlow scenario inputs; not observed event operations.
rain,2026-07-19T14:20:00Z,-40,pre_match,stadium,300,0,3272,300,0,,0.0,derived,Derived from synthetic FinalFlow scenario inputs; not observed event operations.
rain,2026-07-19T14:25:00Z,-35,pre_match,midtown,124,0,0,124,124,0.25833333333333336,0.0,derived,Derived from synthetic FinalFlow scenario inputs; not observed event operations.
rain,2026-07-19T14:25:00Z,-35,pre_match,penn_station,194,0,0,194,194,0.26944444444444443,0.0,derived,Derived from synthetic FinalFlow scenario inputs; not observed event operations.
rain,2026-07-19T14:25:00Z,-35,pre_match,secaucus,185,0,0,185,185,0.3854166666666667,0.0,derived,Derived from synthetic FinalFlow scenario inputs; not observed event operations.
rain,2026-07-19T14:25:00Z,-35,pre_match,meadowlands,157,0,0,157,157,0.21805555555555556,0.0,derived,Derived from synthetic FinalFlow scenario inputs; not observed event operations.
rain,2026-07-19T14:25:00Z,-35,pre_match,stadium,287,0,3559,287,0,,0.0,derived,Derived from synthetic FinalFlow scenario inputs; not observed event operations.
rain,2026-07-19T14:30:00Z,-30,ceremony,midtown,0,0,0,0,0,0.0,0.0,derived,Derived from synthetic FinalFlow scenario inputs; not observed event operations.
rain,2026-07-19T14:30:00Z,-30,ceremony,penn_station,165,0,0,165,165,0.22916666666666666,0.0,derived,Derived from synthetic FinalFlow scenario inputs; not observed event operations.
rain,2026-07-19T14:30:00Z,-30,ceremony,secaucus,173,0,0,173,173,0.36041666666666666,0.0,derived,Derived from synthetic FinalFlow scenario inputs; not observed event operations.
rain,2026-07-19T14:30:00Z,-30,ceremony,meadowlands,155,0,0,155,155,0.2152777777777778,0.0,derived,Derived from synthetic FinalFlow scenario inputs; not observed event operations.
rain,2026-07-19T14:30:00Z,-30,ceremony,stadium,132,0,3691,132,0,,0.0,derived,Derived from synthetic FinalFlow scenario inputs; not observed event operations.
rain,2026-07-19T14:35:00Z,-25,ceremony,midtown,0,0,0,0,0,0.0,0.0,derived,Derived from synthetic FinalFlow scenario inputs; not observed event operations.
rain,2026-07-19T14:35:00Z,-25,ceremony,penn_station,155,0,0,155,155,0.2152777777777778,0.0,derived,Derived from synthetic FinalFlow scenario inputs; not observed event operations.
rain,2026-07-19T14:35:00Z,-25,ceremony,secaucus,180,0,0,180,180,0.375,0.0,derived,Derived from synthetic FinalFlow scenario inputs; not observed event operations.
rain,2026-07-19T14:35:00Z,-25,ceremony,meadowlands,166,0,0,166,166,0.23055555555555557,0.0,derived,Derived from synthetic FinalFlow scenario inputs; not observed event operations.
rain,2026-07-19T14:35:00Z,-25,ceremony,stadium,146,0,3837,146,0,,0.0,derived,Derived from synthetic FinalFlow scenario inputs; not observed event operations.
rain,2026-07-19T14:40:00Z,-20,ceremony,midtown,0,0,0,0,0,0.0,0.0,derived,Derived from synthetic FinalFlow scenario inputs; not observed event operations.
rain,2026-07-19T14:40:00Z,-20,ceremony,penn_station,145,0,0,145,145,0.2013888888888889,0.0,derived,Derived from synthetic FinalFlow scenario inputs; not observed event operations.
rain,2026-07-19T14:40:00Z,-20,ceremony,secaucus,188,0,0,188,188,0.39166666666666666,0.0,derived,Derived from synthetic FinalFlow scenario inputs; not observed event operations.
rain,2026-07-19T14:40:00Z,-20,ceremony,meadowlands,176,0,0,176,176,0.24444444444444444,0.0,derived,Derived from synthetic FinalFlow scenario inputs; not observed event operations.
rain,2026-07-19T14:40:00Z,-20,ceremony,stadium,157,0,3994,157,0,,0.0,derived,Derived from synthetic FinalFlow scenario inputs; not observed event operations.
rain,2026-07-19T14:45:00Z,-15,ceremony,midtown,0,0,0,0,0,0.0,0.0,derived,Derived from synthetic FinalFlow scenario inputs; not observed event operations.
rain,2026-07-19T14:45:00Z,-15,ceremony,penn_station,124,0,0,124,124,0.17222222222222222,0.0,derived,Derived from synthetic FinalFlow scenario inputs; not observed event operations.
rain,2026-07-19T14:45:00Z,-15,ceremony,secaucus,194,0,0,194,194,0.4041666666666667,0.0,derived,Derived from synthetic FinalFlow scenario inputs; not observed event operations.
rain,2026-07-19T14:45:00Z,-15,ceremony,meadowlands,185,0,0,185,185,0.2569444444444444,0.0,derived,Derived from synthetic FinalFlow scenario inputs; not observed event operations.
rain,2026-07-19T14:45:00Z,-15,ceremony,stadium,155,0,4149,155,0,,0.0,derived,Derived from synthetic FinalFlow scenario inputs; not observed event operations.
rain,2026-07-19T14:50:00Z,-10,ceremony,midtown,0,0,0,0,0,0.0,0.0,derived,Derived from synthetic FinalFlow scenario inputs; not observed event operations.
rain,2026-07-19T14:50:00Z,-10,ceremony,penn_station,0,0,0,0,0,0.0,0.0,derived,Derived from synthetic FinalFlow scenario inputs; not observed event operations.
rain,2026-07-19T14:50:00Z,-10,ceremony,secaucus,165,0,0,165,165,0.34375,0.0,derived,Derived from synthetic FinalFlow scenario inputs; not observed event operations.
rain,2026-07-19T14:50:00Z,-10,ceremony,meadowlands,173,0,0,173,173,0.24027777777777778,0.0,derived,Derived from synthetic FinalFlow scenario inputs; not observed event operations.
rain,2026-07-19T14:50:00Z,-10,ceremony,stadium,166,0,4315,166,0,,0.0,derived,Derived from synthetic FinalFlow scenario inputs; not observed event operations.
rain,2026-07-19T14:55:00Z,-5,ceremony,midtown,0,0,0,0,0,0.0,0.0,derived,Derived from synthetic FinalFlow scenario inputs; not observed event operations.
rain,2026-07-19T14:55:00Z,-5,ceremony,penn_station,0,0,0,0,0,0.0,0.0,derived,Derived from synthetic FinalFlow scenario inputs; not observed event operations.
rain,2026-07-19T14:55:00Z,-5,ceremony,secaucus,155,0,0,155,155,0.3229166666666667,0.0,derived,Derived from synthetic FinalFlow scenario inputs; not observed event operations.
rain,2026-07-19T14:55:00Z,-5,ceremony,meadowlands,180,0,0,180,180,0.25,0.0,derived,Derived from synthetic FinalFlow scenario inputs; not observed event operations.
rain,2026-07-19T14:55:00Z,-5,ceremony,stadium,176,0,4491,176,0,,0.0,derived,Derived from synthetic FinalFlow scenario inputs; not observed event operations.
rain,2026-07-19T15:00:00Z,0,kickoff,midtown,0,0,0,0,0,0.0,0.0,derived,Derived from synthetic FinalFlow scenario inputs; not observed event operations.
rain,2026-07-19T15:00:00Z,0,kickoff,penn_station,0,0,0,0,0,0.0,0.0,derived,Derived from synthetic FinalFlow scenario inputs; not observed event operations.
rain,2026-07-19T15:00:00Z,0,kickoff,secaucus,145,0,0,145,145,0.3020833333333333,0.0,derived,Derived from synthetic FinalFlow scenario inputs; not observed event operations.
rain,2026-07-19T15:00:00Z,0,kickoff,meadowlands,188,0,0,188,188,0.2611111111111111,0.0,derived,Derived from synthetic FinalFlow scenario inputs; not observed event operations.
rain,2026-07-19T15:00:00Z,0,kickoff,stadium,185,0,4676,185,0,,0.0,derived,Derived from synthetic FinalFlow scenario inputs; not observed event operations.
rain,2026-07-19T15:05:00Z,5,first_half,midtown,0,0,0,0,0,0.0,0.0,derived,Derived from synthetic FinalFlow scenario inputs; not observed event operations.
rain,2026-07-19T15:05:00Z,5,first_half,penn_station,0,0,0,0,0,0.0,0.0,derived,Derived from synthetic FinalFlow scenario inputs; not observed event operations.
rain,2026-07-19T15:05:00Z,5,first_half,secaucus,124,0,0,124,124,0.25833333333333336,0.0,derived,Derived from synthetic FinalFlow scenario inputs; not observed event operations.
rain,2026-07-19T15:05:00Z,5,first_half,meadowlands,194,0,0,194,194,0.26944444444444443,0.0,derived,Derived from synthetic FinalFlow scenario inputs; not observed event operations.
rain,2026-07-19T15:05:00Z,5,first_half,stadium,173,0,4849,173,0,,0.0,derived,Derived from synthetic FinalFlow scenario inputs; not observed event operations.
rain,2026-07-19T15:10:00Z,10,first_half,midtown,0,0,0,0,0,0.0,0.0,derived,Derived from synthetic FinalFlow scenario inputs; not observed event operations.
rain,2026-07-19T15:10:00Z,10,first_half,penn_station,0,0,0,0,0,0.0,0.0,derived,Derived from synthetic FinalFlow scenario inputs; not observed event operations.
rain,2026-07-19T15:10:00Z,10,first_half,secaucus,0,0,0,0,0,0.0,0.0,derived,Derived from synthetic FinalFlow scenario inputs; not observed event operations.
rain,2026-07-19T15:10:00Z,10,first_half,meadowlands,165,0,0,165,165,0.22916666666666666,0.0,derived,Derived from synthetic FinalFlow scenario inputs; not observed event operations.
rain,2026-07-19T15:10:00Z,10,first_half,stadium,180,0,5029,180,0,,0.0,derived,Derived from synthetic FinalFlow scenario inputs; not observed event operations.
rain,2026-07-19T15:15:00Z,15,first_half,midtown,0,0,0,0,0,0.0,0.0,derived,Derived from synthetic FinalFlow scenario inputs; not observed event operations.
rain,2026-07-19T15:15:00Z,15,first_half,penn_station,0,0,0,0,0,0.0,0.0,derived,Derived from synthetic FinalFlow scenario inputs; not observed event operations.
rain,2026-07-19T15:15:00Z,15,first_half,secaucus,0,0,0,0,0,0.0,0.0,derived,Derived from synthetic FinalFlow scenario inputs; not observed event operations.
rain,2026-07-19T15:15:00Z,15,first_half,meadowlands,155,0,0,155,155,0.2152777777777778,0.0,derived,Derived from synthetic FinalFlow scenario inputs; not observed event operations.
rain,2026-07-19T15:15:00Z,15,first_half,stadium,188,0,5217,188,0,,0.0,derived,Derived from synthetic FinalFlow scenario inputs; not observed event operations.
rain,2026-07-19T15:20:00Z,20,first_half,midtown,0,0,0,0,0,0.0,0.0,derived,Derived from synthetic FinalFlow scenario inputs; not observed event operations.
rain,2026-07-19T15:20:00Z,20,first_half,penn_station,0,0,0,0,0,0.0,0.0,derived,Derived from synthetic FinalFlow scenario inputs; not observed event operations.
rain,2026-07-19T15:20:00Z,20,first_half,secaucus,0,0,0,0,0,0.0,0.0,derived,Derived from synthetic FinalFlow scenario inputs; not observed event operations.
rain,2026-07-19T15:20:00Z,20,first_half,meadowlands,145,0,0,145,145,0.2013888888888889,0.0,derived,Derived from synthetic FinalFlow scenario inputs; not observed event operations.
rain,2026-07-19T15:20:00Z,20,first_half,stadium,194,0,5411,194,0,,0.0,derived,Derived from synthetic FinalFlow scenario inputs; not observed event operations.
rain,2026-07-19T15:25:00Z,25,first_half,midtown,0,0,0,0,0,0.0,0.0,derived,Derived from synthetic FinalFlow scenario inputs; not observed event operations.
rain,2026-07-19T15:25:00Z,25,first_half,penn_station,0,0,0,0,0,0.0,0.0,derived,Derived from synthetic FinalFlow scenario inputs; not observed event operations.
rain,2026-07-19T15:25:00Z,25,first_half,secaucus,0,0,0,0,0,0.0,0.0,derived,Derived from synthetic FinalFlow scenario inputs; not observed event operations.
rain,2026-07-19T15:25:00Z,25,first_half,meadowlands,124,0,0,124,124,0.17222222222222222,0.0,derived,Derived from synthetic FinalFlow scenario inputs; not observed event operations.
rain,2026-07-19T15:25:00Z,25,first_half,stadium,165,0,5576,165,0,,0.0,derived,Derived from synthetic FinalFlow scenario inputs; not observed event operations.
rain,2026-07-19T15:30:00Z,30,first_half,midtown,0,0,0,0,0,0.0,0.0,derived,Derived from synthetic FinalFlow scenario inputs; not observed event operations.
rain,2026-07-19T15:30:00Z,30,first_half,penn_station,0,0,0,0,0,0.0,0.0,derived,Derived from synthetic FinalFlow scenario inputs; not observed event operations.
rain,2026-07-19T15:30:00Z,30,first_half,secaucus,0,0,0,0,0,0.0,0.0,derived,Derived from synthetic FinalFlow scenario inputs; not observed event operations.
rain,2026-07-19T15:30:00Z,30,first_half,meadowlands,0,0,0,0,0,0.0,0.0,derived,Derived from synthetic FinalFlow scenario inputs; not observed event operations.
rain,2026-07-19T15:30:00Z,30,first_half,stadium,155,0,5731,155,0,,0.0,derived,Derived from synthetic FinalFlow scenario inputs; not observed event operations.
rain,2026-07-19T15:35:00Z,35,first_half,midtown,0,0,0,0,0,0.0,0.0,derived,Derived from synthetic FinalFlow scenario inputs; not observed event operations.
rain,2026-07-19T15:35:00Z,35,first_half,penn_station,0,0,0,0,0,0.0,0.0,derived,Derived from synthetic FinalFlow scenario inputs; not observed event operations.
rain,2026-07-19T15:35:00Z,35,first_half,secaucus,0,0,0,0,0,0.0,0.0,derived,Derived from synthetic FinalFlow scenario inputs; not observed event operations.
rain,2026-07-19T15:35:00Z,35,first_half,meadowlands,0,0,0,0,0,0.0,0.0,derived,Derived from synthetic FinalFlow scenario inputs; not observed event operations.
rain,2026-07-19T15:35:00Z,35,first_half,stadium,145,0,5876,145,0,,0.0,derived,Derived from synthetic FinalFlow scenario inputs; not observed event operations.
rain,2026-07-19T15:40:00Z,40,first_half,midtown,0,0,0,0,0,0.0,0.0,derived,Derived from synthetic FinalFlow scenario inputs; not observed event operations.
rain,2026-07-19T15:40:00Z,40,first_half,penn_station,0,0,0,0,0,0.0,0.0,derived,Derived from synthetic FinalFlow scenario inputs; not observed event operations.
rain,2026-07-19T15:40:00Z,40,first_half,secaucus,0,0,0,0,0,0.0,0.0,derived,Derived from synthetic FinalFlow scenario inputs; not observed event operations.
rain,2026-07-19T15:40:00Z,40,first_half,meadowlands,0,0,0,0,0,0.0,0.0,derived,Derived from synthetic FinalFlow scenario inputs; not observed event operations.
rain,2026-07-19T15:40:00Z,40,first_half,stadium,124,0,6000,124,0,,0.0,derived,Derived from synthetic FinalFlow scenario inputs; not observed event operations.
rain,2026-07-19T15:45:00Z,45,first_half_end,midtown,0,0,0,0,0,0.0,0.0,derived,Derived from synthetic FinalFlow scenario inputs; not observed event operations.
rain,2026-07-19T15:45:00Z,45,first_half_end,penn_station,0,0,0,0,0,0.0,0.0,derived,Derived from synthetic FinalFlow scenario inputs; not observed event operations.
rain,2026-07-19T15:45:00Z,45,first_half_end,secaucus,0,0,0,0,0,0.0,0.0,derived,Derived from synthetic FinalFlow scenario inputs; not observed event operations.
rain,2026-07-19T15:45:00Z,45,first_half_end,meadowlands,0,0,0,0,0,0.0,0.0,derived,Derived from synthetic FinalFlow scenario inputs; not observed event operations.
rain,2026-07-19T15:45:00Z,45,first_half_end,stadium,0,0,6000,0,0,0.0,0.0,derived,Derived from synthetic FinalFlow scenario inputs; not observed event operations.
rain,2026-07-19T15:50:00Z,50,halftime,midtown,0,0,0,0,0,0.0,0.0,derived,Derived from synthetic FinalFlow scenario inputs; not observed event operations.
rain,2026-07-19T15:50:00Z,50,halftime,penn_station,0,0,0,0,0,0.0,0.0,derived,Derived from synthetic FinalFlow scenario inputs; not observed event operations.
rain,2026-07-19T15:50:00Z,50,halftime,secaucus,0,0,0,0,0,0.0,0.0,derived,Derived from synthetic FinalFlow scenario inputs; not observed event operations.
rain,2026-07-19T15:50:00Z,50,halftime,meadowlands,0,0,0,0,0,0.0,0.0,derived,Derived from synthetic FinalFlow scenario inputs; not observed event operations.
rain,2026-07-19T15:50:00Z,50,halftime,stadium,0,0,6000,0,0,0.0,0.0,derived,Derived from synthetic FinalFlow scenario inputs; not observed event operations.
rain,2026-07-19T15:55:00Z,55,halftime,midtown,0,0,0,0,0,0.0,0.0,derived,Derived from synthetic FinalFlow scenario inputs; not observed event operations.
rain,2026-07-19T15:55:00Z,55,halftime,penn_station,0,0,0,0,0,0.0,0.0,derived,Derived from synthetic FinalFlow scenario inputs; not observed event operations.
rain,2026-07-19T15:55:00Z,55,halftime,secaucus,0,0,0,0,0,0.0,0.0,derived,Derived from synthetic FinalFlow scenario inputs; not observed event operations.
rain,2026-07-19T15:55:00Z,55,halftime,meadowlands,0,0,0,0,0,0.0,0.0,derived,Derived from synthetic FinalFlow scenario inputs; not observed event operations.
rain,2026-07-19T15:55:00Z,55,halftime,stadium,0,0,6000,0,0,0.0,0.0,derived,Derived from synthetic FinalFlow scenario inputs; not observed event operations.
rain,2026-07-19T16:00:00Z,60,second_half,midtown,0,0,0,0,0,0.0,0.0,derived,Derived from synthetic FinalFlow scenario inputs; not observed event operations.
rain,2026-07-19T16:00:00Z,60,second_half,penn_station,0,0,0,0,0,0.0,0.0,derived,Derived from synthetic FinalFlow scenario inputs; not observed event operations.
rain,2026-07-19T16:00:00Z,60,second_half,secaucus,0,0,0,0,0,0.0,0.0,derived,Derived from synthetic FinalFlow scenario inputs; not observed event operations.
rain,2026-07-19T16:00:00Z,60,second_half,meadowlands,0,0,0,0,0,0.0,0.0,derived,Derived from synthetic FinalFlow scenario inputs; not observed event operations.
rain,2026-07-19T16:00:00Z,60,second_half,stadium,0,0,6000,0,0,0.0,0.0,derived,Derived from synthetic FinalFlow scenario inputs; not observed event operations.
rain,2026-07-19T16:05:00Z,65,second_half,midtown,0,0,0,0,0,0.0,0.0,derived,Derived from synthetic FinalFlow scenario inputs; not observed event operations.
rain,2026-07-19T16:05:00Z,65,second_half,penn_station,0,0,0,0,0,0.0,0.0,derived,Derived from synthetic FinalFlow scenario inputs; not observed event operations.
rain,2026-07-19T16:05:00Z,65,second_half,secaucus,0,0,0,0,0,0.0,0.0,derived,Derived from synthetic FinalFlow scenario inputs; not observed event operations.
rain,2026-07-19T16:05:00Z,65,second_half,meadowlands,0,0,0,0,0,0.0,0.0,derived,Derived from synthetic FinalFlow scenario inputs; not observed event operations.
rain,2026-07-19T16:05:00Z,65,second_half,stadium,0,0,6000,0,0,0.0,0.0,derived,Derived from synthetic FinalFlow scenario inputs; not observed event operations.
rain,2026-07-19T16:10:00Z,70,second_half,midtown,0,0,0,0,0,0.0,0.0,derived,Derived from synthetic FinalFlow scenario inputs; not observed event operations.
rain,2026-07-19T16:10:00Z,70,second_half,penn_station,0,0,0,0,0,0.0,0.0,derived,Derived from synthetic FinalFlow scenario inputs; not observed event operations.
rain,2026-07-19T16:10:00Z,70,second_half,secaucus,0,0,0,0,0,0.0,0.0,derived,Derived from synthetic FinalFlow scenario inputs; not observed event operations.
rain,2026-07-19T16:10:00Z,70,second_half,meadowlands,0,0,0,0,0,0.0,0.0,derived,Derived from synthetic FinalFlow scenario inputs; not observed event operations.
rain,2026-07-19T16:10:00Z,70,second_half,stadium,0,0,6000,0,0,0.0,0.0,derived,Derived from synthetic FinalFlow scenario inputs; not observed event operations.
rain,2026-07-19T16:15:00Z,75,second_half,midtown,0,0,0,0,0,0.0,0.0,derived,Derived from synthetic FinalFlow scenario inputs; not observed event operations.
rain,2026-07-19T16:15:00Z,75,second_half,penn_station,0,0,0,0,0,0.0,0.0,derived,Derived from synthetic FinalFlow scenario inputs; not observed event operations.
rain,2026-07-19T16:15:00Z,75,second_half,secaucus,0,0,0,0,0,0.0,0.0,derived,Derived from synthetic FinalFlow scenario inputs; not observed event operations.
rain,2026-07-19T16:15:00Z,75,second_half,meadowlands,0,0,0,0,0,0.0,0.0,derived,Derived from synthetic FinalFlow scenario inputs; not observed event operations.
rain,2026-07-19T16:15:00Z,75,second_half,stadium,0,0,6000,0,0,0.0,0.0,derived,Derived from synthetic FinalFlow scenario inputs; not observed event operations.
rain,2026-07-19T16:20:00Z,80,second_half,midtown,0,0,0,0,0,0.0,0.0,derived,Derived from synthetic FinalFlow scenario inputs; not observed event operations.
rain,2026-07-19T16:20:00Z,80,second_half,penn_station,0,0,0,0,0,0.0,0.0,derived,Derived from synthetic FinalFlow scenario inputs; not observed event operations.
rain,2026-07-19T16:20:00Z,80,second_half,secaucus,0,0,0,0,0,0.0,0.0,derived,Derived from synthetic FinalFlow scenario inputs; not observed event operations.
rain,2026-07-19T16:20:00Z,80,second_half,meadowlands,0,0,0,0,0,0.0,0.0,derived,Derived from synthetic FinalFlow scenario inputs; not observed event operations.
rain,2026-07-19T16:20:00Z,80,second_half,stadium,0,0,6000,0,0,0.0,0.0,derived,Derived from synthetic FinalFlow scenario inputs; not observed event operations.
rain,2026-07-19T16:25:00Z,85,second_half,midtown,0,0,0,0,0,0.0,0.0,derived,Derived from synthetic FinalFlow scenario inputs; not observed event operations.
rain,2026-07-19T16:25:00Z,85,second_half,penn_station,0,0,0,0,0,0.0,0.0,derived,Derived from synthetic FinalFlow scenario inputs; not observed event operations.
rain,2026-07-19T16:25:00Z,85,second_half,secaucus,0,0,0,0,0,0.0,0.0,derived,Derived from synthetic FinalFlow scenario inputs; not observed event operations.
rain,2026-07-19T16:25:00Z,85,second_half,meadowlands,0,0,0,0,0,0.0,0.0,derived,Derived from synthetic FinalFlow scenario inputs; not observed event operations.
rain,2026-07-19T16:25:00Z,85,second_half,stadium,0,0,6000,0,0,0.0,0.0,derived,Derived from synthetic FinalFlow scenario inputs; not observed event operations.
rain,2026-07-19T16:30:00Z,90,second_half,midtown,0,0,0,0,0,0.0,0.0,derived,Derived from synthetic FinalFlow scenario inputs; not observed event operations.
rain,2026-07-19T16:30:00Z,90,second_half,penn_station,0,0,0,0,0,0.0,0.0,derived,Derived from synthetic FinalFlow scenario inputs; not observed event operations.
rain,2026-07-19T16:30:00Z,90,second_half,secaucus,0,0,0,0,0,0.0,0.0,derived,Derived from synthetic FinalFlow scenario inputs; not observed event operations.
rain,2026-07-19T16:30:00Z,90,second_half,meadowlands,0,0,0,0,0,0.0,0.0,derived,Derived from synthetic FinalFlow scenario inputs; not observed event operations.
rain,2026-07-19T16:30:00Z,90,second_half,stadium,0,0,6000,0,0,0.0,0.0,derived,Derived from synthetic FinalFlow scenario inputs; not observed event operations.
rain,2026-07-19T16:35:00Z,95,second_half,midtown,0,0,0,0,0,0.0,0.0,derived,Derived from synthetic FinalFlow scenario inputs; not observed event operations.
rain,2026-07-19T16:35:00Z,95,second_half,penn_station,0,0,0,0,0,0.0,0.0,derived,Derived from synthetic FinalFlow scenario inputs; not observed event operations.
rain,2026-07-19T16:35:00Z,95,second_half,secaucus,0,0,0,0,0,0.0,0.0,derived,Derived from synthetic FinalFlow scenario inputs; not observed event operations.
rain,2026-07-19T16:35:00Z,95,second_half,meadowlands,0,0,0,0,0,0.0,0.0,derived,Derived from synthetic FinalFlow scenario inputs; not observed event operations.
rain,2026-07-19T16:35:00Z,95,second_half,stadium,0,0,6000,0,0,0.0,0.0,derived,Derived from synthetic FinalFlow scenario inputs; not observed event operations.
rain,2026-07-19T16:40:00Z,100,second_half,midtown,0,0,0,0,0,0.0,0.0,derived,Derived from synthetic FinalFlow scenario inputs; not observed event operations.
rain,2026-07-19T16:40:00Z,100,second_half,penn_station,0,0,0,0,0,0.0,0.0,derived,Derived from synthetic FinalFlow scenario inputs; not observed event operations.
rain,2026-07-19T16:40:00Z,100,second_half,secaucus,0,0,0,0,0,0.0,0.0,derived,Derived from synthetic FinalFlow scenario inputs; not observed event operations.
rain,2026-07-19T16:40:00Z,100,second_half,meadowlands,0,0,0,0,0,0.0,0.0,derived,Derived from synthetic FinalFlow scenario inputs; not observed event operations.
rain,2026-07-19T16:40:00Z,100,second_half,stadium,0,0,6000,0,0,0.0,0.0,derived,Derived from synthetic FinalFlow scenario inputs; not observed event operations.
rain,2026-07-19T16:45:00Z,105,regulation_end,midtown,0,0,0,0,0,0.0,0.0,derived,Derived from synthetic FinalFlow scenario inputs; not observed event operations.
rain,2026-07-19T16:45:00Z,105,regulation_end,penn_station,0,0,0,0,0,0.0,0.0,derived,Derived from synthetic FinalFlow scenario inputs; not observed event operations.
rain,2026-07-19T16:45:00Z,105,regulation_end,secaucus,0,0,0,0,0,0.0,0.0,derived,Derived from synthetic FinalFlow scenario inputs; not observed event operations.
rain,2026-07-19T16:45:00Z,105,regulation_end,meadowlands,0,0,0,0,0,0.0,0.0,derived,Derived from synthetic FinalFlow scenario inputs; not observed event operations.
rain,2026-07-19T16:45:00Z,105,regulation_end,stadium,0,0,6000,0,0,0.0,0.0,derived,Derived from synthetic FinalFlow scenario inputs; not observed event operations.
rain,2026-07-19T16:50:00Z,110,extra_time,midtown,0,0,0,0,0,0.0,0.0,derived,Derived from synthetic FinalFlow scenario inputs; not observed event operations.
rain,2026-07-19T16:50:00Z,110,extra_time,penn_station,0,0,0,0,0,0.0,0.0,derived,Derived from synthetic FinalFlow scenario inputs; not observed event operations.
rain,2026-07-19T16:50:00Z,110,extra_time,secaucus,0,0,0,0,0,0.0,0.0,derived,Derived from synthetic FinalFlow scenario inputs; not observed event operations.
rain,2026-07-19T16:50:00Z,110,extra_time,meadowlands,0,0,0,0,0,0.0,0.0,derived,Derived from synthetic FinalFlow scenario inputs; not observed event operations.
rain,2026-07-19T16:50:00Z,110,extra_time,stadium,0,0,6000,0,0,0.0,0.0,derived,Derived from synthetic FinalFlow scenario inputs; not observed event operations.
rain,2026-07-19T16:55:00Z,115,extra_time,midtown,0,0,0,0,0,0.0,0.0,derived,Derived from synthetic FinalFlow scenario inputs; not observed event operations.
rain,2026-07-19T16:55:00Z,115,extra_time,penn_station,0,0,0,0,0,0.0,0.0,derived,Derived from synthetic FinalFlow scenario inputs; not observed event operations.
rain,2026-07-19T16:55:00Z,115,extra_time,secaucus,0,0,0,0,0,0.0,0.0,derived,Derived from synthetic FinalFlow scenario inputs; not observed event operations.
rain,2026-07-19T16:55:00Z,115,extra_time,meadowlands,0,0,0,0,0,0.0,0.0,derived,Derived from synthetic FinalFlow scenario inputs; not observed event operations.
rain,2026-07-19T16:55:00Z,115,extra_time,stadium,0,0,6000,0,0,0.0,0.0,derived,Derived from synthetic FinalFlow scenario inputs; not observed event operations.
rain,2026-07-19T17:00:00Z,120,extra_time,midtown,0,0,0,0,0,0.0,0.0,derived,Derived from synthetic FinalFlow scenario inputs; not observed event operations.
rain,2026-07-19T17:00:00Z,120,extra_time,penn_station,0,0,0,0,0,0.0,0.0,derived,Derived from synthetic FinalFlow scenario inputs; not observed event operations.
rain,2026-07-19T17:00:00Z,120,extra_time,secaucus,0,0,0,0,0,0.0,0.0,derived,Derived from synthetic FinalFlow scenario inputs; not observed event operations.
rain,2026-07-19T17:00:00Z,120,extra_time,meadowlands,0,0,0,0,0,0.0,0.0,derived,Derived from synthetic FinalFlow scenario inputs; not observed event operations.
rain,2026-07-19T17:00:00Z,120,extra_time,stadium,0,0,6000,0,0,0.0,0.0,derived,Derived from synthetic FinalFlow scenario inputs; not observed event operations.
rain,2026-07-19T17:05:00Z,125,extra_time,midtown,0,0,0,0,0,0.0,0.0,derived,Derived from synthetic FinalFlow scenario inputs; not observed event operations.
rain,2026-07-19T17:05:00Z,125,extra_time,penn_station,0,0,0,0,0,0.0,0.0,derived,Derived from synthetic FinalFlow scenario inputs; not observed event operations.
rain,2026-07-19T17:05:00Z,125,extra_time,secaucus,0,0,0,0,0,0.0,0.0,derived,Derived from synthetic FinalFlow scenario inputs; not observed event operations.
rain,2026-07-19T17:05:00Z,125,extra_time,meadowlands,0,0,0,0,0,0.0,0.0,derived,Derived from synthetic FinalFlow scenario inputs; not observed event operations.
rain,2026-07-19T17:05:00Z,125,extra_time,stadium,0,0,6000,0,0,0.0,0.0,derived,Derived from synthetic FinalFlow scenario inputs; not observed event operations.
rain,2026-07-19T17:10:00Z,130,extra_time,midtown,0,0,0,0,0,0.0,0.0,derived,Derived from synthetic FinalFlow scenario inputs; not observed event operations.
rain,2026-07-19T17:10:00Z,130,extra_time,penn_station,0,0,0,0,0,0.0,0.0,derived,Derived from synthetic FinalFlow scenario inputs; not observed event operations.
rain,2026-07-19T17:10:00Z,130,extra_time,secaucus,0,0,0,0,0,0.0,0.0,derived,Derived from synthetic FinalFlow scenario inputs; not observed event operations.
rain,2026-07-19T17:10:00Z,130,extra_time,meadowlands,0,0,0,0,0,0.0,0.0,derived,Derived from synthetic FinalFlow scenario inputs; not observed event operations.
rain,2026-07-19T17:10:00Z,130,extra_time,stadium,0,0,6000,0,0,0.0,0.0,derived,Derived from synthetic FinalFlow scenario inputs; not observed event operations.
rain,2026-07-19T17:15:00Z,135,final_whistle,midtown,0,0,0,0,0,0.0,0.0,derived,Derived from synthetic FinalFlow scenario inputs; not observed event operations.
rain,2026-07-19T17:15:00Z,135,final_whistle,penn_station,0,0,0,0,0,0.0,0.0,derived,Derived from synthetic FinalFlow scenario inputs; not observed event operations.
rain,2026-07-19T17:15:00Z,135,final_whistle,secaucus,0,0,0,0,0,0.0,0.0,derived,Derived from synthetic FinalFlow scenario inputs; not observed event operations.
rain,2026-07-19T17:15:00Z,135,final_whistle,meadowlands,0,0,0,0,0,0.0,0.0,derived,Derived from synthetic FinalFlow scenario inputs; not observed event operations.
rain,2026-07-19T17:15:00Z,135,final_whistle,stadium,0,0,5238,762,762,,0.0,derived,Derived from synthetic FinalFlow scenario inputs; not observed event operations.
rain,2026-07-19T17:20:00Z,140,post_match,midtown,0,0,0,0,0,0.0,0.0,derived,Derived from synthetic FinalFlow scenario inputs; not observed event operations.
rain,2026-07-19T17:20:00Z,140,post_match,penn_station,0,0,0,0,0,0.0,0.0,derived,Derived from synthetic FinalFlow scenario inputs; not observed event operations.
rain,2026-07-19T17:20:00Z,140,post_match,secaucus,0,0,0,0,0,0.0,0.0,derived,Derived from synthetic FinalFlow scenario inputs; not observed event operations.
rain,2026-07-19T17:20:00Z,140,post_match,meadowlands,0,0,0,0,0,0.0,0.0,derived,Derived from synthetic FinalFlow scenario inputs; not observed event operations.
rain,2026-07-19T17:20:00Z,140,post_match,stadium,0,0,4524,714,714,,0.0,derived,Derived from synthetic FinalFlow scenario inputs; not observed event operations.
rain,2026-07-19T17:25:00Z,145,post_match,midtown,0,0,0,0,0,0.0,0.0,derived,Derived from synthetic FinalFlow scenario inputs; not observed event operations.
rain,2026-07-19T17:25:00Z,145,post_match,penn_station,0,0,0,0,0,0.0,0.0,derived,Derived from synthetic FinalFlow scenario inputs; not observed event operations.
rain,2026-07-19T17:25:00Z,145,post_match,secaucus,0,0,0,0,0,0.0,0.0,derived,Derived from synthetic FinalFlow scenario inputs; not observed event operations.
rain,2026-07-19T17:25:00Z,145,post_match,meadowlands,0,0,0,0,0,0.0,0.0,derived,Derived from synthetic FinalFlow scenario inputs; not observed event operations.
rain,2026-07-19T17:25:00Z,145,post_match,stadium,0,0,3857,667,667,,0.0,derived,Derived from synthetic FinalFlow scenario inputs; not observed event operations.
rain,2026-07-19T17:30:00Z,150,post_match,midtown,0,0,0,0,0,0.0,0.0,derived,Derived from synthetic FinalFlow scenario inputs; not observed event operations.
rain,2026-07-19T17:30:00Z,150,post_match,penn_station,0,0,0,0,0,0.0,0.0,derived,Derived from synthetic FinalFlow scenario inputs; not observed event operations.
rain,2026-07-19T17:30:00Z,150,post_match,secaucus,0,0,0,0,0,0.0,0.0,derived,Derived from synthetic FinalFlow scenario inputs; not observed event operations.
rain,2026-07-19T17:30:00Z,150,post_match,meadowlands,526,4,0,522,522,0.3625,5,derived,Derived from synthetic FinalFlow scenario inputs; not observed event operations.
rain,2026-07-19T17:30:00Z,150,post_match,stadium,0,0,3238,619,619,,0.0,derived,Derived from synthetic FinalFlow scenario inputs; not observed event operations.
rain,2026-07-19T17:35:00Z,155,post_match,midtown,0,0,0,0,0,0.0,0.0,derived,Derived from synthetic FinalFlow scenario inputs; not observed event operations.
rain,2026-07-19T17:35:00Z,155,post_match,penn_station,0,0,0,0,0,0.0,0.0,derived,Derived from synthetic FinalFlow scenario inputs; not observed event operations.
rain,2026-07-19T17:35:00Z,155,post_match,secaucus,0,0,0,0,0,0.0,0.0,derived,Derived from synthetic FinalFlow scenario inputs; not observed event operations.
rain,2026-07-19T17:35:00Z,155,post_match,meadowlands,493,0,0,497,497,0.3451388888888889,0.0,derived,Derived from synthetic FinalFlow scenario inputs; not observed event operations.
rain,2026-07-19T17:35:00Z,155,post_match,stadium,0,0,2667,571,571,,0.0,derived,Derived from synthetic FinalFlow scenario inputs; not observed event operations.
rain,2026-07-19T17:40:00Z,160,post_match,midtown,0,0,0,0,0,0.0,0.0,derived,Derived from synthetic FinalFlow scenario inputs; not observed event operations.
rain,2026-07-19T17:40:00Z,160,post_match,penn_station,0,0,0,0,0,0.0,0.0,derived,Derived from synthetic FinalFlow scenario inputs; not observed event operations.
rain,2026-07-19T17:40:00Z,160,post_match,secaucus,0,0,0,0,0,0.0,0.0,derived,Derived from synthetic FinalFlow scenario inputs; not observed event operations.
rain,2026-07-19T17:40:00Z,160,post_match,meadowlands,353,0,0,353,353,0.24513888888888888,0.0,derived,Derived from synthetic FinalFlow scenario inputs; not observed event operations.
rain,2026-07-19T17:40:00Z,160,post_match,stadium,0,0,2143,524,524,,0.0,derived,Derived from synthetic FinalFlow scenario inputs; not observed event operations.
rain,2026-07-19T17:45:00Z,165,post_match,midtown,0,0,0,0,0,0.0,0.0,derived,Derived from synthetic FinalFlow scenario inputs; not observed event operations.
rain,2026-07-19T17:45:00Z,165,post_match,penn_station,0,0,0,0,0,0.0,0.0,derived,Derived from synthetic FinalFlow scenario inputs; not observed event operations.
rain,2026-07-19T17:45:00Z,165,post_match,secaucus,0,0,0,0,0,0.0,0.0,derived,Derived from synthetic FinalFlow scenario inputs; not observed event operations.
rain,2026-07-19T17:45:00Z,165,post_match,meadowlands,328,0,0,328,328,0.22777777777777777,0.0,derived,Derived from synthetic FinalFlow scenario inputs; not observed event operations.
rain,2026-07-19T17:45:00Z,165,post_match,stadium,0,0,1667,476,476,,0.0,derived,Derived from synthetic FinalFlow scenario inputs; not observed event operations.
rain,2026-07-19T17:50:00Z,170,post_match,midtown,0,0,0,0,0,0.0,0.0,derived,Derived from synthetic FinalFlow scenario inputs; not observed event operations.
rain,2026-07-19T17:50:00Z,170,post_match,penn_station,0,0,0,0,0,0.0,0.0,derived,Derived from synthetic FinalFlow scenario inputs; not observed event operations.
rain,2026-07-19T17:50:00Z,170,post_match,secaucus,480,0,0,480,480,0.3333333333333333,0.0,derived,Derived from synthetic FinalFlow scenario inputs; not observed event operations.
rain,2026-07-19T17:50:00Z,170,post_match,meadowlands,303,0,0,303,303,0.21041666666666667,0.0,derived,Derived from synthetic FinalFlow scenario inputs; not observed event operations.
rain,2026-07-19T17:50:00Z,170,post_match,stadium,0,0,1238,429,429,,0.0,derived,Derived from synthetic FinalFlow scenario inputs; not observed event operations.
rain,2026-07-19T17:55:00Z,175,post_match,midtown,0,0,0,0,0,0.0,0.0,derived,Derived from synthetic FinalFlow scenario inputs; not observed event operations.
rain,2026-07-19T17:55:00Z,175,post_match,penn_station,0,0,0,0,0,0.0,0.0,derived,Derived from synthetic FinalFlow scenario inputs; not observed event operations.
rain,2026-07-19T17:55:00Z,175,post_match,secaucus,458,0,0,458,458,0.31805555555555554,0.0,derived,Derived from synthetic FinalFlow scenario inputs; not observed event operations.
rain,2026-07-19T17:55:00Z,175,post_match,meadowlands,277,0,0,277,277,0.19236111111111112,0.0,derived,Derived from synthetic FinalFlow scenario inputs; not observed event operations.
rain,2026-07-19T17:55:00Z,175,post_match,stadium,0,0,857,381,381,,0.0,derived,Derived from synthetic FinalFlow scenario inputs; not observed event operations.
rain,2026-07-19T18:00:00Z,180,post_match,midtown,0,0,0,0,0,0.0,0.0,derived,Derived from synthetic FinalFlow scenario inputs; not observed event operations.
rain,2026-07-19T18:00:00Z,180,post_match,penn_station,0,0,0,0,0,0.0,0.0,derived,Derived from synthetic FinalFlow scenario inputs; not observed event operations.
rain,2026-07-19T18:00:00Z,180,post_match,secaucus,325,0,0,325,325,0.22569444444444445,0.0,derived,Derived from synthetic FinalFlow scenario inputs; not observed event operations.
rain,2026-07-19T18:00:00Z,180,post_match,meadowlands,252,0,0,252,252,0.175,0.0,derived,Derived from synthetic FinalFlow scenario inputs; not observed event operations.
rain,2026-07-19T18:00:00Z,180,post_match,stadium,0,0,524,333,333,,0.0,derived,Derived from synthetic FinalFlow scenario inputs; not observed event operations.
rain,2026-07-19T18:05:00Z,185,post_match,midtown,0,0,0,0,0,0.0,0.0,derived,Derived from synthetic FinalFlow scenario inputs; not observed event operations.
rain,2026-07-19T18:05:00Z,185,post_match,penn_station,0,0,0,0,0,0.0,0.0,derived,Derived from synthetic FinalFlow scenario inputs; not observed event operations.
rain,2026-07-19T18:05:00Z,185,post_match,secaucus,301,0,0,301,301,0.20902777777777778,0.0,derived,Derived from synthetic FinalFlow scenario inputs; not observed event operations.
rain,2026-07-19T18:05:00Z,185,post_match,meadowlands,227,0,0,227,227,0.15763888888888888,0.0,derived,Derived from synthetic FinalFlow scenario inputs; not observed event operations.
rain,2026-07-19T18:05:00Z,185,post_match,stadium,0,0,238,286,286,,0.0,derived,Derived from synthetic FinalFlow scenario inputs; not observed event operations.
rain,2026-07-19T18:10:00Z,190,post_match,midtown,0,0,0,0,0,0.0,0.0,derived,Derived from synthetic FinalFlow scenario inputs; not observed event operations.
rain,2026-07-19T18:10:00Z,190,post_match,penn_station,420,0,0,420,420,0.875,0.0,derived,Derived from synthetic FinalFlow scenario inputs; not observed event operations.
rain,2026-07-19T18:10:00Z,190,post_match,secaucus,279,0,0,279,279,0.19375,0.0,derived,Derived from synthetic FinalFlow scenario inputs; not observed event operations.
rain,2026-07-19T18:10:00Z,190,post_match,meadowlands,202,0,0,202,202,0.14027777777777778,0.0,derived,Derived from synthetic FinalFlow scenario inputs; not observed event operations.
rain,2026-07-19T18:10:00Z,190,post_match,stadium,0,0,0,238,238,,0.0,derived,Derived from synthetic FinalFlow scenario inputs; not observed event operations.
rain,2026-07-19T18:15:00Z,195,post_match,midtown,0,0,0,0,0,0.0,0.0,derived,Derived from synthetic FinalFlow scenario inputs; not observed event operations.
rain,2026-07-19T18:15:00Z,195,post_match,penn_station,394,0,0,394,394,0.8208333333333333,0.0,derived,Derived from synthetic FinalFlow scenario inputs; not observed event operations.
rain,2026-07-19T18:15:00Z,195,post_match,secaucus,255,0,0,255,255,0.17708333333333334,0.0,derived,Derived from synthetic FinalFlow scenario inputs; not observed event operations.
rain,2026-07-19T18:15:00Z,195,post_match,meadowlands,176,0,0,176,176,0.12222222222222222,0.0,derived,Derived from synthetic FinalFlow scenario inputs; not observed event operations.
rain,2026-07-19T18:15:00Z,195,post_match,stadium,0,0,0,0,0,0.0,0.0,derived,Derived from synthetic FinalFlow scenario inputs; not observed event operations.
rain,2026-07-19T18:20:00Z,200,post_match,midtown,0,0,0,0,0,0.0,0.0,derived,Derived from synthetic FinalFlow scenario inputs; not observed event operations.
rain,2026-07-19T18:20:00Z,200,post_match,penn_station,283,0,0,283,283,0.5895833333333333,0.0,derived,Derived from synthetic FinalFlow scenario inputs; not observed event operations.
rain,2026-07-19T18:20:00Z,200,post_match,secaucus,232,0,0,232,232,0.16111111111111112,0.0,derived,Derived from synthetic FinalFlow scenario inputs; not observed event operations.
rain,2026-07-19T18:20:00Z,200,post_match,meadowlands,152,0,0,152,152,0.10555555555555556,0.0,derived,Derived from synthetic FinalFlow scenario inputs; not observed event operations.
rain,2026-07-19T18:20:00Z,200,post_match,stadium,0,0,0,0,0,0.0,0.0,derived,Derived from synthetic FinalFlow scenario inputs; not observed event operations.
rain,2026-07-19T18:25:00Z,205,post_match,midtown,0,0,0,0,0,0.0,0.0,derived,Derived from synthetic FinalFlow scenario inputs; not observed event operations.
rain,2026-07-19T18:25:00Z,205,post_match,penn_station,262,0,0,262,262,0.5458333333333333,0.0,derived,Derived from synthetic FinalFlow scenario inputs; not observed event operations.
rain,2026-07-19T18:25:00Z,205,post_match,secaucus,209,0,0,209,209,0.1451388888888889,0.0,derived,Derived from synthetic FinalFlow scenario inputs; not observed event operations.
rain,2026-07-19T18:25:00Z,205,post_match,meadowlands,126,0,0,126,126,0.0875,0.0,derived,Derived from synthetic FinalFlow scenario inputs; not observed event operations.
rain,2026-07-19T18:25:00Z,205,post_match,stadium,0,0,0,0,0,0.0,0.0,derived,Derived from synthetic FinalFlow scenario inputs; not observed event operations.
rain,2026-07-19T18:30:00Z,210,post_match,midtown,342,0,0,342,342,0.0,0.0,derived,Derived from synthetic FinalFlow scenario inputs; not observed event operations.
rain,2026-07-19T18:30:00Z,210,post_match,penn_station,243,0,0,243,243,0.50625,0.0,derived,Derived from synthetic FinalFlow scenario inputs; not observed event operations.
rain,2026-07-19T18:30:00Z,210,post_match,secaucus,186,0,0,186,186,0.12916666666666668,0.0,derived,Derived from synthetic FinalFlow scenario inputs; not observed event operations.
rain,2026-07-19T18:30:00Z,210,post_match,meadowlands,0,0,0,0,0,0.0,0.0,derived,Derived from synthetic FinalFlow scenario inputs; not observed event operations.
rain,2026-07-19T18:30:00Z,210,post_match,stadium,0,0,0,0,0,0.0,0.0,derived,Derived from synthetic FinalFlow scenario inputs; not observed event operations.
rain,2026-07-19T18:35:00Z,215,post_match,midtown,320,0,0,320,320,0.0,0.0,derived,Derived from synthetic FinalFlow scenario inputs; not observed event operations.
rain,2026-07-19T18:35:00Z,215,post_match,penn_station,222,0,0,222,222,0.4625,0.0,derived,Derived from synthetic FinalFlow scenario inputs; not observed event operations.
rain,2026-07-19T18:35:00Z,215,post_match,secaucus,162,0,0,162,162,0.1125,0.0,derived,Derived from synthetic FinalFlow scenario inputs; not observed event operations.
rain,2026-07-19T18:35:00Z,215,post_match,meadowlands,0,0,0,0,0,0.0,0.0,derived,Derived from synthetic FinalFlow scenario inputs; not observed event operations.
rain,2026-07-19T18:35:00Z,215,post_match,stadium,0,0,0,0,0,0.0,0.0,derived,Derived from synthetic FinalFlow scenario inputs; not observed event operations.
rain,2026-07-19T18:40:00Z,220,post_match,midtown,230,0,0,230,230,0.0,0.0,derived,Derived from synthetic FinalFlow scenario inputs; not observed event operations.
rain,2026-07-19T18:40:00Z,220,post_match,penn_station,202,0,0,202,202,0.42083333333333334,0.0,derived,Derived from synthetic FinalFlow scenario inputs; not observed event operations.
rain,2026-07-19T18:40:00Z,220,post_match,secaucus,140,0,0,140,140,0.09722222222222222,0.0,derived,Derived from synthetic FinalFlow scenario inputs; not observed event operations.
rain,2026-07-19T18:40:00Z,220,post_match,meadowlands,0,0,0,0,0,0.0,0.0,derived,Derived from synthetic FinalFlow scenario inputs; not observed event operations.
rain,2026-07-19T18:40:00Z,220,post_match,stadium,0,0,0,0,0,0.0,0.0,derived,Derived from synthetic FinalFlow scenario inputs; not observed event operations.
rain,2026-07-19T18:45:00Z,225,post_match,midtown,213,0,0,213,213,0.0,0.0,derived,Derived from synthetic FinalFlow scenario inputs; not observed event operations.
rain,2026-07-19T18:45:00Z,225,post_match,penn_station,182,0,0,182,182,0.37916666666666665,0.0,derived,Derived from synthetic FinalFlow scenario inputs; not observed event operations.
rain,2026-07-19T18:45:00Z,225,post_match,secaucus,116,0,0,116,116,0.08055555555555556,0.0,derived,Derived from synthetic FinalFlow scenario inputs; not observed event operations.
rain,2026-07-19T18:45:00Z,225,post_match,meadowlands,0,0,0,0,0,0.0,0.0,derived,Derived from synthetic FinalFlow scenario inputs; not observed event operations.
rain,2026-07-19T18:45:00Z,225,post_match,stadium,0,0,0,0,0,0.0,0.0,derived,Derived from synthetic FinalFlow scenario inputs; not observed event operations.
rain,2026-07-19T18:50:00Z,230,post_match,midtown,197,0,0,197,197,0.0,0.0,derived,Derived from synthetic FinalFlow scenario inputs; not observed event operations.
rain,2026-07-19T18:50:00Z,230,post_match,penn_station,162,0,0,162,162,0.3375,0.0,derived,Derived from synthetic FinalFlow scenario inputs; not observed event operations.
rain,2026-07-19T18:50:00Z,230,post_match,secaucus,0,0,0,0,0,0.0,0.0,derived,Derived from synthetic FinalFlow scenario inputs; not observed event operations.
rain,2026-07-19T18:50:00Z,230,post_match,meadowlands,0,0,0,0,0,0.0,0.0,derived,Derived from synthetic FinalFlow scenario inputs; not observed event operations.
rain,2026-07-19T18:50:00Z,230,post_match,stadium,0,0,0,0,0,0.0,0.0,derived,Derived from synthetic FinalFlow scenario inputs; not observed event operations.
rain,2026-07-19T18:55:00Z,235,post_match,midtown,181,0,0,181,181,0.0,0.0,derived,Derived from synthetic FinalFlow scenario inputs; not observed event operations.
rain,2026-07-19T18:55:00Z,235,post_match,penn_station,141,0,0,141,141,0.29375,0.0,derived,Derived from synthetic FinalFlow scenario inputs; not observed event operations.
rain,2026-07-19T18:55:00Z,235,post_match,secaucus,0,0,0,0,0,0.0,0.0,derived,Derived from synthetic FinalFlow scenario inputs; not observed event operations.
rain,2026-07-19T18:55:00Z,235,post_match,meadowlands,0,0,0,0,0,0.0,0.0,derived,Derived from synthetic FinalFlow scenario inputs; not observed event operations.
rain,2026-07-19T18:55:00Z,235,post_match,stadium,0,0,0,0,0,0.0,0.0,derived,Derived from synthetic FinalFlow scenario inputs; not observed event operations.
rain,2026-07-19T19:00:00Z,240,post_match,midtown,164,0,0,164,164,0.0,0.0,derived,Derived from synthetic FinalFlow scenario inputs; not observed event operations.
rain,2026-07-19T19:00:00Z,240,post_match,penn_station,122,0,0,122,122,0.25416666666666665,0.0,derived,Derived from synthetic FinalFlow scenario inputs; not observed event operations.
rain,2026-07-19T19:00:00Z,240,post_match,secaucus,0,0,0,0,0,0.0,0.0,derived,Derived from synthetic FinalFlow scenario inputs; not observed event operations.
rain,2026-07-19T19:00:00Z,240,post_match,meadowlands,0,0,0,0,0,0.0,0.0,derived,Derived from synthetic FinalFlow scenario inputs; not observed event operations.
rain,2026-07-19T19:00:00Z,240,post_match,stadium,0,0,0,0,0,0.0,0.0,derived,Derived from synthetic FinalFlow scenario inputs; not observed event operations.
rain,2026-07-19T19:05:00Z,245,post_match,midtown,148,0,0,148,148,0.0,0.0,derived,Derived from synthetic FinalFlow scenario inputs; not observed event operations.
rain,2026-07-19T19:05:00Z,245,post_match,penn_station,101,0,0,101,101,0.21041666666666667,0.0,derived,Derived from synthetic FinalFlow scenario inputs; not observed event operations.
rain,2026-07-19T19:05:00Z,245,post_match,secaucus,0,0,0,0,0,0.0,0.0,derived,Derived from synthetic FinalFlow scenario inputs; not observed event operations.
rain,2026-07-19T19:05:00Z,245,post_match,meadowlands,0,0,0,0,0,0.0,0.0,derived,Derived from synthetic FinalFlow scenario inputs; not observed event operations.
rain,2026-07-19T19:05:00Z,245,post_match,stadium,0,0,0,0,0,0.0,0.0,derived,Derived from synthetic FinalFlow scenario inputs; not observed event operations.
rain,2026-07-19T19:10:00Z,250,post_match,midtown,132,0,0,132,132,0.0,0.0,derived,Derived from synthetic FinalFlow scenario inputs; not observed event operations.
rain,2026-07-19T19:10:00Z,250,post_match,penn_station,0,0,0,0,0,0.0,0.0,derived,Derived from synthetic FinalFlow scenario inputs; not observed event operations.
rain,2026-07-19T19:10:00Z,250,post_match,secaucus,0,0,0,0,0,0.0,0.0,derived,Derived from synthetic FinalFlow scenario inputs; not observed event operations.
rain,2026-07-19T19:10:00Z,250,post_match,meadowlands,0,0,0,0,0,0.0,0.0,derived,Derived from synthetic FinalFlow scenario inputs; not observed event operations.
rain,2026-07-19T19:10:00Z,250,post_match,stadium,0,0,0,0,0,0.0,0.0,derived,Derived from synthetic FinalFlow scenario inputs; not observed event operations.
rain,2026-07-19T19:15:00Z,255,post_match,midtown,114,0,0,114,114,0.0,0.0,derived,Derived from synthetic FinalFlow scenario inputs; not observed event operations.
rain,2026-07-19T19:15:00Z,255,post_match,penn_station,0,0,0,0,0,0.0,0.0,derived,Derived from synthetic FinalFlow scenario inputs; not observed event operations.
rain,2026-07-19T19:15:00Z,255,post_match,secaucus,0,0,0,0,0,0.0,0.0,derived,Derived from synthetic FinalFlow scenario inputs; not observed event operations.
rain,2026-07-19T19:15:00Z,255,post_match,meadowlands,0,0,0,0,0,0.0,0.0,derived,Derived from synthetic FinalFlow scenario inputs; not observed event operations.
rain,2026-07-19T19:15:00Z,255,post_match,stadium,0,0,0,0,0,0.0,0.0,derived,Derived from synthetic FinalFlow scenario inputs; not observed event operations.
rain,2026-07-19T19:20:00Z,260,post_match,midtown,99,0,0,99,99,0.0,0.0,derived,Derived from synthetic FinalFlow scenario inputs; not observed event operations.
rain,2026-07-19T19:20:00Z,260,post_match,penn_station,0,0,0,0,0,0.0,0.0,derived,Derived from synthetic FinalFlow scenario inputs; not observed event operations.
rain,2026-07-19T19:20:00Z,260,post_match,secaucus,0,0,0,0,0,0.0,0.0,derived,Derived from synthetic FinalFlow scenario inputs; not observed event operations.
rain,2026-07-19T19:20:00Z,260,post_match,meadowlands,0,0,0,0,0,0.0,0.0,derived,Derived from synthetic FinalFlow scenario inputs; not observed event operations.
rain,2026-07-19T19:20:00Z,260,post_match,stadium,0,0,0,0,0,0.0,0.0,derived,Derived from synthetic FinalFlow scenario inputs; not observed event operations.
rain,2026-07-19T19:25:00Z,265,post_match,midtown,82,0,0,82,82,0.0,0.0,derived,Derived from synthetic FinalFlow scenario inputs; not observed event operations.
rain,2026-07-19T19:25:00Z,265,post_match,penn_station,0,0,0,0,0,0.0,0.0,derived,Derived from synthetic FinalFlow scenario inputs; not observed event operations.
rain,2026-07-19T19:25:00Z,265,post_match,secaucus,0,0,0,0,0,0.0,0.0,derived,Derived from synthetic FinalFlow scenario inputs; not observed event operations.
rain,2026-07-19T19:25:00Z,265,post_match,meadowlands,0,0,0,0,0,0.0,0.0,derived,Derived from synthetic FinalFlow scenario inputs; not observed event operations.
rain,2026-07-19T19:25:00Z,265,post_match,stadium,0,0,0,0,0,0.0,0.0,derived,Derived from synthetic FinalFlow scenario inputs; not observed event operations.
rain,2026-07-19T19:30:00Z,270,post_match,midtown,0,0,0,0,0,0.0,0.0,derived,Derived from synthetic FinalFlow scenario inputs; not observed event operations.
rain,2026-07-19T19:30:00Z,270,post_match,penn_station,0,0,0,0,0,0.0,0.0,derived,Derived from synthetic FinalFlow scenario inputs; not observed event operations.
rain,2026-07-19T19:30:00Z,270,post_match,secaucus,0,0,0,0,0,0.0,0.0,derived,Derived from synthetic FinalFlow scenario inputs; not observed event operations.
rain,2026-07-19T19:30:00Z,270,post_match,meadowlands,0,0,0,0,0,0.0,0.0,derived,Derived from synthetic FinalFlow scenario inputs; not observed event operations.
rain,2026-07-19T19:30:00Z,270,post_match,stadium,0,0,0,0,0,0.0,0.0,derived,Derived from synthetic FinalFlow scenario inputs; not observed event operations.
rain,2026-07-19T19:35:00Z,275,post_match,midtown,0,0,0,0,0,0.0,0.0,derived,Derived from synthetic FinalFlow scenario inputs; not observed event operations.
rain,2026-07-19T19:35:00Z,275,post_match,penn_station,0,0,0,0,0,0.0,0.0,derived,Derived from synthetic FinalFlow scenario inputs; not observed event operations.
rain,2026-07-19T19:35:00Z,275,post_match,secaucus,0,0,0,0,0,0.0,0.0,derived,Derived from synthetic FinalFlow scenario inputs; not observed event operations.
rain,2026-07-19T19:35:00Z,275,post_match,meadowlands,0,0,0,0,0,0.0,0.0,derived,Derived from synthetic FinalFlow scenario inputs; not observed event operations.
rain,2026-07-19T19:35:00Z,275,post_match,stadium,0,0,0,0,0,0.0,0.0,derived,Derived from synthetic FinalFlow scenario inputs; not observed event operations.
rain,2026-07-19T19:40:00Z,280,post_match,midtown,0,0,0,0,0,0.0,0.0,derived,Derived from synthetic FinalFlow scenario inputs; not observed event operations.
rain,2026-07-19T19:40:00Z,280,post_match,penn_station,0,0,0,0,0,0.0,0.0,derived,Derived from synthetic FinalFlow scenario inputs; not observed event operations.
rain,2026-07-19T19:40:00Z,280,post_match,secaucus,0,0,0,0,0,0.0,0.0,derived,Derived from synthetic FinalFlow scenario inputs; not observed event operations.
rain,2026-07-19T19:40:00Z,280,post_match,meadowlands,0,0,0,0,0,0.0,0.0,derived,Derived from synthetic FinalFlow scenario inputs; not observed event operations.
rain,2026-07-19T19:40:00Z,280,post_match,stadium,0,0,0,0,0,0.0,0.0,derived,Derived from synthetic FinalFlow scenario inputs; not observed event operations.
rain,2026-07-19T19:45:00Z,285,post_match,midtown,0,0,0,0,0,0.0,0.0,derived,Derived from synthetic FinalFlow scenario inputs; not observed event operations.
rain,2026-07-19T19:45:00Z,285,post_match,penn_station,0,0,0,0,0,0.0,0.0,derived,Derived from synthetic FinalFlow scenario inputs; not observed event operations.
rain,2026-07-19T19:45:00Z,285,post_match,secaucus,0,0,0,0,0,0.0,0.0,derived,Derived from synthetic FinalFlow scenario inputs; not observed event operations.
rain,2026-07-19T19:45:00Z,285,post_match,meadowlands,0,0,0,0,0,0.0,0.0,derived,Derived from synthetic FinalFlow scenario inputs; not observed event operations.
rain,2026-07-19T19:45:00Z,285,post_match,stadium,0,0,0,0,0,0.0,0.0,derived,Derived from synthetic FinalFlow scenario inputs; not observed event operations.
rain,2026-07-19T19:50:00Z,290,post_match,midtown,0,0,0,0,0,0.0,0.0,derived,Derived from synthetic FinalFlow scenario inputs; not observed event operations.
rain,2026-07-19T19:50:00Z,290,post_match,penn_station,0,0,0,0,0,0.0,0.0,derived,Derived from synthetic FinalFlow scenario inputs; not observed event operations.
rain,2026-07-19T19:50:00Z,290,post_match,secaucus,0,0,0,0,0,0.0,0.0,derived,Derived from synthetic FinalFlow scenario inputs; not observed event operations.
rain,2026-07-19T19:50:00Z,290,post_match,meadowlands,0,0,0,0,0,0.0,0.0,derived,Derived from synthetic FinalFlow scenario inputs; not observed event operations.
rain,2026-07-19T19:50:00Z,290,post_match,stadium,0,0,0,0,0,0.0,0.0,derived,Derived from synthetic FinalFlow scenario inputs; not observed event operations.
rain,2026-07-19T19:55:00Z,295,post_match,midtown,0,0,0,0,0,0.0,0.0,derived,Derived from synthetic FinalFlow scenario inputs; not observed event operations.
rain,2026-07-19T19:55:00Z,295,post_match,penn_station,0,0,0,0,0,0.0,0.0,derived,Derived from synthetic FinalFlow scenario inputs; not observed event operations.
rain,2026-07-19T19:55:00Z,295,post_match,secaucus,0,0,0,0,0,0.0,0.0,derived,Derived from synthetic FinalFlow scenario inputs; not observed event operations.
rain,2026-07-19T19:55:00Z,295,post_match,meadowlands,0,0,0,0,0,0.0,0.0,derived,Derived from synthetic FinalFlow scenario inputs; not observed event operations.
rain,2026-07-19T19:55:00Z,295,post_match,stadium,0,0,0,0,0,0.0,0.0,derived,Derived from synthetic FinalFlow scenario inputs; not observed event operations.
rain,2026-07-19T20:00:00Z,300,post_match,midtown,0,0,0,0,0,0.0,0.0,derived,Derived from synthetic FinalFlow scenario inputs; not observed event operations.
rain,2026-07-19T20:00:00Z,300,post_match,penn_station,0,0,0,0,0,0.0,0.0,derived,Derived from synthetic FinalFlow scenario inputs; not observed event operations.
rain,2026-07-19T20:00:00Z,300,post_match,secaucus,0,0,0,0,0,0.0,0.0,derived,Derived from synthetic FinalFlow scenario inputs; not observed event operations.
rain,2026-07-19T20:00:00Z,300,post_match,meadowlands,0,0,0,0,0,0.0,0.0,derived,Derived from synthetic FinalFlow scenario inputs; not observed event operations.
rain,2026-07-19T20:00:00Z,300,post_match,stadium,0,0,0,0,0,0.0,0.0,derived,Derived from synthetic FinalFlow scenario inputs; not observed event operations.
rain,2026-07-19T20:05:00Z,305,post_match,midtown,0,0,0,0,0,0.0,0.0,derived,Derived from synthetic FinalFlow scenario inputs; not observed event operations.
rain,2026-07-19T20:05:00Z,305,post_match,penn_station,0,0,0,0,0,0.0,0.0,derived,Derived from synthetic FinalFlow scenario inputs; not observed event operations.
rain,2026-07-19T20:05:00Z,305,post_match,secaucus,0,0,0,0,0,0.0,0.0,derived,Derived from synthetic FinalFlow scenario inputs; not observed event operations.
rain,2026-07-19T20:05:00Z,305,post_match,meadowlands,0,0,0,0,0,0.0,0.0,derived,Derived from synthetic FinalFlow scenario inputs; not observed event operations.
rain,2026-07-19T20:05:00Z,305,post_match,stadium,0,0,0,0,0,0.0,0.0,derived,Derived from synthetic FinalFlow scenario inputs; not observed event operations.
rain,2026-07-19T20:10:00Z,310,post_match,midtown,0,0,0,0,0,0.0,0.0,derived,Derived from synthetic FinalFlow scenario inputs; not observed event operations.
rain,2026-07-19T20:10:00Z,310,post_match,penn_station,0,0,0,0,0,0.0,0.0,derived,Derived from synthetic FinalFlow scenario inputs; not observed event operations.
rain,2026-07-19T20:10:00Z,310,post_match,secaucus,0,0,0,0,0,0.0,0.0,derived,Derived from synthetic FinalFlow scenario inputs; not observed event operations.
rain,2026-07-19T20:10:00Z,310,post_match,meadowlands,0,0,0,0,0,0.0,0.0,derived,Derived from synthetic FinalFlow scenario inputs; not observed event operations.
rain,2026-07-19T20:10:00Z,310,post_match,stadium,0,0,0,0,0,0.0,0.0,derived,Derived from synthetic FinalFlow scenario inputs; not observed event operations.
rain,2026-07-19T20:15:00Z,315,post_match,midtown,0,0,0,0,0,0.0,0.0,derived,Derived from synthetic FinalFlow scenario inputs; not observed event operations.
rain,2026-07-19T20:15:00Z,315,post_match,penn_station,0,0,0,0,0,0.0,0.0,derived,Derived from synthetic FinalFlow scenario inputs; not observed event operations.
rain,2026-07-19T20:15:00Z,315,post_match,secaucus,0,0,0,0,0,0.0,0.0,derived,Derived from synthetic FinalFlow scenario inputs; not observed event operations.
rain,2026-07-19T20:15:00Z,315,post_match,meadowlands,0,0,0,0,0,0.0,0.0,derived,Derived from synthetic FinalFlow scenario inputs; not observed event operations.
rain,2026-07-19T20:15:00Z,315,post_match,stadium,0,0,0,0,0,0.0,0.0,derived,Derived from synthetic FinalFlow scenario inputs; not observed event operations.
staggered_departure,2026-07-19T12:00:00Z,-180,pre_match,midtown,0,0,0,0,0,0.0,0.0,derived,Derived from synthetic FinalFlow scenario inputs; not observed event operations.
staggered_departure,2026-07-19T12:00:00Z,-180,pre_match,penn_station,0,0,0,0,0,0.0,0.0,derived,Derived from synthetic FinalFlow scenario inputs; not observed event operations.
staggered_departure,2026-07-19T12:00:00Z,-180,pre_match,secaucus,0,0,0,0,0,0.0,0.0,derived,Derived from synthetic FinalFlow scenario inputs; not observed event operations.
staggered_departure,2026-07-19T12:00:00Z,-180,pre_match,meadowlands,0,0,0,0,0,0.0,0.0,derived,Derived from synthetic FinalFlow scenario inputs; not observed event operations.
staggered_departure,2026-07-19T12:00:00Z,-180,pre_match,stadium,0,0,0,0,0,0.0,0.0,derived,Derived from synthetic FinalFlow scenario inputs; not observed event operations.
staggered_departure,2026-07-19T12:05:00Z,-175,pre_match,midtown,0,0,0,0,0,0.0,0.0,derived,Derived from synthetic FinalFlow scenario inputs; not observed event operations.
staggered_departure,2026-07-19T12:05:00Z,-175,pre_match,penn_station,0,0,0,0,0,0.0,0.0,derived,Derived from synthetic FinalFlow scenario inputs; not observed event operations.
staggered_departure,2026-07-19T12:05:00Z,-175,pre_match,secaucus,0,0,0,0,0,0.0,0.0,derived,Derived from synthetic FinalFlow scenario inputs; not observed event operations.
staggered_departure,2026-07-19T12:05:00Z,-175,pre_match,meadowlands,0,0,0,0,0,0.0,0.0,derived,Derived from synthetic FinalFlow scenario inputs; not observed event operations.
staggered_departure,2026-07-19T12:05:00Z,-175,pre_match,stadium,0,0,0,0,0,0.0,0.0,derived,Derived from synthetic FinalFlow scenario inputs; not observed event operations.
staggered_departure,2026-07-19T12:10:00Z,-170,pre_match,midtown,0,0,0,0,0,0.0,0.0,derived,Derived from synthetic FinalFlow scenario inputs; not observed event operations.
staggered_departure,2026-07-19T12:10:00Z,-170,pre_match,penn_station,0,0,0,0,0,0.0,0.0,derived,Derived from synthetic FinalFlow scenario inputs; not observed event operations.
staggered_departure,2026-07-19T12:10:00Z,-170,pre_match,secaucus,0,0,0,0,0,0.0,0.0,derived,Derived from synthetic FinalFlow scenario inputs; not observed event operations.
staggered_departure,2026-07-19T12:10:00Z,-170,pre_match,meadowlands,0,0,0,0,0,0.0,0.0,derived,Derived from synthetic FinalFlow scenario inputs; not observed event operations.
staggered_departure,2026-07-19T12:10:00Z,-170,pre_match,stadium,0,0,0,0,0,0.0,0.0,derived,Derived from synthetic FinalFlow scenario inputs; not observed event operations.
staggered_departure,2026-07-19T12:15:00Z,-165,pre_match,midtown,0,0,0,0,0,0.0,0.0,derived,Derived from synthetic FinalFlow scenario inputs; not observed event operations.
staggered_departure,2026-07-19T12:15:00Z,-165,pre_match,penn_station,0,0,0,0,0,0.0,0.0,derived,Derived from synthetic FinalFlow scenario inputs; not observed event operations.
staggered_departure,2026-07-19T12:15:00Z,-165,pre_match,secaucus,0,0,0,0,0,0.0,0.0,derived,Derived from synthetic FinalFlow scenario inputs; not observed event operations.
staggered_departure,2026-07-19T12:15:00Z,-165,pre_match,meadowlands,0,0,0,0,0,0.0,0.0,derived,Derived from synthetic FinalFlow scenario inputs; not observed event operations.
staggered_departure,2026-07-19T12:15:00Z,-165,pre_match,stadium,0,0,0,0,0,0.0,0.0,derived,Derived from synthetic FinalFlow scenario inputs; not observed event operations.
staggered_departure,2026-07-19T12:20:00Z,-160,pre_match,midtown,0,0,0,0,0,0.0,0.0,derived,Derived from synthetic FinalFlow scenario inputs; not observed event operations.
staggered_departure,2026-07-19T12:20:00Z,-160,pre_match,penn_station,0,0,0,0,0,0.0,0.0,derived,Derived from synthetic FinalFlow scenario inputs; not observed event operations.
staggered_departure,2026-07-19T12:20:00Z,-160,pre_match,secaucus,0,0,0,0,0,0.0,0.0,derived,Derived from synthetic FinalFlow scenario inputs; not observed event operations.
staggered_departure,2026-07-19T12:20:00Z,-160,pre_match,meadowlands,0,0,0,0,0,0.0,0.0,derived,Derived from synthetic FinalFlow scenario inputs; not observed event operations.
staggered_departure,2026-07-19T12:20:00Z,-160,pre_match,stadium,0,0,0,0,0,0.0,0.0,derived,Derived from synthetic FinalFlow scenario inputs; not observed event operations.
staggered_departure,2026-07-19T12:25:00Z,-155,pre_match,midtown,0,0,0,0,0,0.0,0.0,derived,Derived from synthetic FinalFlow scenario inputs; not observed event operations.
staggered_departure,2026-07-19T12:25:00Z,-155,pre_match,penn_station,0,0,0,0,0,0.0,0.0,derived,Derived from synthetic FinalFlow scenario inputs; not observed event operations.
staggered_departure,2026-07-19T12:25:00Z,-155,pre_match,secaucus,0,0,0,0,0,0.0,0.0,derived,Derived from synthetic FinalFlow scenario inputs; not observed event operations.
staggered_departure,2026-07-19T12:25:00Z,-155,pre_match,meadowlands,0,0,0,0,0,0.0,0.0,derived,Derived from synthetic FinalFlow scenario inputs; not observed event operations.
staggered_departure,2026-07-19T12:25:00Z,-155,pre_match,stadium,0,0,0,0,0,0.0,0.0,derived,Derived from synthetic FinalFlow scenario inputs; not observed event operations.
staggered_departure,2026-07-19T12:30:00Z,-150,pre_match,midtown,12,0,0,12,12,0.02,0.0,derived,Derived from synthetic FinalFlow scenario inputs; not observed event operations.
staggered_departure,2026-07-19T12:30:00Z,-150,pre_match,penn_station,3,0,0,3,3,0.0033333333333333335,0.0,derived,Derived from synthetic FinalFlow scenario inputs; not observed event operations.
staggered_departure,2026-07-19T12:30:00Z,-150,pre_match,secaucus,3,0,0,3,3,0.005,0.0,derived,Derived from synthetic FinalFlow scenario inputs; not observed event operations.
staggered_departure,2026-07-19T12:30:00Z,-150,pre_match,meadowlands,1,0,0,1,1,0.0011111111111111111,0.0,derived,Derived from synthetic FinalFlow scenario inputs; not observed event operations.
staggered_departure,2026-07-19T12:30:00Z,-150,pre_match,stadium,11,11,0,0,0,0.0,30.0,derived,Derived from synthetic FinalFlow scenario inputs; not observed event operations.
staggered_departure,2026-07-19T12:35:00Z,-145,pre_match,midtown,12,0,0,12,12,0.02,0.0,derived,Derived from synthetic FinalFlow scenario inputs; not observed event operations.
staggered_departure,2026-07-19T12:35:00Z,-145,pre_match,penn_station,3,0,0,3,3,0.0033333333333333335,0.0,derived,Derived from synthetic FinalFlow scenario inputs; not observed event operations.
staggered_departure,2026-07-19T12:35:00Z,-145,pre_match,secaucus,3,0,0,3,3,0.005,0.0,derived,Derived from synthetic FinalFlow scenario inputs; not observed event operations.
staggered_departure,2026-07-19T12:35:00Z,-145,pre_match,meadowlands,1,0,0,1,1,0.0011111111111111111,0.0,derived,Derived from synthetic FinalFlow scenario inputs; not observed event operations.
staggered_departure,2026-07-19T12:35:00Z,-145,pre_match,stadium,11,22,0,0,0,0.0,25.0,derived,Derived from synthetic FinalFlow scenario inputs; not observed event operations.
staggered_departure,2026-07-19T12:40:00Z,-140,pre_match,midtown,12,0,0,12,12,0.02,0.0,derived,Derived from synthetic FinalFlow scenario inputs; not observed event operations.
staggered_departure,2026-07-19T12:40:00Z,-140,pre_match,penn_station,3,0,0,3,3,0.0033333333333333335,0.0,derived,Derived from synthetic FinalFlow scenario inputs; not observed event operations.
staggered_departure,2026-07-19T12:40:00Z,-140,pre_match,secaucus,3,0,0,3,3,0.005,0.0,derived,Derived from synthetic FinalFlow scenario inputs; not observed event operations.
staggered_departure,2026-07-19T12:40:00Z,-140,pre_match,meadowlands,1,0,0,1,1,0.0011111111111111111,0.0,derived,Derived from synthetic FinalFlow scenario inputs; not observed event operations.
staggered_departure,2026-07-19T12:40:00Z,-140,pre_match,stadium,12,34,0,0,0,0.0,20.0,derived,Derived from synthetic FinalFlow scenario inputs; not observed event operations.
staggered_departure,2026-07-19T12:45:00Z,-135,pre_match,midtown,23,0,0,23,23,0.03833333333333333,0.0,derived,Derived from synthetic FinalFlow scenario inputs; not observed event operations.
staggered_departure,2026-07-19T12:45:00Z,-135,pre_match,penn_station,17,0,0,17,17,0.01888888888888889,0.0,derived,Derived from synthetic FinalFlow scenario inputs; not observed event operations.
staggered_departure,2026-07-19T12:45:00Z,-135,pre_match,secaucus,7,0,0,7,7,0.011666666666666667,0.0,derived,Derived from synthetic FinalFlow scenario inputs; not observed event operations.
staggered_departure,2026-07-19T12:45:00Z,-135,pre_match,meadowlands,6,0,0,6,6,0.006666666666666667,0.0,derived,Derived from synthetic FinalFlow scenario inputs; not observed event operations.
staggered_departure,2026-07-19T12:45:00Z,-135,pre_match,stadium,26,60,0,0,0,0.0,15.0,derived,Derived from synthetic FinalFlow scenario inputs; not observed event operations.
staggered_departure,2026-07-19T12:50:00Z,-130,pre_match,midtown,23,0,0,23,23,0.03833333333333333,0.0,derived,Derived from synthetic FinalFlow scenario inputs; not observed event operations.
staggered_departure,2026-07-19T12:50:00Z,-130,pre_match,penn_station,17,0,0,17,17,0.01888888888888889,0.0,derived,Derived from synthetic FinalFlow scenario inputs; not observed event operations.
staggered_departure,2026-07-19T12:50:00Z,-130,pre_match,secaucus,7,0,0,7,7,0.011666666666666667,0.0,derived,Derived from synthetic FinalFlow scenario inputs; not observed event operations.
staggered_departure,2026-07-19T12:50:00Z,-130,pre_match,meadowlands,6,0,0,6,6,0.006666666666666667,0.0,derived,Derived from synthetic FinalFlow scenario inputs; not observed event operations.
staggered_departure,2026-07-19T12:50:00Z,-130,pre_match,stadium,26,86,0,0,0,0.0,10.0,derived,Derived from synthetic FinalFlow scenario inputs; not observed event operations.
staggered_departure,2026-07-19T12:55:00Z,-125,pre_match,midtown,35,0,0,35,35,0.058333333333333334,0.0,derived,Derived from synthetic FinalFlow scenario inputs; not observed event operations.
staggered_departure,2026-07-19T12:55:00Z,-125,pre_match,penn_station,20,0,0,20,20,0.022222222222222223,0.0,derived,Derived from synthetic FinalFlow scenario inputs; not observed event operations.
staggered_departure,2026-07-19T12:55:00Z,-125,pre_match,secaucus,10,0,0,10,10,0.016666666666666666,0.0,derived,Derived from synthetic FinalFlow scenario inputs; not observed event operations.
staggered_departure,2026-07-19T12:55:00Z,-125,pre_match,meadowlands,7,0,0,7,7,0.0077777777777777776,0.0,derived,Derived from synthetic FinalFlow scenario inputs; not observed event operations.
staggered_departure,2026-07-19T12:55:00Z,-125,pre_match,stadium,42,128,0,0,0,0.0,5.0,derived,Derived from synthetic FinalFlow scenario inputs; not observed event operations.
staggered_departure,2026-07-19T13:00:00Z,-120,gates_open,midtown,35,0,0,35,35,0.058333333333333334,0.0,derived,Derived from synthetic FinalFlow scenario inputs; not observed event operations.
staggered_departure,2026-07-19T13:00:00Z,-120,gates_open,penn_station,31,0,0,31,31,0.034444444444444444,0.0,derived,Derived from synthetic FinalFlow scenario inputs; not observed event operations.
staggered_departure,2026-07-19T13:00:00Z,-120,gates_open,secaucus,24,0,0,24,24,0.04,0.0,derived,Derived from synthetic FinalFlow scenario inputs; not observed event operations.
staggered_departure,2026-07-19T13:00:00Z,-120,gates_open,meadowlands,11,0,0,11,11,0.012222222222222223,0.0,derived,Derived from synthetic FinalFlow scenario inputs; not observed event operations.
staggered_departure,2026-07-19T13:00:00Z,-120,gates_open,stadium,42,0,170,170,0,,0.0,derived,Derived from synthetic FinalFlow scenario inputs; not observed event operations.
staggered_departure,2026-07-19T13:05:00Z,-115,pre_match,midtown,47,0,0,47,47,0.07833333333333334,0.0,derived,Derived from synthetic FinalFlow scenario inputs; not observed event operations.
staggered_departure,2026-07-19T13:05:00Z,-115,pre_match,penn_station,34,0,0,34,34,0.03777777777777778,0.0,derived,Derived from synthetic FinalFlow scenario inputs; not observed event operations.
staggered_departure,2026-07-19T13:05:00Z,-115,pre_match,secaucus,25,0,0,25,25,0.041666666666666664,0.0,derived,Derived from synthetic FinalFlow scenario inputs; not observed event operations.
staggered_departure,2026-07-19T13:05:00Z,-115,pre_match,meadowlands,13,0,0,13,13,0.014444444444444444,0.0,derived,Derived from synthetic FinalFlow scenario inputs; not observed event operations.
staggered_departure,2026-07-19T13:05:00Z,-115,pre_match,stadium,55,0,225,55,0,,0.0,derived,Derived from synthetic FinalFlow scenario inputs; not observed event operations.
staggered_departure,2026-07-19T13:10:00Z,-110,pre_match,midtown,59,0,0,59,59,0.09833333333333333,0.0,derived,Derived from synthetic FinalFlow scenario inputs; not observed event operations.
staggered_departure,2026-07-19T13:10:00Z,-110,pre_match,penn_station,48,0,0,48,48,0.05333333333333334,0.0,derived,Derived from synthetic FinalFlow scenario inputs; not observed event operations.
staggered_departure,2026-07-19T13:10:00Z,-110,pre_match,secaucus,31,0,0,31,31,0.051666666666666666,0.0,derived,Derived from synthetic FinalFlow scenario inputs; not observed event operations.
staggered_departure,2026-07-19T13:10:00Z,-110,pre_match,meadowlands,17,0,0,17,17,0.01888888888888889,0.0,derived,Derived from synthetic FinalFlow scenario inputs; not observed event operations.
staggered_departure,2026-07-19T13:10:00Z,-110,pre_match,stadium,71,0,296,71,0,,0.0,derived,Derived from synthetic FinalFlow scenario inputs; not observed event operations.
staggered_departure,2026-07-19T13:15:00Z,-105,pre_match,midtown,70,0,0,70,70,0.11666666666666667,0.0,derived,Derived from synthetic FinalFlow scenario inputs; not observed event operations.
staggered_departure,2026-07-19T13:15:00Z,-105,pre_match,penn_station,51,0,0,51,51,0.056666666666666664,0.0,derived,Derived from synthetic FinalFlow scenario inputs; not observed event operations.
staggered_departure,2026-07-19T13:15:00Z,-105,pre_match,secaucus,44,0,0,44,44,0.07333333333333333,0.0,derived,Derived from synthetic FinalFlow scenario inputs; not observed event operations.
staggered_departure,2026-07-19T13:15:00Z,-105,pre_match,meadowlands,32,0,0,32,32,0.035555555555555556,0.0,derived,Derived from synthetic FinalFlow scenario inputs; not observed event operations.
staggered_departure,2026-07-19T13:15:00Z,-105,pre_match,stadium,86,0,382,86,0,,0.0,derived,Derived from synthetic FinalFlow scenario inputs; not observed event operations.
staggered_departure,2026-07-19T13:20:00Z,-100,pre_match,midtown,82,0,0,82,82,0.13666666666666666,0.0,derived,Derived from synthetic FinalFlow scenario inputs; not observed event operations.
staggered_departure,2026-07-19T13:20:00Z,-100,pre_match,penn_station,66,0,0,66,66,0.07333333333333333,0.0,derived,Derived from synthetic FinalFlow scenario inputs; not observed event operations.
staggered_departure,2026-07-19T13:20:00Z,-100,pre_match,secaucus,49,0,0,49,49,0.08166666666666667,0.0,derived,Derived from synthetic FinalFlow scenario inputs; not observed event operations.
staggered_departure,2026-07-19T13:20:00Z,-100,pre_match,meadowlands,35,0,0,35,35,0.03888888888888889,0.0,derived,Derived from synthetic FinalFlow scenario inputs; not observed event operations.
staggered_departure,2026-07-19T13:20:00Z,-100,pre_match,stadium,101,0,483,101,0,,0.0,derived,Derived from synthetic FinalFlow scenario inputs; not observed event operations.
staggered_departure,2026-07-19T13:25:00Z,-95,pre_match,midtown,93,0,0,93,93,0.155,0.0,derived,Derived from synthetic FinalFlow scenario inputs; not observed event operations.
staggered_departure,2026-07-19T13:25:00Z,-95,pre_match,penn_station,80,0,0,80,80,0.08888888888888889,0.0,derived,Derived from synthetic FinalFlow scenario inputs; not observed event operations.
staggered_departure,2026-07-19T13:25:00Z,-95,pre_match,secaucus,65,0,0,65,65,0.10833333333333334,0.0,derived,Derived from synthetic FinalFlow scenario inputs; not observed event operations.
staggered_departure,2026-07-19T13:25:00Z,-95,pre_match,meadowlands,42,0,0,42,42,0.04666666666666667,0.0,derived,Derived from synthetic FinalFlow scenario inputs; not observed event operations.
staggered_departure,2026-07-19T13:25:00Z,-95,pre_match,stadium,130,0,613,130,0,,0.0,derived,Derived from synthetic FinalFlow scenario inputs; not observed event operations.
staggered_departure,2026-07-19T13:30:00Z,-90,pre_match,midtown,105,0,0,105,105,0.175,0.0,derived,Derived from synthetic FinalFlow scenario inputs; not observed event operations.
staggered_departure,2026-07-19T13:30:00Z,-90,pre_match,penn_station,94,0,0,94,94,0.10444444444444445,0.0,derived,Derived from synthetic FinalFlow scenario inputs; not observed event operations.
staggered_departure,2026-07-19T13:30:00Z,-90,pre_match,secaucus,70,0,0,70,70,0.11666666666666667,0.0,derived,Derived from synthetic FinalFlow scenario inputs; not observed event operations.
staggered_departure,2026-07-19T13:30:00Z,-90,pre_match,meadowlands,57,0,0,57,57,0.06333333333333334,0.0,derived,Derived from synthetic FinalFlow scenario inputs; not observed event operations.
staggered_departure,2026-07-19T13:30:00Z,-90,pre_match,stadium,144,0,757,144,0,,0.0,derived,Derived from synthetic FinalFlow scenario inputs; not observed event operations.
staggered_departure,2026-07-19T13:35:00Z,-85,pre_match,midtown,117,0,0,117,117,0.195,0.0,derived,Derived from synthetic FinalFlow scenario inputs; not observed event operations.
staggered_departure,2026-07-19T13:35:00Z,-85,pre_match,penn_station,109,0,0,109,109,0.12111111111111111,0.0,derived,Derived from synthetic FinalFlow scenario inputs; not observed event operations.
staggered_departure,2026-07-19T13:35:00Z,-85,pre_match,secaucus,87,0,0,87,87,0.145,0.0,derived,Derived from synthetic FinalFlow scenario inputs; not observed event operations.
staggered_departure,2026-07-19T13:35:00Z,-85,pre_match,meadowlands,64,0,0,64,64,0.07111111111111111,0.0,derived,Derived from synthetic FinalFlow scenario inputs; not observed event operations.
staggered_departure,2026-07-19T13:35:00Z,-85,pre_match,stadium,162,0,919,162,0,,0.0,derived,Derived from synthetic FinalFlow scenario inputs; not observed event operations.
staggered_departure,2026-07-19T13:40:00Z,-80,pre_match,midtown,129,0,0,129,129,0.215,0.0,derived,Derived from synthetic FinalFlow scenario inputs; not observed event operations.
staggered_departure,2026-07-19T13:40:00Z,-80,pre_match,penn_station,122,0,0,122,122,0.13555555555555557,0.0,derived,Derived from synthetic FinalFlow scenario inputs; not observed event operations.
staggered_departure,2026-07-19T13:40:00Z,-80,pre_match,secaucus,104,0,0,104,104,0.17333333333333334,0.0,derived,Derived from synthetic FinalFlow scenario inputs; not observed event operations.
staggered_departure,2026-07-19T13:40:00Z,-80,pre_match,meadowlands,81,0,0,81,81,0.09,0.0,derived,Derived from synthetic FinalFlow scenario inputs; not observed event operations.
staggered_departure,2026-07-19T13:40:00Z,-80,pre_match,stadium,189,0,1108,189,0,,0.0,derived,Derived from synthetic FinalFlow scenario inputs; not observed event operations.
staggered_departure,2026-07-19T13:45:00Z,-75,pre_match,midtown,140,0,0,140,140,0.23333333333333334,0.0,derived,Derived from synthetic FinalFlow scenario inputs; not observed event operations.
staggered_departure,2026-07-19T13:45:00Z,-75,pre_match,penn_station,137,0,0,137,137,0.15222222222222223,0.0,derived,Derived from synthetic FinalFlow scenario inputs; not observed event operations.
staggered_departure,2026-07-19T13:45:00Z,-75,pre_match,secaucus,120,0,0,120,120,0.2,0.0,derived,Derived from synthetic FinalFlow scenario inputs; not observed event operations.
staggered_departure,2026-07-19T13:45:00Z,-75,pre_match,meadowlands,87,0,0,87,87,0.09666666666666666,0.0,derived,Derived from synthetic FinalFlow scenario inputs; not observed event operations.
staggered_departure,2026-07-19T13:45:00Z,-75,pre_match,stadium,209,0,1317,209,0,,0.0,derived,Derived from synthetic FinalFlow scenario inputs; not observed event operations.
staggered_departure,2026-07-19T13:50:00Z,-70,pre_match,midtown,152,0,0,152,152,0.25333333333333335,0.0,derived,Derived from synthetic FinalFlow scenario inputs; not observed event operations.
staggered_departure,2026-07-19T13:50:00Z,-70,pre_match,penn_station,152,0,0,152,152,0.1688888888888889,0.0,derived,Derived from synthetic FinalFlow scenario inputs; not observed event operations.
staggered_departure,2026-07-19T13:50:00Z,-70,pre_match,secaucus,137,0,0,137,137,0.22833333333333333,0.0,derived,Derived from synthetic FinalFlow scenario inputs; not observed event operations.
staggered_departure,2026-07-19T13:50:00Z,-70,pre_match,meadowlands,106,0,0,106,106,0.11777777777777777,0.0,derived,Derived from synthetic FinalFlow scenario inputs; not observed event operations.
staggered_departure,2026-07-19T13:50:00Z,-70,pre_match,stadium,237,0,1554,237,0,,0.0,derived,Derived from synthetic FinalFlow scenario inputs; not observed event operations.
staggered_departure,2026-07-19T13:55:00Z,-65,pre_match,midtown,164,0,0,164,164,0.2733333333333333,0.0,derived,Derived from synthetic FinalFlow scenario inputs; not observed event operations.
staggered_departure,2026-07-19T13:55:00Z,-65,pre_match,penn_station,167,0,0,167,167,0.18555555555555556,0.0,derived,Derived from synthetic FinalFlow scenario inputs; not observed event operations.
staggered_departure,2026-07-19T13:55:00Z,-65,pre_match,secaucus,152,0,0,152,152,0.25333333333333335,0.0,derived,Derived from synthetic FinalFlow scenario inputs; not observed event operations.
staggered_departure,2026-07-19T13:55:00Z,-65,pre_match,meadowlands,124,0,0,124,124,0.13777777777777778,0.0,derived,Derived from synthetic FinalFlow scenario inputs; not observed event operations.
staggered_departure,2026-07-19T13:55:00Z,-65,pre_match,stadium,255,0,1809,255,0,,0.0,derived,Derived from synthetic FinalFlow scenario inputs; not observed event operations.
staggered_departure,2026-07-19T14:00:00Z,-60,pre_match,midtown,176,0,0,176,176,0.29333333333333333,0.0,derived,Derived from synthetic FinalFlow scenario inputs; not observed event operations.
staggered_departure,2026-07-19T14:00:00Z,-60,pre_match,penn_station,180,0,0,180,180,0.2,0.0,derived,Derived from synthetic FinalFlow scenario inputs; not observed event operations.
staggered_departure,2026-07-19T14:00:00Z,-60,pre_match,secaucus,169,0,0,169,169,0.2816666666666667,0.0,derived,Derived from synthetic FinalFlow scenario inputs; not observed event operations.
staggered_departure,2026-07-19T14:00:00Z,-60,pre_match,meadowlands,141,0,0,141,141,0.15666666666666668,0.0,derived,Derived from synthetic FinalFlow scenario inputs; not observed event operations.
staggered_departure,2026-07-19T14:00:00Z,-60,pre_match,stadium,287,0,2096,287,0,,0.0,derived,Derived from synthetic FinalFlow scenario inputs; not observed event operations.
staggered_departure,2026-07-19T14:05:00Z,-55,pre_match,midtown,187,0,0,187,187,0.31166666666666665,0.0,derived,Derived from synthetic FinalFlow scenario inputs; not observed event operations.
staggered_departure,2026-07-19T14:05:00Z,-55,pre_match,penn_station,195,0,0,195,195,0.21666666666666667,0.0,derived,Derived from synthetic FinalFlow scenario inputs; not observed event operations.
staggered_departure,2026-07-19T14:05:00Z,-55,pre_match,secaucus,187,0,0,187,187,0.31166666666666665,0.0,derived,Derived from synthetic FinalFlow scenario inputs; not observed event operations.
staggered_departure,2026-07-19T14:05:00Z,-55,pre_match,meadowlands,160,0,0,160,160,0.17777777777777778,0.0,derived,Derived from synthetic FinalFlow scenario inputs; not observed event operations.
staggered_departure,2026-07-19T14:05:00Z,-55,pre_match,stadium,316,0,2412,316,0,,0.0,derived,Derived from synthetic FinalFlow scenario inputs; not observed event operations.
staggered_departure,2026-07-19T14:10:00Z,-50,pre_match,midtown,187,0,0,187,187,0.31166666666666665,0.0,derived,Derived from synthetic FinalFlow scenario inputs; not observed event operations.
staggered_departure,2026-07-19T14:10:00Z,-50,pre_match,penn_station,207,0,0,207,207,0.23,0.0,derived,Derived from synthetic FinalFlow scenario inputs; not observed event operations.
staggered_departure,2026-07-19T14:10:00Z,-50,pre_match,secaucus,202,0,0,202,202,0.33666666666666667,0.0,derived,Derived from synthetic FinalFlow scenario inputs; not observed event operations.
staggered_departure,2026-07-19T14:10:00Z,-50,pre_match,meadowlands,175,0,0,175,175,0.19444444444444445,0.0,derived,Derived from synthetic FinalFlow scenario inputs; not observed event operations.
staggered_departure,2026-07-19T14:10:00Z,-50,pre_match,stadium,333,0,2745,333,0,,0.0,derived,Derived from synthetic FinalFlow scenario inputs; not observed event operations.
staggered_departure,2026-07-19T14:15:00Z,-45,pre_match,midtown,176,0,0,176,176,0.29333333333333333,0.0,derived,Derived from synthetic FinalFlow scenario inputs; not observed event operations.
staggered_departure,2026-07-19T14:15:00Z,-45,pre_match,penn_station,216,0,0,216,216,0.24,0.0,derived,Derived from synthetic FinalFlow scenario inputs; not observed event operations.
staggered_departure,2026-07-19T14:15:00Z,-45,pre_match,secaucus,212,0,0,212,212,0.35333333333333333,0.0,derived,Derived from synthetic FinalFlow scenario inputs; not observed event operations.
staggered_departure,2026-07-19T14:15:00Z,-45,pre_match,meadowlands,190,0,0,190,190,0.2111111111111111,0.0,derived,Derived from synthetic FinalFlow scenario inputs; not observed event operations.
staggered_departure,2026-07-19T14:15:00Z,-45,pre_match,stadium,341,0,3086,341,0,,0.0,derived,Derived from synthetic FinalFlow scenario inputs; not observed event operations.
staggered_departure,2026-07-19T14:20:00Z,-40,pre_match,midtown,164,0,0,164,164,0.2733333333333333,0.0,derived,Derived from synthetic FinalFlow scenario inputs; not observed event operations.
staggered_departure,2026-07-19T14:20:00Z,-40,pre_match,penn_station,225,0,0,225,225,0.25,0.0,derived,Derived from synthetic FinalFlow scenario inputs; not observed event operations.
staggered_departure,2026-07-19T14:20:00Z,-40,pre_match,secaucus,225,0,0,225,225,0.375,0.0,derived,Derived from synthetic FinalFlow scenario inputs; not observed event operations.
staggered_departure,2026-07-19T14:20:00Z,-40,pre_match,meadowlands,207,0,0,207,207,0.23,0.0,derived,Derived from synthetic FinalFlow scenario inputs; not observed event operations.
staggered_departure,2026-07-19T14:20:00Z,-40,pre_match,stadium,343,0,3429,343,0,,0.0,derived,Derived from synthetic FinalFlow scenario inputs; not observed event operations.
staggered_departure,2026-07-19T14:25:00Z,-35,pre_match,midtown,140,0,0,140,140,0.23333333333333334,0.0,derived,Derived from synthetic FinalFlow scenario inputs; not observed event operations.
staggered_departure,2026-07-19T14:25:00Z,-35,pre_match,penn_station,219,0,0,219,219,0.24333333333333335,0.0,derived,Derived from synthetic FinalFlow scenario inputs; not observed event operations.
staggered_departure,2026-07-19T14:25:00Z,-35,pre_match,secaucus,233,0,0,233,233,0.3883333333333333,0.0,derived,Derived from synthetic FinalFlow scenario inputs; not observed event operations.
staggered_departure,2026-07-19T14:25:00Z,-35,pre_match,meadowlands,219,0,0,219,219,0.24333333333333335,0.0,derived,Derived from synthetic FinalFlow scenario inputs; not observed event operations.
staggered_departure,2026-07-19T14:25:00Z,-35,pre_match,stadium,335,0,3764,335,0,,0.0,derived,Derived from synthetic FinalFlow scenario inputs; not observed event operations.
staggered_departure,2026-07-19T14:30:00Z,-30,ceremony,midtown,0,0,0,0,0,0.0,0.0,derived,Derived from synthetic FinalFlow scenario inputs; not observed event operations.
staggered_departure,2026-07-19T14:30:00Z,-30,ceremony,penn_station,176,0,0,176,176,0.19555555555555557,0.0,derived,Derived from synthetic FinalFlow scenario inputs; not observed event operations.
staggered_departure,2026-07-19T14:30:00Z,-30,ceremony,secaucus,216,0,0,216,216,0.36,0.0,derived,Derived from synthetic FinalFlow scenario inputs; not observed event operations.
staggered_departure,2026-07-19T14:30:00Z,-30,ceremony,meadowlands,212,0,0,212,212,0.23555555555555555,0.0,derived,Derived from synthetic FinalFlow scenario inputs; not observed event operations.
staggered_departure,2026-07-19T14:30:00Z,-30,ceremony,stadium,207,0,3971,207,0,,0.0,derived,Derived from synthetic FinalFlow scenario inputs; not observed event operations.
staggered_departure,2026-07-19T14:35:00Z,-25,ceremony,midtown,0,0,0,0,0,0.0,0.0,derived,Derived from synthetic FinalFlow scenario inputs; not observed event operations.
staggered_departure,2026-07-19T14:35:00Z,-25,ceremony,penn_station,164,0,0,164,164,0.18222222222222223,0.0,derived,Derived from synthetic FinalFlow scenario inputs; not observed event operations.
staggered_departure,2026-07-19T14:35:00Z,-25,ceremony,secaucus,225,0,0,225,225,0.375,0.0,derived,Derived from synthetic FinalFlow scenario inputs; not observed event operations.
staggered_departure,2026-07-19T14:35:00Z,-25,ceremony,meadowlands,225,0,0,225,225,0.25,0.0,derived,Derived from synthetic FinalFlow scenario inputs; not observed event operations.
staggered_departure,2026-07-19T14:35:00Z,-25,ceremony,stadium,219,0,4190,219,0,,0.0,derived,Derived from synthetic FinalFlow scenario inputs; not observed event operations.
staggered_departure,2026-07-19T14:40:00Z,-20,ceremony,midtown,0,0,0,0,0,0.0,0.0,derived,Derived from synthetic FinalFlow scenario inputs; not observed event operations.
staggered_departure,2026-07-19T14:40:00Z,-20,ceremony,penn_station,140,0,0,140,140,0.15555555555555556,0.0,derived,Derived from synthetic FinalFlow scenario inputs; not observed event operations.
staggered_departure,2026-07-19T14:40:00Z,-20,ceremony,secaucus,219,0,0,219,219,0.365,0.0,derived,Derived from synthetic FinalFlow scenario inputs; not observed event operations.
staggered_departure,2026-07-19T14:40:00Z,-20,ceremony,meadowlands,233,0,0,233,233,0.2588888888888889,0.0,derived,Derived from synthetic FinalFlow scenario inputs; not observed event operations.
staggered_departure,2026-07-19T14:40:00Z,-20,ceremony,stadium,212,0,4402,212,0,,0.0,derived,Derived from synthetic FinalFlow scenario inputs; not observed event operations.
staggered_departure,2026-07-19T14:45:00Z,-15,ceremony,midtown,0,0,0,0,0,0.0,0.0,derived,Derived from synthetic FinalFlow scenario inputs; not observed event operations.
staggered_departure,2026-07-19T14:45:00Z,-15,ceremony,penn_station,0,0,0,0,0,0.0,0.0,derived,Derived from synthetic FinalFlow scenario inputs; not observed event operations.
staggered_departure,2026-07-19T14:45:00Z,-15,ceremony,secaucus,176,0,0,176,176,0.29333333333333333,0.0,derived,Derived from synthetic FinalFlow scenario inputs; not observed event operations.
staggered_departure,2026-07-19T14:45:00Z,-15,ceremony,meadowlands,216,0,0,216,216,0.24,0.0,derived,Derived from synthetic FinalFlow scenario inputs; not observed event operations.
staggered_departure,2026-07-19T14:45:00Z,-15,ceremony,stadium,225,0,4627,225,0,,0.0,derived,Derived from synthetic FinalFlow scenario inputs; not observed event operations.
staggered_departure,2026-07-19T14:50:00Z,-10,ceremony,midtown,0,0,0,0,0,0.0,0.0,derived,Derived from synthetic FinalFlow scenario inputs; not observed event operations.
staggered_departure,2026-07-19T14:50:00Z,-10,ceremony,penn_station,0,0,0,0,0,0.0,0.0,derived,Derived from synthetic FinalFlow scenario inputs; not observed event operations.
staggered_departure,2026-07-19T14:50:00Z,-10,ceremony,secaucus,164,0,0,164,164,0.2733333333333333,0.0,derived,Derived from synthetic FinalFlow scenario inputs; not observed event operations.
staggered_departure,2026-07-19T14:50:00Z,-10,ceremony,meadowlands,225,0,0,225,225,0.25,0.0,derived,Derived from synthetic FinalFlow scenario inputs; not observed event operations.
staggered_departure,2026-07-19T14:50:00Z,-10,ceremony,stadium,233,0,4860,233,0,,0.0,derived,Derived from synthetic FinalFlow scenario inputs; not observed event operations.
staggered_departure,2026-07-19T14:55:00Z,-5,ceremony,midtown,0,0,0,0,0,0.0,0.0,derived,Derived from synthetic FinalFlow scenario inputs; not observed event operations.
staggered_departure,2026-07-19T14:55:00Z,-5,ceremony,penn_station,0,0,0,0,0,0.0,0.0,derived,Derived from synthetic FinalFlow scenario inputs; not observed event operations.
staggered_departure,2026-07-19T14:55:00Z,-5,ceremony,secaucus,140,0,0,140,140,0.23333333333333334,0.0,derived,Derived from synthetic FinalFlow scenario inputs; not observed event operations.
staggered_departure,2026-07-19T14:55:00Z,-5,ceremony,meadowlands,219,0,0,219,219,0.24333333333333335,0.0,derived,Derived from synthetic FinalFlow scenario inputs; not observed event operations.
staggered_departure,2026-07-19T14:55:00Z,-5,ceremony,stadium,216,0,5076,216,0,,0.0,derived,Derived from synthetic FinalFlow scenario inputs; not observed event operations.
staggered_departure,2026-07-19T15:00:00Z,0,kickoff,midtown,0,0,0,0,0,0.0,0.0,derived,Derived from synthetic FinalFlow scenario inputs; not observed event operations.
staggered_departure,2026-07-19T15:00:00Z,0,kickoff,penn_station,0,0,0,0,0,0.0,0.0,derived,Derived from synthetic FinalFlow scenario inputs; not observed event operations.
staggered_departure,2026-07-19T15:00:00Z,0,kickoff,secaucus,0,0,0,0,0,0.0,0.0,derived,Derived from synthetic FinalFlow scenario inputs; not observed event operations.
staggered_departure,2026-07-19T15:00:00Z,0,kickoff,meadowlands,176,0,0,176,176,0.19555555555555557,0.0,derived,Derived from synthetic FinalFlow scenario inputs; not observed event operations.
staggered_departure,2026-07-19T15:00:00Z,0,kickoff,stadium,225,0,5301,225,0,,0.0,derived,Derived from synthetic FinalFlow scenario inputs; not observed event operations.
staggered_departure,2026-07-19T15:05:00Z,5,first_half,midtown,0,0,0,0,0,0.0,0.0,derived,Derived from synthetic FinalFlow scenario inputs; not observed event operations.
staggered_departure,2026-07-19T15:05:00Z,5,first_half,penn_station,0,0,0,0,0,0.0,0.0,derived,Derived from synthetic FinalFlow scenario inputs; not observed event operations.
staggered_departure,2026-07-19T15:05:00Z,5,first_half,secaucus,0,0,0,0,0,0.0,0.0,derived,Derived from synthetic FinalFlow scenario inputs; not observed event operations.
staggered_departure,2026-07-19T15:05:00Z,5,first_half,meadowlands,164,0,0,164,164,0.18222222222222223,0.0,derived,Derived from synthetic FinalFlow scenario inputs; not observed event operations.
staggered_departure,2026-07-19T15:05:00Z,5,first_half,stadium,219,0,5520,219,0,,0.0,derived,Derived from synthetic FinalFlow scenario inputs; not observed event operations.
staggered_departure,2026-07-19T15:10:00Z,10,first_half,midtown,0,0,0,0,0,0.0,0.0,derived,Derived from synthetic FinalFlow scenario inputs; not observed event operations.
staggered_departure,2026-07-19T15:10:00Z,10,first_half,penn_station,0,0,0,0,0,0.0,0.0,derived,Derived from synthetic FinalFlow scenario inputs; not observed event operations.
staggered_departure,2026-07-19T15:10:00Z,10,first_half,secaucus,0,0,0,0,0,0.0,0.0,derived,Derived from synthetic FinalFlow scenario inputs; not observed event operations.
staggered_departure,2026-07-19T15:10:00Z,10,first_half,meadowlands,140,0,0,140,140,0.15555555555555556,0.0,derived,Derived from synthetic FinalFlow scenario inputs; not observed event operations.
staggered_departure,2026-07-19T15:10:00Z,10,first_half,stadium,176,0,5696,176,0,,0.0,derived,Derived from synthetic FinalFlow scenario inputs; not observed event operations.
staggered_departure,2026-07-19T15:15:00Z,15,first_half,midtown,0,0,0,0,0,0.0,0.0,derived,Derived from synthetic FinalFlow scenario inputs; not observed event operations.
staggered_departure,2026-07-19T15:15:00Z,15,first_half,penn_station,0,0,0,0,0,0.0,0.0,derived,Derived from synthetic FinalFlow scenario inputs; not observed event operations.
staggered_departure,2026-07-19T15:15:00Z,15,first_half,secaucus,0,0,0,0,0,0.0,0.0,derived,Derived from synthetic FinalFlow scenario inputs; not observed event operations.
staggered_departure,2026-07-19T15:15:00Z,15,first_half,meadowlands,0,0,0,0,0,0.0,0.0,derived,Derived from synthetic FinalFlow scenario inputs; not observed event operations.
staggered_departure,2026-07-19T15:15:00Z,15,first_half,stadium,164,0,5860,164,0,,0.0,derived,Derived from synthetic FinalFlow scenario inputs; not observed event operations.
staggered_departure,2026-07-19T15:20:00Z,20,first_half,midtown,0,0,0,0,0,0.0,0.0,derived,Derived from synthetic FinalFlow scenario inputs; not observed event operations.
staggered_departure,2026-07-19T15:20:00Z,20,first_half,penn_station,0,0,0,0,0,0.0,0.0,derived,Derived from synthetic FinalFlow scenario inputs; not observed event operations.
staggered_departure,2026-07-19T15:20:00Z,20,first_half,secaucus,0,0,0,0,0,0.0,0.0,derived,Derived from synthetic FinalFlow scenario inputs; not observed event operations.
staggered_departure,2026-07-19T15:20:00Z,20,first_half,meadowlands,0,0,0,0,0,0.0,0.0,derived,Derived from synthetic FinalFlow scenario inputs; not observed event operations.
staggered_departure,2026-07-19T15:20:00Z,20,first_half,stadium,140,0,6000,140,0,,0.0,derived,Derived from synthetic FinalFlow scenario inputs; not observed event operations.
staggered_departure,2026-07-19T15:25:00Z,25,first_half,midtown,0,0,0,0,0,0.0,0.0,derived,Derived from synthetic FinalFlow scenario inputs; not observed event operations.
staggered_departure,2026-07-19T15:25:00Z,25,first_half,penn_station,0,0,0,0,0,0.0,0.0,derived,Derived from synthetic FinalFlow scenario inputs; not observed event operations.
staggered_departure,2026-07-19T15:25:00Z,25,first_half,secaucus,0,0,0,0,0,0.0,0.0,derived,Derived from synthetic FinalFlow scenario inputs; not observed event operations.
staggered_departure,2026-07-19T15:25:00Z,25,first_half,meadowlands,0,0,0,0,0,0.0,0.0,derived,Derived from synthetic FinalFlow scenario inputs; not observed event operations.
staggered_departure,2026-07-19T15:25:00Z,25,first_half,stadium,0,0,6000,0,0,0.0,0.0,derived,Derived from synthetic FinalFlow scenario inputs; not observed event operations.
staggered_departure,2026-07-19T15:30:00Z,30,first_half,midtown,0,0,0,0,0,0.0,0.0,derived,Derived from synthetic FinalFlow scenario inputs; not observed event operations.
staggered_departure,2026-07-19T15:30:00Z,30,first_half,penn_station,0,0,0,0,0,0.0,0.0,derived,Derived from synthetic FinalFlow scenario inputs; not observed event operations.
staggered_departure,2026-07-19T15:30:00Z,30,first_half,secaucus,0,0,0,0,0,0.0,0.0,derived,Derived from synthetic FinalFlow scenario inputs; not observed event operations.
staggered_departure,2026-07-19T15:30:00Z,30,first_half,meadowlands,0,0,0,0,0,0.0,0.0,derived,Derived from synthetic FinalFlow scenario inputs; not observed event operations.
staggered_departure,2026-07-19T15:30:00Z,30,first_half,stadium,0,0,6000,0,0,0.0,0.0,derived,Derived from synthetic FinalFlow scenario inputs; not observed event operations.
staggered_departure,2026-07-19T15:35:00Z,35,first_half,midtown,0,0,0,0,0,0.0,0.0,derived,Derived from synthetic FinalFlow scenario inputs; not observed event operations.
staggered_departure,2026-07-19T15:35:00Z,35,first_half,penn_station,0,0,0,0,0,0.0,0.0,derived,Derived from synthetic FinalFlow scenario inputs; not observed event operations.
staggered_departure,2026-07-19T15:35:00Z,35,first_half,secaucus,0,0,0,0,0,0.0,0.0,derived,Derived from synthetic FinalFlow scenario inputs; not observed event operations.
staggered_departure,2026-07-19T15:35:00Z,35,first_half,meadowlands,0,0,0,0,0,0.0,0.0,derived,Derived from synthetic FinalFlow scenario inputs; not observed event operations.
staggered_departure,2026-07-19T15:35:00Z,35,first_half,stadium,0,0,6000,0,0,0.0,0.0,derived,Derived from synthetic FinalFlow scenario inputs; not observed event operations.
staggered_departure,2026-07-19T15:40:00Z,40,first_half,midtown,0,0,0,0,0,0.0,0.0,derived,Derived from synthetic FinalFlow scenario inputs; not observed event operations.
staggered_departure,2026-07-19T15:40:00Z,40,first_half,penn_station,0,0,0,0,0,0.0,0.0,derived,Derived from synthetic FinalFlow scenario inputs; not observed event operations.
staggered_departure,2026-07-19T15:40:00Z,40,first_half,secaucus,0,0,0,0,0,0.0,0.0,derived,Derived from synthetic FinalFlow scenario inputs; not observed event operations.
staggered_departure,2026-07-19T15:40:00Z,40,first_half,meadowlands,0,0,0,0,0,0.0,0.0,derived,Derived from synthetic FinalFlow scenario inputs; not observed event operations.
staggered_departure,2026-07-19T15:40:00Z,40,first_half,stadium,0,0,6000,0,0,0.0,0.0,derived,Derived from synthetic FinalFlow scenario inputs; not observed event operations.
staggered_departure,2026-07-19T15:45:00Z,45,first_half_end,midtown,0,0,0,0,0,0.0,0.0,derived,Derived from synthetic FinalFlow scenario inputs; not observed event operations.
staggered_departure,2026-07-19T15:45:00Z,45,first_half_end,penn_station,0,0,0,0,0,0.0,0.0,derived,Derived from synthetic FinalFlow scenario inputs; not observed event operations.
staggered_departure,2026-07-19T15:45:00Z,45,first_half_end,secaucus,0,0,0,0,0,0.0,0.0,derived,Derived from synthetic FinalFlow scenario inputs; not observed event operations.
staggered_departure,2026-07-19T15:45:00Z,45,first_half_end,meadowlands,0,0,0,0,0,0.0,0.0,derived,Derived from synthetic FinalFlow scenario inputs; not observed event operations.
staggered_departure,2026-07-19T15:45:00Z,45,first_half_end,stadium,0,0,6000,0,0,0.0,0.0,derived,Derived from synthetic FinalFlow scenario inputs; not observed event operations.
staggered_departure,2026-07-19T15:50:00Z,50,halftime,midtown,0,0,0,0,0,0.0,0.0,derived,Derived from synthetic FinalFlow scenario inputs; not observed event operations.
staggered_departure,2026-07-19T15:50:00Z,50,halftime,penn_station,0,0,0,0,0,0.0,0.0,derived,Derived from synthetic FinalFlow scenario inputs; not observed event operations.
staggered_departure,2026-07-19T15:50:00Z,50,halftime,secaucus,0,0,0,0,0,0.0,0.0,derived,Derived from synthetic FinalFlow scenario inputs; not observed event operations.
staggered_departure,2026-07-19T15:50:00Z,50,halftime,meadowlands,0,0,0,0,0,0.0,0.0,derived,Derived from synthetic FinalFlow scenario inputs; not observed event operations.
staggered_departure,2026-07-19T15:50:00Z,50,halftime,stadium,0,0,6000,0,0,0.0,0.0,derived,Derived from synthetic FinalFlow scenario inputs; not observed event operations.
staggered_departure,2026-07-19T15:55:00Z,55,halftime,midtown,0,0,0,0,0,0.0,0.0,derived,Derived from synthetic FinalFlow scenario inputs; not observed event operations.
staggered_departure,2026-07-19T15:55:00Z,55,halftime,penn_station,0,0,0,0,0,0.0,0.0,derived,Derived from synthetic FinalFlow scenario inputs; not observed event operations.
staggered_departure,2026-07-19T15:55:00Z,55,halftime,secaucus,0,0,0,0,0,0.0,0.0,derived,Derived from synthetic FinalFlow scenario inputs; not observed event operations.
staggered_departure,2026-07-19T15:55:00Z,55,halftime,meadowlands,0,0,0,0,0,0.0,0.0,derived,Derived from synthetic FinalFlow scenario inputs; not observed event operations.
staggered_departure,2026-07-19T15:55:00Z,55,halftime,stadium,0,0,6000,0,0,0.0,0.0,derived,Derived from synthetic FinalFlow scenario inputs; not observed event operations.
staggered_departure,2026-07-19T16:00:00Z,60,second_half,midtown,0,0,0,0,0,0.0,0.0,derived,Derived from synthetic FinalFlow scenario inputs; not observed event operations.
staggered_departure,2026-07-19T16:00:00Z,60,second_half,penn_station,0,0,0,0,0,0.0,0.0,derived,Derived from synthetic FinalFlow scenario inputs; not observed event operations.
staggered_departure,2026-07-19T16:00:00Z,60,second_half,secaucus,0,0,0,0,0,0.0,0.0,derived,Derived from synthetic FinalFlow scenario inputs; not observed event operations.
staggered_departure,2026-07-19T16:00:00Z,60,second_half,meadowlands,0,0,0,0,0,0.0,0.0,derived,Derived from synthetic FinalFlow scenario inputs; not observed event operations.
staggered_departure,2026-07-19T16:00:00Z,60,second_half,stadium,0,0,6000,0,0,0.0,0.0,derived,Derived from synthetic FinalFlow scenario inputs; not observed event operations.
staggered_departure,2026-07-19T16:05:00Z,65,second_half,midtown,0,0,0,0,0,0.0,0.0,derived,Derived from synthetic FinalFlow scenario inputs; not observed event operations.
staggered_departure,2026-07-19T16:05:00Z,65,second_half,penn_station,0,0,0,0,0,0.0,0.0,derived,Derived from synthetic FinalFlow scenario inputs; not observed event operations.
staggered_departure,2026-07-19T16:05:00Z,65,second_half,secaucus,0,0,0,0,0,0.0,0.0,derived,Derived from synthetic FinalFlow scenario inputs; not observed event operations.
staggered_departure,2026-07-19T16:05:00Z,65,second_half,meadowlands,0,0,0,0,0,0.0,0.0,derived,Derived from synthetic FinalFlow scenario inputs; not observed event operations.
staggered_departure,2026-07-19T16:05:00Z,65,second_half,stadium,0,0,6000,0,0,0.0,0.0,derived,Derived from synthetic FinalFlow scenario inputs; not observed event operations.
staggered_departure,2026-07-19T16:10:00Z,70,second_half,midtown,0,0,0,0,0,0.0,0.0,derived,Derived from synthetic FinalFlow scenario inputs; not observed event operations.
staggered_departure,2026-07-19T16:10:00Z,70,second_half,penn_station,0,0,0,0,0,0.0,0.0,derived,Derived from synthetic FinalFlow scenario inputs; not observed event operations.
staggered_departure,2026-07-19T16:10:00Z,70,second_half,secaucus,0,0,0,0,0,0.0,0.0,derived,Derived from synthetic FinalFlow scenario inputs; not observed event operations.
staggered_departure,2026-07-19T16:10:00Z,70,second_half,meadowlands,0,0,0,0,0,0.0,0.0,derived,Derived from synthetic FinalFlow scenario inputs; not observed event operations.
staggered_departure,2026-07-19T16:10:00Z,70,second_half,stadium,0,0,6000,0,0,0.0,0.0,derived,Derived from synthetic FinalFlow scenario inputs; not observed event operations.
staggered_departure,2026-07-19T16:15:00Z,75,second_half,midtown,0,0,0,0,0,0.0,0.0,derived,Derived from synthetic FinalFlow scenario inputs; not observed event operations.
staggered_departure,2026-07-19T16:15:00Z,75,second_half,penn_station,0,0,0,0,0,0.0,0.0,derived,Derived from synthetic FinalFlow scenario inputs; not observed event operations.
staggered_departure,2026-07-19T16:15:00Z,75,second_half,secaucus,0,0,0,0,0,0.0,0.0,derived,Derived from synthetic FinalFlow scenario inputs; not observed event operations.
staggered_departure,2026-07-19T16:15:00Z,75,second_half,meadowlands,0,0,0,0,0,0.0,0.0,derived,Derived from synthetic FinalFlow scenario inputs; not observed event operations.
staggered_departure,2026-07-19T16:15:00Z,75,second_half,stadium,0,0,6000,0,0,0.0,0.0,derived,Derived from synthetic FinalFlow scenario inputs; not observed event operations.
staggered_departure,2026-07-19T16:20:00Z,80,second_half,midtown,0,0,0,0,0,0.0,0.0,derived,Derived from synthetic FinalFlow scenario inputs; not observed event operations.
staggered_departure,2026-07-19T16:20:00Z,80,second_half,penn_station,0,0,0,0,0,0.0,0.0,derived,Derived from synthetic FinalFlow scenario inputs; not observed event operations.
staggered_departure,2026-07-19T16:20:00Z,80,second_half,secaucus,0,0,0,0,0,0.0,0.0,derived,Derived from synthetic FinalFlow scenario inputs; not observed event operations.
staggered_departure,2026-07-19T16:20:00Z,80,second_half,meadowlands,0,0,0,0,0,0.0,0.0,derived,Derived from synthetic FinalFlow scenario inputs; not observed event operations.
staggered_departure,2026-07-19T16:20:00Z,80,second_half,stadium,0,0,6000,0,0,0.0,0.0,derived,Derived from synthetic FinalFlow scenario inputs; not observed event operations.
staggered_departure,2026-07-19T16:25:00Z,85,second_half,midtown,0,0,0,0,0,0.0,0.0,derived,Derived from synthetic FinalFlow scenario inputs; not observed event operations.
staggered_departure,2026-07-19T16:25:00Z,85,second_half,penn_station,0,0,0,0,0,0.0,0.0,derived,Derived from synthetic FinalFlow scenario inputs; not observed event operations.
staggered_departure,2026-07-19T16:25:00Z,85,second_half,secaucus,0,0,0,0,0,0.0,0.0,derived,Derived from synthetic FinalFlow scenario inputs; not observed event operations.
staggered_departure,2026-07-19T16:25:00Z,85,second_half,meadowlands,0,0,0,0,0,0.0,0.0,derived,Derived from synthetic FinalFlow scenario inputs; not observed event operations.
staggered_departure,2026-07-19T16:25:00Z,85,second_half,stadium,0,0,6000,0,0,0.0,0.0,derived,Derived from synthetic FinalFlow scenario inputs; not observed event operations.
staggered_departure,2026-07-19T16:30:00Z,90,second_half,midtown,0,0,0,0,0,0.0,0.0,derived,Derived from synthetic FinalFlow scenario inputs; not observed event operations.
staggered_departure,2026-07-19T16:30:00Z,90,second_half,penn_station,0,0,0,0,0,0.0,0.0,derived,Derived from synthetic FinalFlow scenario inputs; not observed event operations.
staggered_departure,2026-07-19T16:30:00Z,90,second_half,secaucus,0,0,0,0,0,0.0,0.0,derived,Derived from synthetic FinalFlow scenario inputs; not observed event operations.
staggered_departure,2026-07-19T16:30:00Z,90,second_half,meadowlands,0,0,0,0,0,0.0,0.0,derived,Derived from synthetic FinalFlow scenario inputs; not observed event operations.
staggered_departure,2026-07-19T16:30:00Z,90,second_half,stadium,0,0,6000,0,0,0.0,0.0,derived,Derived from synthetic FinalFlow scenario inputs; not observed event operations.
staggered_departure,2026-07-19T16:35:00Z,95,second_half,midtown,0,0,0,0,0,0.0,0.0,derived,Derived from synthetic FinalFlow scenario inputs; not observed event operations.
staggered_departure,2026-07-19T16:35:00Z,95,second_half,penn_station,0,0,0,0,0,0.0,0.0,derived,Derived from synthetic FinalFlow scenario inputs; not observed event operations.
staggered_departure,2026-07-19T16:35:00Z,95,second_half,secaucus,0,0,0,0,0,0.0,0.0,derived,Derived from synthetic FinalFlow scenario inputs; not observed event operations.
staggered_departure,2026-07-19T16:35:00Z,95,second_half,meadowlands,0,0,0,0,0,0.0,0.0,derived,Derived from synthetic FinalFlow scenario inputs; not observed event operations.
staggered_departure,2026-07-19T16:35:00Z,95,second_half,stadium,0,0,6000,0,0,0.0,0.0,derived,Derived from synthetic FinalFlow scenario inputs; not observed event operations.
staggered_departure,2026-07-19T16:40:00Z,100,second_half,midtown,0,0,0,0,0,0.0,0.0,derived,Derived from synthetic FinalFlow scenario inputs; not observed event operations.
staggered_departure,2026-07-19T16:40:00Z,100,second_half,penn_station,0,0,0,0,0,0.0,0.0,derived,Derived from synthetic FinalFlow scenario inputs; not observed event operations.
staggered_departure,2026-07-19T16:40:00Z,100,second_half,secaucus,0,0,0,0,0,0.0,0.0,derived,Derived from synthetic FinalFlow scenario inputs; not observed event operations.
staggered_departure,2026-07-19T16:40:00Z,100,second_half,meadowlands,0,0,0,0,0,0.0,0.0,derived,Derived from synthetic FinalFlow scenario inputs; not observed event operations.
staggered_departure,2026-07-19T16:40:00Z,100,second_half,stadium,0,0,6000,0,0,0.0,0.0,derived,Derived from synthetic FinalFlow scenario inputs; not observed event operations.
staggered_departure,2026-07-19T16:45:00Z,105,regulation_end,midtown,0,0,0,0,0,0.0,0.0,derived,Derived from synthetic FinalFlow scenario inputs; not observed event operations.
staggered_departure,2026-07-19T16:45:00Z,105,regulation_end,penn_station,0,0,0,0,0,0.0,0.0,derived,Derived from synthetic FinalFlow scenario inputs; not observed event operations.
staggered_departure,2026-07-19T16:45:00Z,105,regulation_end,secaucus,0,0,0,0,0,0.0,0.0,derived,Derived from synthetic FinalFlow scenario inputs; not observed event operations.
staggered_departure,2026-07-19T16:45:00Z,105,regulation_end,meadowlands,0,0,0,0,0,0.0,0.0,derived,Derived from synthetic FinalFlow scenario inputs; not observed event operations.
staggered_departure,2026-07-19T16:45:00Z,105,regulation_end,stadium,0,0,6000,0,0,0.0,0.0,derived,Derived from synthetic FinalFlow scenario inputs; not observed event operations.
staggered_departure,2026-07-19T16:50:00Z,110,extra_time,midtown,0,0,0,0,0,0.0,0.0,derived,Derived from synthetic FinalFlow scenario inputs; not observed event operations.
staggered_departure,2026-07-19T16:50:00Z,110,extra_time,penn_station,0,0,0,0,0,0.0,0.0,derived,Derived from synthetic FinalFlow scenario inputs; not observed event operations.
staggered_departure,2026-07-19T16:50:00Z,110,extra_time,secaucus,0,0,0,0,0,0.0,0.0,derived,Derived from synthetic FinalFlow scenario inputs; not observed event operations.
staggered_departure,2026-07-19T16:50:00Z,110,extra_time,meadowlands,0,0,0,0,0,0.0,0.0,derived,Derived from synthetic FinalFlow scenario inputs; not observed event operations.
staggered_departure,2026-07-19T16:50:00Z,110,extra_time,stadium,0,0,6000,0,0,0.0,0.0,derived,Derived from synthetic FinalFlow scenario inputs; not observed event operations.
staggered_departure,2026-07-19T16:55:00Z,115,extra_time,midtown,0,0,0,0,0,0.0,0.0,derived,Derived from synthetic FinalFlow scenario inputs; not observed event operations.
staggered_departure,2026-07-19T16:55:00Z,115,extra_time,penn_station,0,0,0,0,0,0.0,0.0,derived,Derived from synthetic FinalFlow scenario inputs; not observed event operations.
staggered_departure,2026-07-19T16:55:00Z,115,extra_time,secaucus,0,0,0,0,0,0.0,0.0,derived,Derived from synthetic FinalFlow scenario inputs; not observed event operations.
staggered_departure,2026-07-19T16:55:00Z,115,extra_time,meadowlands,0,0,0,0,0,0.0,0.0,derived,Derived from synthetic FinalFlow scenario inputs; not observed event operations.
staggered_departure,2026-07-19T16:55:00Z,115,extra_time,stadium,0,0,6000,0,0,0.0,0.0,derived,Derived from synthetic FinalFlow scenario inputs; not observed event operations.
staggered_departure,2026-07-19T17:00:00Z,120,extra_time,midtown,0,0,0,0,0,0.0,0.0,derived,Derived from synthetic FinalFlow scenario inputs; not observed event operations.
staggered_departure,2026-07-19T17:00:00Z,120,extra_time,penn_station,0,0,0,0,0,0.0,0.0,derived,Derived from synthetic FinalFlow scenario inputs; not observed event operations.
staggered_departure,2026-07-19T17:00:00Z,120,extra_time,secaucus,0,0,0,0,0,0.0,0.0,derived,Derived from synthetic FinalFlow scenario inputs; not observed event operations.
staggered_departure,2026-07-19T17:00:00Z,120,extra_time,meadowlands,0,0,0,0,0,0.0,0.0,derived,Derived from synthetic FinalFlow scenario inputs; not observed event operations.
staggered_departure,2026-07-19T17:00:00Z,120,extra_time,stadium,0,0,6000,0,0,0.0,0.0,derived,Derived from synthetic FinalFlow scenario inputs; not observed event operations.
staggered_departure,2026-07-19T17:05:00Z,125,extra_time,midtown,0,0,0,0,0,0.0,0.0,derived,Derived from synthetic FinalFlow scenario inputs; not observed event operations.
staggered_departure,2026-07-19T17:05:00Z,125,extra_time,penn_station,0,0,0,0,0,0.0,0.0,derived,Derived from synthetic FinalFlow scenario inputs; not observed event operations.
staggered_departure,2026-07-19T17:05:00Z,125,extra_time,secaucus,0,0,0,0,0,0.0,0.0,derived,Derived from synthetic FinalFlow scenario inputs; not observed event operations.
staggered_departure,2026-07-19T17:05:00Z,125,extra_time,meadowlands,0,0,0,0,0,0.0,0.0,derived,Derived from synthetic FinalFlow scenario inputs; not observed event operations.
staggered_departure,2026-07-19T17:05:00Z,125,extra_time,stadium,0,0,6000,0,0,0.0,0.0,derived,Derived from synthetic FinalFlow scenario inputs; not observed event operations.
staggered_departure,2026-07-19T17:10:00Z,130,extra_time,midtown,0,0,0,0,0,0.0,0.0,derived,Derived from synthetic FinalFlow scenario inputs; not observed event operations.
staggered_departure,2026-07-19T17:10:00Z,130,extra_time,penn_station,0,0,0,0,0,0.0,0.0,derived,Derived from synthetic FinalFlow scenario inputs; not observed event operations.
staggered_departure,2026-07-19T17:10:00Z,130,extra_time,secaucus,0,0,0,0,0,0.0,0.0,derived,Derived from synthetic FinalFlow scenario inputs; not observed event operations.
staggered_departure,2026-07-19T17:10:00Z,130,extra_time,meadowlands,0,0,0,0,0,0.0,0.0,derived,Derived from synthetic FinalFlow scenario inputs; not observed event operations.
staggered_departure,2026-07-19T17:10:00Z,130,extra_time,stadium,0,0,6000,0,0,0.0,0.0,derived,Derived from synthetic FinalFlow scenario inputs; not observed event operations.
staggered_departure,2026-07-19T17:15:00Z,135,final_whistle,midtown,0,0,0,0,0,0.0,0.0,derived,Derived from synthetic FinalFlow scenario inputs; not observed event operations.
staggered_departure,2026-07-19T17:15:00Z,135,final_whistle,penn_station,0,0,0,0,0,0.0,0.0,derived,Derived from synthetic FinalFlow scenario inputs; not observed event operations.
staggered_departure,2026-07-19T17:15:00Z,135,final_whistle,secaucus,0,0,0,0,0,0.0,0.0,derived,Derived from synthetic FinalFlow scenario inputs; not observed event operations.
staggered_departure,2026-07-19T17:15:00Z,135,final_whistle,meadowlands,0,0,0,0,0,0.0,0.0,derived,Derived from synthetic FinalFlow scenario inputs; not observed event operations.
staggered_departure,2026-07-19T17:15:00Z,135,final_whistle,stadium,0,0,5951,49,49,,0.0,derived,Derived from synthetic FinalFlow scenario inputs; not observed event operations.
staggered_departure,2026-07-19T17:20:00Z,140,post_match,midtown,0,0,0,0,0,0.0,0.0,derived,Derived from synthetic FinalFlow scenario inputs; not observed event operations.
staggered_departure,2026-07-19T17:20:00Z,140,post_match,penn_station,0,0,0,0,0,0.0,0.0,derived,Derived from synthetic FinalFlow scenario inputs; not observed event operations.
staggered_departure,2026-07-19T17:20:00Z,140,post_match,secaucus,0,0,0,0,0,0.0,0.0,derived,Derived from synthetic FinalFlow scenario inputs; not observed event operations.
staggered_departure,2026-07-19T17:20:00Z,140,post_match,meadowlands,0,0,0,0,0,0.0,0.0,derived,Derived from synthetic FinalFlow scenario inputs; not observed event operations.
staggered_departure,2026-07-19T17:20:00Z,140,post_match,stadium,0,0,5878,73,73,,0.0,derived,Derived from synthetic FinalFlow scenario inputs; not observed event operations.
staggered_departure,2026-07-19T17:25:00Z,145,post_match,midtown,0,0,0,0,0,0.0,0.0,derived,Derived from synthetic FinalFlow scenario inputs; not observed event operations.
staggered_departure,2026-07-19T17:25:00Z,145,post_match,penn_station,0,0,0,0,0,0.0,0.0,derived,Derived from synthetic FinalFlow scenario inputs; not observed event operations.
staggered_departure,2026-07-19T17:25:00Z,145,post_match,secaucus,0,0,0,0,0,0.0,0.0,derived,Derived from synthetic FinalFlow scenario inputs; not observed event operations.
staggered_departure,2026-07-19T17:25:00Z,145,post_match,meadowlands,42,0,0,42,42,0.023333333333333334,0.0,derived,Derived from synthetic FinalFlow scenario inputs; not observed event operations.
staggered_departure,2026-07-19T17:25:00Z,145,post_match,stadium,0,0,5780,98,98,,0.0,derived,Derived from synthetic FinalFlow scenario inputs; not observed event operations.
staggered_departure,2026-07-19T17:30:00Z,150,post_match,midtown,0,0,0,0,0,0.0,0.0,derived,Derived from synthetic FinalFlow scenario inputs; not observed event operations.
staggered_departure,2026-07-19T17:30:00Z,150,post_match,penn_station,0,0,0,0,0,0.0,0.0,derived,Derived from synthetic FinalFlow scenario inputs; not observed event operations.
staggered_departure,2026-07-19T17:30:00Z,150,post_match,secaucus,0,0,0,0,0,0.0,0.0,derived,Derived from synthetic FinalFlow scenario inputs; not observed event operations.
staggered_departure,2026-07-19T17:30:00Z,150,post_match,meadowlands,64,0,0,64,64,0.035555555555555556,0.0,derived,Derived from synthetic FinalFlow scenario inputs; not observed event operations.
staggered_departure,2026-07-19T17:30:00Z,150,post_match,stadium,0,0,5658,122,122,,0.0,derived,Derived from synthetic FinalFlow scenario inputs; not observed event operations.
staggered_departure,2026-07-19T17:35:00Z,155,post_match,midtown,0,0,0,0,0,0.0,0.0,derived,Derived from synthetic FinalFlow scenario inputs; not observed event operations.
staggered_departure,2026-07-19T17:35:00Z,155,post_match,penn_station,0,0,0,0,0,0.0,0.0,derived,Derived from synthetic FinalFlow scenario inputs; not observed event operations.
staggered_departure,2026-07-19T17:35:00Z,155,post_match,secaucus,0,0,0,0,0,0.0,0.0,derived,Derived from synthetic FinalFlow scenario inputs; not observed event operations.
staggered_departure,2026-07-19T17:35:00Z,155,post_match,meadowlands,59,0,0,59,59,0.03277777777777778,0.0,derived,Derived from synthetic FinalFlow scenario inputs; not observed event operations.
staggered_departure,2026-07-19T17:35:00Z,155,post_match,stadium,0,0,5512,146,146,,0.0,derived,Derived from synthetic FinalFlow scenario inputs; not observed event operations.
staggered_departure,2026-07-19T17:40:00Z,160,post_match,midtown,0,0,0,0,0,0.0,0.0,derived,Derived from synthetic FinalFlow scenario inputs; not observed event operations.
staggered_departure,2026-07-19T17:40:00Z,160,post_match,penn_station,0,0,0,0,0,0.0,0.0,derived,Derived from synthetic FinalFlow scenario inputs; not observed event operations.
staggered_departure,2026-07-19T17:40:00Z,160,post_match,secaucus,39,0,0,39,39,0.021666666666666667,0.0,derived,Derived from synthetic FinalFlow scenario inputs; not observed event operations.
staggered_departure,2026-07-19T17:40:00Z,160,post_match,meadowlands,73,0,0,73,73,0.04055555555555555,0.0,derived,Derived from synthetic FinalFlow scenario inputs; not observed event operations.
staggered_departure,2026-07-19T17:40:00Z,160,post_match,stadium,0,0,5341,171,171,,0.0,derived,Derived from synthetic FinalFlow scenario inputs; not observed event operations.
staggered_departure,2026-07-19T17:45:00Z,165,post_match,midtown,0,0,0,0,0,0.0,0.0,derived,Derived from synthetic FinalFlow scenario inputs; not observed event operations.
staggered_departure,2026-07-19T17:45:00Z,165,post_match,penn_station,0,0,0,0,0,0.0,0.0,derived,Derived from synthetic FinalFlow scenario inputs; not observed event operations.
staggered_departure,2026-07-19T17:45:00Z,165,post_match,secaucus,59,0,0,59,59,0.03277777777777778,0.0,derived,Derived from synthetic FinalFlow scenario inputs; not observed event operations.
staggered_departure,2026-07-19T17:45:00Z,165,post_match,meadowlands,87,0,0,87,87,0.04833333333333333,0.0,derived,Derived from synthetic FinalFlow scenario inputs; not observed event operations.
staggered_departure,2026-07-19T17:45:00Z,165,post_match,stadium,0,0,5146,195,195,,0.0,derived,Derived from synthetic FinalFlow scenario inputs; not observed event operations.
staggered_departure,2026-07-19T17:50:00Z,170,post_match,midtown,0,0,0,0,0,0.0,0.0,derived,Derived from synthetic FinalFlow scenario inputs; not observed event operations.
staggered_departure,2026-07-19T17:50:00Z,170,post_match,penn_station,0,0,0,0,0,0.0,0.0,derived,Derived from synthetic FinalFlow scenario inputs; not observed event operations.
staggered_departure,2026-07-19T17:50:00Z,170,post_match,secaucus,54,0,0,54,54,0.03,0.0,derived,Derived from synthetic FinalFlow scenario inputs; not observed event operations.
staggered_departure,2026-07-19T17:50:00Z,170,post_match,meadowlands,103,0,0,103,103,0.05722222222222222,0.0,derived,Derived from synthetic FinalFlow scenario inputs; not observed event operations.
staggered_departure,2026-07-19T17:50:00Z,170,post_match,stadium,0,0,4926,220,220,,0.0,derived,Derived from synthetic FinalFlow scenario inputs; not observed event operations.
staggered_departure,2026-07-19T17:55:00Z,175,post_match,midtown,0,0,0,0,0,0.0,0.0,derived,Derived from synthetic FinalFlow scenario inputs; not observed event operations.
staggered_departure,2026-07-19T17:55:00Z,175,post_match,penn_station,34,0,0,34,34,0.056666666666666664,0.0,derived,Derived from synthetic FinalFlow scenario inputs; not observed event operations.
staggered_departure,2026-07-19T17:55:00Z,175,post_match,secaucus,67,0,0,67,67,0.03722222222222222,0.0,derived,Derived from synthetic FinalFlow scenario inputs; not observed event operations.
staggered_departure,2026-07-19T17:55:00Z,175,post_match,meadowlands,116,0,0,116,116,0.06444444444444444,0.0,derived,Derived from synthetic FinalFlow scenario inputs; not observed event operations.
staggered_departure,2026-07-19T17:55:00Z,175,post_match,stadium,0,0,4682,244,244,,0.0,derived,Derived from synthetic FinalFlow scenario inputs; not observed event operations.
staggered_departure,2026-07-19T18:00:00Z,180,post_match,midtown,0,0,0,0,0,0.0,0.0,derived,Derived from synthetic FinalFlow scenario inputs; not observed event operations.
staggered_departure,2026-07-19T18:00:00Z,180,post_match,penn_station,51,0,0,51,51,0.085,0.0,derived,Derived from synthetic FinalFlow scenario inputs; not observed event operations.
staggered_departure,2026-07-19T18:00:00Z,180,post_match,secaucus,80,0,0,80,80,0.044444444444444446,0.0,derived,Derived from synthetic FinalFlow scenario inputs; not observed event operations.
staggered_departure,2026-07-19T18:00:00Z,180,post_match,meadowlands,133,0,0,133,133,0.07388888888888889,0.0,derived,Derived from synthetic FinalFlow scenario inputs; not observed event operations.
staggered_departure,2026-07-19T18:00:00Z,180,post_match,stadium,0,0,4414,268,268,,0.0,derived,Derived from synthetic FinalFlow scenario inputs; not observed event operations.
staggered_departure,2026-07-19T18:05:00Z,185,post_match,midtown,0,0,0,0,0,0.0,0.0,derived,Derived from synthetic FinalFlow scenario inputs; not observed event operations.
staggered_departure,2026-07-19T18:05:00Z,185,post_match,penn_station,47,0,0,47,47,0.07833333333333334,0.0,derived,Derived from synthetic FinalFlow scenario inputs; not observed event operations.
staggered_departure,2026-07-19T18:05:00Z,185,post_match,secaucus,95,0,0,95,95,0.05277777777777778,0.0,derived,Derived from synthetic FinalFlow scenario inputs; not observed event operations.
staggered_departure,2026-07-19T18:05:00Z,185,post_match,meadowlands,145,0,0,145,145,0.08055555555555556,0.0,derived,Derived from synthetic FinalFlow scenario inputs; not observed event operations.
staggered_departure,2026-07-19T18:05:00Z,185,post_match,stadium,0,0,4121,293,293,,0.0,derived,Derived from synthetic FinalFlow scenario inputs; not observed event operations.
staggered_departure,2026-07-19T18:10:00Z,190,post_match,midtown,28,0,0,28,28,0.0,0.0,derived,Derived from synthetic FinalFlow scenario inputs; not observed event operations.
staggered_departure,2026-07-19T18:10:00Z,190,post_match,penn_station,58,0,0,58,58,0.09666666666666666,0.0,derived,Derived from synthetic FinalFlow scenario inputs; not observed event operations.
staggered_departure,2026-07-19T18:10:00Z,190,post_match,secaucus,107,0,0,107,107,0.059444444444444446,0.0,derived,Derived from synthetic FinalFlow scenario inputs; not observed event operations.
staggered_departure,2026-07-19T18:10:00Z,190,post_match,meadowlands,160,0,0,160,160,0.08888888888888889,0.0,derived,Derived from synthetic FinalFlow scenario inputs; not observed event operations.
staggered_departure,2026-07-19T18:10:00Z,190,post_match,stadium,0,0,3804,317,317,,0.0,derived,Derived from synthetic FinalFlow scenario inputs; not observed event operations.
staggered_departure,2026-07-19T18:15:00Z,195,post_match,midtown,41,0,0,41,41,0.0,0.0,derived,Derived from synthetic FinalFlow scenario inputs; not observed event operations.
staggered_departure,2026-07-19T18:15:00Z,195,post_match,penn_station,70,0,0,70,70,0.11666666666666667,0.0,derived,Derived from synthetic FinalFlow scenario inputs; not observed event operations.
staggered_departure,2026-07-19T18:15:00Z,195,post_match,secaucus,122,0,0,122,122,0.06777777777777778,0.0,derived,Derived from synthetic FinalFlow scenario inputs; not observed event operations.
staggered_departure,2026-07-19T18:15:00Z,195,post_match,meadowlands,177,0,0,177,177,0.09833333333333333,0.0,derived,Derived from synthetic FinalFlow scenario inputs; not observed event operations.
staggered_departure,2026-07-19T18:15:00Z,195,post_match,stadium,0,0,3487,317,317,,0.0,derived,Derived from synthetic FinalFlow scenario inputs; not observed event operations.
staggered_departure,2026-07-19T18:20:00Z,200,post_match,midtown,39,0,0,39,39,0.0,0.0,derived,Derived from synthetic FinalFlow scenario inputs; not observed event operations.
staggered_departure,2026-07-19T18:20:00Z,200,post_match,penn_station,83,0,0,83,83,0.13833333333333334,0.0,derived,Derived from synthetic FinalFlow scenario inputs; not observed event operations.
staggered_departure,2026-07-19T18:20:00Z,200,post_match,secaucus,134,0,0,134,134,0.07444444444444444,0.0,derived,Derived from synthetic FinalFlow scenario inputs; not observed event operations.
staggered_departure,2026-07-19T18:20:00Z,200,post_match,meadowlands,191,0,0,191,191,0.10611111111111111,0.0,derived,Derived from synthetic FinalFlow scenario inputs; not observed event operations.
staggered_departure,2026-07-19T18:20:00Z,200,post_match,stadium,0,0,3170,317,317,,0.0,derived,Derived from synthetic FinalFlow scenario inputs; not observed event operations.
staggered_departure,2026-07-19T18:25:00Z,205,post_match,midtown,47,0,0,47,47,0.0,0.0,derived,Derived from synthetic FinalFlow scenario inputs; not observed event operations.
staggered_departure,2026-07-19T18:25:00Z,205,post_match,penn_station,93,0,0,93,93,0.155,0.0,derived,Derived from synthetic FinalFlow scenario inputs; not observed event operations.
staggered_departure,2026-07-19T18:25:00Z,205,post_match,secaucus,147,0,0,147,147,0.08166666666666667,0.0,derived,Derived from synthetic FinalFlow scenario inputs; not observed event operations.
staggered_departure,2026-07-19T18:25:00Z,205,post_match,meadowlands,191,0,0,191,191,0.10611111111111111,0.0,derived,Derived from synthetic FinalFlow scenario inputs; not observed event operations.
staggered_departure,2026-07-19T18:25:00Z,205,post_match,stadium,0,0,2853,317,317,,0.0,derived,Derived from synthetic FinalFlow scenario inputs; not observed event operations.
staggered_departure,2026-07-19T18:30:00Z,210,post_match,midtown,57,0,0,57,57,0.0,0.0,derived,Derived from synthetic FinalFlow scenario inputs; not observed event operations.
staggered_departure,2026-07-19T18:30:00Z,210,post_match,penn_station,106,0,0,106,106,0.17666666666666667,0.0,derived,Derived from synthetic FinalFlow scenario inputs; not observed event operations.
staggered_departure,2026-07-19T18:30:00Z,210,post_match,secaucus,163,0,0,163,163,0.09055555555555556,0.0,derived,Derived from synthetic FinalFlow scenario inputs; not observed event operations.
staggered_departure,2026-07-19T18:30:00Z,210,post_match,meadowlands,191,0,0,191,191,0.10611111111111111,0.0,derived,Derived from synthetic FinalFlow scenario inputs; not observed event operations.
staggered_departure,2026-07-19T18:30:00Z,210,post_match,stadium,0,0,2536,317,317,,0.0,derived,Derived from synthetic FinalFlow scenario inputs; not observed event operations.
staggered_departure,2026-07-19T18:35:00Z,215,post_match,midtown,67,0,0,67,67,0.0,0.0,derived,Derived from synthetic FinalFlow scenario inputs; not observed event operations.
staggered_departure,2026-07-19T18:35:00Z,215,post_match,penn_station,117,0,0,117,117,0.195,0.0,derived,Derived from synthetic FinalFlow scenario inputs; not observed event operations.
staggered_departure,2026-07-19T18:35:00Z,215,post_match,secaucus,176,0,0,176,176,0.09777777777777778,0.0,derived,Derived from synthetic FinalFlow scenario inputs; not observed event operations.
staggered_departure,2026-07-19T18:35:00Z,215,post_match,meadowlands,191,0,0,191,191,0.10611111111111111,0.0,derived,Derived from synthetic FinalFlow scenario inputs; not observed event operations.
staggered_departure,2026-07-19T18:35:00Z,215,post_match,stadium,0,0,2219,317,317,,0.0,derived,Derived from synthetic FinalFlow scenario inputs; not observed event operations.
staggered_departure,2026-07-19T18:40:00Z,220,post_match,midtown,76,0,0,76,76,0.0,0.0,derived,Derived from synthetic FinalFlow scenario inputs; not observed event operations.
staggered_departure,2026-07-19T18:40:00Z,220,post_match,penn_station,128,0,0,128,128,0.21333333333333335,0.0,derived,Derived from synthetic FinalFlow scenario inputs; not observed event operations.
staggered_departure,2026-07-19T18:40:00Z,220,post_match,secaucus,176,0,0,176,176,0.09777777777777778,0.0,derived,Derived from synthetic FinalFlow scenario inputs; not observed event operations.
staggered_departure,2026-07-19T18:40:00Z,220,post_match,meadowlands,191,0,0,191,191,0.10611111111111111,0.0,derived,Derived from synthetic FinalFlow scenario inputs; not observed event operations.
staggered_departure,2026-07-19T18:40:00Z,220,post_match,stadium,0,0,1902,317,317,,0.0,derived,Derived from synthetic FinalFlow scenario inputs; not observed event operations.
staggered_departure,2026-07-19T18:45:00Z,225,post_match,midtown,86,0,0,86,86,0.0,0.0,derived,Derived from synthetic FinalFlow scenario inputs; not observed event operations.
staggered_departure,2026-07-19T18:45:00Z,225,post_match,penn_station,142,0,0,142,142,0.23666666666666666,0.0,derived,Derived from synthetic FinalFlow scenario inputs; not observed event operations.
staggered_departure,2026-07-19T18:45:00Z,225,post_match,secaucus,176,0,0,176,176,0.09777777777777778,0.0,derived,Derived from synthetic FinalFlow scenario inputs; not observed event operations.
staggered_departure,2026-07-19T18:45:00Z,225,post_match,meadowlands,191,0,0,191,191,0.10611111111111111,0.0,derived,Derived from synthetic FinalFlow scenario inputs; not observed event operations.
staggered_departure,2026-07-19T18:45:00Z,225,post_match,stadium,0,0,1585,317,317,,0.0,derived,Derived from synthetic FinalFlow scenario inputs; not observed event operations.
staggered_departure,2026-07-19T18:50:00Z,230,post_match,midtown,95,0,0,95,95,0.0,0.0,derived,Derived from synthetic FinalFlow scenario inputs; not observed event operations.
staggered_departure,2026-07-19T18:50:00Z,230,post_match,penn_station,153,0,0,153,153,0.255,0.0,derived,Derived from synthetic FinalFlow scenario inputs; not observed event operations.
staggered_departure,2026-07-19T18:50:00Z,230,post_match,secaucus,176,0,0,176,176,0.09777777777777778,0.0,derived,Derived from synthetic FinalFlow scenario inputs; not observed event operations.
staggered_departure,2026-07-19T18:50:00Z,230,post_match,meadowlands,191,0,0,191,191,0.10611111111111111,0.0,derived,Derived from synthetic FinalFlow scenario inputs; not observed event operations.
staggered_departure,2026-07-19T18:50:00Z,230,post_match,stadium,0,0,1268,317,317,,0.0,derived,Derived from synthetic FinalFlow scenario inputs; not observed event operations.
staggered_departure,2026-07-19T18:55:00Z,235,post_match,midtown,104,0,0,104,104,0.0,0.0,derived,Derived from synthetic FinalFlow scenario inputs; not observed event operations.
staggered_departure,2026-07-19T18:55:00Z,235,post_match,penn_station,153,0,0,153,153,0.255,0.0,derived,Derived from synthetic FinalFlow scenario inputs; not observed event operations.
staggered_departure,2026-07-19T18:55:00Z,235,post_match,secaucus,176,0,0,176,176,0.09777777777777778,0.0,derived,Derived from synthetic FinalFlow scenario inputs; not observed event operations.
staggered_departure,2026-07-19T18:55:00Z,235,post_match,meadowlands,191,0,0,191,191,0.10611111111111111,0.0,derived,Derived from synthetic FinalFlow scenario inputs; not observed event operations.
staggered_departure,2026-07-19T18:55:00Z,235,post_match,stadium,0,0,951,317,317,,0.0,derived,Derived from synthetic FinalFlow scenario inputs; not observed event operations.
staggered_departure,2026-07-19T19:00:00Z,240,post_match,midtown,115,0,0,115,115,0.0,0.0,derived,Derived from synthetic FinalFlow scenario inputs; not observed event operations.
staggered_departure,2026-07-19T19:00:00Z,240,post_match,penn_station,153,0,0,153,153,0.255,0.0,derived,Derived from synthetic FinalFlow scenario inputs; not observed event operations.
staggered_departure,2026-07-19T19:00:00Z,240,post_match,secaucus,176,0,0,176,176,0.09777777777777778,0.0,derived,Derived from synthetic FinalFlow scenario inputs; not observed event operations.
staggered_departure,2026-07-19T19:00:00Z,240,post_match,meadowlands,191,0,0,191,191,0.10611111111111111,0.0,derived,Derived from synthetic FinalFlow scenario inputs; not observed event operations.
staggered_departure,2026-07-19T19:00:00Z,240,post_match,stadium,0,0,634,317,317,,0.0,derived,Derived from synthetic FinalFlow scenario inputs; not observed event operations.
staggered_departure,2026-07-19T19:05:00Z,245,post_match,midtown,124,0,0,124,124,0.0,0.0,derived,Derived from synthetic FinalFlow scenario inputs; not observed event operations.
staggered_departure,2026-07-19T19:05:00Z,245,post_match,penn_station,153,0,0,153,153,0.255,0.0,derived,Derived from synthetic FinalFlow scenario inputs; not observed event operations.
staggered_departure,2026-07-19T19:05:00Z,245,post_match,secaucus,176,0,0,176,176,0.09777777777777778,0.0,derived,Derived from synthetic FinalFlow scenario inputs; not observed event operations.
staggered_departure,2026-07-19T19:05:00Z,245,post_match,meadowlands,191,0,0,191,191,0.10611111111111111,0.0,derived,Derived from synthetic FinalFlow scenario inputs; not observed event operations.
staggered_departure,2026-07-19T19:05:00Z,245,post_match,stadium,0,0,317,317,317,,0.0,derived,Derived from synthetic FinalFlow scenario inputs; not observed event operations.
staggered_departure,2026-07-19T19:10:00Z,250,post_match,midtown,124,0,0,124,124,0.0,0.0,derived,Derived from synthetic FinalFlow scenario inputs; not observed event operations.
staggered_departure,2026-07-19T19:10:00Z,250,post_match,penn_station,153,0,0,153,153,0.255,0.0,derived,Derived from synthetic FinalFlow scenario inputs; not observed event operations.
staggered_departure,2026-07-19T19:10:00Z,250,post_match,secaucus,176,0,0,176,176,0.09777777777777778,0.0,derived,Derived from synthetic FinalFlow scenario inputs; not observed event operations.
staggered_departure,2026-07-19T19:10:00Z,250,post_match,meadowlands,191,0,0,191,191,0.10611111111111111,0.0,derived,Derived from synthetic FinalFlow scenario inputs; not observed event operations.
staggered_departure,2026-07-19T19:10:00Z,250,post_match,stadium,0,0,0,317,317,,0.0,derived,Derived from synthetic FinalFlow scenario inputs; not observed event operations.
staggered_departure,2026-07-19T19:15:00Z,255,post_match,midtown,124,0,0,124,124,0.0,0.0,derived,Derived from synthetic FinalFlow scenario inputs; not observed event operations.
staggered_departure,2026-07-19T19:15:00Z,255,post_match,penn_station,153,0,0,153,153,0.255,0.0,derived,Derived from synthetic FinalFlow scenario inputs; not observed event operations.
staggered_departure,2026-07-19T19:15:00Z,255,post_match,secaucus,176,0,0,176,176,0.09777777777777778,0.0,derived,Derived from synthetic FinalFlow scenario inputs; not observed event operations.
staggered_departure,2026-07-19T19:15:00Z,255,post_match,meadowlands,191,0,0,191,191,0.10611111111111111,0.0,derived,Derived from synthetic FinalFlow scenario inputs; not observed event operations.
staggered_departure,2026-07-19T19:15:00Z,255,post_match,stadium,0,0,0,0,0,0.0,0.0,derived,Derived from synthetic FinalFlow scenario inputs; not observed event operations.
staggered_departure,2026-07-19T19:20:00Z,260,post_match,midtown,124,0,0,124,124,0.0,0.0,derived,Derived from synthetic FinalFlow scenario inputs; not observed event operations.
staggered_departure,2026-07-19T19:20:00Z,260,post_match,penn_station,153,0,0,153,153,0.255,0.0,derived,Derived from synthetic FinalFlow scenario inputs; not observed event operations.
staggered_departure,2026-07-19T19:20:00Z,260,post_match,secaucus,176,0,0,176,176,0.09777777777777778,0.0,derived,Derived from synthetic FinalFlow scenario inputs; not observed event operations.
staggered_departure,2026-07-19T19:20:00Z,260,post_match,meadowlands,191,0,0,191,191,0.10611111111111111,0.0,derived,Derived from synthetic FinalFlow scenario inputs; not observed event operations.
staggered_departure,2026-07-19T19:20:00Z,260,post_match,stadium,0,0,0,0,0,0.0,0.0,derived,Derived from synthetic FinalFlow scenario inputs; not observed event operations.
staggered_departure,2026-07-19T19:25:00Z,265,post_match,midtown,124,0,0,124,124,0.0,0.0,derived,Derived from synthetic FinalFlow scenario inputs; not observed event operations.
staggered_departure,2026-07-19T19:25:00Z,265,post_match,penn_station,153,0,0,153,153,0.255,0.0,derived,Derived from synthetic FinalFlow scenario inputs; not observed event operations.
staggered_departure,2026-07-19T19:25:00Z,265,post_match,secaucus,176,0,0,176,176,0.09777777777777778,0.0,derived,Derived from synthetic FinalFlow scenario inputs; not observed event operations.
staggered_departure,2026-07-19T19:25:00Z,265,post_match,meadowlands,0,0,0,0,0,0.0,0.0,derived,Derived from synthetic FinalFlow scenario inputs; not observed event operations.
staggered_departure,2026-07-19T19:25:00Z,265,post_match,stadium,0,0,0,0,0,0.0,0.0,derived,Derived from synthetic FinalFlow scenario inputs; not observed event operations.
staggered_departure,2026-07-19T19:30:00Z,270,post_match,midtown,124,0,0,124,124,0.0,0.0,derived,Derived from synthetic FinalFlow scenario inputs; not observed event operations.
staggered_departure,2026-07-19T19:30:00Z,270,post_match,penn_station,153,0,0,153,153,0.255,0.0,derived,Derived from synthetic FinalFlow scenario inputs; not observed event operations.
staggered_departure,2026-07-19T19:30:00Z,270,post_match,secaucus,176,0,0,176,176,0.09777777777777778,0.0,derived,Derived from synthetic FinalFlow scenario inputs; not observed event operations.
staggered_departure,2026-07-19T19:30:00Z,270,post_match,meadowlands,0,0,0,0,0,0.0,0.0,derived,Derived from synthetic FinalFlow scenario inputs; not observed event operations.
staggered_departure,2026-07-19T19:30:00Z,270,post_match,stadium,0,0,0,0,0,0.0,0.0,derived,Derived from synthetic FinalFlow scenario inputs; not observed event operations.
staggered_departure,2026-07-19T19:35:00Z,275,post_match,midtown,124,0,0,124,124,0.0,0.0,derived,Derived from synthetic FinalFlow scenario inputs; not observed event operations.
staggered_departure,2026-07-19T19:35:00Z,275,post_match,penn_station,153,0,0,153,153,0.255,0.0,derived,Derived from synthetic FinalFlow scenario inputs; not observed event operations.
staggered_departure,2026-07-19T19:35:00Z,275,post_match,secaucus,176,0,0,176,176,0.09777777777777778,0.0,derived,Derived from synthetic FinalFlow scenario inputs; not observed event operations.
staggered_departure,2026-07-19T19:35:00Z,275,post_match,meadowlands,0,0,0,0,0,0.0,0.0,derived,Derived from synthetic FinalFlow scenario inputs; not observed event operations.
staggered_departure,2026-07-19T19:35:00Z,275,post_match,stadium,0,0,0,0,0,0.0,0.0,derived,Derived from synthetic FinalFlow scenario inputs; not observed event operations.
staggered_departure,2026-07-19T19:40:00Z,280,post_match,midtown,124,0,0,124,124,0.0,0.0,derived,Derived from synthetic FinalFlow scenario inputs; not observed event operations.
staggered_departure,2026-07-19T19:40:00Z,280,post_match,penn_station,153,0,0,153,153,0.255,0.0,derived,Derived from synthetic FinalFlow scenario inputs; not observed event operations.
staggered_departure,2026-07-19T19:40:00Z,280,post_match,secaucus,0,0,0,0,0,0.0,0.0,derived,Derived from synthetic FinalFlow scenario inputs; not observed event operations.
staggered_departure,2026-07-19T19:40:00Z,280,post_match,meadowlands,0,0,0,0,0,0.0,0.0,derived,Derived from synthetic FinalFlow scenario inputs; not observed event operations.
staggered_departure,2026-07-19T19:40:00Z,280,post_match,stadium,0,0,0,0,0,0.0,0.0,derived,Derived from synthetic FinalFlow scenario inputs; not observed event operations.
staggered_departure,2026-07-19T19:45:00Z,285,post_match,midtown,124,0,0,124,124,0.0,0.0,derived,Derived from synthetic FinalFlow scenario inputs; not observed event operations.
staggered_departure,2026-07-19T19:45:00Z,285,post_match,penn_station,153,0,0,153,153,0.255,0.0,derived,Derived from synthetic FinalFlow scenario inputs; not observed event operations.
staggered_departure,2026-07-19T19:45:00Z,285,post_match,secaucus,0,0,0,0,0,0.0,0.0,derived,Derived from synthetic FinalFlow scenario inputs; not observed event operations.
staggered_departure,2026-07-19T19:45:00Z,285,post_match,meadowlands,0,0,0,0,0,0.0,0.0,derived,Derived from synthetic FinalFlow scenario inputs; not observed event operations.
staggered_departure,2026-07-19T19:45:00Z,285,post_match,stadium,0,0,0,0,0,0.0,0.0,derived,Derived from synthetic FinalFlow scenario inputs; not observed event operations.
staggered_departure,2026-07-19T19:50:00Z,290,post_match,midtown,124,0,0,124,124,0.0,0.0,derived,Derived from synthetic FinalFlow scenario inputs; not observed event operations.
staggered_departure,2026-07-19T19:50:00Z,290,post_match,penn_station,153,0,0,153,153,0.255,0.0,derived,Derived from synthetic FinalFlow scenario inputs; not observed event operations.
staggered_departure,2026-07-19T19:50:00Z,290,post_match,secaucus,0,0,0,0,0,0.0,0.0,derived,Derived from synthetic FinalFlow scenario inputs; not observed event operations.
staggered_departure,2026-07-19T19:50:00Z,290,post_match,meadowlands,0,0,0,0,0,0.0,0.0,derived,Derived from synthetic FinalFlow scenario inputs; not observed event operations.
staggered_departure,2026-07-19T19:50:00Z,290,post_match,stadium,0,0,0,0,0,0.0,0.0,derived,Derived from synthetic FinalFlow scenario inputs; not observed event operations.
staggered_departure,2026-07-19T19:55:00Z,295,post_match,midtown,124,0,0,124,124,0.0,0.0,derived,Derived from synthetic FinalFlow scenario inputs; not observed event operations.
staggered_departure,2026-07-19T19:55:00Z,295,post_match,penn_station,0,0,0,0,0,0.0,0.0,derived,Derived from synthetic FinalFlow scenario inputs; not observed event operations.
staggered_departure,2026-07-19T19:55:00Z,295,post_match,secaucus,0,0,0,0,0,0.0,0.0,derived,Derived from synthetic FinalFlow scenario inputs; not observed event operations.
staggered_departure,2026-07-19T19:55:00Z,295,post_match,meadowlands,0,0,0,0,0,0.0,0.0,derived,Derived from synthetic FinalFlow scenario inputs; not observed event operations.
staggered_departure,2026-07-19T19:55:00Z,295,post_match,stadium,0,0,0,0,0,0.0,0.0,derived,Derived from synthetic FinalFlow scenario inputs; not observed event operations.
staggered_departure,2026-07-19T20:00:00Z,300,post_match,midtown,124,0,0,124,124,0.0,0.0,derived,Derived from synthetic FinalFlow scenario inputs; not observed event operations.
staggered_departure,2026-07-19T20:00:00Z,300,post_match,penn_station,0,0,0,0,0,0.0,0.0,derived,Derived from synthetic FinalFlow scenario inputs; not observed event operations.
staggered_departure,2026-07-19T20:00:00Z,300,post_match,secaucus,0,0,0,0,0,0.0,0.0,derived,Derived from synthetic FinalFlow scenario inputs; not observed event operations.
staggered_departure,2026-07-19T20:00:00Z,300,post_match,meadowlands,0,0,0,0,0,0.0,0.0,derived,Derived from synthetic FinalFlow scenario inputs; not observed event operations.
staggered_departure,2026-07-19T20:00:00Z,300,post_match,stadium,0,0,0,0,0,0.0,0.0,derived,Derived from synthetic FinalFlow scenario inputs; not observed event operations.
staggered_departure,2026-07-19T20:05:00Z,305,post_match,midtown,124,0,0,124,124,0.0,0.0,derived,Derived from synthetic FinalFlow scenario inputs; not observed event operations.
staggered_departure,2026-07-19T20:05:00Z,305,post_match,penn_station,0,0,0,0,0,0.0,0.0,derived,Derived from synthetic FinalFlow scenario inputs; not observed event operations.
staggered_departure,2026-07-19T20:05:00Z,305,post_match,secaucus,0,0,0,0,0,0.0,0.0,derived,Derived from synthetic FinalFlow scenario inputs; not observed event operations.
staggered_departure,2026-07-19T20:05:00Z,305,post_match,meadowlands,0,0,0,0,0,0.0,0.0,derived,Derived from synthetic FinalFlow scenario inputs; not observed event operations.
staggered_departure,2026-07-19T20:05:00Z,305,post_match,stadium,0,0,0,0,0,0.0,0.0,derived,Derived from synthetic FinalFlow scenario inputs; not observed event operations.
staggered_departure,2026-07-19T20:10:00Z,310,post_match,midtown,0,0,0,0,0,0.0,0.0,derived,Derived from synthetic FinalFlow scenario inputs; not observed event operations.
staggered_departure,2026-07-19T20:10:00Z,310,post_match,penn_station,0,0,0,0,0,0.0,0.0,derived,Derived from synthetic FinalFlow scenario inputs; not observed event operations.
staggered_departure,2026-07-19T20:10:00Z,310,post_match,secaucus,0,0,0,0,0,0.0,0.0,derived,Derived from synthetic FinalFlow scenario inputs; not observed event operations.
staggered_departure,2026-07-19T20:10:00Z,310,post_match,meadowlands,0,0,0,0,0,0.0,0.0,derived,Derived from synthetic FinalFlow scenario inputs; not observed event operations.
staggered_departure,2026-07-19T20:10:00Z,310,post_match,stadium,0,0,0,0,0,0.0,0.0,derived,Derived from synthetic FinalFlow scenario inputs; not observed event operations.
staggered_departure,2026-07-19T20:15:00Z,315,post_match,midtown,0,0,0,0,0,0.0,0.0,derived,Derived from synthetic FinalFlow scenario inputs; not observed event operations.
staggered_departure,2026-07-19T20:15:00Z,315,post_match,penn_station,0,0,0,0,0,0.0,0.0,derived,Derived from synthetic FinalFlow scenario inputs; not observed event operations.
staggered_departure,2026-07-19T20:15:00Z,315,post_match,secaucus,0,0,0,0,0,0.0,0.0,derived,Derived from synthetic FinalFlow scenario inputs; not observed event operations.
staggered_departure,2026-07-19T20:15:00Z,315,post_match,meadowlands,0,0,0,0,0,0.0,0.0,derived,Derived from synthetic FinalFlow scenario inputs; not observed event operations.
staggered_departure,2026-07-19T20:15:00Z,315,post_match,stadium,0,0,0,0,0,0.0,0.0,derived,Derived from synthetic FinalFlow scenario inputs; not observed event operations.
