scenario_id,timestamp,time_minutes,phase_id,edge_id,demand,capacity,throughput,utilization,in_transit_passengers,data_type,assumption_note
baseline,2026-07-19T12:00:00Z,-180,pre_match,midtown_to_penn_station,0,600,0,0.0,0,derived,Derived from synthetic FinalFlow scenario inputs; not observed event operations.
baseline,2026-07-19T12:00:00Z,-180,pre_match,penn_station_to_midtown,0,600,0,0.0,0,derived,Derived from synthetic FinalFlow scenario inputs; not observed event operations.
baseline,2026-07-19T12:00:00Z,-180,pre_match,penn_station_to_secaucus,0,900,0,0.0,0,derived,Derived from synthetic FinalFlow scenario inputs; not observed event operations.
baseline,2026-07-19T12:00:00Z,-180,pre_match,secaucus_to_penn_station,0,900,0,0.0,0,derived,Derived from synthetic FinalFlow scenario inputs; not observed event operations.
baseline,2026-07-19T12:00:00Z,-180,pre_match,secaucus_to_meadowlands,0,600,0,0.0,0,derived,Derived from synthetic FinalFlow scenario inputs; not observed event operations.
baseline,2026-07-19T12:00:00Z,-180,pre_match,meadowlands_to_secaucus,0,600,0,0.0,0,derived,Derived from synthetic FinalFlow scenario inputs; not observed event operations.
baseline,2026-07-19T12:00:00Z,-180,pre_match,meadowlands_to_stadium,0,900,0,0.0,0,derived,Derived from synthetic FinalFlow scenario inputs; not observed event operations.
baseline,2026-07-19T12:00:00Z,-180,pre_match,stadium_to_meadowlands,0,900,0,0.0,0,derived,Derived from synthetic FinalFlow scenario inputs; not observed event operations.
baseline,2026-07-19T12:05:00Z,-175,pre_match,midtown_to_penn_station,0,600,0,0.0,0,derived,Derived from synthetic FinalFlow scenario inputs; not observed event operations.
baseline,2026-07-19T12:05:00Z,-175,pre_match,penn_station_to_midtown,0,600,0,0.0,0,derived,Derived from synthetic FinalFlow scenario inputs; not observed event operations.
baseline,2026-07-19T12:05:00Z,-175,pre_match,penn_station_to_secaucus,0,900,0,0.0,0,derived,Derived from synthetic FinalFlow scenario inputs; not observed event operations.
baseline,2026-07-19T12:05:00Z,-175,pre_match,secaucus_to_penn_station,0,900,0,0.0,0,derived,Derived from synthetic FinalFlow scenario inputs; not observed event operations.
baseline,2026-07-19T12:05:00Z,-175,pre_match,secaucus_to_meadowlands,0,600,0,0.0,0,derived,Derived from synthetic FinalFlow scenario inputs; not observed event operations.
baseline,2026-07-19T12:05:00Z,-175,pre_match,meadowlands_to_secaucus,0,600,0,0.0,0,derived,Derived from synthetic FinalFlow scenario inputs; not observed event operations.
baseline,2026-07-19T12:05:00Z,-175,pre_match,meadowlands_to_stadium,0,900,0,0.0,0,derived,Derived from synthetic FinalFlow scenario inputs; not observed event operations.
baseline,2026-07-19T12:05:00Z,-175,pre_match,stadium_to_meadowlands,0,900,0,0.0,0,derived,Derived from synthetic FinalFlow scenario inputs; not observed event operations.
baseline,2026-07-19T12:10:00Z,-170,pre_match,midtown_to_penn_station,0,600,0,0.0,0,derived,Derived from synthetic FinalFlow scenario inputs; not observed event operations.
baseline,2026-07-19T12:10:00Z,-170,pre_match,penn_station_to_midtown,0,600,0,0.0,0,derived,Derived from synthetic FinalFlow scenario inputs; not observed event operations.
baseline,2026-07-19T12:10:00Z,-170,pre_match,penn_station_to_secaucus,0,900,0,0.0,0,derived,Derived from synthetic FinalFlow scenario inputs; not observed event operations.
baseline,2026-07-19T12:10:00Z,-170,pre_match,secaucus_to_penn_station,0,900,0,0.0,0,derived,Derived from synthetic FinalFlow scenario inputs; not observed event operations.
baseline,2026-07-19T12:10:00Z,-170,pre_match,secaucus_to_meadowlands,0,600,0,0.0,0,derived,Derived from synthetic FinalFlow scenario inputs; not observed event operations.
baseline,2026-07-19T12:10:00Z,-170,pre_match,meadowlands_to_secaucus,0,600,0,0.0,0,derived,Derived from synthetic FinalFlow scenario inputs; not observed event operations.
baseline,2026-07-19T12:10:00Z,-170,pre_match,meadowlands_to_stadium,0,900,0,0.0,0,derived,Derived from synthetic FinalFlow scenario inputs; not observed event operations.
baseline,2026-07-19T12:10:00Z,-170,pre_match,stadium_to_meadowlands,0,900,0,0.0,0,derived,Derived from synthetic FinalFlow scenario inputs; not observed event operations.
baseline,2026-07-19T12:15:00Z,-165,pre_match,midtown_to_penn_station,0,600,0,0.0,0,derived,Derived from synthetic FinalFlow scenario inputs; not observed event operations.
baseline,2026-07-19T12:15:00Z,-165,pre_match,penn_station_to_midtown,0,600,0,0.0,0,derived,Derived from synthetic FinalFlow scenario inputs; not observed event operations.
baseline,2026-07-19T12:15:00Z,-165,pre_match,penn_station_to_secaucus,0,900,0,0.0,0,derived,Derived from synthetic FinalFlow scenario inputs; not observed event operations.
baseline,2026-07-19T12:15:00Z,-165,pre_match,secaucus_to_penn_station,0,900,0,0.0,0,derived,Derived from synthetic FinalFlow scenario inputs; not observed event operations.
baseline,2026-07-19T12:15:00Z,-165,pre_match,secaucus_to_meadowlands,0,600,0,0.0,0,derived,Derived from synthetic FinalFlow scenario inputs; not observed event operations.
baseline,2026-07-19T12:15:00Z,-165,pre_match,meadowlands_to_secaucus,0,600,0,0.0,0,derived,Derived from synthetic FinalFlow scenario inputs; not observed event operations.
baseline,2026-07-19T12:15:00Z,-165,pre_match,meadowlands_to_stadium,0,900,0,0.0,0,derived,Derived from synthetic FinalFlow scenario inputs; not observed event operations.
baseline,2026-07-19T12:15:00Z,-165,pre_match,stadium_to_meadowlands,0,900,0,0.0,0,derived,Derived from synthetic FinalFlow scenario inputs; not observed event operations.
baseline,2026-07-19T12:20:00Z,-160,pre_match,midtown_to_penn_station,0,600,0,0.0,0,derived,Derived from synthetic FinalFlow scenario inputs; not observed event operations.
baseline,2026-07-19T12:20:00Z,-160,pre_match,penn_station_to_midtown,0,600,0,0.0,0,derived,Derived from synthetic FinalFlow scenario inputs; not observed event operations.
baseline,2026-07-19T12:20:00Z,-160,pre_match,penn_station_to_secaucus,0,900,0,0.0,0,derived,Derived from synthetic FinalFlow scenario inputs; not observed event operations.
baseline,2026-07-19T12:20:00Z,-160,pre_match,secaucus_to_penn_station,0,900,0,0.0,0,derived,Derived from synthetic FinalFlow scenario inputs; not observed event operations.
baseline,2026-07-19T12:20:00Z,-160,pre_match,secaucus_to_meadowlands,0,600,0,0.0,0,derived,Derived from synthetic FinalFlow scenario inputs; not observed event operations.
baseline,2026-07-19T12:20:00Z,-160,pre_match,meadowlands_to_secaucus,0,600,0,0.0,0,derived,Derived from synthetic FinalFlow scenario inputs; not observed event operations.
baseline,2026-07-19T12:20:00Z,-160,pre_match,meadowlands_to_stadium,0,900,0,0.0,0,derived,Derived from synthetic FinalFlow scenario inputs; not observed event operations.
baseline,2026-07-19T12:20:00Z,-160,pre_match,stadium_to_meadowlands,0,900,0,0.0,0,derived,Derived from synthetic FinalFlow scenario inputs; not observed event operations.
baseline,2026-07-19T12:25:00Z,-155,pre_match,midtown_to_penn_station,0,600,0,0.0,0,derived,Derived from synthetic FinalFlow scenario inputs; not observed event operations.
baseline,2026-07-19T12:25:00Z,-155,pre_match,penn_station_to_midtown,0,600,0,0.0,0,derived,Derived from synthetic FinalFlow scenario inputs; not observed event operations.
baseline,2026-07-19T12:25:00Z,-155,pre_match,penn_station_to_secaucus,0,900,0,0.0,0,derived,Derived from synthetic FinalFlow scenario inputs; not observed event operations.
baseline,2026-07-19T12:25:00Z,-155,pre_match,secaucus_to_penn_station,0,900,0,0.0,0,derived,Derived from synthetic FinalFlow scenario inputs; not observed event operations.
baseline,2026-07-19T12:25:00Z,-155,pre_match,secaucus_to_meadowlands,0,600,0,0.0,0,derived,Derived from synthetic FinalFlow scenario inputs; not observed event operations.
baseline,2026-07-19T12:25:00Z,-155,pre_match,meadowlands_to_secaucus,0,600,0,0.0,0,derived,Derived from synthetic FinalFlow scenario inputs; not observed event operations.
baseline,2026-07-19T12:25:00Z,-155,pre_match,meadowlands_to_stadium,0,900,0,0.0,0,derived,Derived from synthetic FinalFlow scenario inputs; not observed event operations.
baseline,2026-07-19T12:25:00Z,-155,pre_match,stadium_to_meadowlands,0,900,0,0.0,0,derived,Derived from synthetic FinalFlow scenario inputs; not observed event operations.
baseline,2026-07-19T12:30:00Z,-150,pre_match,midtown_to_penn_station,12,600,12,0.02,12,derived,Derived from synthetic FinalFlow scenario inputs; not observed event operations.
baseline,2026-07-19T12:30:00Z,-150,pre_match,penn_station_to_midtown,0,600,0,0.0,0,derived,Derived from synthetic FinalFlow scenario inputs; not observed event operations.
baseline,2026-07-19T12:30:00Z,-150,pre_match,penn_station_to_secaucus,3,900,3,0.0033333333333333335,3,derived,Derived from synthetic FinalFlow scenario inputs; not observed event operations.
baseline,2026-07-19T12:30:00Z,-150,pre_match,secaucus_to_penn_station,0,900,0,0.0,0,derived,Derived from synthetic FinalFlow scenario inputs; not observed event operations.
baseline,2026-07-19T12:30:00Z,-150,pre_match,secaucus_to_meadowlands,3,600,3,0.005,3,derived,Derived from synthetic FinalFlow scenario inputs; not observed event operations.
baseline,2026-07-19T12:30:00Z,-150,pre_match,meadowlands_to_secaucus,0,600,0,0.0,0,derived,Derived from synthetic FinalFlow scenario inputs; not observed event operations.
baseline,2026-07-19T12:30:00Z,-150,pre_match,meadowlands_to_stadium,1,900,1,0.0011111111111111111,1,derived,Derived from synthetic FinalFlow scenario inputs; not observed event operations.
baseline,2026-07-19T12:30:00Z,-150,pre_match,stadium_to_meadowlands,0,900,0,0.0,0,derived,Derived from synthetic FinalFlow scenario inputs; not observed event operations.
baseline,2026-07-19T12:35:00Z,-145,pre_match,midtown_to_penn_station,12,600,12,0.02,24,derived,Derived from synthetic FinalFlow scenario inputs; not observed event operations.
baseline,2026-07-19T12:35:00Z,-145,pre_match,penn_station_to_midtown,0,600,0,0.0,0,derived,Derived from synthetic FinalFlow scenario inputs; not observed event operations.
baseline,2026-07-19T12:35:00Z,-145,pre_match,penn_station_to_secaucus,3,900,3,0.0033333333333333335,6,derived,Derived from synthetic FinalFlow scenario inputs; not observed event operations.
baseline,2026-07-19T12:35:00Z,-145,pre_match,secaucus_to_penn_station,0,900,0,0.0,0,derived,Derived from synthetic FinalFlow scenario inputs; not observed event operations.
baseline,2026-07-19T12:35:00Z,-145,pre_match,secaucus_to_meadowlands,3,600,3,0.005,6,derived,Derived from synthetic FinalFlow scenario inputs; not observed event operations.
baseline,2026-07-19T12:35:00Z,-145,pre_match,meadowlands_to_secaucus,0,600,0,0.0,0,derived,Derived from synthetic FinalFlow scenario inputs; not observed event operations.
baseline,2026-07-19T12:35:00Z,-145,pre_match,meadowlands_to_stadium,1,900,1,0.0011111111111111111,2,derived,Derived from synthetic FinalFlow scenario inputs; not observed event operations.
baseline,2026-07-19T12:35:00Z,-145,pre_match,stadium_to_meadowlands,0,900,0,0.0,0,derived,Derived from synthetic FinalFlow scenario inputs; not observed event operations.
baseline,2026-07-19T12:40:00Z,-140,pre_match,midtown_to_penn_station,12,600,12,0.02,36,derived,Derived from synthetic FinalFlow scenario inputs; not observed event operations.
baseline,2026-07-19T12:40:00Z,-140,pre_match,penn_station_to_midtown,0,600,0,0.0,0,derived,Derived from synthetic FinalFlow scenario inputs; not observed event operations.
baseline,2026-07-19T12:40:00Z,-140,pre_match,penn_station_to_secaucus,3,900,3,0.0033333333333333335,9,derived,Derived from synthetic FinalFlow scenario inputs; not observed event operations.
baseline,2026-07-19T12:40:00Z,-140,pre_match,secaucus_to_penn_station,0,900,0,0.0,0,derived,Derived from synthetic FinalFlow scenario inputs; not observed event operations.
baseline,2026-07-19T12:40:00Z,-140,pre_match,secaucus_to_meadowlands,3,600,3,0.005,9,derived,Derived from synthetic FinalFlow scenario inputs; not observed event operations.
baseline,2026-07-19T12:40:00Z,-140,pre_match,meadowlands_to_secaucus,0,600,0,0.0,0,derived,Derived from synthetic FinalFlow scenario inputs; not observed event operations.
baseline,2026-07-19T12:40:00Z,-140,pre_match,meadowlands_to_stadium,1,900,1,0.0011111111111111111,2,derived,Derived from synthetic FinalFlow scenario inputs; not observed event operations.
baseline,2026-07-19T12:40:00Z,-140,pre_match,stadium_to_meadowlands,0,900,0,0.0,0,derived,Derived from synthetic FinalFlow scenario inputs; not observed event operations.
baseline,2026-07-19T12:45:00Z,-135,pre_match,midtown_to_penn_station,23,600,23,0.03833333333333333,47,derived,Derived from synthetic FinalFlow scenario inputs; not observed event operations.
baseline,2026-07-19T12:45:00Z,-135,pre_match,penn_station_to_midtown,0,600,0,0.0,0,derived,Derived from synthetic FinalFlow scenario inputs; not observed event operations.
baseline,2026-07-19T12:45:00Z,-135,pre_match,penn_station_to_secaucus,17,900,17,0.01888888888888889,23,derived,Derived from synthetic FinalFlow scenario inputs; not observed event operations.
baseline,2026-07-19T12:45:00Z,-135,pre_match,secaucus_to_penn_station,0,900,0,0.0,0,derived,Derived from synthetic FinalFlow scenario inputs; not observed event operations.
baseline,2026-07-19T12:45:00Z,-135,pre_match,secaucus_to_meadowlands,7,600,7,0.011666666666666667,13,derived,Derived from synthetic FinalFlow scenario inputs; not observed event operations.
baseline,2026-07-19T12:45:00Z,-135,pre_match,meadowlands_to_secaucus,0,600,0,0.0,0,derived,Derived from synthetic FinalFlow scenario inputs; not observed event operations.
baseline,2026-07-19T12:45:00Z,-135,pre_match,meadowlands_to_stadium,6,900,6,0.006666666666666667,7,derived,Derived from synthetic FinalFlow scenario inputs; not observed event operations.
baseline,2026-07-19T12:45:00Z,-135,pre_match,stadium_to_meadowlands,0,900,0,0.0,0,derived,Derived from synthetic FinalFlow scenario inputs; not observed event operations.
baseline,2026-07-19T12:50:00Z,-130,pre_match,midtown_to_penn_station,23,600,23,0.03833333333333333,58,derived,Derived from synthetic FinalFlow scenario inputs; not observed event operations.
baseline,2026-07-19T12:50:00Z,-130,pre_match,penn_station_to_midtown,0,600,0,0.0,0,derived,Derived from synthetic FinalFlow scenario inputs; not observed event operations.
baseline,2026-07-19T12:50:00Z,-130,pre_match,penn_station_to_secaucus,17,900,17,0.01888888888888889,37,derived,Derived from synthetic FinalFlow scenario inputs; not observed event operations.
baseline,2026-07-19T12:50:00Z,-130,pre_match,secaucus_to_penn_station,0,900,0,0.0,0,derived,Derived from synthetic FinalFlow scenario inputs; not observed event operations.
baseline,2026-07-19T12:50:00Z,-130,pre_match,secaucus_to_meadowlands,7,600,7,0.011666666666666667,17,derived,Derived from synthetic FinalFlow scenario inputs; not observed event operations.
baseline,2026-07-19T12:50:00Z,-130,pre_match,meadowlands_to_secaucus,0,600,0,0.0,0,derived,Derived from synthetic FinalFlow scenario inputs; not observed event operations.
baseline,2026-07-19T12:50:00Z,-130,pre_match,meadowlands_to_stadium,6,900,6,0.006666666666666667,12,derived,Derived from synthetic FinalFlow scenario inputs; not observed event operations.
baseline,2026-07-19T12:50:00Z,-130,pre_match,stadium_to_meadowlands,0,900,0,0.0,0,derived,Derived from synthetic FinalFlow scenario inputs; not observed event operations.
baseline,2026-07-19T12:55:00Z,-125,pre_match,midtown_to_penn_station,35,600,35,0.058333333333333334,81,derived,Derived from synthetic FinalFlow scenario inputs; not observed event operations.
baseline,2026-07-19T12:55:00Z,-125,pre_match,penn_station_to_midtown,0,600,0,0.0,0,derived,Derived from synthetic FinalFlow scenario inputs; not observed event operations.
baseline,2026-07-19T12:55:00Z,-125,pre_match,penn_station_to_secaucus,20,900,20,0.022222222222222223,54,derived,Derived from synthetic FinalFlow scenario inputs; not observed event operations.
baseline,2026-07-19T12:55:00Z,-125,pre_match,secaucus_to_penn_station,0,900,0,0.0,0,derived,Derived from synthetic FinalFlow scenario inputs; not observed event operations.
baseline,2026-07-19T12:55:00Z,-125,pre_match,secaucus_to_meadowlands,10,600,10,0.016666666666666666,24,derived,Derived from synthetic FinalFlow scenario inputs; not observed event operations.
baseline,2026-07-19T12:55:00Z,-125,pre_match,meadowlands_to_secaucus,0,600,0,0.0,0,derived,Derived from synthetic FinalFlow scenario inputs; not observed event operations.
baseline,2026-07-19T12:55:00Z,-125,pre_match,meadowlands_to_stadium,7,900,7,0.0077777777777777776,13,derived,Derived from synthetic FinalFlow scenario inputs; not observed event operations.
baseline,2026-07-19T12:55:00Z,-125,pre_match,stadium_to_meadowlands,0,900,0,0.0,0,derived,Derived from synthetic FinalFlow scenario inputs; not observed event operations.
baseline,2026-07-19T13:00:00Z,-120,gates_open,midtown_to_penn_station,35,600,35,0.058333333333333334,93,derived,Derived from synthetic FinalFlow scenario inputs; not observed event operations.
baseline,2026-07-19T13:00:00Z,-120,gates_open,penn_station_to_midtown,0,600,0,0.0,0,derived,Derived from synthetic FinalFlow scenario inputs; not observed event operations.
baseline,2026-07-19T13:00:00Z,-120,gates_open,penn_station_to_secaucus,31,900,31,0.034444444444444444,68,derived,Derived from synthetic FinalFlow scenario inputs; not observed event operations.
baseline,2026-07-19T13:00:00Z,-120,gates_open,secaucus_to_penn_station,0,900,0,0.0,0,derived,Derived from synthetic FinalFlow scenario inputs; not observed event operations.
baseline,2026-07-19T13:00:00Z,-120,gates_open,secaucus_to_meadowlands,24,600,24,0.04,41,derived,Derived from synthetic FinalFlow scenario inputs; not observed event operations.
baseline,2026-07-19T13:00:00Z,-120,gates_open,meadowlands_to_secaucus,0,600,0,0.0,0,derived,Derived from synthetic FinalFlow scenario inputs; not observed event operations.
baseline,2026-07-19T13:00:00Z,-120,gates_open,meadowlands_to_stadium,11,900,11,0.012222222222222223,18,derived,Derived from synthetic FinalFlow scenario inputs; not observed event operations.
baseline,2026-07-19T13:00:00Z,-120,gates_open,stadium_to_meadowlands,0,900,0,0.0,0,derived,Derived from synthetic FinalFlow scenario inputs; not observed event operations.
baseline,2026-07-19T13:05:00Z,-115,pre_match,midtown_to_penn_station,47,600,47,0.07833333333333334,117,derived,Derived from synthetic FinalFlow scenario inputs; not observed event operations.
baseline,2026-07-19T13:05:00Z,-115,pre_match,penn_station_to_midtown,0,600,0,0.0,0,derived,Derived from synthetic FinalFlow scenario inputs; not observed event operations.
baseline,2026-07-19T13:05:00Z,-115,pre_match,penn_station_to_secaucus,34,900,34,0.03777777777777778,85,derived,Derived from synthetic FinalFlow scenario inputs; not observed event operations.
baseline,2026-07-19T13:05:00Z,-115,pre_match,secaucus_to_penn_station,0,900,0,0.0,0,derived,Derived from synthetic FinalFlow scenario inputs; not observed event operations.
baseline,2026-07-19T13:05:00Z,-115,pre_match,secaucus_to_meadowlands,25,600,25,0.041666666666666664,59,derived,Derived from synthetic FinalFlow scenario inputs; not observed event operations.
baseline,2026-07-19T13:05:00Z,-115,pre_match,meadowlands_to_secaucus,0,600,0,0.0,0,derived,Derived from synthetic FinalFlow scenario inputs; not observed event operations.
baseline,2026-07-19T13:05:00Z,-115,pre_match,meadowlands_to_stadium,13,900,13,0.014444444444444444,24,derived,Derived from synthetic FinalFlow scenario inputs; not observed event operations.
baseline,2026-07-19T13:05:00Z,-115,pre_match,stadium_to_meadowlands,0,900,0,0.0,0,derived,Derived from synthetic FinalFlow scenario inputs; not observed event operations.
baseline,2026-07-19T13:10:00Z,-110,pre_match,midtown_to_penn_station,59,600,59,0.09833333333333333,141,derived,Derived from synthetic FinalFlow scenario inputs; not observed event operations.
baseline,2026-07-19T13:10:00Z,-110,pre_match,penn_station_to_midtown,0,600,0,0.0,0,derived,Derived from synthetic FinalFlow scenario inputs; not observed event operations.
baseline,2026-07-19T13:10:00Z,-110,pre_match,penn_station_to_secaucus,48,900,48,0.05333333333333334,113,derived,Derived from synthetic FinalFlow scenario inputs; not observed event operations.
baseline,2026-07-19T13:10:00Z,-110,pre_match,secaucus_to_penn_station,0,900,0,0.0,0,derived,Derived from synthetic FinalFlow scenario inputs; not observed event operations.
baseline,2026-07-19T13:10:00Z,-110,pre_match,secaucus_to_meadowlands,31,600,31,0.051666666666666666,80,derived,Derived from synthetic FinalFlow scenario inputs; not observed event operations.
baseline,2026-07-19T13:10:00Z,-110,pre_match,meadowlands_to_secaucus,0,600,0,0.0,0,derived,Derived from synthetic FinalFlow scenario inputs; not observed event operations.
baseline,2026-07-19T13:10:00Z,-110,pre_match,meadowlands_to_stadium,17,900,17,0.01888888888888889,30,derived,Derived from synthetic FinalFlow scenario inputs; not observed event operations.
baseline,2026-07-19T13:10:00Z,-110,pre_match,stadium_to_meadowlands,0,900,0,0.0,0,derived,Derived from synthetic FinalFlow scenario inputs; not observed event operations.
baseline,2026-07-19T13:15:00Z,-105,pre_match,midtown_to_penn_station,70,600,70,0.11666666666666667,176,derived,Derived from synthetic FinalFlow scenario inputs; not observed event operations.
baseline,2026-07-19T13:15:00Z,-105,pre_match,penn_station_to_midtown,0,600,0,0.0,0,derived,Derived from synthetic FinalFlow scenario inputs; not observed event operations.
baseline,2026-07-19T13:15:00Z,-105,pre_match,penn_station_to_secaucus,51,900,51,0.056666666666666664,133,derived,Derived from synthetic FinalFlow scenario inputs; not observed event operations.
baseline,2026-07-19T13:15:00Z,-105,pre_match,secaucus_to_penn_station,0,900,0,0.0,0,derived,Derived from synthetic FinalFlow scenario inputs; not observed event operations.
baseline,2026-07-19T13:15:00Z,-105,pre_match,secaucus_to_meadowlands,44,600,44,0.07333333333333333,100,derived,Derived from synthetic FinalFlow scenario inputs; not observed event operations.
baseline,2026-07-19T13:15:00Z,-105,pre_match,meadowlands_to_secaucus,0,600,0,0.0,0,derived,Derived from synthetic FinalFlow scenario inputs; not observed event operations.
baseline,2026-07-19T13:15:00Z,-105,pre_match,meadowlands_to_stadium,32,900,32,0.035555555555555556,49,derived,Derived from synthetic FinalFlow scenario inputs; not observed event operations.
baseline,2026-07-19T13:15:00Z,-105,pre_match,stadium_to_meadowlands,0,900,0,0.0,0,derived,Derived from synthetic FinalFlow scenario inputs; not observed event operations.
baseline,2026-07-19T13:20:00Z,-100,pre_match,midtown_to_penn_station,82,600,82,0.13666666666666666,211,derived,Derived from synthetic FinalFlow scenario inputs; not observed event operations.
baseline,2026-07-19T13:20:00Z,-100,pre_match,penn_station_to_midtown,0,600,0,0.0,0,derived,Derived from synthetic FinalFlow scenario inputs; not observed event operations.
baseline,2026-07-19T13:20:00Z,-100,pre_match,penn_station_to_secaucus,66,900,66,0.07333333333333333,165,derived,Derived from synthetic FinalFlow scenario inputs; not observed event operations.
baseline,2026-07-19T13:20:00Z,-100,pre_match,secaucus_to_penn_station,0,900,0,0.0,0,derived,Derived from synthetic FinalFlow scenario inputs; not observed event operations.
baseline,2026-07-19T13:20:00Z,-100,pre_match,secaucus_to_meadowlands,49,600,49,0.08166666666666667,124,derived,Derived from synthetic FinalFlow scenario inputs; not observed event operations.
baseline,2026-07-19T13:20:00Z,-100,pre_match,meadowlands_to_secaucus,0,600,0,0.0,0,derived,Derived from synthetic FinalFlow scenario inputs; not observed event operations.
baseline,2026-07-19T13:20:00Z,-100,pre_match,meadowlands_to_stadium,35,900,35,0.03888888888888889,67,derived,Derived from synthetic FinalFlow scenario inputs; not observed event operations.
baseline,2026-07-19T13:20:00Z,-100,pre_match,stadium_to_meadowlands,0,900,0,0.0,0,derived,Derived from synthetic FinalFlow scenario inputs; not observed event operations.
baseline,2026-07-19T13:25:00Z,-95,pre_match,midtown_to_penn_station,93,600,93,0.155,245,derived,Derived from synthetic FinalFlow scenario inputs; not observed event operations.
baseline,2026-07-19T13:25:00Z,-95,pre_match,penn_station_to_midtown,0,600,0,0.0,0,derived,Derived from synthetic FinalFlow scenario inputs; not observed event operations.
baseline,2026-07-19T13:25:00Z,-95,pre_match,penn_station_to_secaucus,80,900,80,0.08888888888888889,197,derived,Derived from synthetic FinalFlow scenario inputs; not observed event operations.
baseline,2026-07-19T13:25:00Z,-95,pre_match,secaucus_to_penn_station,0,900,0,0.0,0,derived,Derived from synthetic FinalFlow scenario inputs; not observed event operations.
baseline,2026-07-19T13:25:00Z,-95,pre_match,secaucus_to_meadowlands,65,600,65,0.10833333333333334,158,derived,Derived from synthetic FinalFlow scenario inputs; not observed event operations.
baseline,2026-07-19T13:25:00Z,-95,pre_match,meadowlands_to_secaucus,0,600,0,0.0,0,derived,Derived from synthetic FinalFlow scenario inputs; not observed event operations.
baseline,2026-07-19T13:25:00Z,-95,pre_match,meadowlands_to_stadium,42,900,42,0.04666666666666667,77,derived,Derived from synthetic FinalFlow scenario inputs; not observed event operations.
baseline,2026-07-19T13:25:00Z,-95,pre_match,stadium_to_meadowlands,0,900,0,0.0,0,derived,Derived from synthetic FinalFlow scenario inputs; not observed event operations.
baseline,2026-07-19T13:30:00Z,-90,pre_match,midtown_to_penn_station,105,600,105,0.175,280,derived,Derived from synthetic FinalFlow scenario inputs; not observed event operations.
baseline,2026-07-19T13:30:00Z,-90,pre_match,penn_station_to_midtown,0,600,0,0.0,0,derived,Derived from synthetic FinalFlow scenario inputs; not observed event operations.
baseline,2026-07-19T13:30:00Z,-90,pre_match,penn_station_to_secaucus,94,900,94,0.10444444444444445,240,derived,Derived from synthetic FinalFlow scenario inputs; not observed event operations.
baseline,2026-07-19T13:30:00Z,-90,pre_match,secaucus_to_penn_station,0,900,0,0.0,0,derived,Derived from synthetic FinalFlow scenario inputs; not observed event operations.
baseline,2026-07-19T13:30:00Z,-90,pre_match,secaucus_to_meadowlands,70,600,70,0.11666666666666667,184,derived,Derived from synthetic FinalFlow scenario inputs; not observed event operations.
baseline,2026-07-19T13:30:00Z,-90,pre_match,meadowlands_to_secaucus,0,600,0,0.0,0,derived,Derived from synthetic FinalFlow scenario inputs; not observed event operations.
baseline,2026-07-19T13:30:00Z,-90,pre_match,meadowlands_to_stadium,57,900,57,0.06333333333333334,99,derived,Derived from synthetic FinalFlow scenario inputs; not observed event operations.
baseline,2026-07-19T13:30:00Z,-90,pre_match,stadium_to_meadowlands,0,900,0,0.0,0,derived,Derived from synthetic FinalFlow scenario inputs; not observed event operations.
baseline,2026-07-19T13:35:00Z,-85,pre_match,midtown_to_penn_station,117,600,117,0.195,315,derived,Derived from synthetic FinalFlow scenario inputs; not observed event operations.
baseline,2026-07-19T13:35:00Z,-85,pre_match,penn_station_to_midtown,0,600,0,0.0,0,derived,Derived from synthetic FinalFlow scenario inputs; not observed event operations.
baseline,2026-07-19T13:35:00Z,-85,pre_match,penn_station_to_secaucus,109,900,109,0.12111111111111111,283,derived,Derived from synthetic FinalFlow scenario inputs; not observed event operations.
baseline,2026-07-19T13:35:00Z,-85,pre_match,secaucus_to_penn_station,0,900,0,0.0,0,derived,Derived from synthetic FinalFlow scenario inputs; not observed event operations.
baseline,2026-07-19T13:35:00Z,-85,pre_match,secaucus_to_meadowlands,87,600,87,0.145,222,derived,Derived from synthetic FinalFlow scenario inputs; not observed event operations.
baseline,2026-07-19T13:35:00Z,-85,pre_match,meadowlands_to_secaucus,0,600,0,0.0,0,derived,Derived from synthetic FinalFlow scenario inputs; not observed event operations.
baseline,2026-07-19T13:35:00Z,-85,pre_match,meadowlands_to_stadium,64,900,64,0.07111111111111111,121,derived,Derived from synthetic FinalFlow scenario inputs; not observed event operations.
baseline,2026-07-19T13:35:00Z,-85,pre_match,stadium_to_meadowlands,0,900,0,0.0,0,derived,Derived from synthetic FinalFlow scenario inputs; not observed event operations.
baseline,2026-07-19T13:40:00Z,-80,pre_match,midtown_to_penn_station,129,600,129,0.215,351,derived,Derived from synthetic FinalFlow scenario inputs; not observed event operations.
baseline,2026-07-19T13:40:00Z,-80,pre_match,penn_station_to_midtown,0,600,0,0.0,0,derived,Derived from synthetic FinalFlow scenario inputs; not observed event operations.
baseline,2026-07-19T13:40:00Z,-80,pre_match,penn_station_to_secaucus,122,900,122,0.13555555555555557,325,derived,Derived from synthetic FinalFlow scenario inputs; not observed event operations.
baseline,2026-07-19T13:40:00Z,-80,pre_match,secaucus_to_penn_station,0,900,0,0.0,0,derived,Derived from synthetic FinalFlow scenario inputs; not observed event operations.
baseline,2026-07-19T13:40:00Z,-80,pre_match,secaucus_to_meadowlands,104,600,104,0.17333333333333334,261,derived,Derived from synthetic FinalFlow scenario inputs; not observed event operations.
baseline,2026-07-19T13:40:00Z,-80,pre_match,meadowlands_to_secaucus,0,600,0,0.0,0,derived,Derived from synthetic FinalFlow scenario inputs; not observed event operations.
baseline,2026-07-19T13:40:00Z,-80,pre_match,meadowlands_to_stadium,81,900,81,0.09,145,derived,Derived from synthetic FinalFlow scenario inputs; not observed event operations.
baseline,2026-07-19T13:40:00Z,-80,pre_match,stadium_to_meadowlands,0,900,0,0.0,0,derived,Derived from synthetic FinalFlow scenario inputs; not observed event operations.
baseline,2026-07-19T13:45:00Z,-75,pre_match,midtown_to_penn_station,140,600,140,0.23333333333333334,386,derived,Derived from synthetic FinalFlow scenario inputs; not observed event operations.
baseline,2026-07-19T13:45:00Z,-75,pre_match,penn_station_to_midtown,0,600,0,0.0,0,derived,Derived from synthetic FinalFlow scenario inputs; not observed event operations.
baseline,2026-07-19T13:45:00Z,-75,pre_match,penn_station_to_secaucus,137,900,137,0.15222222222222223,368,derived,Derived from synthetic FinalFlow scenario inputs; not observed event operations.
baseline,2026-07-19T13:45:00Z,-75,pre_match,secaucus_to_penn_station,0,900,0,0.0,0,derived,Derived from synthetic FinalFlow scenario inputs; not observed event operations.
baseline,2026-07-19T13:45:00Z,-75,pre_match,secaucus_to_meadowlands,120,600,120,0.2,311,derived,Derived from synthetic FinalFlow scenario inputs; not observed event operations.
baseline,2026-07-19T13:45:00Z,-75,pre_match,meadowlands_to_secaucus,0,600,0,0.0,0,derived,Derived from synthetic FinalFlow scenario inputs; not observed event operations.
baseline,2026-07-19T13:45:00Z,-75,pre_match,meadowlands_to_stadium,87,900,87,0.09666666666666666,168,derived,Derived from synthetic FinalFlow scenario inputs; not observed event operations.
baseline,2026-07-19T13:45:00Z,-75,pre_match,stadium_to_meadowlands,0,900,0,0.0,0,derived,Derived from synthetic FinalFlow scenario inputs; not observed event operations.
baseline,2026-07-19T13:50:00Z,-70,pre_match,midtown_to_penn_station,152,600,152,0.25333333333333335,421,derived,Derived from synthetic FinalFlow scenario inputs; not observed event operations.
baseline,2026-07-19T13:50:00Z,-70,pre_match,penn_station_to_midtown,0,600,0,0.0,0,derived,Derived from synthetic FinalFlow scenario inputs; not observed event operations.
baseline,2026-07-19T13:50:00Z,-70,pre_match,penn_station_to_secaucus,152,900,152,0.1688888888888889,411,derived,Derived from synthetic FinalFlow scenario inputs; not observed event operations.
baseline,2026-07-19T13:50:00Z,-70,pre_match,secaucus_to_penn_station,0,900,0,0.0,0,derived,Derived from synthetic FinalFlow scenario inputs; not observed event operations.
baseline,2026-07-19T13:50:00Z,-70,pre_match,secaucus_to_meadowlands,137,600,137,0.22833333333333333,361,derived,Derived from synthetic FinalFlow scenario inputs; not observed event operations.
baseline,2026-07-19T13:50:00Z,-70,pre_match,meadowlands_to_secaucus,0,600,0,0.0,0,derived,Derived from synthetic FinalFlow scenario inputs; not observed event operations.
baseline,2026-07-19T13:50:00Z,-70,pre_match,meadowlands_to_stadium,106,900,106,0.11777777777777777,193,derived,Derived from synthetic FinalFlow scenario inputs; not observed event operations.
baseline,2026-07-19T13:50:00Z,-70,pre_match,stadium_to_meadowlands,0,900,0,0.0,0,derived,Derived from synthetic FinalFlow scenario inputs; not observed event operations.
baseline,2026-07-19T13:55:00Z,-65,pre_match,midtown_to_penn_station,164,600,164,0.2733333333333333,456,derived,Derived from synthetic FinalFlow scenario inputs; not observed event operations.
baseline,2026-07-19T13:55:00Z,-65,pre_match,penn_station_to_midtown,0,600,0,0.0,0,derived,Derived from synthetic FinalFlow scenario inputs; not observed event operations.
baseline,2026-07-19T13:55:00Z,-65,pre_match,penn_station_to_secaucus,167,900,167,0.18555555555555556,456,derived,Derived from synthetic FinalFlow scenario inputs; not observed event operations.
baseline,2026-07-19T13:55:00Z,-65,pre_match,secaucus_to_penn_station,0,900,0,0.0,0,derived,Derived from synthetic FinalFlow scenario inputs; not observed event operations.
baseline,2026-07-19T13:55:00Z,-65,pre_match,secaucus_to_meadowlands,152,600,152,0.25333333333333335,409,derived,Derived from synthetic FinalFlow scenario inputs; not observed event operations.
baseline,2026-07-19T13:55:00Z,-65,pre_match,meadowlands_to_secaucus,0,600,0,0.0,0,derived,Derived from synthetic FinalFlow scenario inputs; not observed event operations.
baseline,2026-07-19T13:55:00Z,-65,pre_match,meadowlands_to_stadium,124,900,124,0.13777777777777778,230,derived,Derived from synthetic FinalFlow scenario inputs; not observed event operations.
baseline,2026-07-19T13:55:00Z,-65,pre_match,stadium_to_meadowlands,0,900,0,0.0,0,derived,Derived from synthetic FinalFlow scenario inputs; not observed event operations.
baseline,2026-07-19T14:00:00Z,-60,pre_match,midtown_to_penn_station,176,600,176,0.29333333333333333,492,derived,Derived from synthetic FinalFlow scenario inputs; not observed event operations.
baseline,2026-07-19T14:00:00Z,-60,pre_match,penn_station_to_midtown,0,600,0,0.0,0,derived,Derived from synthetic FinalFlow scenario inputs; not observed event operations.
baseline,2026-07-19T14:00:00Z,-60,pre_match,penn_station_to_secaucus,180,900,180,0.2,499,derived,Derived from synthetic FinalFlow scenario inputs; not observed event operations.
baseline,2026-07-19T14:00:00Z,-60,pre_match,secaucus_to_penn_station,0,900,0,0.0,0,derived,Derived from synthetic FinalFlow scenario inputs; not observed event operations.
baseline,2026-07-19T14:00:00Z,-60,pre_match,secaucus_to_meadowlands,169,600,169,0.2816666666666667,458,derived,Derived from synthetic FinalFlow scenario inputs; not observed event operations.
baseline,2026-07-19T14:00:00Z,-60,pre_match,meadowlands_to_secaucus,0,600,0,0.0,0,derived,Derived from synthetic FinalFlow scenario inputs; not observed event operations.
baseline,2026-07-19T14:00:00Z,-60,pre_match,meadowlands_to_stadium,141,900,141,0.15666666666666668,265,derived,Derived from synthetic FinalFlow scenario inputs; not observed event operations.
baseline,2026-07-19T14:00:00Z,-60,pre_match,stadium_to_meadowlands,0,900,0,0.0,0,derived,Derived from synthetic FinalFlow scenario inputs; not observed event operations.
baseline,2026-07-19T14:05:00Z,-55,pre_match,midtown_to_penn_station,187,600,187,0.31166666666666665,527,derived,Derived from synthetic FinalFlow scenario inputs; not observed event operations.
baseline,2026-07-19T14:05:00Z,-55,pre_match,penn_station_to_midtown,0,600,0,0.0,0,derived,Derived from synthetic FinalFlow scenario inputs; not observed event operations.
baseline,2026-07-19T14:05:00Z,-55,pre_match,penn_station_to_secaucus,195,900,195,0.21666666666666667,542,derived,Derived from synthetic FinalFlow scenario inputs; not observed event operations.
baseline,2026-07-19T14:05:00Z,-55,pre_match,secaucus_to_penn_station,0,900,0,0.0,0,derived,Derived from synthetic FinalFlow scenario inputs; not observed event operations.
baseline,2026-07-19T14:05:00Z,-55,pre_match,secaucus_to_meadowlands,187,600,187,0.31166666666666665,508,derived,Derived from synthetic FinalFlow scenario inputs; not observed event operations.
baseline,2026-07-19T14:05:00Z,-55,pre_match,meadowlands_to_secaucus,0,600,0,0.0,0,derived,Derived from synthetic FinalFlow scenario inputs; not observed event operations.
baseline,2026-07-19T14:05:00Z,-55,pre_match,meadowlands_to_stadium,160,900,160,0.17777777777777778,301,derived,Derived from synthetic FinalFlow scenario inputs; not observed event operations.
baseline,2026-07-19T14:05:00Z,-55,pre_match,stadium_to_meadowlands,0,900,0,0.0,0,derived,Derived from synthetic FinalFlow scenario inputs; not observed event operations.
baseline,2026-07-19T14:10:00Z,-50,pre_match,midtown_to_penn_station,187,600,187,0.31166666666666665,550,derived,Derived from synthetic FinalFlow scenario inputs; not observed event operations.
baseline,2026-07-19T14:10:00Z,-50,pre_match,penn_station_to_midtown,0,600,0,0.0,0,derived,Derived from synthetic FinalFlow scenario inputs; not observed event operations.
baseline,2026-07-19T14:10:00Z,-50,pre_match,penn_station_to_secaucus,207,900,207,0.23,582,derived,Derived from synthetic FinalFlow scenario inputs; not observed event operations.
baseline,2026-07-19T14:10:00Z,-50,pre_match,secaucus_to_penn_station,0,900,0,0.0,0,derived,Derived from synthetic FinalFlow scenario inputs; not observed event operations.
baseline,2026-07-19T14:10:00Z,-50,pre_match,secaucus_to_meadowlands,202,600,202,0.33666666666666667,558,derived,Derived from synthetic FinalFlow scenario inputs; not observed event operations.
baseline,2026-07-19T14:10:00Z,-50,pre_match,meadowlands_to_secaucus,0,600,0,0.0,0,derived,Derived from synthetic FinalFlow scenario inputs; not observed event operations.
baseline,2026-07-19T14:10:00Z,-50,pre_match,meadowlands_to_stadium,175,900,175,0.19444444444444445,335,derived,Derived from synthetic FinalFlow scenario inputs; not observed event operations.
baseline,2026-07-19T14:10:00Z,-50,pre_match,stadium_to_meadowlands,0,900,0,0.0,0,derived,Derived from synthetic FinalFlow scenario inputs; not observed event operations.
baseline,2026-07-19T14:15:00Z,-45,pre_match,midtown_to_penn_station,176,600,176,0.29333333333333333,550,derived,Derived from synthetic FinalFlow scenario inputs; not observed event operations.
baseline,2026-07-19T14:15:00Z,-45,pre_match,penn_station_to_midtown,0,600,0,0.0,0,derived,Derived from synthetic FinalFlow scenario inputs; not observed event operations.
baseline,2026-07-19T14:15:00Z,-45,pre_match,penn_station_to_secaucus,216,900,216,0.24,618,derived,Derived from synthetic FinalFlow scenario inputs; not observed event operations.
baseline,2026-07-19T14:15:00Z,-45,pre_match,secaucus_to_penn_station,0,900,0,0.0,0,derived,Derived from synthetic FinalFlow scenario inputs; not observed event operations.
baseline,2026-07-19T14:15:00Z,-45,pre_match,secaucus_to_meadowlands,212,600,212,0.35333333333333333,601,derived,Derived from synthetic FinalFlow scenario inputs; not observed event operations.
baseline,2026-07-19T14:15:00Z,-45,pre_match,meadowlands_to_secaucus,0,600,0,0.0,0,derived,Derived from synthetic FinalFlow scenario inputs; not observed event operations.
baseline,2026-07-19T14:15:00Z,-45,pre_match,meadowlands_to_stadium,190,900,190,0.2111111111111111,365,derived,Derived from synthetic FinalFlow scenario inputs; not observed event operations.
baseline,2026-07-19T14:15:00Z,-45,pre_match,stadium_to_meadowlands,0,900,0,0.0,0,derived,Derived from synthetic FinalFlow scenario inputs; not observed event operations.
baseline,2026-07-19T14:20:00Z,-40,pre_match,midtown_to_penn_station,164,600,164,0.2733333333333333,527,derived,Derived from synthetic FinalFlow scenario inputs; not observed event operations.
baseline,2026-07-19T14:20:00Z,-40,pre_match,penn_station_to_midtown,0,600,0,0.0,0,derived,Derived from synthetic FinalFlow scenario inputs; not observed event operations.
baseline,2026-07-19T14:20:00Z,-40,pre_match,penn_station_to_secaucus,225,900,225,0.25,648,derived,Derived from synthetic FinalFlow scenario inputs; not observed event operations.
baseline,2026-07-19T14:20:00Z,-40,pre_match,secaucus_to_penn_station,0,900,0,0.0,0,derived,Derived from synthetic FinalFlow scenario inputs; not observed event operations.
baseline,2026-07-19T14:20:00Z,-40,pre_match,secaucus_to_meadowlands,225,600,225,0.375,639,derived,Derived from synthetic FinalFlow scenario inputs; not observed event operations.
baseline,2026-07-19T14:20:00Z,-40,pre_match,meadowlands_to_secaucus,0,600,0,0.0,0,derived,Derived from synthetic FinalFlow scenario inputs; not observed event operations.
baseline,2026-07-19T14:20:00Z,-40,pre_match,meadowlands_to_stadium,207,900,207,0.23,397,derived,Derived from synthetic FinalFlow scenario inputs; not observed event operations.
baseline,2026-07-19T14:20:00Z,-40,pre_match,stadium_to_meadowlands,0,900,0,0.0,0,derived,Derived from synthetic FinalFlow scenario inputs; not observed event operations.
baseline,2026-07-19T14:25:00Z,-35,pre_match,midtown_to_penn_station,140,600,140,0.23333333333333334,480,derived,Derived from synthetic FinalFlow scenario inputs; not observed event operations.
baseline,2026-07-19T14:25:00Z,-35,pre_match,penn_station_to_midtown,0,600,0,0.0,0,derived,Derived from synthetic FinalFlow scenario inputs; not observed event operations.
baseline,2026-07-19T14:25:00Z,-35,pre_match,penn_station_to_secaucus,219,900,219,0.24333333333333335,660,derived,Derived from synthetic FinalFlow scenario inputs; not observed event operations.
baseline,2026-07-19T14:25:00Z,-35,pre_match,secaucus_to_penn_station,0,900,0,0.0,0,derived,Derived from synthetic FinalFlow scenario inputs; not observed event operations.
baseline,2026-07-19T14:25:00Z,-35,pre_match,secaucus_to_meadowlands,233,600,233,0.3883333333333333,670,derived,Derived from synthetic FinalFlow scenario inputs; not observed event operations.
baseline,2026-07-19T14:25:00Z,-35,pre_match,meadowlands_to_secaucus,0,600,0,0.0,0,derived,Derived from synthetic FinalFlow scenario inputs; not observed event operations.
baseline,2026-07-19T14:25:00Z,-35,pre_match,meadowlands_to_stadium,219,900,219,0.24333333333333335,426,derived,Derived from synthetic FinalFlow scenario inputs; not observed event operations.
baseline,2026-07-19T14:25:00Z,-35,pre_match,stadium_to_meadowlands,0,900,0,0.0,0,derived,Derived from synthetic FinalFlow scenario inputs; not observed event operations.
baseline,2026-07-19T14:30:00Z,-30,ceremony,midtown_to_penn_station,0,600,0,0.0,304,derived,Derived from synthetic FinalFlow scenario inputs; not observed event operations.
baseline,2026-07-19T14:30:00Z,-30,ceremony,penn_station_to_midtown,0,600,0,0.0,0,derived,Derived from synthetic FinalFlow scenario inputs; not observed event operations.
baseline,2026-07-19T14:30:00Z,-30,ceremony,penn_station_to_secaucus,176,900,176,0.19555555555555557,620,derived,Derived from synthetic FinalFlow scenario inputs; not observed event operations.
baseline,2026-07-19T14:30:00Z,-30,ceremony,secaucus_to_penn_station,0,900,0,0.0,0,derived,Derived from synthetic FinalFlow scenario inputs; not observed event operations.
baseline,2026-07-19T14:30:00Z,-30,ceremony,secaucus_to_meadowlands,216,600,216,0.36,674,derived,Derived from synthetic FinalFlow scenario inputs; not observed event operations.
baseline,2026-07-19T14:30:00Z,-30,ceremony,meadowlands_to_secaucus,0,600,0,0.0,0,derived,Derived from synthetic FinalFlow scenario inputs; not observed event operations.
baseline,2026-07-19T14:30:00Z,-30,ceremony,meadowlands_to_stadium,212,900,212,0.23555555555555555,431,derived,Derived from synthetic FinalFlow scenario inputs; not observed event operations.
baseline,2026-07-19T14:30:00Z,-30,ceremony,stadium_to_meadowlands,0,900,0,0.0,0,derived,Derived from synthetic FinalFlow scenario inputs; not observed event operations.
baseline,2026-07-19T14:35:00Z,-25,ceremony,midtown_to_penn_station,0,600,0,0.0,140,derived,Derived from synthetic FinalFlow scenario inputs; not observed event operations.
baseline,2026-07-19T14:35:00Z,-25,ceremony,penn_station_to_midtown,0,600,0,0.0,0,derived,Derived from synthetic FinalFlow scenario inputs; not observed event operations.
baseline,2026-07-19T14:35:00Z,-25,ceremony,penn_station_to_secaucus,164,900,164,0.18222222222222223,559,derived,Derived from synthetic FinalFlow scenario inputs; not observed event operations.
baseline,2026-07-19T14:35:00Z,-25,ceremony,secaucus_to_penn_station,0,900,0,0.0,0,derived,Derived from synthetic FinalFlow scenario inputs; not observed event operations.
baseline,2026-07-19T14:35:00Z,-25,ceremony,secaucus_to_meadowlands,225,600,225,0.375,674,derived,Derived from synthetic FinalFlow scenario inputs; not observed event operations.
baseline,2026-07-19T14:35:00Z,-25,ceremony,meadowlands_to_secaucus,0,600,0,0.0,0,derived,Derived from synthetic FinalFlow scenario inputs; not observed event operations.
baseline,2026-07-19T14:35:00Z,-25,ceremony,meadowlands_to_stadium,225,900,225,0.25,437,derived,Derived from synthetic FinalFlow scenario inputs; not observed event operations.
baseline,2026-07-19T14:35:00Z,-25,ceremony,stadium_to_meadowlands,0,900,0,0.0,0,derived,Derived from synthetic FinalFlow scenario inputs; not observed event operations.
baseline,2026-07-19T14:40:00Z,-20,ceremony,midtown_to_penn_station,0,600,0,0.0,0,derived,Derived from synthetic FinalFlow scenario inputs; not observed event operations.
baseline,2026-07-19T14:40:00Z,-20,ceremony,penn_station_to_midtown,0,600,0,0.0,0,derived,Derived from synthetic FinalFlow scenario inputs; not observed event operations.
baseline,2026-07-19T14:40:00Z,-20,ceremony,penn_station_to_secaucus,140,900,140,0.15555555555555556,480,derived,Derived from synthetic FinalFlow scenario inputs; not observed event operations.
baseline,2026-07-19T14:40:00Z,-20,ceremony,secaucus_to_penn_station,0,900,0,0.0,0,derived,Derived from synthetic FinalFlow scenario inputs; not observed event operations.
baseline,2026-07-19T14:40:00Z,-20,ceremony,secaucus_to_meadowlands,219,600,219,0.365,660,derived,Derived from synthetic FinalFlow scenario inputs; not observed event operations.
baseline,2026-07-19T14:40:00Z,-20,ceremony,meadowlands_to_secaucus,0,600,0,0.0,0,derived,Derived from synthetic FinalFlow scenario inputs; not observed event operations.
baseline,2026-07-19T14:40:00Z,-20,ceremony,meadowlands_to_stadium,233,900,233,0.2588888888888889,458,derived,Derived from synthetic FinalFlow scenario inputs; not observed event operations.
baseline,2026-07-19T14:40:00Z,-20,ceremony,stadium_to_meadowlands,0,900,0,0.0,0,derived,Derived from synthetic FinalFlow scenario inputs; not observed event operations.
baseline,2026-07-19T14:45:00Z,-15,ceremony,midtown_to_penn_station,0,600,0,0.0,0,derived,Derived from synthetic FinalFlow scenario inputs; not observed event operations.
baseline,2026-07-19T14:45:00Z,-15,ceremony,penn_station_to_midtown,0,600,0,0.0,0,derived,Derived from synthetic FinalFlow scenario inputs; not observed event operations.
baseline,2026-07-19T14:45:00Z,-15,ceremony,penn_station_to_secaucus,0,900,0,0.0,304,derived,Derived from synthetic FinalFlow scenario inputs; not observed event operations.
baseline,2026-07-19T14:45:00Z,-15,ceremony,secaucus_to_penn_station,0,900,0,0.0,0,derived,Derived from synthetic FinalFlow scenario inputs; not observed event operations.
baseline,2026-07-19T14:45:00Z,-15,ceremony,secaucus_to_meadowlands,176,600,176,0.29333333333333333,620,derived,Derived from synthetic FinalFlow scenario inputs; not observed event operations.
baseline,2026-07-19T14:45:00Z,-15,ceremony,meadowlands_to_secaucus,0,600,0,0.0,0,derived,Derived from synthetic FinalFlow scenario inputs; not observed event operations.
baseline,2026-07-19T14:45:00Z,-15,ceremony,meadowlands_to_stadium,216,900,216,0.24,449,derived,Derived from synthetic FinalFlow scenario inputs; not observed event operations.
baseline,2026-07-19T14:45:00Z,-15,ceremony,stadium_to_meadowlands,0,900,0,0.0,0,derived,Derived from synthetic FinalFlow scenario inputs; not observed event operations.
baseline,2026-07-19T14:50:00Z,-10,ceremony,midtown_to_penn_station,0,600,0,0.0,0,derived,Derived from synthetic FinalFlow scenario inputs; not observed event operations.
baseline,2026-07-19T14:50:00Z,-10,ceremony,penn_station_to_midtown,0,600,0,0.0,0,derived,Derived from synthetic FinalFlow scenario inputs; not observed event operations.
baseline,2026-07-19T14:50:00Z,-10,ceremony,penn_station_to_secaucus,0,900,0,0.0,140,derived,Derived from synthetic FinalFlow scenario inputs; not observed event operations.
baseline,2026-07-19T14:50:00Z,-10,ceremony,secaucus_to_penn_station,0,900,0,0.0,0,derived,Derived from synthetic FinalFlow scenario inputs; not observed event operations.
baseline,2026-07-19T14:50:00Z,-10,ceremony,secaucus_to_meadowlands,164,600,164,0.2733333333333333,559,derived,Derived from synthetic FinalFlow scenario inputs; not observed event operations.
baseline,2026-07-19T14:50:00Z,-10,ceremony,meadowlands_to_secaucus,0,600,0,0.0,0,derived,Derived from synthetic FinalFlow scenario inputs; not observed event operations.
baseline,2026-07-19T14:50:00Z,-10,ceremony,meadowlands_to_stadium,225,900,225,0.25,441,derived,Derived from synthetic FinalFlow scenario inputs; not observed event operations.
baseline,2026-07-19T14:50:00Z,-10,ceremony,stadium_to_meadowlands,0,900,0,0.0,0,derived,Derived from synthetic FinalFlow scenario inputs; not observed event operations.
baseline,2026-07-19T14:55:00Z,-5,ceremony,midtown_to_penn_station,0,600,0,0.0,0,derived,Derived from synthetic FinalFlow scenario inputs; not observed event operations.
baseline,2026-07-19T14:55:00Z,-5,ceremony,penn_station_to_midtown,0,600,0,0.0,0,derived,Derived from synthetic FinalFlow scenario inputs; not observed event operations.
baseline,2026-07-19T14:55:00Z,-5,ceremony,penn_station_to_secaucus,0,900,0,0.0,0,derived,Derived from synthetic FinalFlow scenario inputs; not observed event operations.
baseline,2026-07-19T14:55:00Z,-5,ceremony,secaucus_to_penn_station,0,900,0,0.0,0,derived,Derived from synthetic FinalFlow scenario inputs; not observed event operations.
baseline,2026-07-19T14:55:00Z,-5,ceremony,secaucus_to_meadowlands,140,600,140,0.23333333333333334,480,derived,Derived from synthetic FinalFlow scenario inputs; not observed event operations.
baseline,2026-07-19T14:55:00Z,-5,ceremony,meadowlands_to_secaucus,0,600,0,0.0,0,derived,Derived from synthetic FinalFlow scenario inputs; not observed event operations.
baseline,2026-07-19T14:55:00Z,-5,ceremony,meadowlands_to_stadium,219,900,219,0.24333333333333335,444,derived,Derived from synthetic FinalFlow scenario inputs; not observed event operations.
baseline,2026-07-19T14:55:00Z,-5,ceremony,stadium_to_meadowlands,0,900,0,0.0,0,derived,Derived from synthetic FinalFlow scenario inputs; not observed event operations.
baseline,2026-07-19T15:00:00Z,0,kickoff,midtown_to_penn_station,0,600,0,0.0,0,derived,Derived from synthetic FinalFlow scenario inputs; not observed event operations.
baseline,2026-07-19T15:00:00Z,0,kickoff,penn_station_to_midtown,0,600,0,0.0,0,derived,Derived from synthetic FinalFlow scenario inputs; not observed event operations.
baseline,2026-07-19T15:00:00Z,0,kickoff,penn_station_to_secaucus,0,900,0,0.0,0,derived,Derived from synthetic FinalFlow scenario inputs; not observed event operations.
baseline,2026-07-19T15:00:00Z,0,kickoff,secaucus_to_penn_station,0,900,0,0.0,0,derived,Derived from synthetic FinalFlow scenario inputs; not observed event operations.
baseline,2026-07-19T15:00:00Z,0,kickoff,secaucus_to_meadowlands,0,600,0,0.0,304,derived,Derived from synthetic FinalFlow scenario inputs; not observed event operations.
baseline,2026-07-19T15:00:00Z,0,kickoff,meadowlands_to_secaucus,0,600,0,0.0,0,derived,Derived from synthetic FinalFlow scenario inputs; not observed event operations.
baseline,2026-07-19T15:00:00Z,0,kickoff,meadowlands_to_stadium,176,900,176,0.19555555555555557,395,derived,Derived from synthetic FinalFlow scenario inputs; not observed event operations.
baseline,2026-07-19T15:00:00Z,0,kickoff,stadium_to_meadowlands,0,900,0,0.0,0,derived,Derived from synthetic FinalFlow scenario inputs; not observed event operations.
baseline,2026-07-19T15:05:00Z,5,first_half,midtown_to_penn_station,0,600,0,0.0,0,derived,Derived from synthetic FinalFlow scenario inputs; not observed event operations.
baseline,2026-07-19T15:05:00Z,5,first_half,penn_station_to_midtown,0,600,0,0.0,0,derived,Derived from synthetic FinalFlow scenario inputs; not observed event operations.
baseline,2026-07-19T15:05:00Z,5,first_half,penn_station_to_secaucus,0,900,0,0.0,0,derived,Derived from synthetic FinalFlow scenario inputs; not observed event operations.
baseline,2026-07-19T15:05:00Z,5,first_half,secaucus_to_penn_station,0,900,0,0.0,0,derived,Derived from synthetic FinalFlow scenario inputs; not observed event operations.
baseline,2026-07-19T15:05:00Z,5,first_half,secaucus_to_meadowlands,0,600,0,0.0,140,derived,Derived from synthetic FinalFlow scenario inputs; not observed event operations.
baseline,2026-07-19T15:05:00Z,5,first_half,meadowlands_to_secaucus,0,600,0,0.0,0,derived,Derived from synthetic FinalFlow scenario inputs; not observed event operations.
baseline,2026-07-19T15:05:00Z,5,first_half,meadowlands_to_stadium,164,900,164,0.18222222222222223,340,derived,Derived from synthetic FinalFlow scenario inputs; not observed event operations.
baseline,2026-07-19T15:05:00Z,5,first_half,stadium_to_meadowlands,0,900,0,0.0,0,derived,Derived from synthetic FinalFlow scenario inputs; not observed event operations.
baseline,2026-07-19T15:10:00Z,10,first_half,midtown_to_penn_station,0,600,0,0.0,0,derived,Derived from synthetic FinalFlow scenario inputs; not observed event operations.
baseline,2026-07-19T15:10:00Z,10,first_half,penn_station_to_midtown,0,600,0,0.0,0,derived,Derived from synthetic FinalFlow scenario inputs; not observed event operations.
baseline,2026-07-19T15:10:00Z,10,first_half,penn_station_to_secaucus,0,900,0,0.0,0,derived,Derived from synthetic FinalFlow scenario inputs; not observed event operations.
baseline,2026-07-19T15:10:00Z,10,first_half,secaucus_to_penn_station,0,900,0,0.0,0,derived,Derived from synthetic FinalFlow scenario inputs; not observed event operations.
baseline,2026-07-19T15:10:00Z,10,first_half,secaucus_to_meadowlands,0,600,0,0.0,0,derived,Derived from synthetic FinalFlow scenario inputs; not observed event operations.
baseline,2026-07-19T15:10:00Z,10,first_half,meadowlands_to_secaucus,0,600,0,0.0,0,derived,Derived from synthetic FinalFlow scenario inputs; not observed event operations.
baseline,2026-07-19T15:10:00Z,10,first_half,meadowlands_to_stadium,140,900,140,0.15555555555555556,304,derived,Derived from synthetic FinalFlow scenario inputs; not observed event operations.
baseline,2026-07-19T15:10:00Z,10,first_half,stadium_to_meadowlands,0,900,0,0.0,0,derived,Derived from synthetic FinalFlow scenario inputs; not observed event operations.
baseline,2026-07-19T15:15:00Z,15,first_half,midtown_to_penn_station,0,600,0,0.0,0,derived,Derived from synthetic FinalFlow scenario inputs; not observed event operations.
baseline,2026-07-19T15:15:00Z,15,first_half,penn_station_to_midtown,0,600,0,0.0,0,derived,Derived from synthetic FinalFlow scenario inputs; not observed event operations.
baseline,2026-07-19T15:15:00Z,15,first_half,penn_station_to_secaucus,0,900,0,0.0,0,derived,Derived from synthetic FinalFlow scenario inputs; not observed event operations.
baseline,2026-07-19T15:15:00Z,15,first_half,secaucus_to_penn_station,0,900,0,0.0,0,derived,Derived from synthetic FinalFlow scenario inputs; not observed event operations.
baseline,2026-07-19T15:15:00Z,15,first_half,secaucus_to_meadowlands,0,600,0,0.0,0,derived,Derived from synthetic FinalFlow scenario inputs; not observed event operations.
baseline,2026-07-19T15:15:00Z,15,first_half,meadowlands_to_secaucus,0,600,0,0.0,0,derived,Derived from synthetic FinalFlow scenario inputs; not observed event operations.
baseline,2026-07-19T15:15:00Z,15,first_half,meadowlands_to_stadium,0,900,0,0.0,140,derived,Derived from synthetic FinalFlow scenario inputs; not observed event operations.
baseline,2026-07-19T15:15:00Z,15,first_half,stadium_to_meadowlands,0,900,0,0.0,0,derived,Derived from synthetic FinalFlow scenario inputs; not observed event operations.
baseline,2026-07-19T15:20:00Z,20,first_half,midtown_to_penn_station,0,600,0,0.0,0,derived,Derived from synthetic FinalFlow scenario inputs; not observed event operations.
baseline,2026-07-19T15:20:00Z,20,first_half,penn_station_to_midtown,0,600,0,0.0,0,derived,Derived from synthetic FinalFlow scenario inputs; not observed event operations.
baseline,2026-07-19T15:20:00Z,20,first_half,penn_station_to_secaucus,0,900,0,0.0,0,derived,Derived from synthetic FinalFlow scenario inputs; not observed event operations.
baseline,2026-07-19T15:20:00Z,20,first_half,secaucus_to_penn_station,0,900,0,0.0,0,derived,Derived from synthetic FinalFlow scenario inputs; not observed event operations.
baseline,2026-07-19T15:20:00Z,20,first_half,secaucus_to_meadowlands,0,600,0,0.0,0,derived,Derived from synthetic FinalFlow scenario inputs; not observed event operations.
baseline,2026-07-19T15:20:00Z,20,first_half,meadowlands_to_secaucus,0,600,0,0.0,0,derived,Derived from synthetic FinalFlow scenario inputs; not observed event operations.
baseline,2026-07-19T15:20:00Z,20,first_half,meadowlands_to_stadium,0,900,0,0.0,0,derived,Derived from synthetic FinalFlow scenario inputs; not observed event operations.
baseline,2026-07-19T15:20:00Z,20,first_half,stadium_to_meadowlands,0,900,0,0.0,0,derived,Derived from synthetic FinalFlow scenario inputs; not observed event operations.
baseline,2026-07-19T15:25:00Z,25,first_half,midtown_to_penn_station,0,600,0,0.0,0,derived,Derived from synthetic FinalFlow scenario inputs; not observed event operations.
baseline,2026-07-19T15:25:00Z,25,first_half,penn_station_to_midtown,0,600,0,0.0,0,derived,Derived from synthetic FinalFlow scenario inputs; not observed event operations.
baseline,2026-07-19T15:25:00Z,25,first_half,penn_station_to_secaucus,0,900,0,0.0,0,derived,Derived from synthetic FinalFlow scenario inputs; not observed event operations.
baseline,2026-07-19T15:25:00Z,25,first_half,secaucus_to_penn_station,0,900,0,0.0,0,derived,Derived from synthetic FinalFlow scenario inputs; not observed event operations.
baseline,2026-07-19T15:25:00Z,25,first_half,secaucus_to_meadowlands,0,600,0,0.0,0,derived,Derived from synthetic FinalFlow scenario inputs; not observed event operations.
baseline,2026-07-19T15:25:00Z,25,first_half,meadowlands_to_secaucus,0,600,0,0.0,0,derived,Derived from synthetic FinalFlow scenario inputs; not observed event operations.
baseline,2026-07-19T15:25:00Z,25,first_half,meadowlands_to_stadium,0,900,0,0.0,0,derived,Derived from synthetic FinalFlow scenario inputs; not observed event operations.
baseline,2026-07-19T15:25:00Z,25,first_half,stadium_to_meadowlands,0,900,0,0.0,0,derived,Derived from synthetic FinalFlow scenario inputs; not observed event operations.
baseline,2026-07-19T15:30:00Z,30,first_half,midtown_to_penn_station,0,600,0,0.0,0,derived,Derived from synthetic FinalFlow scenario inputs; not observed event operations.
baseline,2026-07-19T15:30:00Z,30,first_half,penn_station_to_midtown,0,600,0,0.0,0,derived,Derived from synthetic FinalFlow scenario inputs; not observed event operations.
baseline,2026-07-19T15:30:00Z,30,first_half,penn_station_to_secaucus,0,900,0,0.0,0,derived,Derived from synthetic FinalFlow scenario inputs; not observed event operations.
baseline,2026-07-19T15:30:00Z,30,first_half,secaucus_to_penn_station,0,900,0,0.0,0,derived,Derived from synthetic FinalFlow scenario inputs; not observed event operations.
baseline,2026-07-19T15:30:00Z,30,first_half,secaucus_to_meadowlands,0,600,0,0.0,0,derived,Derived from synthetic FinalFlow scenario inputs; not observed event operations.
baseline,2026-07-19T15:30:00Z,30,first_half,meadowlands_to_secaucus,0,600,0,0.0,0,derived,Derived from synthetic FinalFlow scenario inputs; not observed event operations.
baseline,2026-07-19T15:30:00Z,30,first_half,meadowlands_to_stadium,0,900,0,0.0,0,derived,Derived from synthetic FinalFlow scenario inputs; not observed event operations.
baseline,2026-07-19T15:30:00Z,30,first_half,stadium_to_meadowlands,0,900,0,0.0,0,derived,Derived from synthetic FinalFlow scenario inputs; not observed event operations.
baseline,2026-07-19T15:35:00Z,35,first_half,midtown_to_penn_station,0,600,0,0.0,0,derived,Derived from synthetic FinalFlow scenario inputs; not observed event operations.
baseline,2026-07-19T15:35:00Z,35,first_half,penn_station_to_midtown,0,600,0,0.0,0,derived,Derived from synthetic FinalFlow scenario inputs; not observed event operations.
baseline,2026-07-19T15:35:00Z,35,first_half,penn_station_to_secaucus,0,900,0,0.0,0,derived,Derived from synthetic FinalFlow scenario inputs; not observed event operations.
baseline,2026-07-19T15:35:00Z,35,first_half,secaucus_to_penn_station,0,900,0,0.0,0,derived,Derived from synthetic FinalFlow scenario inputs; not observed event operations.
baseline,2026-07-19T15:35:00Z,35,first_half,secaucus_to_meadowlands,0,600,0,0.0,0,derived,Derived from synthetic FinalFlow scenario inputs; not observed event operations.
baseline,2026-07-19T15:35:00Z,35,first_half,meadowlands_to_secaucus,0,600,0,0.0,0,derived,Derived from synthetic FinalFlow scenario inputs; not observed event operations.
baseline,2026-07-19T15:35:00Z,35,first_half,meadowlands_to_stadium,0,900,0,0.0,0,derived,Derived from synthetic FinalFlow scenario inputs; not observed event operations.
baseline,2026-07-19T15:35:00Z,35,first_half,stadium_to_meadowlands,0,900,0,0.0,0,derived,Derived from synthetic FinalFlow scenario inputs; not observed event operations.
baseline,2026-07-19T15:40:00Z,40,first_half,midtown_to_penn_station,0,600,0,0.0,0,derived,Derived from synthetic FinalFlow scenario inputs; not observed event operations.
baseline,2026-07-19T15:40:00Z,40,first_half,penn_station_to_midtown,0,600,0,0.0,0,derived,Derived from synthetic FinalFlow scenario inputs; not observed event operations.
baseline,2026-07-19T15:40:00Z,40,first_half,penn_station_to_secaucus,0,900,0,0.0,0,derived,Derived from synthetic FinalFlow scenario inputs; not observed event operations.
baseline,2026-07-19T15:40:00Z,40,first_half,secaucus_to_penn_station,0,900,0,0.0,0,derived,Derived from synthetic FinalFlow scenario inputs; not observed event operations.
baseline,2026-07-19T15:40:00Z,40,first_half,secaucus_to_meadowlands,0,600,0,0.0,0,derived,Derived from synthetic FinalFlow scenario inputs; not observed event operations.
baseline,2026-07-19T15:40:00Z,40,first_half,meadowlands_to_secaucus,0,600,0,0.0,0,derived,Derived from synthetic FinalFlow scenario inputs; not observed event operations.
baseline,2026-07-19T15:40:00Z,40,first_half,meadowlands_to_stadium,0,900,0,0.0,0,derived,Derived from synthetic FinalFlow scenario inputs; not observed event operations.
baseline,2026-07-19T15:40:00Z,40,first_half,stadium_to_meadowlands,0,900,0,0.0,0,derived,Derived from synthetic FinalFlow scenario inputs; not observed event operations.
baseline,2026-07-19T15:45:00Z,45,first_half_end,midtown_to_penn_station,0,600,0,0.0,0,derived,Derived from synthetic FinalFlow scenario inputs; not observed event operations.
baseline,2026-07-19T15:45:00Z,45,first_half_end,penn_station_to_midtown,0,600,0,0.0,0,derived,Derived from synthetic FinalFlow scenario inputs; not observed event operations.
baseline,2026-07-19T15:45:00Z,45,first_half_end,penn_station_to_secaucus,0,900,0,0.0,0,derived,Derived from synthetic FinalFlow scenario inputs; not observed event operations.
baseline,2026-07-19T15:45:00Z,45,first_half_end,secaucus_to_penn_station,0,900,0,0.0,0,derived,Derived from synthetic FinalFlow scenario inputs; not observed event operations.
baseline,2026-07-19T15:45:00Z,45,first_half_end,secaucus_to_meadowlands,0,600,0,0.0,0,derived,Derived from synthetic FinalFlow scenario inputs; not observed event operations.
baseline,2026-07-19T15:45:00Z,45,first_half_end,meadowlands_to_secaucus,0,600,0,0.0,0,derived,Derived from synthetic FinalFlow scenario inputs; not observed event operations.
baseline,2026-07-19T15:45:00Z,45,first_half_end,meadowlands_to_stadium,0,900,0,0.0,0,derived,Derived from synthetic FinalFlow scenario inputs; not observed event operations.
baseline,2026-07-19T15:45:00Z,45,first_half_end,stadium_to_meadowlands,0,900,0,0.0,0,derived,Derived from synthetic FinalFlow scenario inputs; not observed event operations.
baseline,2026-07-19T15:50:00Z,50,halftime,midtown_to_penn_station,0,600,0,0.0,0,derived,Derived from synthetic FinalFlow scenario inputs; not observed event operations.
baseline,2026-07-19T15:50:00Z,50,halftime,penn_station_to_midtown,0,600,0,0.0,0,derived,Derived from synthetic FinalFlow scenario inputs; not observed event operations.
baseline,2026-07-19T15:50:00Z,50,halftime,penn_station_to_secaucus,0,900,0,0.0,0,derived,Derived from synthetic FinalFlow scenario inputs; not observed event operations.
baseline,2026-07-19T15:50:00Z,50,halftime,secaucus_to_penn_station,0,900,0,0.0,0,derived,Derived from synthetic FinalFlow scenario inputs; not observed event operations.
baseline,2026-07-19T15:50:00Z,50,halftime,secaucus_to_meadowlands,0,600,0,0.0,0,derived,Derived from synthetic FinalFlow scenario inputs; not observed event operations.
baseline,2026-07-19T15:50:00Z,50,halftime,meadowlands_to_secaucus,0,600,0,0.0,0,derived,Derived from synthetic FinalFlow scenario inputs; not observed event operations.
baseline,2026-07-19T15:50:00Z,50,halftime,meadowlands_to_stadium,0,900,0,0.0,0,derived,Derived from synthetic FinalFlow scenario inputs; not observed event operations.
baseline,2026-07-19T15:50:00Z,50,halftime,stadium_to_meadowlands,0,900,0,0.0,0,derived,Derived from synthetic FinalFlow scenario inputs; not observed event operations.
baseline,2026-07-19T15:55:00Z,55,halftime,midtown_to_penn_station,0,600,0,0.0,0,derived,Derived from synthetic FinalFlow scenario inputs; not observed event operations.
baseline,2026-07-19T15:55:00Z,55,halftime,penn_station_to_midtown,0,600,0,0.0,0,derived,Derived from synthetic FinalFlow scenario inputs; not observed event operations.
baseline,2026-07-19T15:55:00Z,55,halftime,penn_station_to_secaucus,0,900,0,0.0,0,derived,Derived from synthetic FinalFlow scenario inputs; not observed event operations.
baseline,2026-07-19T15:55:00Z,55,halftime,secaucus_to_penn_station,0,900,0,0.0,0,derived,Derived from synthetic FinalFlow scenario inputs; not observed event operations.
baseline,2026-07-19T15:55:00Z,55,halftime,secaucus_to_meadowlands,0,600,0,0.0,0,derived,Derived from synthetic FinalFlow scenario inputs; not observed event operations.
baseline,2026-07-19T15:55:00Z,55,halftime,meadowlands_to_secaucus,0,600,0,0.0,0,derived,Derived from synthetic FinalFlow scenario inputs; not observed event operations.
baseline,2026-07-19T15:55:00Z,55,halftime,meadowlands_to_stadium,0,900,0,0.0,0,derived,Derived from synthetic FinalFlow scenario inputs; not observed event operations.
baseline,2026-07-19T15:55:00Z,55,halftime,stadium_to_meadowlands,0,900,0,0.0,0,derived,Derived from synthetic FinalFlow scenario inputs; not observed event operations.
baseline,2026-07-19T16:00:00Z,60,second_half,midtown_to_penn_station,0,600,0,0.0,0,derived,Derived from synthetic FinalFlow scenario inputs; not observed event operations.
baseline,2026-07-19T16:00:00Z,60,second_half,penn_station_to_midtown,0,600,0,0.0,0,derived,Derived from synthetic FinalFlow scenario inputs; not observed event operations.
baseline,2026-07-19T16:00:00Z,60,second_half,penn_station_to_secaucus,0,900,0,0.0,0,derived,Derived from synthetic FinalFlow scenario inputs; not observed event operations.
baseline,2026-07-19T16:00:00Z,60,second_half,secaucus_to_penn_station,0,900,0,0.0,0,derived,Derived from synthetic FinalFlow scenario inputs; not observed event operations.
baseline,2026-07-19T16:00:00Z,60,second_half,secaucus_to_meadowlands,0,600,0,0.0,0,derived,Derived from synthetic FinalFlow scenario inputs; not observed event operations.
baseline,2026-07-19T16:00:00Z,60,second_half,meadowlands_to_secaucus,0,600,0,0.0,0,derived,Derived from synthetic FinalFlow scenario inputs; not observed event operations.
baseline,2026-07-19T16:00:00Z,60,second_half,meadowlands_to_stadium,0,900,0,0.0,0,derived,Derived from synthetic FinalFlow scenario inputs; not observed event operations.
baseline,2026-07-19T16:00:00Z,60,second_half,stadium_to_meadowlands,0,900,0,0.0,0,derived,Derived from synthetic FinalFlow scenario inputs; not observed event operations.
baseline,2026-07-19T16:05:00Z,65,second_half,midtown_to_penn_station,0,600,0,0.0,0,derived,Derived from synthetic FinalFlow scenario inputs; not observed event operations.
baseline,2026-07-19T16:05:00Z,65,second_half,penn_station_to_midtown,0,600,0,0.0,0,derived,Derived from synthetic FinalFlow scenario inputs; not observed event operations.
baseline,2026-07-19T16:05:00Z,65,second_half,penn_station_to_secaucus,0,900,0,0.0,0,derived,Derived from synthetic FinalFlow scenario inputs; not observed event operations.
baseline,2026-07-19T16:05:00Z,65,second_half,secaucus_to_penn_station,0,900,0,0.0,0,derived,Derived from synthetic FinalFlow scenario inputs; not observed event operations.
baseline,2026-07-19T16:05:00Z,65,second_half,secaucus_to_meadowlands,0,600,0,0.0,0,derived,Derived from synthetic FinalFlow scenario inputs; not observed event operations.
baseline,2026-07-19T16:05:00Z,65,second_half,meadowlands_to_secaucus,0,600,0,0.0,0,derived,Derived from synthetic FinalFlow scenario inputs; not observed event operations.
baseline,2026-07-19T16:05:00Z,65,second_half,meadowlands_to_stadium,0,900,0,0.0,0,derived,Derived from synthetic FinalFlow scenario inputs; not observed event operations.
baseline,2026-07-19T16:05:00Z,65,second_half,stadium_to_meadowlands,0,900,0,0.0,0,derived,Derived from synthetic FinalFlow scenario inputs; not observed event operations.
baseline,2026-07-19T16:10:00Z,70,second_half,midtown_to_penn_station,0,600,0,0.0,0,derived,Derived from synthetic FinalFlow scenario inputs; not observed event operations.
baseline,2026-07-19T16:10:00Z,70,second_half,penn_station_to_midtown,0,600,0,0.0,0,derived,Derived from synthetic FinalFlow scenario inputs; not observed event operations.
baseline,2026-07-19T16:10:00Z,70,second_half,penn_station_to_secaucus,0,900,0,0.0,0,derived,Derived from synthetic FinalFlow scenario inputs; not observed event operations.
baseline,2026-07-19T16:10:00Z,70,second_half,secaucus_to_penn_station,0,900,0,0.0,0,derived,Derived from synthetic FinalFlow scenario inputs; not observed event operations.
baseline,2026-07-19T16:10:00Z,70,second_half,secaucus_to_meadowlands,0,600,0,0.0,0,derived,Derived from synthetic FinalFlow scenario inputs; not observed event operations.
baseline,2026-07-19T16:10:00Z,70,second_half,meadowlands_to_secaucus,0,600,0,0.0,0,derived,Derived from synthetic FinalFlow scenario inputs; not observed event operations.
baseline,2026-07-19T16:10:00Z,70,second_half,meadowlands_to_stadium,0,900,0,0.0,0,derived,Derived from synthetic FinalFlow scenario inputs; not observed event operations.
baseline,2026-07-19T16:10:00Z,70,second_half,stadium_to_meadowlands,0,900,0,0.0,0,derived,Derived from synthetic FinalFlow scenario inputs; not observed event operations.
baseline,2026-07-19T16:15:00Z,75,second_half,midtown_to_penn_station,0,600,0,0.0,0,derived,Derived from synthetic FinalFlow scenario inputs; not observed event operations.
baseline,2026-07-19T16:15:00Z,75,second_half,penn_station_to_midtown,0,600,0,0.0,0,derived,Derived from synthetic FinalFlow scenario inputs; not observed event operations.
baseline,2026-07-19T16:15:00Z,75,second_half,penn_station_to_secaucus,0,900,0,0.0,0,derived,Derived from synthetic FinalFlow scenario inputs; not observed event operations.
baseline,2026-07-19T16:15:00Z,75,second_half,secaucus_to_penn_station,0,900,0,0.0,0,derived,Derived from synthetic FinalFlow scenario inputs; not observed event operations.
baseline,2026-07-19T16:15:00Z,75,second_half,secaucus_to_meadowlands,0,600,0,0.0,0,derived,Derived from synthetic FinalFlow scenario inputs; not observed event operations.
baseline,2026-07-19T16:15:00Z,75,second_half,meadowlands_to_secaucus,0,600,0,0.0,0,derived,Derived from synthetic FinalFlow scenario inputs; not observed event operations.
baseline,2026-07-19T16:15:00Z,75,second_half,meadowlands_to_stadium,0,900,0,0.0,0,derived,Derived from synthetic FinalFlow scenario inputs; not observed event operations.
baseline,2026-07-19T16:15:00Z,75,second_half,stadium_to_meadowlands,0,900,0,0.0,0,derived,Derived from synthetic FinalFlow scenario inputs; not observed event operations.
baseline,2026-07-19T16:20:00Z,80,second_half,midtown_to_penn_station,0,600,0,0.0,0,derived,Derived from synthetic FinalFlow scenario inputs; not observed event operations.
baseline,2026-07-19T16:20:00Z,80,second_half,penn_station_to_midtown,0,600,0,0.0,0,derived,Derived from synthetic FinalFlow scenario inputs; not observed event operations.
baseline,2026-07-19T16:20:00Z,80,second_half,penn_station_to_secaucus,0,900,0,0.0,0,derived,Derived from synthetic FinalFlow scenario inputs; not observed event operations.
baseline,2026-07-19T16:20:00Z,80,second_half,secaucus_to_penn_station,0,900,0,0.0,0,derived,Derived from synthetic FinalFlow scenario inputs; not observed event operations.
baseline,2026-07-19T16:20:00Z,80,second_half,secaucus_to_meadowlands,0,600,0,0.0,0,derived,Derived from synthetic FinalFlow scenario inputs; not observed event operations.
baseline,2026-07-19T16:20:00Z,80,second_half,meadowlands_to_secaucus,0,600,0,0.0,0,derived,Derived from synthetic FinalFlow scenario inputs; not observed event operations.
baseline,2026-07-19T16:20:00Z,80,second_half,meadowlands_to_stadium,0,900,0,0.0,0,derived,Derived from synthetic FinalFlow scenario inputs; not observed event operations.
baseline,2026-07-19T16:20:00Z,80,second_half,stadium_to_meadowlands,0,900,0,0.0,0,derived,Derived from synthetic FinalFlow scenario inputs; not observed event operations.
baseline,2026-07-19T16:25:00Z,85,second_half,midtown_to_penn_station,0,600,0,0.0,0,derived,Derived from synthetic FinalFlow scenario inputs; not observed event operations.
baseline,2026-07-19T16:25:00Z,85,second_half,penn_station_to_midtown,0,600,0,0.0,0,derived,Derived from synthetic FinalFlow scenario inputs; not observed event operations.
baseline,2026-07-19T16:25:00Z,85,second_half,penn_station_to_secaucus,0,900,0,0.0,0,derived,Derived from synthetic FinalFlow scenario inputs; not observed event operations.
baseline,2026-07-19T16:25:00Z,85,second_half,secaucus_to_penn_station,0,900,0,0.0,0,derived,Derived from synthetic FinalFlow scenario inputs; not observed event operations.
baseline,2026-07-19T16:25:00Z,85,second_half,secaucus_to_meadowlands,0,600,0,0.0,0,derived,Derived from synthetic FinalFlow scenario inputs; not observed event operations.
baseline,2026-07-19T16:25:00Z,85,second_half,meadowlands_to_secaucus,0,600,0,0.0,0,derived,Derived from synthetic FinalFlow scenario inputs; not observed event operations.
baseline,2026-07-19T16:25:00Z,85,second_half,meadowlands_to_stadium,0,900,0,0.0,0,derived,Derived from synthetic FinalFlow scenario inputs; not observed event operations.
baseline,2026-07-19T16:25:00Z,85,second_half,stadium_to_meadowlands,0,900,0,0.0,0,derived,Derived from synthetic FinalFlow scenario inputs; not observed event operations.
baseline,2026-07-19T16:30:00Z,90,second_half,midtown_to_penn_station,0,600,0,0.0,0,derived,Derived from synthetic FinalFlow scenario inputs; not observed event operations.
baseline,2026-07-19T16:30:00Z,90,second_half,penn_station_to_midtown,0,600,0,0.0,0,derived,Derived from synthetic FinalFlow scenario inputs; not observed event operations.
baseline,2026-07-19T16:30:00Z,90,second_half,penn_station_to_secaucus,0,900,0,0.0,0,derived,Derived from synthetic FinalFlow scenario inputs; not observed event operations.
baseline,2026-07-19T16:30:00Z,90,second_half,secaucus_to_penn_station,0,900,0,0.0,0,derived,Derived from synthetic FinalFlow scenario inputs; not observed event operations.
baseline,2026-07-19T16:30:00Z,90,second_half,secaucus_to_meadowlands,0,600,0,0.0,0,derived,Derived from synthetic FinalFlow scenario inputs; not observed event operations.
baseline,2026-07-19T16:30:00Z,90,second_half,meadowlands_to_secaucus,0,600,0,0.0,0,derived,Derived from synthetic FinalFlow scenario inputs; not observed event operations.
baseline,2026-07-19T16:30:00Z,90,second_half,meadowlands_to_stadium,0,900,0,0.0,0,derived,Derived from synthetic FinalFlow scenario inputs; not observed event operations.
baseline,2026-07-19T16:30:00Z,90,second_half,stadium_to_meadowlands,0,900,0,0.0,0,derived,Derived from synthetic FinalFlow scenario inputs; not observed event operations.
baseline,2026-07-19T16:35:00Z,95,second_half,midtown_to_penn_station,0,600,0,0.0,0,derived,Derived from synthetic FinalFlow scenario inputs; not observed event operations.
baseline,2026-07-19T16:35:00Z,95,second_half,penn_station_to_midtown,0,600,0,0.0,0,derived,Derived from synthetic FinalFlow scenario inputs; not observed event operations.
baseline,2026-07-19T16:35:00Z,95,second_half,penn_station_to_secaucus,0,900,0,0.0,0,derived,Derived from synthetic FinalFlow scenario inputs; not observed event operations.
baseline,2026-07-19T16:35:00Z,95,second_half,secaucus_to_penn_station,0,900,0,0.0,0,derived,Derived from synthetic FinalFlow scenario inputs; not observed event operations.
baseline,2026-07-19T16:35:00Z,95,second_half,secaucus_to_meadowlands,0,600,0,0.0,0,derived,Derived from synthetic FinalFlow scenario inputs; not observed event operations.
baseline,2026-07-19T16:35:00Z,95,second_half,meadowlands_to_secaucus,0,600,0,0.0,0,derived,Derived from synthetic FinalFlow scenario inputs; not observed event operations.
baseline,2026-07-19T16:35:00Z,95,second_half,meadowlands_to_stadium,0,900,0,0.0,0,derived,Derived from synthetic FinalFlow scenario inputs; not observed event operations.
baseline,2026-07-19T16:35:00Z,95,second_half,stadium_to_meadowlands,0,900,0,0.0,0,derived,Derived from synthetic FinalFlow scenario inputs; not observed event operations.
baseline,2026-07-19T16:40:00Z,100,second_half,midtown_to_penn_station,0,600,0,0.0,0,derived,Derived from synthetic FinalFlow scenario inputs; not observed event operations.
baseline,2026-07-19T16:40:00Z,100,second_half,penn_station_to_midtown,0,600,0,0.0,0,derived,Derived from synthetic FinalFlow scenario inputs; not observed event operations.
baseline,2026-07-19T16:40:00Z,100,second_half,penn_station_to_secaucus,0,900,0,0.0,0,derived,Derived from synthetic FinalFlow scenario inputs; not observed event operations.
baseline,2026-07-19T16:40:00Z,100,second_half,secaucus_to_penn_station,0,900,0,0.0,0,derived,Derived from synthetic FinalFlow scenario inputs; not observed event operations.
baseline,2026-07-19T16:40:00Z,100,second_half,secaucus_to_meadowlands,0,600,0,0.0,0,derived,Derived from synthetic FinalFlow scenario inputs; not observed event operations.
baseline,2026-07-19T16:40:00Z,100,second_half,meadowlands_to_secaucus,0,600,0,0.0,0,derived,Derived from synthetic FinalFlow scenario inputs; not observed event operations.
baseline,2026-07-19T16:40:00Z,100,second_half,meadowlands_to_stadium,0,900,0,0.0,0,derived,Derived from synthetic FinalFlow scenario inputs; not observed event operations.
baseline,2026-07-19T16:40:00Z,100,second_half,stadium_to_meadowlands,0,900,0,0.0,0,derived,Derived from synthetic FinalFlow scenario inputs; not observed event operations.
baseline,2026-07-19T16:45:00Z,105,regulation_end,midtown_to_penn_station,0,600,0,0.0,0,derived,Derived from synthetic FinalFlow scenario inputs; not observed event operations.
baseline,2026-07-19T16:45:00Z,105,regulation_end,penn_station_to_midtown,0,600,0,0.0,0,derived,Derived from synthetic FinalFlow scenario inputs; not observed event operations.
baseline,2026-07-19T16:45:00Z,105,regulation_end,penn_station_to_secaucus,0,900,0,0.0,0,derived,Derived from synthetic FinalFlow scenario inputs; not observed event operations.
baseline,2026-07-19T16:45:00Z,105,regulation_end,secaucus_to_penn_station,0,900,0,0.0,0,derived,Derived from synthetic FinalFlow scenario inputs; not observed event operations.
baseline,2026-07-19T16:45:00Z,105,regulation_end,secaucus_to_meadowlands,0,600,0,0.0,0,derived,Derived from synthetic FinalFlow scenario inputs; not observed event operations.
baseline,2026-07-19T16:45:00Z,105,regulation_end,meadowlands_to_secaucus,0,600,0,0.0,0,derived,Derived from synthetic FinalFlow scenario inputs; not observed event operations.
baseline,2026-07-19T16:45:00Z,105,regulation_end,meadowlands_to_stadium,0,900,0,0.0,0,derived,Derived from synthetic FinalFlow scenario inputs; not observed event operations.
baseline,2026-07-19T16:45:00Z,105,regulation_end,stadium_to_meadowlands,0,900,0,0.0,0,derived,Derived from synthetic FinalFlow scenario inputs; not observed event operations.
baseline,2026-07-19T16:50:00Z,110,extra_time,midtown_to_penn_station,0,600,0,0.0,0,derived,Derived from synthetic FinalFlow scenario inputs; not observed event operations.
baseline,2026-07-19T16:50:00Z,110,extra_time,penn_station_to_midtown,0,600,0,0.0,0,derived,Derived from synthetic FinalFlow scenario inputs; not observed event operations.
baseline,2026-07-19T16:50:00Z,110,extra_time,penn_station_to_secaucus,0,900,0,0.0,0,derived,Derived from synthetic FinalFlow scenario inputs; not observed event operations.
baseline,2026-07-19T16:50:00Z,110,extra_time,secaucus_to_penn_station,0,900,0,0.0,0,derived,Derived from synthetic FinalFlow scenario inputs; not observed event operations.
baseline,2026-07-19T16:50:00Z,110,extra_time,secaucus_to_meadowlands,0,600,0,0.0,0,derived,Derived from synthetic FinalFlow scenario inputs; not observed event operations.
baseline,2026-07-19T16:50:00Z,110,extra_time,meadowlands_to_secaucus,0,600,0,0.0,0,derived,Derived from synthetic FinalFlow scenario inputs; not observed event operations.
baseline,2026-07-19T16:50:00Z,110,extra_time,meadowlands_to_stadium,0,900,0,0.0,0,derived,Derived from synthetic FinalFlow scenario inputs; not observed event operations.
baseline,2026-07-19T16:50:00Z,110,extra_time,stadium_to_meadowlands,0,900,0,0.0,0,derived,Derived from synthetic FinalFlow scenario inputs; not observed event operations.
baseline,2026-07-19T16:55:00Z,115,extra_time,midtown_to_penn_station,0,600,0,0.0,0,derived,Derived from synthetic FinalFlow scenario inputs; not observed event operations.
baseline,2026-07-19T16:55:00Z,115,extra_time,penn_station_to_midtown,0,600,0,0.0,0,derived,Derived from synthetic FinalFlow scenario inputs; not observed event operations.
baseline,2026-07-19T16:55:00Z,115,extra_time,penn_station_to_secaucus,0,900,0,0.0,0,derived,Derived from synthetic FinalFlow scenario inputs; not observed event operations.
baseline,2026-07-19T16:55:00Z,115,extra_time,secaucus_to_penn_station,0,900,0,0.0,0,derived,Derived from synthetic FinalFlow scenario inputs; not observed event operations.
baseline,2026-07-19T16:55:00Z,115,extra_time,secaucus_to_meadowlands,0,600,0,0.0,0,derived,Derived from synthetic FinalFlow scenario inputs; not observed event operations.
baseline,2026-07-19T16:55:00Z,115,extra_time,meadowlands_to_secaucus,0,600,0,0.0,0,derived,Derived from synthetic FinalFlow scenario inputs; not observed event operations.
baseline,2026-07-19T16:55:00Z,115,extra_time,meadowlands_to_stadium,0,900,0,0.0,0,derived,Derived from synthetic FinalFlow scenario inputs; not observed event operations.
baseline,2026-07-19T16:55:00Z,115,extra_time,stadium_to_meadowlands,0,900,0,0.0,0,derived,Derived from synthetic FinalFlow scenario inputs; not observed event operations.
baseline,2026-07-19T17:00:00Z,120,extra_time,midtown_to_penn_station,0,600,0,0.0,0,derived,Derived from synthetic FinalFlow scenario inputs; not observed event operations.
baseline,2026-07-19T17:00:00Z,120,extra_time,penn_station_to_midtown,0,600,0,0.0,0,derived,Derived from synthetic FinalFlow scenario inputs; not observed event operations.
baseline,2026-07-19T17:00:00Z,120,extra_time,penn_station_to_secaucus,0,900,0,0.0,0,derived,Derived from synthetic FinalFlow scenario inputs; not observed event operations.
baseline,2026-07-19T17:00:00Z,120,extra_time,secaucus_to_penn_station,0,900,0,0.0,0,derived,Derived from synthetic FinalFlow scenario inputs; not observed event operations.
baseline,2026-07-19T17:00:00Z,120,extra_time,secaucus_to_meadowlands,0,600,0,0.0,0,derived,Derived from synthetic FinalFlow scenario inputs; not observed event operations.
baseline,2026-07-19T17:00:00Z,120,extra_time,meadowlands_to_secaucus,0,600,0,0.0,0,derived,Derived from synthetic FinalFlow scenario inputs; not observed event operations.
baseline,2026-07-19T17:00:00Z,120,extra_time,meadowlands_to_stadium,0,900,0,0.0,0,derived,Derived from synthetic FinalFlow scenario inputs; not observed event operations.
baseline,2026-07-19T17:00:00Z,120,extra_time,stadium_to_meadowlands,0,900,0,0.0,0,derived,Derived from synthetic FinalFlow scenario inputs; not observed event operations.
baseline,2026-07-19T17:05:00Z,125,extra_time,midtown_to_penn_station,0,600,0,0.0,0,derived,Derived from synthetic FinalFlow scenario inputs; not observed event operations.
baseline,2026-07-19T17:05:00Z,125,extra_time,penn_station_to_midtown,0,600,0,0.0,0,derived,Derived from synthetic FinalFlow scenario inputs; not observed event operations.
baseline,2026-07-19T17:05:00Z,125,extra_time,penn_station_to_secaucus,0,900,0,0.0,0,derived,Derived from synthetic FinalFlow scenario inputs; not observed event operations.
baseline,2026-07-19T17:05:00Z,125,extra_time,secaucus_to_penn_station,0,900,0,0.0,0,derived,Derived from synthetic FinalFlow scenario inputs; not observed event operations.
baseline,2026-07-19T17:05:00Z,125,extra_time,secaucus_to_meadowlands,0,600,0,0.0,0,derived,Derived from synthetic FinalFlow scenario inputs; not observed event operations.
baseline,2026-07-19T17:05:00Z,125,extra_time,meadowlands_to_secaucus,0,600,0,0.0,0,derived,Derived from synthetic FinalFlow scenario inputs; not observed event operations.
baseline,2026-07-19T17:05:00Z,125,extra_time,meadowlands_to_stadium,0,900,0,0.0,0,derived,Derived from synthetic FinalFlow scenario inputs; not observed event operations.
baseline,2026-07-19T17:05:00Z,125,extra_time,stadium_to_meadowlands,0,900,0,0.0,0,derived,Derived from synthetic FinalFlow scenario inputs; not observed event operations.
baseline,2026-07-19T17:10:00Z,130,extra_time,midtown_to_penn_station,0,600,0,0.0,0,derived,Derived from synthetic FinalFlow scenario inputs; not observed event operations.
baseline,2026-07-19T17:10:00Z,130,extra_time,penn_station_to_midtown,0,600,0,0.0,0,derived,Derived from synthetic FinalFlow scenario inputs; not observed event operations.
baseline,2026-07-19T17:10:00Z,130,extra_time,penn_station_to_secaucus,0,900,0,0.0,0,derived,Derived from synthetic FinalFlow scenario inputs; not observed event operations.
baseline,2026-07-19T17:10:00Z,130,extra_time,secaucus_to_penn_station,0,900,0,0.0,0,derived,Derived from synthetic FinalFlow scenario inputs; not observed event operations.
baseline,2026-07-19T17:10:00Z,130,extra_time,secaucus_to_meadowlands,0,600,0,0.0,0,derived,Derived from synthetic FinalFlow scenario inputs; not observed event operations.
baseline,2026-07-19T17:10:00Z,130,extra_time,meadowlands_to_secaucus,0,600,0,0.0,0,derived,Derived from synthetic FinalFlow scenario inputs; not observed event operations.
baseline,2026-07-19T17:10:00Z,130,extra_time,meadowlands_to_stadium,0,900,0,0.0,0,derived,Derived from synthetic FinalFlow scenario inputs; not observed event operations.
baseline,2026-07-19T17:10:00Z,130,extra_time,stadium_to_meadowlands,0,900,0,0.0,0,derived,Derived from synthetic FinalFlow scenario inputs; not observed event operations.
baseline,2026-07-19T17:15:00Z,135,final_whistle,midtown_to_penn_station,0,600,0,0.0,0,derived,Derived from synthetic FinalFlow scenario inputs; not observed event operations.
baseline,2026-07-19T17:15:00Z,135,final_whistle,penn_station_to_midtown,0,600,0,0.0,0,derived,Derived from synthetic FinalFlow scenario inputs; not observed event operations.
baseline,2026-07-19T17:15:00Z,135,final_whistle,penn_station_to_secaucus,0,900,0,0.0,0,derived,Derived from synthetic FinalFlow scenario inputs; not observed event operations.
baseline,2026-07-19T17:15:00Z,135,final_whistle,secaucus_to_penn_station,0,900,0,0.0,0,derived,Derived from synthetic FinalFlow scenario inputs; not observed event operations.
baseline,2026-07-19T17:15:00Z,135,final_whistle,secaucus_to_meadowlands,0,600,0,0.0,0,derived,Derived from synthetic FinalFlow scenario inputs; not observed event operations.
baseline,2026-07-19T17:15:00Z,135,final_whistle,meadowlands_to_secaucus,0,600,0,0.0,0,derived,Derived from synthetic FinalFlow scenario inputs; not observed event operations.
baseline,2026-07-19T17:15:00Z,135,final_whistle,meadowlands_to_stadium,0,900,0,0.0,0,derived,Derived from synthetic FinalFlow scenario inputs; not observed event operations.
baseline,2026-07-19T17:15:00Z,135,final_whistle,stadium_to_meadowlands,662,900,662,0.7355555555555555,662,derived,Derived from synthetic FinalFlow scenario inputs; not observed event operations.
baseline,2026-07-19T17:20:00Z,140,post_match,midtown_to_penn_station,0,600,0,0.0,0,derived,Derived from synthetic FinalFlow scenario inputs; not observed event operations.
baseline,2026-07-19T17:20:00Z,140,post_match,penn_station_to_midtown,0,600,0,0.0,0,derived,Derived from synthetic FinalFlow scenario inputs; not observed event operations.
baseline,2026-07-19T17:20:00Z,140,post_match,penn_station_to_secaucus,0,900,0,0.0,0,derived,Derived from synthetic FinalFlow scenario inputs; not observed event operations.
baseline,2026-07-19T17:20:00Z,140,post_match,secaucus_to_penn_station,0,900,0,0.0,0,derived,Derived from synthetic FinalFlow scenario inputs; not observed event operations.
baseline,2026-07-19T17:20:00Z,140,post_match,secaucus_to_meadowlands,0,600,0,0.0,0,derived,Derived from synthetic FinalFlow scenario inputs; not observed event operations.
baseline,2026-07-19T17:20:00Z,140,post_match,meadowlands_to_secaucus,0,600,0,0.0,0,derived,Derived from synthetic FinalFlow scenario inputs; not observed event operations.
baseline,2026-07-19T17:20:00Z,140,post_match,meadowlands_to_stadium,0,900,0,0.0,0,derived,Derived from synthetic FinalFlow scenario inputs; not observed event operations.
baseline,2026-07-19T17:20:00Z,140,post_match,stadium_to_meadowlands,621,900,621,0.69,1283,derived,Derived from synthetic FinalFlow scenario inputs; not observed event operations.
baseline,2026-07-19T17:25:00Z,145,post_match,midtown_to_penn_station,0,600,0,0.0,0,derived,Derived from synthetic FinalFlow scenario inputs; not observed event operations.
baseline,2026-07-19T17:25:00Z,145,post_match,penn_station_to_midtown,0,600,0,0.0,0,derived,Derived from synthetic FinalFlow scenario inputs; not observed event operations.
baseline,2026-07-19T17:25:00Z,145,post_match,penn_station_to_secaucus,0,900,0,0.0,0,derived,Derived from synthetic FinalFlow scenario inputs; not observed event operations.
baseline,2026-07-19T17:25:00Z,145,post_match,secaucus_to_penn_station,0,900,0,0.0,0,derived,Derived from synthetic FinalFlow scenario inputs; not observed event operations.
baseline,2026-07-19T17:25:00Z,145,post_match,secaucus_to_meadowlands,0,600,0,0.0,0,derived,Derived from synthetic FinalFlow scenario inputs; not observed event operations.
baseline,2026-07-19T17:25:00Z,145,post_match,meadowlands_to_secaucus,609,600,600,1.0,600,derived,Derived from synthetic FinalFlow scenario inputs; not observed event operations.
baseline,2026-07-19T17:25:00Z,145,post_match,meadowlands_to_stadium,0,900,0,0.0,0,derived,Derived from synthetic FinalFlow scenario inputs; not observed event operations.
baseline,2026-07-19T17:25:00Z,145,post_match,stadium_to_meadowlands,400,900,400,0.4444444444444444,1021,derived,Derived from synthetic FinalFlow scenario inputs; not observed event operations.
baseline,2026-07-19T17:30:00Z,150,post_match,midtown_to_penn_station,0,600,0,0.0,0,derived,Derived from synthetic FinalFlow scenario inputs; not observed event operations.
baseline,2026-07-19T17:30:00Z,150,post_match,penn_station_to_midtown,0,600,0,0.0,0,derived,Derived from synthetic FinalFlow scenario inputs; not observed event operations.
baseline,2026-07-19T17:30:00Z,150,post_match,penn_station_to_secaucus,0,900,0,0.0,0,derived,Derived from synthetic FinalFlow scenario inputs; not observed event operations.
baseline,2026-07-19T17:30:00Z,150,post_match,secaucus_to_penn_station,0,900,0,0.0,0,derived,Derived from synthetic FinalFlow scenario inputs; not observed event operations.
baseline,2026-07-19T17:30:00Z,150,post_match,secaucus_to_meadowlands,0,600,0,0.0,0,derived,Derived from synthetic FinalFlow scenario inputs; not observed event operations.
baseline,2026-07-19T17:30:00Z,150,post_match,meadowlands_to_secaucus,580,600,580,0.9666666666666667,1180,derived,Derived from synthetic FinalFlow scenario inputs; not observed event operations.
baseline,2026-07-19T17:30:00Z,150,post_match,meadowlands_to_stadium,0,900,0,0.0,0,derived,Derived from synthetic FinalFlow scenario inputs; not observed event operations.
baseline,2026-07-19T17:30:00Z,150,post_match,stadium_to_meadowlands,371,900,371,0.4122222222222222,771,derived,Derived from synthetic FinalFlow scenario inputs; not observed event operations.
baseline,2026-07-19T17:35:00Z,155,post_match,midtown_to_penn_station,0,600,0,0.0,0,derived,Derived from synthetic FinalFlow scenario inputs; not observed event operations.
baseline,2026-07-19T17:35:00Z,155,post_match,penn_station_to_midtown,0,600,0,0.0,0,derived,Derived from synthetic FinalFlow scenario inputs; not observed event operations.
baseline,2026-07-19T17:35:00Z,155,post_match,penn_station_to_secaucus,0,900,0,0.0,0,derived,Derived from synthetic FinalFlow scenario inputs; not observed event operations.
baseline,2026-07-19T17:35:00Z,155,post_match,secaucus_to_penn_station,0,900,0,0.0,0,derived,Derived from synthetic FinalFlow scenario inputs; not observed event operations.
baseline,2026-07-19T17:35:00Z,155,post_match,secaucus_to_meadowlands,0,600,0,0.0,0,derived,Derived from synthetic FinalFlow scenario inputs; not observed event operations.
baseline,2026-07-19T17:35:00Z,155,post_match,meadowlands_to_secaucus,368,600,368,0.6133333333333333,1548,derived,Derived from synthetic FinalFlow scenario inputs; not observed event operations.
baseline,2026-07-19T17:35:00Z,155,post_match,meadowlands_to_stadium,0,900,0,0.0,0,derived,Derived from synthetic FinalFlow scenario inputs; not observed event operations.
baseline,2026-07-19T17:35:00Z,155,post_match,stadium_to_meadowlands,344,900,344,0.38222222222222224,715,derived,Derived from synthetic FinalFlow scenario inputs; not observed event operations.
baseline,2026-07-19T17:40:00Z,160,post_match,midtown_to_penn_station,0,600,0,0.0,0,derived,Derived from synthetic FinalFlow scenario inputs; not observed event operations.
baseline,2026-07-19T17:40:00Z,160,post_match,penn_station_to_midtown,0,600,0,0.0,0,derived,Derived from synthetic FinalFlow scenario inputs; not observed event operations.
baseline,2026-07-19T17:40:00Z,160,post_match,penn_station_to_secaucus,0,900,0,0.0,0,derived,Derived from synthetic FinalFlow scenario inputs; not observed event operations.
baseline,2026-07-19T17:40:00Z,160,post_match,secaucus_to_penn_station,529,900,529,0.5877777777777777,529,derived,Derived from synthetic FinalFlow scenario inputs; not observed event operations.
baseline,2026-07-19T17:40:00Z,160,post_match,secaucus_to_meadowlands,0,600,0,0.0,0,derived,Derived from synthetic FinalFlow scenario inputs; not observed event operations.
baseline,2026-07-19T17:40:00Z,160,post_match,meadowlands_to_secaucus,341,600,341,0.5683333333333334,1289,derived,Derived from synthetic FinalFlow scenario inputs; not observed event operations.
baseline,2026-07-19T17:40:00Z,160,post_match,meadowlands_to_stadium,0,900,0,0.0,0,derived,Derived from synthetic FinalFlow scenario inputs; not observed event operations.
baseline,2026-07-19T17:40:00Z,160,post_match,stadium_to_meadowlands,315,900,315,0.35,659,derived,Derived from synthetic FinalFlow scenario inputs; not observed event operations.
baseline,2026-07-19T17:45:00Z,165,post_match,midtown_to_penn_station,0,600,0,0.0,0,derived,Derived from synthetic FinalFlow scenario inputs; not observed event operations.
baseline,2026-07-19T17:45:00Z,165,post_match,penn_station_to_midtown,0,600,0,0.0,0,derived,Derived from synthetic FinalFlow scenario inputs; not observed event operations.
baseline,2026-07-19T17:45:00Z,165,post_match,penn_station_to_secaucus,0,900,0,0.0,0,derived,Derived from synthetic FinalFlow scenario inputs; not observed event operations.
baseline,2026-07-19T17:45:00Z,165,post_match,secaucus_to_penn_station,496,900,496,0.5511111111111111,1025,derived,Derived from synthetic FinalFlow scenario inputs; not observed event operations.
baseline,2026-07-19T17:45:00Z,165,post_match,secaucus_to_meadowlands,0,600,0,0.0,0,derived,Derived from synthetic FinalFlow scenario inputs; not observed event operations.
baseline,2026-07-19T17:45:00Z,165,post_match,meadowlands_to_secaucus,316,600,316,0.5266666666666666,1025,derived,Derived from synthetic FinalFlow scenario inputs; not observed event operations.
baseline,2026-07-19T17:45:00Z,165,post_match,meadowlands_to_stadium,0,900,0,0.0,0,derived,Derived from synthetic FinalFlow scenario inputs; not observed event operations.
baseline,2026-07-19T17:45:00Z,165,post_match,stadium_to_meadowlands,286,900,286,0.31777777777777777,601,derived,Derived from synthetic FinalFlow scenario inputs; not observed event operations.
baseline,2026-07-19T17:50:00Z,170,post_match,midtown_to_penn_station,0,600,0,0.0,0,derived,Derived from synthetic FinalFlow scenario inputs; not observed event operations.
baseline,2026-07-19T17:50:00Z,170,post_match,penn_station_to_midtown,0,600,0,0.0,0,derived,Derived from synthetic FinalFlow scenario inputs; not observed event operations.
baseline,2026-07-19T17:50:00Z,170,post_match,penn_station_to_secaucus,0,900,0,0.0,0,derived,Derived from synthetic FinalFlow scenario inputs; not observed event operations.
baseline,2026-07-19T17:50:00Z,170,post_match,secaucus_to_penn_station,320,900,320,0.35555555555555557,1345,derived,Derived from synthetic FinalFlow scenario inputs; not observed event operations.
baseline,2026-07-19T17:50:00Z,170,post_match,secaucus_to_meadowlands,0,600,0,0.0,0,derived,Derived from synthetic FinalFlow scenario inputs; not observed event operations.
baseline,2026-07-19T17:50:00Z,170,post_match,meadowlands_to_secaucus,290,600,290,0.48333333333333334,947,derived,Derived from synthetic FinalFlow scenario inputs; not observed event operations.
baseline,2026-07-19T17:50:00Z,170,post_match,meadowlands_to_stadium,0,900,0,0.0,0,derived,Derived from synthetic FinalFlow scenario inputs; not observed event operations.
baseline,2026-07-19T17:50:00Z,170,post_match,stadium_to_meadowlands,257,900,257,0.28555555555555556,543,derived,Derived from synthetic FinalFlow scenario inputs; not observed event operations.
baseline,2026-07-19T17:55:00Z,175,post_match,midtown_to_penn_station,0,600,0,0.0,0,derived,Derived from synthetic FinalFlow scenario inputs; not observed event operations.
baseline,2026-07-19T17:55:00Z,175,post_match,penn_station_to_midtown,430,600,430,0.7166666666666667,430,derived,Derived from synthetic FinalFlow scenario inputs; not observed event operations.
baseline,2026-07-19T17:55:00Z,175,post_match,penn_station_to_secaucus,0,900,0,0.0,0,derived,Derived from synthetic FinalFlow scenario inputs; not observed event operations.
baseline,2026-07-19T17:55:00Z,175,post_match,secaucus_to_penn_station,297,900,297,0.33,1113,derived,Derived from synthetic FinalFlow scenario inputs; not observed event operations.
baseline,2026-07-19T17:55:00Z,175,post_match,secaucus_to_meadowlands,0,600,0,0.0,0,derived,Derived from synthetic FinalFlow scenario inputs; not observed event operations.
baseline,2026-07-19T17:55:00Z,175,post_match,meadowlands_to_secaucus,263,600,263,0.43833333333333335,869,derived,Derived from synthetic FinalFlow scenario inputs; not observed event operations.
baseline,2026-07-19T17:55:00Z,175,post_match,meadowlands_to_stadium,0,900,0,0.0,0,derived,Derived from synthetic FinalFlow scenario inputs; not observed event operations.
baseline,2026-07-19T17:55:00Z,175,post_match,stadium_to_meadowlands,229,900,229,0.2544444444444444,486,derived,Derived from synthetic FinalFlow scenario inputs; not observed event operations.
baseline,2026-07-19T18:00:00Z,180,post_match,midtown_to_penn_station,0,600,0,0.0,0,derived,Derived from synthetic FinalFlow scenario inputs; not observed event operations.
baseline,2026-07-19T18:00:00Z,180,post_match,penn_station_to_midtown,403,600,403,0.6716666666666666,833,derived,Derived from synthetic FinalFlow scenario inputs; not observed event operations.
baseline,2026-07-19T18:00:00Z,180,post_match,penn_station_to_secaucus,0,900,0,0.0,0,derived,Derived from synthetic FinalFlow scenario inputs; not observed event operations.
baseline,2026-07-19T18:00:00Z,180,post_match,secaucus_to_penn_station,275,900,275,0.3055555555555556,892,derived,Derived from synthetic FinalFlow scenario inputs; not observed event operations.
baseline,2026-07-19T18:00:00Z,180,post_match,secaucus_to_meadowlands,0,600,0,0.0,0,derived,Derived from synthetic FinalFlow scenario inputs; not observed event operations.
baseline,2026-07-19T18:00:00Z,180,post_match,meadowlands_to_secaucus,237,600,237,0.395,790,derived,Derived from synthetic FinalFlow scenario inputs; not observed event operations.
baseline,2026-07-19T18:00:00Z,180,post_match,meadowlands_to_stadium,0,900,0,0.0,0,derived,Derived from synthetic FinalFlow scenario inputs; not observed event operations.
baseline,2026-07-19T18:00:00Z,180,post_match,stadium_to_meadowlands,199,900,199,0.22111111111111112,428,derived,Derived from synthetic FinalFlow scenario inputs; not observed event operations.
baseline,2026-07-19T18:05:00Z,185,post_match,midtown_to_penn_station,0,600,0,0.0,0,derived,Derived from synthetic FinalFlow scenario inputs; not observed event operations.
baseline,2026-07-19T18:05:00Z,185,post_match,penn_station_to_midtown,260,600,260,0.43333333333333335,1093,derived,Derived from synthetic FinalFlow scenario inputs; not observed event operations.
baseline,2026-07-19T18:05:00Z,185,post_match,penn_station_to_secaucus,0,900,0,0.0,0,derived,Derived from synthetic FinalFlow scenario inputs; not observed event operations.
baseline,2026-07-19T18:05:00Z,185,post_match,secaucus_to_penn_station,252,900,252,0.28,824,derived,Derived from synthetic FinalFlow scenario inputs; not observed event operations.
baseline,2026-07-19T18:05:00Z,185,post_match,secaucus_to_meadowlands,0,600,0,0.0,0,derived,Derived from synthetic FinalFlow scenario inputs; not observed event operations.
baseline,2026-07-19T18:05:00Z,185,post_match,meadowlands_to_secaucus,211,600,211,0.3516666666666667,711,derived,Derived from synthetic FinalFlow scenario inputs; not observed event operations.
baseline,2026-07-19T18:05:00Z,185,post_match,meadowlands_to_stadium,0,900,0,0.0,0,derived,Derived from synthetic FinalFlow scenario inputs; not observed event operations.
baseline,2026-07-19T18:05:00Z,185,post_match,stadium_to_meadowlands,172,900,172,0.19111111111111112,371,derived,Derived from synthetic FinalFlow scenario inputs; not observed event operations.
baseline,2026-07-19T18:10:00Z,190,post_match,midtown_to_penn_station,0,600,0,0.0,0,derived,Derived from synthetic FinalFlow scenario inputs; not observed event operations.
baseline,2026-07-19T18:10:00Z,190,post_match,penn_station_to_midtown,241,600,241,0.40166666666666667,904,derived,Derived from synthetic FinalFlow scenario inputs; not observed event operations.
baseline,2026-07-19T18:10:00Z,190,post_match,penn_station_to_secaucus,0,900,0,0.0,0,derived,Derived from synthetic FinalFlow scenario inputs; not observed event operations.
baseline,2026-07-19T18:10:00Z,190,post_match,secaucus_to_penn_station,229,900,229,0.2544444444444444,756,derived,Derived from synthetic FinalFlow scenario inputs; not observed event operations.
baseline,2026-07-19T18:10:00Z,190,post_match,secaucus_to_meadowlands,0,600,0,0.0,0,derived,Derived from synthetic FinalFlow scenario inputs; not observed event operations.
baseline,2026-07-19T18:10:00Z,190,post_match,meadowlands_to_secaucus,183,600,183,0.305,631,derived,Derived from synthetic FinalFlow scenario inputs; not observed event operations.
baseline,2026-07-19T18:10:00Z,190,post_match,meadowlands_to_stadium,0,900,0,0.0,0,derived,Derived from synthetic FinalFlow scenario inputs; not observed event operations.
baseline,2026-07-19T18:10:00Z,190,post_match,stadium_to_meadowlands,142,900,142,0.15777777777777777,314,derived,Derived from synthetic FinalFlow scenario inputs; not observed event operations.
baseline,2026-07-19T18:15:00Z,195,post_match,midtown_to_penn_station,0,600,0,0.0,0,derived,Derived from synthetic FinalFlow scenario inputs; not observed event operations.
baseline,2026-07-19T18:15:00Z,195,post_match,penn_station_to_midtown,223,600,223,0.37166666666666665,724,derived,Derived from synthetic FinalFlow scenario inputs; not observed event operations.
baseline,2026-07-19T18:15:00Z,195,post_match,penn_station_to_secaucus,0,900,0,0.0,0,derived,Derived from synthetic FinalFlow scenario inputs; not observed event operations.
baseline,2026-07-19T18:15:00Z,195,post_match,secaucus_to_penn_station,206,900,206,0.2288888888888889,687,derived,Derived from synthetic FinalFlow scenario inputs; not observed event operations.
baseline,2026-07-19T18:15:00Z,195,post_match,secaucus_to_meadowlands,0,600,0,0.0,0,derived,Derived from synthetic FinalFlow scenario inputs; not observed event operations.
baseline,2026-07-19T18:15:00Z,195,post_match,meadowlands_to_secaucus,158,600,158,0.2633333333333333,552,derived,Derived from synthetic FinalFlow scenario inputs; not observed event operations.
baseline,2026-07-19T18:15:00Z,195,post_match,meadowlands_to_stadium,0,900,0,0.0,0,derived,Derived from synthetic FinalFlow scenario inputs; not observed event operations.
baseline,2026-07-19T18:15:00Z,195,post_match,stadium_to_meadowlands,0,900,0,0.0,142,derived,Derived from synthetic FinalFlow scenario inputs; not observed event operations.
baseline,2026-07-19T18:20:00Z,200,post_match,midtown_to_penn_station,0,600,0,0.0,0,derived,Derived from synthetic FinalFlow scenario inputs; not observed event operations.
baseline,2026-07-19T18:20:00Z,200,post_match,penn_station_to_midtown,205,600,205,0.3416666666666667,669,derived,Derived from synthetic FinalFlow scenario inputs; not observed event operations.
baseline,2026-07-19T18:20:00Z,200,post_match,penn_station_to_secaucus,0,900,0,0.0,0,derived,Derived from synthetic FinalFlow scenario inputs; not observed event operations.
baseline,2026-07-19T18:20:00Z,200,post_match,secaucus_to_penn_station,183,900,183,0.20333333333333334,618,derived,Derived from synthetic FinalFlow scenario inputs; not observed event operations.
baseline,2026-07-19T18:20:00Z,200,post_match,secaucus_to_meadowlands,0,600,0,0.0,0,derived,Derived from synthetic FinalFlow scenario inputs; not observed event operations.
baseline,2026-07-19T18:20:00Z,200,post_match,meadowlands_to_secaucus,131,600,131,0.21833333333333332,472,derived,Derived from synthetic FinalFlow scenario inputs; not observed event operations.
baseline,2026-07-19T18:20:00Z,200,post_match,meadowlands_to_stadium,0,900,0,0.0,0,derived,Derived from synthetic FinalFlow scenario inputs; not observed event operations.
baseline,2026-07-19T18:20:00Z,200,post_match,stadium_to_meadowlands,0,900,0,0.0,0,derived,Derived from synthetic FinalFlow scenario inputs; not observed event operations.
baseline,2026-07-19T18:25:00Z,205,post_match,midtown_to_penn_station,0,600,0,0.0,0,derived,Derived from synthetic FinalFlow scenario inputs; not observed event operations.
baseline,2026-07-19T18:25:00Z,205,post_match,penn_station_to_midtown,186,600,186,0.31,614,derived,Derived from synthetic FinalFlow scenario inputs; not observed event operations.
baseline,2026-07-19T18:25:00Z,205,post_match,penn_station_to_secaucus,0,900,0,0.0,0,derived,Derived from synthetic FinalFlow scenario inputs; not observed event operations.
baseline,2026-07-19T18:25:00Z,205,post_match,secaucus_to_penn_station,159,900,159,0.17666666666666667,548,derived,Derived from synthetic FinalFlow scenario inputs; not observed event operations.
baseline,2026-07-19T18:25:00Z,205,post_match,secaucus_to_meadowlands,0,600,0,0.0,0,derived,Derived from synthetic FinalFlow scenario inputs; not observed event operations.
baseline,2026-07-19T18:25:00Z,205,post_match,meadowlands_to_secaucus,0,600,0,0.0,289,derived,Derived from synthetic FinalFlow scenario inputs; not observed event operations.
baseline,2026-07-19T18:25:00Z,205,post_match,meadowlands_to_stadium,0,900,0,0.0,0,derived,Derived from synthetic FinalFlow scenario inputs; not observed event operations.
baseline,2026-07-19T18:25:00Z,205,post_match,stadium_to_meadowlands,0,900,0,0.0,0,derived,Derived from synthetic FinalFlow scenario inputs; not observed event operations.
baseline,2026-07-19T18:30:00Z,210,post_match,midtown_to_penn_station,0,600,0,0.0,0,derived,Derived from synthetic FinalFlow scenario inputs; not observed event operations.
baseline,2026-07-19T18:30:00Z,210,post_match,penn_station_to_midtown,167,600,167,0.2783333333333333,558,derived,Derived from synthetic FinalFlow scenario inputs; not observed event operations.
baseline,2026-07-19T18:30:00Z,210,post_match,penn_station_to_secaucus,0,900,0,0.0,0,derived,Derived from synthetic FinalFlow scenario inputs; not observed event operations.
baseline,2026-07-19T18:30:00Z,210,post_match,secaucus_to_penn_station,138,900,138,0.15333333333333332,480,derived,Derived from synthetic FinalFlow scenario inputs; not observed event operations.
baseline,2026-07-19T18:30:00Z,210,post_match,secaucus_to_meadowlands,0,600,0,0.0,0,derived,Derived from synthetic FinalFlow scenario inputs; not observed event operations.
baseline,2026-07-19T18:30:00Z,210,post_match,meadowlands_to_secaucus,0,600,0,0.0,131,derived,Derived from synthetic FinalFlow scenario inputs; not observed event operations.
baseline,2026-07-19T18:30:00Z,210,post_match,meadowlands_to_stadium,0,900,0,0.0,0,derived,Derived from synthetic FinalFlow scenario inputs; not observed event operations.
baseline,2026-07-19T18:30:00Z,210,post_match,stadium_to_meadowlands,0,900,0,0.0,0,derived,Derived from synthetic FinalFlow scenario inputs; not observed event operations.
baseline,2026-07-19T18:35:00Z,215,post_match,midtown_to_penn_station,0,600,0,0.0,0,derived,Derived from synthetic FinalFlow scenario inputs; not observed event operations.
baseline,2026-07-19T18:35:00Z,215,post_match,penn_station_to_midtown,149,600,149,0.24833333333333332,502,derived,Derived from synthetic FinalFlow scenario inputs; not observed event operations.
baseline,2026-07-19T18:35:00Z,215,post_match,penn_station_to_secaucus,0,900,0,0.0,0,derived,Derived from synthetic FinalFlow scenario inputs; not observed event operations.
baseline,2026-07-19T18:35:00Z,215,post_match,secaucus_to_penn_station,114,900,114,0.12666666666666668,411,derived,Derived from synthetic FinalFlow scenario inputs; not observed event operations.
baseline,2026-07-19T18:35:00Z,215,post_match,secaucus_to_meadowlands,0,600,0,0.0,0,derived,Derived from synthetic FinalFlow scenario inputs; not observed event operations.
baseline,2026-07-19T18:35:00Z,215,post_match,meadowlands_to_secaucus,0,600,0,0.0,0,derived,Derived from synthetic FinalFlow scenario inputs; not observed event operations.
baseline,2026-07-19T18:35:00Z,215,post_match,meadowlands_to_stadium,0,900,0,0.0,0,derived,Derived from synthetic FinalFlow scenario inputs; not observed event operations.
baseline,2026-07-19T18:35:00Z,215,post_match,stadium_to_meadowlands,0,900,0,0.0,0,derived,Derived from synthetic FinalFlow scenario inputs; not observed event operations.
baseline,2026-07-19T18:40:00Z,220,post_match,midtown_to_penn_station,0,600,0,0.0,0,derived,Derived from synthetic FinalFlow scenario inputs; not observed event operations.
baseline,2026-07-19T18:40:00Z,220,post_match,penn_station_to_midtown,129,600,129,0.215,445,derived,Derived from synthetic FinalFlow scenario inputs; not observed event operations.
baseline,2026-07-19T18:40:00Z,220,post_match,penn_station_to_secaucus,0,900,0,0.0,0,derived,Derived from synthetic FinalFlow scenario inputs; not observed event operations.
baseline,2026-07-19T18:40:00Z,220,post_match,secaucus_to_penn_station,0,900,0,0.0,252,derived,Derived from synthetic FinalFlow scenario inputs; not observed event operations.
baseline,2026-07-19T18:40:00Z,220,post_match,secaucus_to_meadowlands,0,600,0,0.0,0,derived,Derived from synthetic FinalFlow scenario inputs; not observed event operations.
baseline,2026-07-19T18:40:00Z,220,post_match,meadowlands_to_secaucus,0,600,0,0.0,0,derived,Derived from synthetic FinalFlow scenario inputs; not observed event operations.
baseline,2026-07-19T18:40:00Z,220,post_match,meadowlands_to_stadium,0,900,0,0.0,0,derived,Derived from synthetic FinalFlow scenario inputs; not observed event operations.
baseline,2026-07-19T18:40:00Z,220,post_match,stadium_to_meadowlands,0,900,0,0.0,0,derived,Derived from synthetic FinalFlow scenario inputs; not observed event operations.
baseline,2026-07-19T18:45:00Z,225,post_match,midtown_to_penn_station,0,600,0,0.0,0,derived,Derived from synthetic FinalFlow scenario inputs; not observed event operations.
baseline,2026-07-19T18:45:00Z,225,post_match,penn_station_to_midtown,112,600,112,0.18666666666666668,390,derived,Derived from synthetic FinalFlow scenario inputs; not observed event operations.
baseline,2026-07-19T18:45:00Z,225,post_match,penn_station_to_secaucus,0,900,0,0.0,0,derived,Derived from synthetic FinalFlow scenario inputs; not observed event operations.
baseline,2026-07-19T18:45:00Z,225,post_match,secaucus_to_penn_station,0,900,0,0.0,114,derived,Derived from synthetic FinalFlow scenario inputs; not observed event operations.
baseline,2026-07-19T18:45:00Z,225,post_match,secaucus_to_meadowlands,0,600,0,0.0,0,derived,Derived from synthetic FinalFlow scenario inputs; not observed event operations.
baseline,2026-07-19T18:45:00Z,225,post_match,meadowlands_to_secaucus,0,600,0,0.0,0,derived,Derived from synthetic FinalFlow scenario inputs; not observed event operations.
baseline,2026-07-19T18:45:00Z,225,post_match,meadowlands_to_stadium,0,900,0,0.0,0,derived,Derived from synthetic FinalFlow scenario inputs; not observed event operations.
baseline,2026-07-19T18:45:00Z,225,post_match,stadium_to_meadowlands,0,900,0,0.0,0,derived,Derived from synthetic FinalFlow scenario inputs; not observed event operations.
baseline,2026-07-19T18:50:00Z,230,post_match,midtown_to_penn_station,0,600,0,0.0,0,derived,Derived from synthetic FinalFlow scenario inputs; not observed event operations.
baseline,2026-07-19T18:50:00Z,230,post_match,penn_station_to_midtown,93,600,93,0.155,334,derived,Derived from synthetic FinalFlow scenario inputs; not observed event operations.
baseline,2026-07-19T18:50:00Z,230,post_match,penn_station_to_secaucus,0,900,0,0.0,0,derived,Derived from synthetic FinalFlow scenario inputs; not observed event operations.
baseline,2026-07-19T18:50:00Z,230,post_match,secaucus_to_penn_station,0,900,0,0.0,0,derived,Derived from synthetic FinalFlow scenario inputs; not observed event operations.
baseline,2026-07-19T18:50:00Z,230,post_match,secaucus_to_meadowlands,0,600,0,0.0,0,derived,Derived from synthetic FinalFlow scenario inputs; not observed event operations.
baseline,2026-07-19T18:50:00Z,230,post_match,meadowlands_to_secaucus,0,600,0,0.0,0,derived,Derived from synthetic FinalFlow scenario inputs; not observed event operations.
baseline,2026-07-19T18:50:00Z,230,post_match,meadowlands_to_stadium,0,900,0,0.0,0,derived,Derived from synthetic FinalFlow scenario inputs; not observed event operations.
baseline,2026-07-19T18:50:00Z,230,post_match,stadium_to_meadowlands,0,900,0,0.0,0,derived,Derived from synthetic FinalFlow scenario inputs; not observed event operations.
baseline,2026-07-19T18:55:00Z,235,post_match,midtown_to_penn_station,0,600,0,0.0,0,derived,Derived from synthetic FinalFlow scenario inputs; not observed event operations.
baseline,2026-07-19T18:55:00Z,235,post_match,penn_station_to_midtown,0,600,0,0.0,205,derived,Derived from synthetic FinalFlow scenario inputs; not observed event operations.
baseline,2026-07-19T18:55:00Z,235,post_match,penn_station_to_secaucus,0,900,0,0.0,0,derived,Derived from synthetic FinalFlow scenario inputs; not observed event operations.
baseline,2026-07-19T18:55:00Z,235,post_match,secaucus_to_penn_station,0,900,0,0.0,0,derived,Derived from synthetic FinalFlow scenario inputs; not observed event operations.
baseline,2026-07-19T18:55:00Z,235,post_match,secaucus_to_meadowlands,0,600,0,0.0,0,derived,Derived from synthetic FinalFlow scenario inputs; not observed event operations.
baseline,2026-07-19T18:55:00Z,235,post_match,meadowlands_to_secaucus,0,600,0,0.0,0,derived,Derived from synthetic FinalFlow scenario inputs; not observed event operations.
baseline,2026-07-19T18:55:00Z,235,post_match,meadowlands_to_stadium,0,900,0,0.0,0,derived,Derived from synthetic FinalFlow scenario inputs; not observed event operations.
baseline,2026-07-19T18:55:00Z,235,post_match,stadium_to_meadowlands,0,900,0,0.0,0,derived,Derived from synthetic FinalFlow scenario inputs; not observed event operations.
baseline,2026-07-19T19:00:00Z,240,post_match,midtown_to_penn_station,0,600,0,0.0,0,derived,Derived from synthetic FinalFlow scenario inputs; not observed event operations.
baseline,2026-07-19T19:00:00Z,240,post_match,penn_station_to_midtown,0,600,0,0.0,93,derived,Derived from synthetic FinalFlow scenario inputs; not observed event operations.
baseline,2026-07-19T19:00:00Z,240,post_match,penn_station_to_secaucus,0,900,0,0.0,0,derived,Derived from synthetic FinalFlow scenario inputs; not observed event operations.
baseline,2026-07-19T19:00:00Z,240,post_match,secaucus_to_penn_station,0,900,0,0.0,0,derived,Derived from synthetic FinalFlow scenario inputs; not observed event operations.
baseline,2026-07-19T19:00:00Z,240,post_match,secaucus_to_meadowlands,0,600,0,0.0,0,derived,Derived from synthetic FinalFlow scenario inputs; not observed event operations.
baseline,2026-07-19T19:00:00Z,240,post_match,meadowlands_to_secaucus,0,600,0,0.0,0,derived,Derived from synthetic FinalFlow scenario inputs; not observed event operations.
baseline,2026-07-19T19:00:00Z,240,post_match,meadowlands_to_stadium,0,900,0,0.0,0,derived,Derived from synthetic FinalFlow scenario inputs; not observed event operations.
baseline,2026-07-19T19:00:00Z,240,post_match,stadium_to_meadowlands,0,900,0,0.0,0,derived,Derived from synthetic FinalFlow scenario inputs; not observed event operations.
baseline,2026-07-19T19:05:00Z,245,post_match,midtown_to_penn_station,0,600,0,0.0,0,derived,Derived from synthetic FinalFlow scenario inputs; not observed event operations.
baseline,2026-07-19T19:05:00Z,245,post_match,penn_station_to_midtown,0,600,0,0.0,0,derived,Derived from synthetic FinalFlow scenario inputs; not observed event operations.
baseline,2026-07-19T19:05:00Z,245,post_match,penn_station_to_secaucus,0,900,0,0.0,0,derived,Derived from synthetic FinalFlow scenario inputs; not observed event operations.
baseline,2026-07-19T19:05:00Z,245,post_match,secaucus_to_penn_station,0,900,0,0.0,0,derived,Derived from synthetic FinalFlow scenario inputs; not observed event operations.
baseline,2026-07-19T19:05:00Z,245,post_match,secaucus_to_meadowlands,0,600,0,0.0,0,derived,Derived from synthetic FinalFlow scenario inputs; not observed event operations.
baseline,2026-07-19T19:05:00Z,245,post_match,meadowlands_to_secaucus,0,600,0,0.0,0,derived,Derived from synthetic FinalFlow scenario inputs; not observed event operations.
baseline,2026-07-19T19:05:00Z,245,post_match,meadowlands_to_stadium,0,900,0,0.0,0,derived,Derived from synthetic FinalFlow scenario inputs; not observed event operations.
baseline,2026-07-19T19:05:00Z,245,post_match,stadium_to_meadowlands,0,900,0,0.0,0,derived,Derived from synthetic FinalFlow scenario inputs; not observed event operations.
baseline,2026-07-19T19:10:00Z,250,post_match,midtown_to_penn_station,0,600,0,0.0,0,derived,Derived from synthetic FinalFlow scenario inputs; not observed event operations.
baseline,2026-07-19T19:10:00Z,250,post_match,penn_station_to_midtown,0,600,0,0.0,0,derived,Derived from synthetic FinalFlow scenario inputs; not observed event operations.
baseline,2026-07-19T19:10:00Z,250,post_match,penn_station_to_secaucus,0,900,0,0.0,0,derived,Derived from synthetic FinalFlow scenario inputs; not observed event operations.
baseline,2026-07-19T19:10:00Z,250,post_match,secaucus_to_penn_station,0,900,0,0.0,0,derived,Derived from synthetic FinalFlow scenario inputs; not observed event operations.
baseline,2026-07-19T19:10:00Z,250,post_match,secaucus_to_meadowlands,0,600,0,0.0,0,derived,Derived from synthetic FinalFlow scenario inputs; not observed event operations.
baseline,2026-07-19T19:10:00Z,250,post_match,meadowlands_to_secaucus,0,600,0,0.0,0,derived,Derived from synthetic FinalFlow scenario inputs; not observed event operations.
baseline,2026-07-19T19:10:00Z,250,post_match,meadowlands_to_stadium,0,900,0,0.0,0,derived,Derived from synthetic FinalFlow scenario inputs; not observed event operations.
baseline,2026-07-19T19:10:00Z,250,post_match,stadium_to_meadowlands,0,900,0,0.0,0,derived,Derived from synthetic FinalFlow scenario inputs; not observed event operations.
baseline,2026-07-19T19:15:00Z,255,post_match,midtown_to_penn_station,0,600,0,0.0,0,derived,Derived from synthetic FinalFlow scenario inputs; not observed event operations.
baseline,2026-07-19T19:15:00Z,255,post_match,penn_station_to_midtown,0,600,0,0.0,0,derived,Derived from synthetic FinalFlow scenario inputs; not observed event operations.
baseline,2026-07-19T19:15:00Z,255,post_match,penn_station_to_secaucus,0,900,0,0.0,0,derived,Derived from synthetic FinalFlow scenario inputs; not observed event operations.
baseline,2026-07-19T19:15:00Z,255,post_match,secaucus_to_penn_station,0,900,0,0.0,0,derived,Derived from synthetic FinalFlow scenario inputs; not observed event operations.
baseline,2026-07-19T19:15:00Z,255,post_match,secaucus_to_meadowlands,0,600,0,0.0,0,derived,Derived from synthetic FinalFlow scenario inputs; not observed event operations.
baseline,2026-07-19T19:15:00Z,255,post_match,meadowlands_to_secaucus,0,600,0,0.0,0,derived,Derived from synthetic FinalFlow scenario inputs; not observed event operations.
baseline,2026-07-19T19:15:00Z,255,post_match,meadowlands_to_stadium,0,900,0,0.0,0,derived,Derived from synthetic FinalFlow scenario inputs; not observed event operations.
baseline,2026-07-19T19:15:00Z,255,post_match,stadium_to_meadowlands,0,900,0,0.0,0,derived,Derived from synthetic FinalFlow scenario inputs; not observed event operations.
baseline,2026-07-19T19:20:00Z,260,post_match,midtown_to_penn_station,0,600,0,0.0,0,derived,Derived from synthetic FinalFlow scenario inputs; not observed event operations.
baseline,2026-07-19T19:20:00Z,260,post_match,penn_station_to_midtown,0,600,0,0.0,0,derived,Derived from synthetic FinalFlow scenario inputs; not observed event operations.
baseline,2026-07-19T19:20:00Z,260,post_match,penn_station_to_secaucus,0,900,0,0.0,0,derived,Derived from synthetic FinalFlow scenario inputs; not observed event operations.
baseline,2026-07-19T19:20:00Z,260,post_match,secaucus_to_penn_station,0,900,0,0.0,0,derived,Derived from synthetic FinalFlow scenario inputs; not observed event operations.
baseline,2026-07-19T19:20:00Z,260,post_match,secaucus_to_meadowlands,0,600,0,0.0,0,derived,Derived from synthetic FinalFlow scenario inputs; not observed event operations.
baseline,2026-07-19T19:20:00Z,260,post_match,meadowlands_to_secaucus,0,600,0,0.0,0,derived,Derived from synthetic FinalFlow scenario inputs; not observed event operations.
baseline,2026-07-19T19:20:00Z,260,post_match,meadowlands_to_stadium,0,900,0,0.0,0,derived,Derived from synthetic FinalFlow scenario inputs; not observed event operations.
baseline,2026-07-19T19:20:00Z,260,post_match,stadium_to_meadowlands,0,900,0,0.0,0,derived,Derived from synthetic FinalFlow scenario inputs; not observed event operations.
baseline,2026-07-19T19:25:00Z,265,post_match,midtown_to_penn_station,0,600,0,0.0,0,derived,Derived from synthetic FinalFlow scenario inputs; not observed event operations.
baseline,2026-07-19T19:25:00Z,265,post_match,penn_station_to_midtown,0,600,0,0.0,0,derived,Derived from synthetic FinalFlow scenario inputs; not observed event operations.
baseline,2026-07-19T19:25:00Z,265,post_match,penn_station_to_secaucus,0,900,0,0.0,0,derived,Derived from synthetic FinalFlow scenario inputs; not observed event operations.
baseline,2026-07-19T19:25:00Z,265,post_match,secaucus_to_penn_station,0,900,0,0.0,0,derived,Derived from synthetic FinalFlow scenario inputs; not observed event operations.
baseline,2026-07-19T19:25:00Z,265,post_match,secaucus_to_meadowlands,0,600,0,0.0,0,derived,Derived from synthetic FinalFlow scenario inputs; not observed event operations.
baseline,2026-07-19T19:25:00Z,265,post_match,meadowlands_to_secaucus,0,600,0,0.0,0,derived,Derived from synthetic FinalFlow scenario inputs; not observed event operations.
baseline,2026-07-19T19:25:00Z,265,post_match,meadowlands_to_stadium,0,900,0,0.0,0,derived,Derived from synthetic FinalFlow scenario inputs; not observed event operations.
baseline,2026-07-19T19:25:00Z,265,post_match,stadium_to_meadowlands,0,900,0,0.0,0,derived,Derived from synthetic FinalFlow scenario inputs; not observed event operations.
baseline,2026-07-19T19:30:00Z,270,post_match,midtown_to_penn_station,0,600,0,0.0,0,derived,Derived from synthetic FinalFlow scenario inputs; not observed event operations.
baseline,2026-07-19T19:30:00Z,270,post_match,penn_station_to_midtown,0,600,0,0.0,0,derived,Derived from synthetic FinalFlow scenario inputs; not observed event operations.
baseline,2026-07-19T19:30:00Z,270,post_match,penn_station_to_secaucus,0,900,0,0.0,0,derived,Derived from synthetic FinalFlow scenario inputs; not observed event operations.
baseline,2026-07-19T19:30:00Z,270,post_match,secaucus_to_penn_station,0,900,0,0.0,0,derived,Derived from synthetic FinalFlow scenario inputs; not observed event operations.
baseline,2026-07-19T19:30:00Z,270,post_match,secaucus_to_meadowlands,0,600,0,0.0,0,derived,Derived from synthetic FinalFlow scenario inputs; not observed event operations.
baseline,2026-07-19T19:30:00Z,270,post_match,meadowlands_to_secaucus,0,600,0,0.0,0,derived,Derived from synthetic FinalFlow scenario inputs; not observed event operations.
baseline,2026-07-19T19:30:00Z,270,post_match,meadowlands_to_stadium,0,900,0,0.0,0,derived,Derived from synthetic FinalFlow scenario inputs; not observed event operations.
baseline,2026-07-19T19:30:00Z,270,post_match,stadium_to_meadowlands,0,900,0,0.0,0,derived,Derived from synthetic FinalFlow scenario inputs; not observed event operations.
baseline,2026-07-19T19:35:00Z,275,post_match,midtown_to_penn_station,0,600,0,0.0,0,derived,Derived from synthetic FinalFlow scenario inputs; not observed event operations.
baseline,2026-07-19T19:35:00Z,275,post_match,penn_station_to_midtown,0,600,0,0.0,0,derived,Derived from synthetic FinalFlow scenario inputs; not observed event operations.
baseline,2026-07-19T19:35:00Z,275,post_match,penn_station_to_secaucus,0,900,0,0.0,0,derived,Derived from synthetic FinalFlow scenario inputs; not observed event operations.
baseline,2026-07-19T19:35:00Z,275,post_match,secaucus_to_penn_station,0,900,0,0.0,0,derived,Derived from synthetic FinalFlow scenario inputs; not observed event operations.
baseline,2026-07-19T19:35:00Z,275,post_match,secaucus_to_meadowlands,0,600,0,0.0,0,derived,Derived from synthetic FinalFlow scenario inputs; not observed event operations.
baseline,2026-07-19T19:35:00Z,275,post_match,meadowlands_to_secaucus,0,600,0,0.0,0,derived,Derived from synthetic FinalFlow scenario inputs; not observed event operations.
baseline,2026-07-19T19:35:00Z,275,post_match,meadowlands_to_stadium,0,900,0,0.0,0,derived,Derived from synthetic FinalFlow scenario inputs; not observed event operations.
baseline,2026-07-19T19:35:00Z,275,post_match,stadium_to_meadowlands,0,900,0,0.0,0,derived,Derived from synthetic FinalFlow scenario inputs; not observed event operations.
baseline,2026-07-19T19:40:00Z,280,post_match,midtown_to_penn_station,0,600,0,0.0,0,derived,Derived from synthetic FinalFlow scenario inputs; not observed event operations.
baseline,2026-07-19T19:40:00Z,280,post_match,penn_station_to_midtown,0,600,0,0.0,0,derived,Derived from synthetic FinalFlow scenario inputs; not observed event operations.
baseline,2026-07-19T19:40:00Z,280,post_match,penn_station_to_secaucus,0,900,0,0.0,0,derived,Derived from synthetic FinalFlow scenario inputs; not observed event operations.
baseline,2026-07-19T19:40:00Z,280,post_match,secaucus_to_penn_station,0,900,0,0.0,0,derived,Derived from synthetic FinalFlow scenario inputs; not observed event operations.
baseline,2026-07-19T19:40:00Z,280,post_match,secaucus_to_meadowlands,0,600,0,0.0,0,derived,Derived from synthetic FinalFlow scenario inputs; not observed event operations.
baseline,2026-07-19T19:40:00Z,280,post_match,meadowlands_to_secaucus,0,600,0,0.0,0,derived,Derived from synthetic FinalFlow scenario inputs; not observed event operations.
baseline,2026-07-19T19:40:00Z,280,post_match,meadowlands_to_stadium,0,900,0,0.0,0,derived,Derived from synthetic FinalFlow scenario inputs; not observed event operations.
baseline,2026-07-19T19:40:00Z,280,post_match,stadium_to_meadowlands,0,900,0,0.0,0,derived,Derived from synthetic FinalFlow scenario inputs; not observed event operations.
baseline,2026-07-19T19:45:00Z,285,post_match,midtown_to_penn_station,0,600,0,0.0,0,derived,Derived from synthetic FinalFlow scenario inputs; not observed event operations.
baseline,2026-07-19T19:45:00Z,285,post_match,penn_station_to_midtown,0,600,0,0.0,0,derived,Derived from synthetic FinalFlow scenario inputs; not observed event operations.
baseline,2026-07-19T19:45:00Z,285,post_match,penn_station_to_secaucus,0,900,0,0.0,0,derived,Derived from synthetic FinalFlow scenario inputs; not observed event operations.
baseline,2026-07-19T19:45:00Z,285,post_match,secaucus_to_penn_station,0,900,0,0.0,0,derived,Derived from synthetic FinalFlow scenario inputs; not observed event operations.
baseline,2026-07-19T19:45:00Z,285,post_match,secaucus_to_meadowlands,0,600,0,0.0,0,derived,Derived from synthetic FinalFlow scenario inputs; not observed event operations.
baseline,2026-07-19T19:45:00Z,285,post_match,meadowlands_to_secaucus,0,600,0,0.0,0,derived,Derived from synthetic FinalFlow scenario inputs; not observed event operations.
baseline,2026-07-19T19:45:00Z,285,post_match,meadowlands_to_stadium,0,900,0,0.0,0,derived,Derived from synthetic FinalFlow scenario inputs; not observed event operations.
baseline,2026-07-19T19:45:00Z,285,post_match,stadium_to_meadowlands,0,900,0,0.0,0,derived,Derived from synthetic FinalFlow scenario inputs; not observed event operations.
baseline,2026-07-19T19:50:00Z,290,post_match,midtown_to_penn_station,0,600,0,0.0,0,derived,Derived from synthetic FinalFlow scenario inputs; not observed event operations.
baseline,2026-07-19T19:50:00Z,290,post_match,penn_station_to_midtown,0,600,0,0.0,0,derived,Derived from synthetic FinalFlow scenario inputs; not observed event operations.
baseline,2026-07-19T19:50:00Z,290,post_match,penn_station_to_secaucus,0,900,0,0.0,0,derived,Derived from synthetic FinalFlow scenario inputs; not observed event operations.
baseline,2026-07-19T19:50:00Z,290,post_match,secaucus_to_penn_station,0,900,0,0.0,0,derived,Derived from synthetic FinalFlow scenario inputs; not observed event operations.
baseline,2026-07-19T19:50:00Z,290,post_match,secaucus_to_meadowlands,0,600,0,0.0,0,derived,Derived from synthetic FinalFlow scenario inputs; not observed event operations.
baseline,2026-07-19T19:50:00Z,290,post_match,meadowlands_to_secaucus,0,600,0,0.0,0,derived,Derived from synthetic FinalFlow scenario inputs; not observed event operations.
baseline,2026-07-19T19:50:00Z,290,post_match,meadowlands_to_stadium,0,900,0,0.0,0,derived,Derived from synthetic FinalFlow scenario inputs; not observed event operations.
baseline,2026-07-19T19:50:00Z,290,post_match,stadium_to_meadowlands,0,900,0,0.0,0,derived,Derived from synthetic FinalFlow scenario inputs; not observed event operations.
baseline,2026-07-19T19:55:00Z,295,post_match,midtown_to_penn_station,0,600,0,0.0,0,derived,Derived from synthetic FinalFlow scenario inputs; not observed event operations.
baseline,2026-07-19T19:55:00Z,295,post_match,penn_station_to_midtown,0,600,0,0.0,0,derived,Derived from synthetic FinalFlow scenario inputs; not observed event operations.
baseline,2026-07-19T19:55:00Z,295,post_match,penn_station_to_secaucus,0,900,0,0.0,0,derived,Derived from synthetic FinalFlow scenario inputs; not observed event operations.
baseline,2026-07-19T19:55:00Z,295,post_match,secaucus_to_penn_station,0,900,0,0.0,0,derived,Derived from synthetic FinalFlow scenario inputs; not observed event operations.
baseline,2026-07-19T19:55:00Z,295,post_match,secaucus_to_meadowlands,0,600,0,0.0,0,derived,Derived from synthetic FinalFlow scenario inputs; not observed event operations.
baseline,2026-07-19T19:55:00Z,295,post_match,meadowlands_to_secaucus,0,600,0,0.0,0,derived,Derived from synthetic FinalFlow scenario inputs; not observed event operations.
baseline,2026-07-19T19:55:00Z,295,post_match,meadowlands_to_stadium,0,900,0,0.0,0,derived,Derived from synthetic FinalFlow scenario inputs; not observed event operations.
baseline,2026-07-19T19:55:00Z,295,post_match,stadium_to_meadowlands,0,900,0,0.0,0,derived,Derived from synthetic FinalFlow scenario inputs; not observed event operations.
baseline,2026-07-19T20:00:00Z,300,post_match,midtown_to_penn_station,0,600,0,0.0,0,derived,Derived from synthetic FinalFlow scenario inputs; not observed event operations.
baseline,2026-07-19T20:00:00Z,300,post_match,penn_station_to_midtown,0,600,0,0.0,0,derived,Derived from synthetic FinalFlow scenario inputs; not observed event operations.
baseline,2026-07-19T20:00:00Z,300,post_match,penn_station_to_secaucus,0,900,0,0.0,0,derived,Derived from synthetic FinalFlow scenario inputs; not observed event operations.
baseline,2026-07-19T20:00:00Z,300,post_match,secaucus_to_penn_station,0,900,0,0.0,0,derived,Derived from synthetic FinalFlow scenario inputs; not observed event operations.
baseline,2026-07-19T20:00:00Z,300,post_match,secaucus_to_meadowlands,0,600,0,0.0,0,derived,Derived from synthetic FinalFlow scenario inputs; not observed event operations.
baseline,2026-07-19T20:00:00Z,300,post_match,meadowlands_to_secaucus,0,600,0,0.0,0,derived,Derived from synthetic FinalFlow scenario inputs; not observed event operations.
baseline,2026-07-19T20:00:00Z,300,post_match,meadowlands_to_stadium,0,900,0,0.0,0,derived,Derived from synthetic FinalFlow scenario inputs; not observed event operations.
baseline,2026-07-19T20:00:00Z,300,post_match,stadium_to_meadowlands,0,900,0,0.0,0,derived,Derived from synthetic FinalFlow scenario inputs; not observed event operations.
baseline,2026-07-19T20:05:00Z,305,post_match,midtown_to_penn_station,0,600,0,0.0,0,derived,Derived from synthetic FinalFlow scenario inputs; not observed event operations.
baseline,2026-07-19T20:05:00Z,305,post_match,penn_station_to_midtown,0,600,0,0.0,0,derived,Derived from synthetic FinalFlow scenario inputs; not observed event operations.
baseline,2026-07-19T20:05:00Z,305,post_match,penn_station_to_secaucus,0,900,0,0.0,0,derived,Derived from synthetic FinalFlow scenario inputs; not observed event operations.
baseline,2026-07-19T20:05:00Z,305,post_match,secaucus_to_penn_station,0,900,0,0.0,0,derived,Derived from synthetic FinalFlow scenario inputs; not observed event operations.
baseline,2026-07-19T20:05:00Z,305,post_match,secaucus_to_meadowlands,0,600,0,0.0,0,derived,Derived from synthetic FinalFlow scenario inputs; not observed event operations.
baseline,2026-07-19T20:05:00Z,305,post_match,meadowlands_to_secaucus,0,600,0,0.0,0,derived,Derived from synthetic FinalFlow scenario inputs; not observed event operations.
baseline,2026-07-19T20:05:00Z,305,post_match,meadowlands_to_stadium,0,900,0,0.0,0,derived,Derived from synthetic FinalFlow scenario inputs; not observed event operations.
baseline,2026-07-19T20:05:00Z,305,post_match,stadium_to_meadowlands,0,900,0,0.0,0,derived,Derived from synthetic FinalFlow scenario inputs; not observed event operations.
baseline,2026-07-19T20:10:00Z,310,post_match,midtown_to_penn_station,0,600,0,0.0,0,derived,Derived from synthetic FinalFlow scenario inputs; not observed event operations.
baseline,2026-07-19T20:10:00Z,310,post_match,penn_station_to_midtown,0,600,0,0.0,0,derived,Derived from synthetic FinalFlow scenario inputs; not observed event operations.
baseline,2026-07-19T20:10:00Z,310,post_match,penn_station_to_secaucus,0,900,0,0.0,0,derived,Derived from synthetic FinalFlow scenario inputs; not observed event operations.
baseline,2026-07-19T20:10:00Z,310,post_match,secaucus_to_penn_station,0,900,0,0.0,0,derived,Derived from synthetic FinalFlow scenario inputs; not observed event operations.
baseline,2026-07-19T20:10:00Z,310,post_match,secaucus_to_meadowlands,0,600,0,0.0,0,derived,Derived from synthetic FinalFlow scenario inputs; not observed event operations.
baseline,2026-07-19T20:10:00Z,310,post_match,meadowlands_to_secaucus,0,600,0,0.0,0,derived,Derived from synthetic FinalFlow scenario inputs; not observed event operations.
baseline,2026-07-19T20:10:00Z,310,post_match,meadowlands_to_stadium,0,900,0,0.0,0,derived,Derived from synthetic FinalFlow scenario inputs; not observed event operations.
baseline,2026-07-19T20:10:00Z,310,post_match,stadium_to_meadowlands,0,900,0,0.0,0,derived,Derived from synthetic FinalFlow scenario inputs; not observed event operations.
baseline,2026-07-19T20:15:00Z,315,post_match,midtown_to_penn_station,0,600,0,0.0,0,derived,Derived from synthetic FinalFlow scenario inputs; not observed event operations.
baseline,2026-07-19T20:15:00Z,315,post_match,penn_station_to_midtown,0,600,0,0.0,0,derived,Derived from synthetic FinalFlow scenario inputs; not observed event operations.
baseline,2026-07-19T20:15:00Z,315,post_match,penn_station_to_secaucus,0,900,0,0.0,0,derived,Derived from synthetic FinalFlow scenario inputs; not observed event operations.
baseline,2026-07-19T20:15:00Z,315,post_match,secaucus_to_penn_station,0,900,0,0.0,0,derived,Derived from synthetic FinalFlow scenario inputs; not observed event operations.
baseline,2026-07-19T20:15:00Z,315,post_match,secaucus_to_meadowlands,0,600,0,0.0,0,derived,Derived from synthetic FinalFlow scenario inputs; not observed event operations.
baseline,2026-07-19T20:15:00Z,315,post_match,meadowlands_to_secaucus,0,600,0,0.0,0,derived,Derived from synthetic FinalFlow scenario inputs; not observed event operations.
baseline,2026-07-19T20:15:00Z,315,post_match,meadowlands_to_stadium,0,900,0,0.0,0,derived,Derived from synthetic FinalFlow scenario inputs; not observed event operations.
baseline,2026-07-19T20:15:00Z,315,post_match,stadium_to_meadowlands,0,900,0,0.0,0,derived,Derived from synthetic FinalFlow scenario inputs; not observed event operations.
rail_disruption,2026-07-19T12:00:00Z,-180,pre_match,midtown_to_penn_station,0,600,0,0.0,0,derived,Derived from synthetic FinalFlow scenario inputs; not observed event operations.
rail_disruption,2026-07-19T12:00:00Z,-180,pre_match,penn_station_to_midtown,0,600,0,0.0,0,derived,Derived from synthetic FinalFlow scenario inputs; not observed event operations.
rail_disruption,2026-07-19T12:00:00Z,-180,pre_match,penn_station_to_secaucus,0,450,0,0.0,0,derived,Derived from synthetic FinalFlow scenario inputs; not observed event operations.
rail_disruption,2026-07-19T12:00:00Z,-180,pre_match,secaucus_to_penn_station,0,450,0,0.0,0,derived,Derived from synthetic FinalFlow scenario inputs; not observed event operations.
rail_disruption,2026-07-19T12:00:00Z,-180,pre_match,secaucus_to_meadowlands,0,300,0,0.0,0,derived,Derived from synthetic FinalFlow scenario inputs; not observed event operations.
rail_disruption,2026-07-19T12:00:00Z,-180,pre_match,meadowlands_to_secaucus,0,300,0,0.0,0,derived,Derived from synthetic FinalFlow scenario inputs; not observed event operations.
rail_disruption,2026-07-19T12:00:00Z,-180,pre_match,meadowlands_to_stadium,0,900,0,0.0,0,derived,Derived from synthetic FinalFlow scenario inputs; not observed event operations.
rail_disruption,2026-07-19T12:00:00Z,-180,pre_match,stadium_to_meadowlands,0,900,0,0.0,0,derived,Derived from synthetic FinalFlow scenario inputs; not observed event operations.
rail_disruption,2026-07-19T12:05:00Z,-175,pre_match,midtown_to_penn_station,0,600,0,0.0,0,derived,Derived from synthetic FinalFlow scenario inputs; not observed event operations.
rail_disruption,2026-07-19T12:05:00Z,-175,pre_match,penn_station_to_midtown,0,600,0,0.0,0,derived,Derived from synthetic FinalFlow scenario inputs; not observed event operations.
rail_disruption,2026-07-19T12:05:00Z,-175,pre_match,penn_station_to_secaucus,0,450,0,0.0,0,derived,Derived from synthetic FinalFlow scenario inputs; not observed event operations.
rail_disruption,2026-07-19T12:05:00Z,-175,pre_match,secaucus_to_penn_station,0,450,0,0.0,0,derived,Derived from synthetic FinalFlow scenario inputs; not observed event operations.
rail_disruption,2026-07-19T12:05:00Z,-175,pre_match,secaucus_to_meadowlands,0,300,0,0.0,0,derived,Derived from synthetic FinalFlow scenario inputs; not observed event operations.
rail_disruption,2026-07-19T12:05:00Z,-175,pre_match,meadowlands_to_secaucus,0,300,0,0.0,0,derived,Derived from synthetic FinalFlow scenario inputs; not observed event operations.
rail_disruption,2026-07-19T12:05:00Z,-175,pre_match,meadowlands_to_stadium,0,900,0,0.0,0,derived,Derived from synthetic FinalFlow scenario inputs; not observed event operations.
rail_disruption,2026-07-19T12:05:00Z,-175,pre_match,stadium_to_meadowlands,0,900,0,0.0,0,derived,Derived from synthetic FinalFlow scenario inputs; not observed event operations.
rail_disruption,2026-07-19T12:10:00Z,-170,pre_match,midtown_to_penn_station,0,600,0,0.0,0,derived,Derived from synthetic FinalFlow scenario inputs; not observed event operations.
rail_disruption,2026-07-19T12:10:00Z,-170,pre_match,penn_station_to_midtown,0,600,0,0.0,0,derived,Derived from synthetic FinalFlow scenario inputs; not observed event operations.
rail_disruption,2026-07-19T12:10:00Z,-170,pre_match,penn_station_to_secaucus,0,450,0,0.0,0,derived,Derived from synthetic FinalFlow scenario inputs; not observed event operations.
rail_disruption,2026-07-19T12:10:00Z,-170,pre_match,secaucus_to_penn_station,0,450,0,0.0,0,derived,Derived from synthetic FinalFlow scenario inputs; not observed event operations.
rail_disruption,2026-07-19T12:10:00Z,-170,pre_match,secaucus_to_meadowlands,0,300,0,0.0,0,derived,Derived from synthetic FinalFlow scenario inputs; not observed event operations.
rail_disruption,2026-07-19T12:10:00Z,-170,pre_match,meadowlands_to_secaucus,0,300,0,0.0,0,derived,Derived from synthetic FinalFlow scenario inputs; not observed event operations.
rail_disruption,2026-07-19T12:10:00Z,-170,pre_match,meadowlands_to_stadium,0,900,0,0.0,0,derived,Derived from synthetic FinalFlow scenario inputs; not observed event operations.
rail_disruption,2026-07-19T12:10:00Z,-170,pre_match,stadium_to_meadowlands,0,900,0,0.0,0,derived,Derived from synthetic FinalFlow scenario inputs; not observed event operations.
rail_disruption,2026-07-19T12:15:00Z,-165,pre_match,midtown_to_penn_station,0,600,0,0.0,0,derived,Derived from synthetic FinalFlow scenario inputs; not observed event operations.
rail_disruption,2026-07-19T12:15:00Z,-165,pre_match,penn_station_to_midtown,0,600,0,0.0,0,derived,Derived from synthetic FinalFlow scenario inputs; not observed event operations.
rail_disruption,2026-07-19T12:15:00Z,-165,pre_match,penn_station_to_secaucus,0,450,0,0.0,0,derived,Derived from synthetic FinalFlow scenario inputs; not observed event operations.
rail_disruption,2026-07-19T12:15:00Z,-165,pre_match,secaucus_to_penn_station,0,450,0,0.0,0,derived,Derived from synthetic FinalFlow scenario inputs; not observed event operations.
rail_disruption,2026-07-19T12:15:00Z,-165,pre_match,secaucus_to_meadowlands,0,300,0,0.0,0,derived,Derived from synthetic FinalFlow scenario inputs; not observed event operations.
rail_disruption,2026-07-19T12:15:00Z,-165,pre_match,meadowlands_to_secaucus,0,300,0,0.0,0,derived,Derived from synthetic FinalFlow scenario inputs; not observed event operations.
rail_disruption,2026-07-19T12:15:00Z,-165,pre_match,meadowlands_to_stadium,0,900,0,0.0,0,derived,Derived from synthetic FinalFlow scenario inputs; not observed event operations.
rail_disruption,2026-07-19T12:15:00Z,-165,pre_match,stadium_to_meadowlands,0,900,0,0.0,0,derived,Derived from synthetic FinalFlow scenario inputs; not observed event operations.
rail_disruption,2026-07-19T12:20:00Z,-160,pre_match,midtown_to_penn_station,0,600,0,0.0,0,derived,Derived from synthetic FinalFlow scenario inputs; not observed event operations.
rail_disruption,2026-07-19T12:20:00Z,-160,pre_match,penn_station_to_midtown,0,600,0,0.0,0,derived,Derived from synthetic FinalFlow scenario inputs; not observed event operations.
rail_disruption,2026-07-19T12:20:00Z,-160,pre_match,penn_station_to_secaucus,0,450,0,0.0,0,derived,Derived from synthetic FinalFlow scenario inputs; not observed event operations.
rail_disruption,2026-07-19T12:20:00Z,-160,pre_match,secaucus_to_penn_station,0,450,0,0.0,0,derived,Derived from synthetic FinalFlow scenario inputs; not observed event operations.
rail_disruption,2026-07-19T12:20:00Z,-160,pre_match,secaucus_to_meadowlands,0,300,0,0.0,0,derived,Derived from synthetic FinalFlow scenario inputs; not observed event operations.
rail_disruption,2026-07-19T12:20:00Z,-160,pre_match,meadowlands_to_secaucus,0,300,0,0.0,0,derived,Derived from synthetic FinalFlow scenario inputs; not observed event operations.
rail_disruption,2026-07-19T12:20:00Z,-160,pre_match,meadowlands_to_stadium,0,900,0,0.0,0,derived,Derived from synthetic FinalFlow scenario inputs; not observed event operations.
rail_disruption,2026-07-19T12:20:00Z,-160,pre_match,stadium_to_meadowlands,0,900,0,0.0,0,derived,Derived from synthetic FinalFlow scenario inputs; not observed event operations.
rail_disruption,2026-07-19T12:25:00Z,-155,pre_match,midtown_to_penn_station,0,600,0,0.0,0,derived,Derived from synthetic FinalFlow scenario inputs; not observed event operations.
rail_disruption,2026-07-19T12:25:00Z,-155,pre_match,penn_station_to_midtown,0,600,0,0.0,0,derived,Derived from synthetic FinalFlow scenario inputs; not observed event operations.
rail_disruption,2026-07-19T12:25:00Z,-155,pre_match,penn_station_to_secaucus,0,450,0,0.0,0,derived,Derived from synthetic FinalFlow scenario inputs; not observed event operations.
rail_disruption,2026-07-19T12:25:00Z,-155,pre_match,secaucus_to_penn_station,0,450,0,0.0,0,derived,Derived from synthetic FinalFlow scenario inputs; not observed event operations.
rail_disruption,2026-07-19T12:25:00Z,-155,pre_match,secaucus_to_meadowlands,0,300,0,0.0,0,derived,Derived from synthetic FinalFlow scenario inputs; not observed event operations.
rail_disruption,2026-07-19T12:25:00Z,-155,pre_match,meadowlands_to_secaucus,0,300,0,0.0,0,derived,Derived from synthetic FinalFlow scenario inputs; not observed event operations.
rail_disruption,2026-07-19T12:25:00Z,-155,pre_match,meadowlands_to_stadium,0,900,0,0.0,0,derived,Derived from synthetic FinalFlow scenario inputs; not observed event operations.
rail_disruption,2026-07-19T12:25:00Z,-155,pre_match,stadium_to_meadowlands,0,900,0,0.0,0,derived,Derived from synthetic FinalFlow scenario inputs; not observed event operations.
rail_disruption,2026-07-19T12:30:00Z,-150,pre_match,midtown_to_penn_station,12,600,12,0.02,12,derived,Derived from synthetic FinalFlow scenario inputs; not observed event operations.
rail_disruption,2026-07-19T12:30:00Z,-150,pre_match,penn_station_to_midtown,0,600,0,0.0,0,derived,Derived from synthetic FinalFlow scenario inputs; not observed event operations.
rail_disruption,2026-07-19T12:30:00Z,-150,pre_match,penn_station_to_secaucus,3,450,3,0.006666666666666667,3,derived,Derived from synthetic FinalFlow scenario inputs; not observed event operations.
rail_disruption,2026-07-19T12:30:00Z,-150,pre_match,secaucus_to_penn_station,0,450,0,0.0,0,derived,Derived from synthetic FinalFlow scenario inputs; not observed event operations.
rail_disruption,2026-07-19T12:30:00Z,-150,pre_match,secaucus_to_meadowlands,3,300,3,0.01,3,derived,Derived from synthetic FinalFlow scenario inputs; not observed event operations.
rail_disruption,2026-07-19T12:30:00Z,-150,pre_match,meadowlands_to_secaucus,0,300,0,0.0,0,derived,Derived from synthetic FinalFlow scenario inputs; not observed event operations.
rail_disruption,2026-07-19T12:30:00Z,-150,pre_match,meadowlands_to_stadium,1,900,1,0.0011111111111111111,1,derived,Derived from synthetic FinalFlow scenario inputs; not observed event operations.
rail_disruption,2026-07-19T12:30:00Z,-150,pre_match,stadium_to_meadowlands,0,900,0,0.0,0,derived,Derived from synthetic FinalFlow scenario inputs; not observed event operations.
rail_disruption,2026-07-19T12:35:00Z,-145,pre_match,midtown_to_penn_station,12,600,12,0.02,24,derived,Derived from synthetic FinalFlow scenario inputs; not observed event operations.
rail_disruption,2026-07-19T12:35:00Z,-145,pre_match,penn_station_to_midtown,0,600,0,0.0,0,derived,Derived from synthetic FinalFlow scenario inputs; not observed event operations.
rail_disruption,2026-07-19T12:35:00Z,-145,pre_match,penn_station_to_secaucus,3,450,3,0.006666666666666667,6,derived,Derived from synthetic FinalFlow scenario inputs; not observed event operations.
rail_disruption,2026-07-19T12:35:00Z,-145,pre_match,secaucus_to_penn_station,0,450,0,0.0,0,derived,Derived from synthetic FinalFlow scenario inputs; not observed event operations.
rail_disruption,2026-07-19T12:35:00Z,-145,pre_match,secaucus_to_meadowlands,3,300,3,0.01,6,derived,Derived from synthetic FinalFlow scenario inputs; not observed event operations.
rail_disruption,2026-07-19T12:35:00Z,-145,pre_match,meadowlands_to_secaucus,0,300,0,0.0,0,derived,Derived from synthetic FinalFlow scenario inputs; not observed event operations.
rail_disruption,2026-07-19T12:35:00Z,-145,pre_match,meadowlands_to_stadium,1,900,1,0.0011111111111111111,2,derived,Derived from synthetic FinalFlow scenario inputs; not observed event operations.
rail_disruption,2026-07-19T12:35:00Z,-145,pre_match,stadium_to_meadowlands,0,900,0,0.0,0,derived,Derived from synthetic FinalFlow scenario inputs; not observed event operations.
rail_disruption,2026-07-19T12:40:00Z,-140,pre_match,midtown_to_penn_station,12,600,12,0.02,36,derived,Derived from synthetic FinalFlow scenario inputs; not observed event operations.
rail_disruption,2026-07-19T12:40:00Z,-140,pre_match,penn_station_to_midtown,0,600,0,0.0,0,derived,Derived from synthetic FinalFlow scenario inputs; not observed event operations.
rail_disruption,2026-07-19T12:40:00Z,-140,pre_match,penn_station_to_secaucus,3,450,3,0.006666666666666667,9,derived,Derived from synthetic FinalFlow scenario inputs; not observed event operations.
rail_disruption,2026-07-19T12:40:00Z,-140,pre_match,secaucus_to_penn_station,0,450,0,0.0,0,derived,Derived from synthetic FinalFlow scenario inputs; not observed event operations.
rail_disruption,2026-07-19T12:40:00Z,-140,pre_match,secaucus_to_meadowlands,3,300,3,0.01,9,derived,Derived from synthetic FinalFlow scenario inputs; not observed event operations.
rail_disruption,2026-07-19T12:40:00Z,-140,pre_match,meadowlands_to_secaucus,0,300,0,0.0,0,derived,Derived from synthetic FinalFlow scenario inputs; not observed event operations.
rail_disruption,2026-07-19T12:40:00Z,-140,pre_match,meadowlands_to_stadium,1,900,1,0.0011111111111111111,2,derived,Derived from synthetic FinalFlow scenario inputs; not observed event operations.
rail_disruption,2026-07-19T12:40:00Z,-140,pre_match,stadium_to_meadowlands,0,900,0,0.0,0,derived,Derived from synthetic FinalFlow scenario inputs; not observed event operations.
rail_disruption,2026-07-19T12:45:00Z,-135,pre_match,midtown_to_penn_station,23,600,23,0.03833333333333333,47,derived,Derived from synthetic FinalFlow scenario inputs; not observed event operations.
rail_disruption,2026-07-19T12:45:00Z,-135,pre_match,penn_station_to_midtown,0,600,0,0.0,0,derived,Derived from synthetic FinalFlow scenario inputs; not observed event operations.
rail_disruption,2026-07-19T12:45:00Z,-135,pre_match,penn_station_to_secaucus,17,450,17,0.03777777777777778,23,derived,Derived from synthetic FinalFlow scenario inputs; not observed event operations.
rail_disruption,2026-07-19T12:45:00Z,-135,pre_match,secaucus_to_penn_station,0,450,0,0.0,0,derived,Derived from synthetic FinalFlow scenario inputs; not observed event operations.
rail_disruption,2026-07-19T12:45:00Z,-135,pre_match,secaucus_to_meadowlands,7,300,7,0.023333333333333334,13,derived,Derived from synthetic FinalFlow scenario inputs; not observed event operations.
rail_disruption,2026-07-19T12:45:00Z,-135,pre_match,meadowlands_to_secaucus,0,300,0,0.0,0,derived,Derived from synthetic FinalFlow scenario inputs; not observed event operations.
rail_disruption,2026-07-19T12:45:00Z,-135,pre_match,meadowlands_to_stadium,6,900,6,0.006666666666666667,7,derived,Derived from synthetic FinalFlow scenario inputs; not observed event operations.
rail_disruption,2026-07-19T12:45:00Z,-135,pre_match,stadium_to_meadowlands,0,900,0,0.0,0,derived,Derived from synthetic FinalFlow scenario inputs; not observed event operations.
rail_disruption,2026-07-19T12:50:00Z,-130,pre_match,midtown_to_penn_station,23,600,23,0.03833333333333333,58,derived,Derived from synthetic FinalFlow scenario inputs; not observed event operations.
rail_disruption,2026-07-19T12:50:00Z,-130,pre_match,penn_station_to_midtown,0,600,0,0.0,0,derived,Derived from synthetic FinalFlow scenario inputs; not observed event operations.
rail_disruption,2026-07-19T12:50:00Z,-130,pre_match,penn_station_to_secaucus,17,450,17,0.03777777777777778,37,derived,Derived from synthetic FinalFlow scenario inputs; not observed event operations.
rail_disruption,2026-07-19T12:50:00Z,-130,pre_match,secaucus_to_penn_station,0,450,0,0.0,0,derived,Derived from synthetic FinalFlow scenario inputs; not observed event operations.
rail_disruption,2026-07-19T12:50:00Z,-130,pre_match,secaucus_to_meadowlands,7,300,7,0.023333333333333334,17,derived,Derived from synthetic FinalFlow scenario inputs; not observed event operations.
rail_disruption,2026-07-19T12:50:00Z,-130,pre_match,meadowlands_to_secaucus,0,300,0,0.0,0,derived,Derived from synthetic FinalFlow scenario inputs; not observed event operations.
rail_disruption,2026-07-19T12:50:00Z,-130,pre_match,meadowlands_to_stadium,6,900,6,0.006666666666666667,12,derived,Derived from synthetic FinalFlow scenario inputs; not observed event operations.
rail_disruption,2026-07-19T12:50:00Z,-130,pre_match,stadium_to_meadowlands,0,900,0,0.0,0,derived,Derived from synthetic FinalFlow scenario inputs; not observed event operations.
rail_disruption,2026-07-19T12:55:00Z,-125,pre_match,midtown_to_penn_station,35,600,35,0.058333333333333334,81,derived,Derived from synthetic FinalFlow scenario inputs; not observed event operations.
rail_disruption,2026-07-19T12:55:00Z,-125,pre_match,penn_station_to_midtown,0,600,0,0.0,0,derived,Derived from synthetic FinalFlow scenario inputs; not observed event operations.
rail_disruption,2026-07-19T12:55:00Z,-125,pre_match,penn_station_to_secaucus,20,450,20,0.044444444444444446,54,derived,Derived from synthetic FinalFlow scenario inputs; not observed event operations.
rail_disruption,2026-07-19T12:55:00Z,-125,pre_match,secaucus_to_penn_station,0,450,0,0.0,0,derived,Derived from synthetic FinalFlow scenario inputs; not observed event operations.
rail_disruption,2026-07-19T12:55:00Z,-125,pre_match,secaucus_to_meadowlands,10,300,10,0.03333333333333333,24,derived,Derived from synthetic FinalFlow scenario inputs; not observed event operations.
rail_disruption,2026-07-19T12:55:00Z,-125,pre_match,meadowlands_to_secaucus,0,300,0,0.0,0,derived,Derived from synthetic FinalFlow scenario inputs; not observed event operations.
rail_disruption,2026-07-19T12:55:00Z,-125,pre_match,meadowlands_to_stadium,7,900,7,0.0077777777777777776,13,derived,Derived from synthetic FinalFlow scenario inputs; not observed event operations.
rail_disruption,2026-07-19T12:55:00Z,-125,pre_match,stadium_to_meadowlands,0,900,0,0.0,0,derived,Derived from synthetic FinalFlow scenario inputs; not observed event operations.
rail_disruption,2026-07-19T13:00:00Z,-120,gates_open,midtown_to_penn_station,35,600,35,0.058333333333333334,93,derived,Derived from synthetic FinalFlow scenario inputs; not observed event operations.
rail_disruption,2026-07-19T13:00:00Z,-120,gates_open,penn_station_to_midtown,0,600,0,0.0,0,derived,Derived from synthetic FinalFlow scenario inputs; not observed event operations.
rail_disruption,2026-07-19T13:00:00Z,-120,gates_open,penn_station_to_secaucus,31,450,31,0.06888888888888889,68,derived,Derived from synthetic FinalFlow scenario inputs; not observed event operations.
rail_disruption,2026-07-19T13:00:00Z,-120,gates_open,secaucus_to_penn_station,0,450,0,0.0,0,derived,Derived from synthetic FinalFlow scenario inputs; not observed event operations.
rail_disruption,2026-07-19T13:00:00Z,-120,gates_open,secaucus_to_meadowlands,24,300,24,0.08,41,derived,Derived from synthetic FinalFlow scenario inputs; not observed event operations.
rail_disruption,2026-07-19T13:00:00Z,-120,gates_open,meadowlands_to_secaucus,0,300,0,0.0,0,derived,Derived from synthetic FinalFlow scenario inputs; not observed event operations.
rail_disruption,2026-07-19T13:00:00Z,-120,gates_open,meadowlands_to_stadium,11,900,11,0.012222222222222223,18,derived,Derived from synthetic FinalFlow scenario inputs; not observed event operations.
rail_disruption,2026-07-19T13:00:00Z,-120,gates_open,stadium_to_meadowlands,0,900,0,0.0,0,derived,Derived from synthetic FinalFlow scenario inputs; not observed event operations.
rail_disruption,2026-07-19T13:05:00Z,-115,pre_match,midtown_to_penn_station,47,600,47,0.07833333333333334,117,derived,Derived from synthetic FinalFlow scenario inputs; not observed event operations.
rail_disruption,2026-07-19T13:05:00Z,-115,pre_match,penn_station_to_midtown,0,600,0,0.0,0,derived,Derived from synthetic FinalFlow scenario inputs; not observed event operations.
rail_disruption,2026-07-19T13:05:00Z,-115,pre_match,penn_station_to_secaucus,34,450,34,0.07555555555555556,85,derived,Derived from synthetic FinalFlow scenario inputs; not observed event operations.
rail_disruption,2026-07-19T13:05:00Z,-115,pre_match,secaucus_to_penn_station,0,450,0,0.0,0,derived,Derived from synthetic FinalFlow scenario inputs; not observed event operations.
rail_disruption,2026-07-19T13:05:00Z,-115,pre_match,secaucus_to_meadowlands,25,300,25,0.08333333333333333,59,derived,Derived from synthetic FinalFlow scenario inputs; not observed event operations.
rail_disruption,2026-07-19T13:05:00Z,-115,pre_match,meadowlands_to_secaucus,0,300,0,0.0,0,derived,Derived from synthetic FinalFlow scenario inputs; not observed event operations.
rail_disruption,2026-07-19T13:05:00Z,-115,pre_match,meadowlands_to_stadium,13,900,13,0.014444444444444444,24,derived,Derived from synthetic FinalFlow scenario inputs; not observed event operations.
rail_disruption,2026-07-19T13:05:00Z,-115,pre_match,stadium_to_meadowlands,0,900,0,0.0,0,derived,Derived from synthetic FinalFlow scenario inputs; not observed event operations.
rail_disruption,2026-07-19T13:10:00Z,-110,pre_match,midtown_to_penn_station,59,600,59,0.09833333333333333,141,derived,Derived from synthetic FinalFlow scenario inputs; not observed event operations.
rail_disruption,2026-07-19T13:10:00Z,-110,pre_match,penn_station_to_midtown,0,600,0,0.0,0,derived,Derived from synthetic FinalFlow scenario inputs; not observed event operations.
rail_disruption,2026-07-19T13:10:00Z,-110,pre_match,penn_station_to_secaucus,48,450,48,0.10666666666666667,113,derived,Derived from synthetic FinalFlow scenario inputs; not observed event operations.
rail_disruption,2026-07-19T13:10:00Z,-110,pre_match,secaucus_to_penn_station,0,450,0,0.0,0,derived,Derived from synthetic FinalFlow scenario inputs; not observed event operations.
rail_disruption,2026-07-19T13:10:00Z,-110,pre_match,secaucus_to_meadowlands,31,300,31,0.10333333333333333,80,derived,Derived from synthetic FinalFlow scenario inputs; not observed event operations.
rail_disruption,2026-07-19T13:10:00Z,-110,pre_match,meadowlands_to_secaucus,0,300,0,0.0,0,derived,Derived from synthetic FinalFlow scenario inputs; not observed event operations.
rail_disruption,2026-07-19T13:10:00Z,-110,pre_match,meadowlands_to_stadium,17,900,17,0.01888888888888889,30,derived,Derived from synthetic FinalFlow scenario inputs; not observed event operations.
rail_disruption,2026-07-19T13:10:00Z,-110,pre_match,stadium_to_meadowlands,0,900,0,0.0,0,derived,Derived from synthetic FinalFlow scenario inputs; not observed event operations.
rail_disruption,2026-07-19T13:15:00Z,-105,pre_match,midtown_to_penn_station,70,600,70,0.11666666666666667,176,derived,Derived from synthetic FinalFlow scenario inputs; not observed event operations.
rail_disruption,2026-07-19T13:15:00Z,-105,pre_match,penn_station_to_midtown,0,600,0,0.0,0,derived,Derived from synthetic FinalFlow scenario inputs; not observed event operations.
rail_disruption,2026-07-19T13:15:00Z,-105,pre_match,penn_station_to_secaucus,51,450,51,0.11333333333333333,133,derived,Derived from synthetic FinalFlow scenario inputs; not observed event operations.
rail_disruption,2026-07-19T13:15:00Z,-105,pre_match,secaucus_to_penn_station,0,450,0,0.0,0,derived,Derived from synthetic FinalFlow scenario inputs; not observed event operations.
rail_disruption,2026-07-19T13:15:00Z,-105,pre_match,secaucus_to_meadowlands,44,300,44,0.14666666666666667,100,derived,Derived from synthetic FinalFlow scenario inputs; not observed event operations.
rail_disruption,2026-07-19T13:15:00Z,-105,pre_match,meadowlands_to_secaucus,0,300,0,0.0,0,derived,Derived from synthetic FinalFlow scenario inputs; not observed event operations.
rail_disruption,2026-07-19T13:15:00Z,-105,pre_match,meadowlands_to_stadium,32,900,32,0.035555555555555556,49,derived,Derived from synthetic FinalFlow scenario inputs; not observed event operations.
rail_disruption,2026-07-19T13:15:00Z,-105,pre_match,stadium_to_meadowlands,0,900,0,0.0,0,derived,Derived from synthetic FinalFlow scenario inputs; not observed event operations.
rail_disruption,2026-07-19T13:20:00Z,-100,pre_match,midtown_to_penn_station,82,600,82,0.13666666666666666,211,derived,Derived from synthetic FinalFlow scenario inputs; not observed event operations.
rail_disruption,2026-07-19T13:20:00Z,-100,pre_match,penn_station_to_midtown,0,600,0,0.0,0,derived,Derived from synthetic FinalFlow scenario inputs; not observed event operations.
rail_disruption,2026-07-19T13:20:00Z,-100,pre_match,penn_station_to_secaucus,66,450,66,0.14666666666666667,165,derived,Derived from synthetic FinalFlow scenario inputs; not observed event operations.
rail_disruption,2026-07-19T13:20:00Z,-100,pre_match,secaucus_to_penn_station,0,450,0,0.0,0,derived,Derived from synthetic FinalFlow scenario inputs; not observed event operations.
rail_disruption,2026-07-19T13:20:00Z,-100,pre_match,secaucus_to_meadowlands,49,300,49,0.16333333333333333,124,derived,Derived from synthetic FinalFlow scenario inputs; not observed event operations.
rail_disruption,2026-07-19T13:20:00Z,-100,pre_match,meadowlands_to_secaucus,0,300,0,0.0,0,derived,Derived from synthetic FinalFlow scenario inputs; not observed event operations.
rail_disruption,2026-07-19T13:20:00Z,-100,pre_match,meadowlands_to_stadium,35,900,35,0.03888888888888889,67,derived,Derived from synthetic FinalFlow scenario inputs; not observed event operations.
rail_disruption,2026-07-19T13:20:00Z,-100,pre_match,stadium_to_meadowlands,0,900,0,0.0,0,derived,Derived from synthetic FinalFlow scenario inputs; not observed event operations.
rail_disruption,2026-07-19T13:25:00Z,-95,pre_match,midtown_to_penn_station,93,600,93,0.155,245,derived,Derived from synthetic FinalFlow scenario inputs; not observed event operations.
rail_disruption,2026-07-19T13:25:00Z,-95,pre_match,penn_station_to_midtown,0,600,0,0.0,0,derived,Derived from synthetic FinalFlow scenario inputs; not observed event operations.
rail_disruption,2026-07-19T13:25:00Z,-95,pre_match,penn_station_to_secaucus,80,450,80,0.17777777777777778,197,derived,Derived from synthetic FinalFlow scenario inputs; not observed event operations.
rail_disruption,2026-07-19T13:25:00Z,-95,pre_match,secaucus_to_penn_station,0,450,0,0.0,0,derived,Derived from synthetic FinalFlow scenario inputs; not observed event operations.
rail_disruption,2026-07-19T13:25:00Z,-95,pre_match,secaucus_to_meadowlands,65,300,65,0.21666666666666667,158,derived,Derived from synthetic FinalFlow scenario inputs; not observed event operations.
rail_disruption,2026-07-19T13:25:00Z,-95,pre_match,meadowlands_to_secaucus,0,300,0,0.0,0,derived,Derived from synthetic FinalFlow scenario inputs; not observed event operations.
rail_disruption,2026-07-19T13:25:00Z,-95,pre_match,meadowlands_to_stadium,42,900,42,0.04666666666666667,77,derived,Derived from synthetic FinalFlow scenario inputs; not observed event operations.
rail_disruption,2026-07-19T13:25:00Z,-95,pre_match,stadium_to_meadowlands,0,900,0,0.0,0,derived,Derived from synthetic FinalFlow scenario inputs; not observed event operations.
rail_disruption,2026-07-19T13:30:00Z,-90,pre_match,midtown_to_penn_station,105,600,105,0.175,280,derived,Derived from synthetic FinalFlow scenario inputs; not observed event operations.
rail_disruption,2026-07-19T13:30:00Z,-90,pre_match,penn_station_to_midtown,0,600,0,0.0,0,derived,Derived from synthetic FinalFlow scenario inputs; not observed event operations.
rail_disruption,2026-07-19T13:30:00Z,-90,pre_match,penn_station_to_secaucus,94,450,94,0.2088888888888889,240,derived,Derived from synthetic FinalFlow scenario inputs; not observed event operations.
rail_disruption,2026-07-19T13:30:00Z,-90,pre_match,secaucus_to_penn_station,0,450,0,0.0,0,derived,Derived from synthetic FinalFlow scenario inputs; not observed event operations.
rail_disruption,2026-07-19T13:30:00Z,-90,pre_match,secaucus_to_meadowlands,70,300,70,0.23333333333333334,184,derived,Derived from synthetic FinalFlow scenario inputs; not observed event operations.
rail_disruption,2026-07-19T13:30:00Z,-90,pre_match,meadowlands_to_secaucus,0,300,0,0.0,0,derived,Derived from synthetic FinalFlow scenario inputs; not observed event operations.
rail_disruption,2026-07-19T13:30:00Z,-90,pre_match,meadowlands_to_stadium,57,900,57,0.06333333333333334,99,derived,Derived from synthetic FinalFlow scenario inputs; not observed event operations.
rail_disruption,2026-07-19T13:30:00Z,-90,pre_match,stadium_to_meadowlands,0,900,0,0.0,0,derived,Derived from synthetic FinalFlow scenario inputs; not observed event operations.
rail_disruption,2026-07-19T13:35:00Z,-85,pre_match,midtown_to_penn_station,117,600,117,0.195,315,derived,Derived from synthetic FinalFlow scenario inputs; not observed event operations.
rail_disruption,2026-07-19T13:35:00Z,-85,pre_match,penn_station_to_midtown,0,600,0,0.0,0,derived,Derived from synthetic FinalFlow scenario inputs; not observed event operations.
rail_disruption,2026-07-19T13:35:00Z,-85,pre_match,penn_station_to_secaucus,109,450,109,0.24222222222222223,283,derived,Derived from synthetic FinalFlow scenario inputs; not observed event operations.
rail_disruption,2026-07-19T13:35:00Z,-85,pre_match,secaucus_to_penn_station,0,450,0,0.0,0,derived,Derived from synthetic FinalFlow scenario inputs; not observed event operations.
rail_disruption,2026-07-19T13:35:00Z,-85,pre_match,secaucus_to_meadowlands,87,300,87,0.29,222,derived,Derived from synthetic FinalFlow scenario inputs; not observed event operations.
rail_disruption,2026-07-19T13:35:00Z,-85,pre_match,meadowlands_to_secaucus,0,300,0,0.0,0,derived,Derived from synthetic FinalFlow scenario inputs; not observed event operations.
rail_disruption,2026-07-19T13:35:00Z,-85,pre_match,meadowlands_to_stadium,64,900,64,0.07111111111111111,121,derived,Derived from synthetic FinalFlow scenario inputs; not observed event operations.
rail_disruption,2026-07-19T13:35:00Z,-85,pre_match,stadium_to_meadowlands,0,900,0,0.0,0,derived,Derived from synthetic FinalFlow scenario inputs; not observed event operations.
rail_disruption,2026-07-19T13:40:00Z,-80,pre_match,midtown_to_penn_station,129,600,129,0.215,351,derived,Derived from synthetic FinalFlow scenario inputs; not observed event operations.
rail_disruption,2026-07-19T13:40:00Z,-80,pre_match,penn_station_to_midtown,0,600,0,0.0,0,derived,Derived from synthetic FinalFlow scenario inputs; not observed event operations.
rail_disruption,2026-07-19T13:40:00Z,-80,pre_match,penn_station_to_secaucus,122,450,122,0.27111111111111114,325,derived,Derived from synthetic FinalFlow scenario inputs; not observed event operations.
rail_disruption,2026-07-19T13:40:00Z,-80,pre_match,secaucus_to_penn_station,0,450,0,0.0,0,derived,Derived from synthetic FinalFlow scenario inputs; not observed event operations.
rail_disruption,2026-07-19T13:40:00Z,-80,pre_match,secaucus_to_meadowlands,104,300,104,0.3466666666666667,261,derived,Derived from synthetic FinalFlow scenario inputs; not observed event operations.
rail_disruption,2026-07-19T13:40:00Z,-80,pre_match,meadowlands_to_secaucus,0,300,0,0.0,0,derived,Derived from synthetic FinalFlow scenario inputs; not observed event operations.
rail_disruption,2026-07-19T13:40:00Z,-80,pre_match,meadowlands_to_stadium,81,900,81,0.09,145,derived,Derived from synthetic FinalFlow scenario inputs; not observed event operations.
rail_disruption,2026-07-19T13:40:00Z,-80,pre_match,stadium_to_meadowlands,0,900,0,0.0,0,derived,Derived from synthetic FinalFlow scenario inputs; not observed event operations.
rail_disruption,2026-07-19T13:45:00Z,-75,pre_match,midtown_to_penn_station,140,600,140,0.23333333333333334,386,derived,Derived from synthetic FinalFlow scenario inputs; not observed event operations.
rail_disruption,2026-07-19T13:45:00Z,-75,pre_match,penn_station_to_midtown,0,600,0,0.0,0,derived,Derived from synthetic FinalFlow scenario inputs; not observed event operations.
rail_disruption,2026-07-19T13:45:00Z,-75,pre_match,penn_station_to_secaucus,137,450,137,0.30444444444444446,368,derived,Derived from synthetic FinalFlow scenario inputs; not observed event operations.
rail_disruption,2026-07-19T13:45:00Z,-75,pre_match,secaucus_to_penn_station,0,450,0,0.0,0,derived,Derived from synthetic FinalFlow scenario inputs; not observed event operations.
rail_disruption,2026-07-19T13:45:00Z,-75,pre_match,secaucus_to_meadowlands,120,300,120,0.4,311,derived,Derived from synthetic FinalFlow scenario inputs; not observed event operations.
rail_disruption,2026-07-19T13:45:00Z,-75,pre_match,meadowlands_to_secaucus,0,300,0,0.0,0,derived,Derived from synthetic FinalFlow scenario inputs; not observed event operations.
rail_disruption,2026-07-19T13:45:00Z,-75,pre_match,meadowlands_to_stadium,87,900,87,0.09666666666666666,168,derived,Derived from synthetic FinalFlow scenario inputs; not observed event operations.
rail_disruption,2026-07-19T13:45:00Z,-75,pre_match,stadium_to_meadowlands,0,900,0,0.0,0,derived,Derived from synthetic FinalFlow scenario inputs; not observed event operations.
rail_disruption,2026-07-19T13:50:00Z,-70,pre_match,midtown_to_penn_station,152,600,152,0.25333333333333335,421,derived,Derived from synthetic FinalFlow scenario inputs; not observed event operations.
rail_disruption,2026-07-19T13:50:00Z,-70,pre_match,penn_station_to_midtown,0,600,0,0.0,0,derived,Derived from synthetic FinalFlow scenario inputs; not observed event operations.
rail_disruption,2026-07-19T13:50:00Z,-70,pre_match,penn_station_to_secaucus,152,450,152,0.3377777777777778,411,derived,Derived from synthetic FinalFlow scenario inputs; not observed event operations.
rail_disruption,2026-07-19T13:50:00Z,-70,pre_match,secaucus_to_penn_station,0,450,0,0.0,0,derived,Derived from synthetic FinalFlow scenario inputs; not observed event operations.
rail_disruption,2026-07-19T13:50:00Z,-70,pre_match,secaucus_to_meadowlands,137,300,137,0.45666666666666667,361,derived,Derived from synthetic FinalFlow scenario inputs; not observed event operations.
rail_disruption,2026-07-19T13:50:00Z,-70,pre_match,meadowlands_to_secaucus,0,300,0,0.0,0,derived,Derived from synthetic FinalFlow scenario inputs; not observed event operations.
rail_disruption,2026-07-19T13:50:00Z,-70,pre_match,meadowlands_to_stadium,106,900,106,0.11777777777777777,193,derived,Derived from synthetic FinalFlow scenario inputs; not observed event operations.
rail_disruption,2026-07-19T13:50:00Z,-70,pre_match,stadium_to_meadowlands,0,900,0,0.0,0,derived,Derived from synthetic FinalFlow scenario inputs; not observed event operations.
rail_disruption,2026-07-19T13:55:00Z,-65,pre_match,midtown_to_penn_station,164,600,164,0.2733333333333333,456,derived,Derived from synthetic FinalFlow scenario inputs; not observed event operations.
rail_disruption,2026-07-19T13:55:00Z,-65,pre_match,penn_station_to_midtown,0,600,0,0.0,0,derived,Derived from synthetic FinalFlow scenario inputs; not observed event operations.
rail_disruption,2026-07-19T13:55:00Z,-65,pre_match,penn_station_to_secaucus,167,450,167,0.3711111111111111,456,derived,Derived from synthetic FinalFlow scenario inputs; not observed event operations.
rail_disruption,2026-07-19T13:55:00Z,-65,pre_match,secaucus_to_penn_station,0,450,0,0.0,0,derived,Derived from synthetic FinalFlow scenario inputs; not observed event operations.
rail_disruption,2026-07-19T13:55:00Z,-65,pre_match,secaucus_to_meadowlands,152,300,152,0.5066666666666667,409,derived,Derived from synthetic FinalFlow scenario inputs; not observed event operations.
rail_disruption,2026-07-19T13:55:00Z,-65,pre_match,meadowlands_to_secaucus,0,300,0,0.0,0,derived,Derived from synthetic FinalFlow scenario inputs; not observed event operations.
rail_disruption,2026-07-19T13:55:00Z,-65,pre_match,meadowlands_to_stadium,124,900,124,0.13777777777777778,230,derived,Derived from synthetic FinalFlow scenario inputs; not observed event operations.
rail_disruption,2026-07-19T13:55:00Z,-65,pre_match,stadium_to_meadowlands,0,900,0,0.0,0,derived,Derived from synthetic FinalFlow scenario inputs; not observed event operations.
rail_disruption,2026-07-19T14:00:00Z,-60,pre_match,midtown_to_penn_station,176,600,176,0.29333333333333333,492,derived,Derived from synthetic FinalFlow scenario inputs; not observed event operations.
rail_disruption,2026-07-19T14:00:00Z,-60,pre_match,penn_station_to_midtown,0,600,0,0.0,0,derived,Derived from synthetic FinalFlow scenario inputs; not observed event operations.
rail_disruption,2026-07-19T14:00:00Z,-60,pre_match,penn_station_to_secaucus,180,450,180,0.4,499,derived,Derived from synthetic FinalFlow scenario inputs; not observed event operations.
rail_disruption,2026-07-19T14:00:00Z,-60,pre_match,secaucus_to_penn_station,0,450,0,0.0,0,derived,Derived from synthetic FinalFlow scenario inputs; not observed event operations.
rail_disruption,2026-07-19T14:00:00Z,-60,pre_match,secaucus_to_meadowlands,169,300,169,0.5633333333333334,458,derived,Derived from synthetic FinalFlow scenario inputs; not observed event operations.
rail_disruption,2026-07-19T14:00:00Z,-60,pre_match,meadowlands_to_secaucus,0,300,0,0.0,0,derived,Derived from synthetic FinalFlow scenario inputs; not observed event operations.
rail_disruption,2026-07-19T14:00:00Z,-60,pre_match,meadowlands_to_stadium,141,900,141,0.15666666666666668,265,derived,Derived from synthetic FinalFlow scenario inputs; not observed event operations.
rail_disruption,2026-07-19T14:00:00Z,-60,pre_match,stadium_to_meadowlands,0,900,0,0.0,0,derived,Derived from synthetic FinalFlow scenario inputs; not observed event operations.
rail_disruption,2026-07-19T14:05:00Z,-55,pre_match,midtown_to_penn_station,187,600,187,0.31166666666666665,527,derived,Derived from synthetic FinalFlow scenario inputs; not observed event operations.
rail_disruption,2026-07-19T14:05:00Z,-55,pre_match,penn_station_to_midtown,0,600,0,0.0,0,derived,Derived from synthetic FinalFlow scenario inputs; not observed event operations.
rail_disruption,2026-07-19T14:05:00Z,-55,pre_match,penn_station_to_secaucus,195,450,195,0.43333333333333335,542,derived,Derived from synthetic FinalFlow scenario inputs; not observed event operations.
rail_disruption,2026-07-19T14:05:00Z,-55,pre_match,secaucus_to_penn_station,0,450,0,0.0,0,derived,Derived from synthetic FinalFlow scenario inputs; not observed event operations.
rail_disruption,2026-07-19T14:05:00Z,-55,pre_match,secaucus_to_meadowlands,187,300,187,0.6233333333333333,508,derived,Derived from synthetic FinalFlow scenario inputs; not observed event operations.
rail_disruption,2026-07-19T14:05:00Z,-55,pre_match,meadowlands_to_secaucus,0,300,0,0.0,0,derived,Derived from synthetic FinalFlow scenario inputs; not observed event operations.
rail_disruption,2026-07-19T14:05:00Z,-55,pre_match,meadowlands_to_stadium,160,900,160,0.17777777777777778,301,derived,Derived from synthetic FinalFlow scenario inputs; not observed event operations.
rail_disruption,2026-07-19T14:05:00Z,-55,pre_match,stadium_to_meadowlands,0,900,0,0.0,0,derived,Derived from synthetic FinalFlow scenario inputs; not observed event operations.
rail_disruption,2026-07-19T14:10:00Z,-50,pre_match,midtown_to_penn_station,187,600,187,0.31166666666666665,550,derived,Derived from synthetic FinalFlow scenario inputs; not observed event operations.
rail_disruption,2026-07-19T14:10:00Z,-50,pre_match,penn_station_to_midtown,0,600,0,0.0,0,derived,Derived from synthetic FinalFlow scenario inputs; not observed event operations.
rail_disruption,2026-07-19T14:10:00Z,-50,pre_match,penn_station_to_secaucus,207,450,207,0.46,582,derived,Derived from synthetic FinalFlow scenario inputs; not observed event operations.
rail_disruption,2026-07-19T14:10:00Z,-50,pre_match,secaucus_to_penn_station,0,450,0,0.0,0,derived,Derived from synthetic FinalFlow scenario inputs; not observed event operations.
rail_disruption,2026-07-19T14:10:00Z,-50,pre_match,secaucus_to_meadowlands,202,300,202,0.6733333333333333,558,derived,Derived from synthetic FinalFlow scenario inputs; not observed event operations.
rail_disruption,2026-07-19T14:10:00Z,-50,pre_match,meadowlands_to_secaucus,0,300,0,0.0,0,derived,Derived from synthetic FinalFlow scenario inputs; not observed event operations.
rail_disruption,2026-07-19T14:10:00Z,-50,pre_match,meadowlands_to_stadium,175,900,175,0.19444444444444445,335,derived,Derived from synthetic FinalFlow scenario inputs; not observed event operations.
rail_disruption,2026-07-19T14:10:00Z,-50,pre_match,stadium_to_meadowlands,0,900,0,0.0,0,derived,Derived from synthetic FinalFlow scenario inputs; not observed event operations.
rail_disruption,2026-07-19T14:15:00Z,-45,pre_match,midtown_to_penn_station,176,600,176,0.29333333333333333,550,derived,Derived from synthetic FinalFlow scenario inputs; not observed event operations.
rail_disruption,2026-07-19T14:15:00Z,-45,pre_match,penn_station_to_midtown,0,600,0,0.0,0,derived,Derived from synthetic FinalFlow scenario inputs; not observed event operations.
rail_disruption,2026-07-19T14:15:00Z,-45,pre_match,penn_station_to_secaucus,216,450,216,0.48,618,derived,Derived from synthetic FinalFlow scenario inputs; not observed event operations.
rail_disruption,2026-07-19T14:15:00Z,-45,pre_match,secaucus_to_penn_station,0,450,0,0.0,0,derived,Derived from synthetic FinalFlow scenario inputs; not observed event operations.
rail_disruption,2026-07-19T14:15:00Z,-45,pre_match,secaucus_to_meadowlands,212,300,212,0.7066666666666667,601,derived,Derived from synthetic FinalFlow scenario inputs; not observed event operations.
rail_disruption,2026-07-19T14:15:00Z,-45,pre_match,meadowlands_to_secaucus,0,300,0,0.0,0,derived,Derived from synthetic FinalFlow scenario inputs; not observed event operations.
rail_disruption,2026-07-19T14:15:00Z,-45,pre_match,meadowlands_to_stadium,190,900,190,0.2111111111111111,365,derived,Derived from synthetic FinalFlow scenario inputs; not observed event operations.
rail_disruption,2026-07-19T14:15:00Z,-45,pre_match,stadium_to_meadowlands,0,900,0,0.0,0,derived,Derived from synthetic FinalFlow scenario inputs; not observed event operations.
rail_disruption,2026-07-19T14:20:00Z,-40,pre_match,midtown_to_penn_station,164,600,164,0.2733333333333333,527,derived,Derived from synthetic FinalFlow scenario inputs; not observed event operations.
rail_disruption,2026-07-19T14:20:00Z,-40,pre_match,penn_station_to_midtown,0,600,0,0.0,0,derived,Derived from synthetic FinalFlow scenario inputs; not observed event operations.
rail_disruption,2026-07-19T14:20:00Z,-40,pre_match,penn_station_to_secaucus,225,450,225,0.5,648,derived,Derived from synthetic FinalFlow scenario inputs; not observed event operations.
rail_disruption,2026-07-19T14:20:00Z,-40,pre_match,secaucus_to_penn_station,0,450,0,0.0,0,derived,Derived from synthetic FinalFlow scenario inputs; not observed event operations.
rail_disruption,2026-07-19T14:20:00Z,-40,pre_match,secaucus_to_meadowlands,225,300,225,0.75,639,derived,Derived from synthetic FinalFlow scenario inputs; not observed event operations.
rail_disruption,2026-07-19T14:20:00Z,-40,pre_match,meadowlands_to_secaucus,0,300,0,0.0,0,derived,Derived from synthetic FinalFlow scenario inputs; not observed event operations.
rail_disruption,2026-07-19T14:20:00Z,-40,pre_match,meadowlands_to_stadium,207,900,207,0.23,397,derived,Derived from synthetic FinalFlow scenario inputs; not observed event operations.
rail_disruption,2026-07-19T14:20:00Z,-40,pre_match,stadium_to_meadowlands,0,900,0,0.0,0,derived,Derived from synthetic FinalFlow scenario inputs; not observed event operations.
rail_disruption,2026-07-19T14:25:00Z,-35,pre_match,midtown_to_penn_station,140,600,140,0.23333333333333334,480,derived,Derived from synthetic FinalFlow scenario inputs; not observed event operations.
rail_disruption,2026-07-19T14:25:00Z,-35,pre_match,penn_station_to_midtown,0,600,0,0.0,0,derived,Derived from synthetic FinalFlow scenario inputs; not observed event operations.
rail_disruption,2026-07-19T14:25:00Z,-35,pre_match,penn_station_to_secaucus,219,450,219,0.4866666666666667,660,derived,Derived from synthetic FinalFlow scenario inputs; not observed event operations.
rail_disruption,2026-07-19T14:25:00Z,-35,pre_match,secaucus_to_penn_station,0,450,0,0.0,0,derived,Derived from synthetic FinalFlow scenario inputs; not observed event operations.
rail_disruption,2026-07-19T14:25:00Z,-35,pre_match,secaucus_to_meadowlands,233,300,233,0.7766666666666666,670,derived,Derived from synthetic FinalFlow scenario inputs; not observed event operations.
rail_disruption,2026-07-19T14:25:00Z,-35,pre_match,meadowlands_to_secaucus,0,300,0,0.0,0,derived,Derived from synthetic FinalFlow scenario inputs; not observed event operations.
rail_disruption,2026-07-19T14:25:00Z,-35,pre_match,meadowlands_to_stadium,219,900,219,0.24333333333333335,426,derived,Derived from synthetic FinalFlow scenario inputs; not observed event operations.
rail_disruption,2026-07-19T14:25:00Z,-35,pre_match,stadium_to_meadowlands,0,900,0,0.0,0,derived,Derived from synthetic FinalFlow scenario inputs; not observed event operations.
rail_disruption,2026-07-19T14:30:00Z,-30,ceremony,midtown_to_penn_station,0,600,0,0.0,304,derived,Derived from synthetic FinalFlow scenario inputs; not observed event operations.
rail_disruption,2026-07-19T14:30:00Z,-30,ceremony,penn_station_to_midtown,0,600,0,0.0,0,derived,Derived from synthetic FinalFlow scenario inputs; not observed event operations.
rail_disruption,2026-07-19T14:30:00Z,-30,ceremony,penn_station_to_secaucus,176,450,176,0.39111111111111113,620,derived,Derived from synthetic FinalFlow scenario inputs; not observed event operations.
rail_disruption,2026-07-19T14:30:00Z,-30,ceremony,secaucus_to_penn_station,0,450,0,0.0,0,derived,Derived from synthetic FinalFlow scenario inputs; not observed event operations.
rail_disruption,2026-07-19T14:30:00Z,-30,ceremony,secaucus_to_meadowlands,216,300,216,0.72,674,derived,Derived from synthetic FinalFlow scenario inputs; not observed event operations.
rail_disruption,2026-07-19T14:30:00Z,-30,ceremony,meadowlands_to_secaucus,0,300,0,0.0,0,derived,Derived from synthetic FinalFlow scenario inputs; not observed event operations.
rail_disruption,2026-07-19T14:30:00Z,-30,ceremony,meadowlands_to_stadium,212,900,212,0.23555555555555555,431,derived,Derived from synthetic FinalFlow scenario inputs; not observed event operations.
rail_disruption,2026-07-19T14:30:00Z,-30,ceremony,stadium_to_meadowlands,0,900,0,0.0,0,derived,Derived from synthetic FinalFlow scenario inputs; not observed event operations.
rail_disruption,2026-07-19T14:35:00Z,-25,ceremony,midtown_to_penn_station,0,600,0,0.0,140,derived,Derived from synthetic FinalFlow scenario inputs; not observed event operations.
rail_disruption,2026-07-19T14:35:00Z,-25,ceremony,penn_station_to_midtown,0,600,0,0.0,0,derived,Derived from synthetic FinalFlow scenario inputs; not observed event operations.
rail_disruption,2026-07-19T14:35:00Z,-25,ceremony,penn_station_to_secaucus,164,450,164,0.36444444444444446,559,derived,Derived from synthetic FinalFlow scenario inputs; not observed event operations.
rail_disruption,2026-07-19T14:35:00Z,-25,ceremony,secaucus_to_penn_station,0,450,0,0.0,0,derived,Derived from synthetic FinalFlow scenario inputs; not observed event operations.
rail_disruption,2026-07-19T14:35:00Z,-25,ceremony,secaucus_to_meadowlands,225,300,225,0.75,674,derived,Derived from synthetic FinalFlow scenario inputs; not observed event operations.
rail_disruption,2026-07-19T14:35:00Z,-25,ceremony,meadowlands_to_secaucus,0,300,0,0.0,0,derived,Derived from synthetic FinalFlow scenario inputs; not observed event operations.
rail_disruption,2026-07-19T14:35:00Z,-25,ceremony,meadowlands_to_stadium,225,900,225,0.25,437,derived,Derived from synthetic FinalFlow scenario inputs; not observed event operations.
rail_disruption,2026-07-19T14:35:00Z,-25,ceremony,stadium_to_meadowlands,0,900,0,0.0,0,derived,Derived from synthetic FinalFlow scenario inputs; not observed event operations.
rail_disruption,2026-07-19T14:40:00Z,-20,ceremony,midtown_to_penn_station,0,600,0,0.0,0,derived,Derived from synthetic FinalFlow scenario inputs; not observed event operations.
rail_disruption,2026-07-19T14:40:00Z,-20,ceremony,penn_station_to_midtown,0,600,0,0.0,0,derived,Derived from synthetic FinalFlow scenario inputs; not observed event operations.
rail_disruption,2026-07-19T14:40:00Z,-20,ceremony,penn_station_to_secaucus,140,450,140,0.3111111111111111,480,derived,Derived from synthetic FinalFlow scenario inputs; not observed event operations.
rail_disruption,2026-07-19T14:40:00Z,-20,ceremony,secaucus_to_penn_station,0,450,0,0.0,0,derived,Derived from synthetic FinalFlow scenario inputs; not observed event operations.
rail_disruption,2026-07-19T14:40:00Z,-20,ceremony,secaucus_to_meadowlands,219,300,219,0.73,660,derived,Derived from synthetic FinalFlow scenario inputs; not observed event operations.
rail_disruption,2026-07-19T14:40:00Z,-20,ceremony,meadowlands_to_secaucus,0,300,0,0.0,0,derived,Derived from synthetic FinalFlow scenario inputs; not observed event operations.
rail_disruption,2026-07-19T14:40:00Z,-20,ceremony,meadowlands_to_stadium,233,900,233,0.2588888888888889,458,derived,Derived from synthetic FinalFlow scenario inputs; not observed event operations.
rail_disruption,2026-07-19T14:40:00Z,-20,ceremony,stadium_to_meadowlands,0,900,0,0.0,0,derived,Derived from synthetic FinalFlow scenario inputs; not observed event operations.
rail_disruption,2026-07-19T14:45:00Z,-15,ceremony,midtown_to_penn_station,0,600,0,0.0,0,derived,Derived from synthetic FinalFlow scenario inputs; not observed event operations.
rail_disruption,2026-07-19T14:45:00Z,-15,ceremony,penn_station_to_midtown,0,600,0,0.0,0,derived,Derived from synthetic FinalFlow scenario inputs; not observed event operations.
rail_disruption,2026-07-19T14:45:00Z,-15,ceremony,penn_station_to_secaucus,0,450,0,0.0,304,derived,Derived from synthetic FinalFlow scenario inputs; not observed event operations.
rail_disruption,2026-07-19T14:45:00Z,-15,ceremony,secaucus_to_penn_station,0,450,0,0.0,0,derived,Derived from synthetic FinalFlow scenario inputs; not observed event operations.
rail_disruption,2026-07-19T14:45:00Z,-15,ceremony,secaucus_to_meadowlands,176,300,176,0.5866666666666667,620,derived,Derived from synthetic FinalFlow scenario inputs; not observed event operations.
rail_disruption,2026-07-19T14:45:00Z,-15,ceremony,meadowlands_to_secaucus,0,300,0,0.0,0,derived,Derived from synthetic FinalFlow scenario inputs; not observed event operations.
rail_disruption,2026-07-19T14:45:00Z,-15,ceremony,meadowlands_to_stadium,216,900,216,0.24,449,derived,Derived from synthetic FinalFlow scenario inputs; not observed event operations.
rail_disruption,2026-07-19T14:45:00Z,-15,ceremony,stadium_to_meadowlands,0,900,0,0.0,0,derived,Derived from synthetic FinalFlow scenario inputs; not observed event operations.
rail_disruption,2026-07-19T14:50:00Z,-10,ceremony,midtown_to_penn_station,0,600,0,0.0,0,derived,Derived from synthetic FinalFlow scenario inputs; not observed event operations.
rail_disruption,2026-07-19T14:50:00Z,-10,ceremony,penn_station_to_midtown,0,600,0,0.0,0,derived,Derived from synthetic FinalFlow scenario inputs; not observed event operations.
rail_disruption,2026-07-19T14:50:00Z,-10,ceremony,penn_station_to_secaucus,0,450,0,0.0,140,derived,Derived from synthetic FinalFlow scenario inputs; not observed event operations.
rail_disruption,2026-07-19T14:50:00Z,-10,ceremony,secaucus_to_penn_station,0,450,0,0.0,0,derived,Derived from synthetic FinalFlow scenario inputs; not observed event operations.
rail_disruption,2026-07-19T14:50:00Z,-10,ceremony,secaucus_to_meadowlands,164,300,164,0.5466666666666666,559,derived,Derived from synthetic FinalFlow scenario inputs; not observed event operations.
rail_disruption,2026-07-19T14:50:00Z,-10,ceremony,meadowlands_to_secaucus,0,300,0,0.0,0,derived,Derived from synthetic FinalFlow scenario inputs; not observed event operations.
rail_disruption,2026-07-19T14:50:00Z,-10,ceremony,meadowlands_to_stadium,225,900,225,0.25,441,derived,Derived from synthetic FinalFlow scenario inputs; not observed event operations.
rail_disruption,2026-07-19T14:50:00Z,-10,ceremony,stadium_to_meadowlands,0,900,0,0.0,0,derived,Derived from synthetic FinalFlow scenario inputs; not observed event operations.
rail_disruption,2026-07-19T14:55:00Z,-5,ceremony,midtown_to_penn_station,0,600,0,0.0,0,derived,Derived from synthetic FinalFlow scenario inputs; not observed event operations.
rail_disruption,2026-07-19T14:55:00Z,-5,ceremony,penn_station_to_midtown,0,600,0,0.0,0,derived,Derived from synthetic FinalFlow scenario inputs; not observed event operations.
rail_disruption,2026-07-19T14:55:00Z,-5,ceremony,penn_station_to_secaucus,0,450,0,0.0,0,derived,Derived from synthetic FinalFlow scenario inputs; not observed event operations.
rail_disruption,2026-07-19T14:55:00Z,-5,ceremony,secaucus_to_penn_station,0,450,0,0.0,0,derived,Derived from synthetic FinalFlow scenario inputs; not observed event operations.
rail_disruption,2026-07-19T14:55:00Z,-5,ceremony,secaucus_to_meadowlands,140,300,140,0.4666666666666667,480,derived,Derived from synthetic FinalFlow scenario inputs; not observed event operations.
rail_disruption,2026-07-19T14:55:00Z,-5,ceremony,meadowlands_to_secaucus,0,300,0,0.0,0,derived,Derived from synthetic FinalFlow scenario inputs; not observed event operations.
rail_disruption,2026-07-19T14:55:00Z,-5,ceremony,meadowlands_to_stadium,219,900,219,0.24333333333333335,444,derived,Derived from synthetic FinalFlow scenario inputs; not observed event operations.
rail_disruption,2026-07-19T14:55:00Z,-5,ceremony,stadium_to_meadowlands,0,900,0,0.0,0,derived,Derived from synthetic FinalFlow scenario inputs; not observed event operations.
rail_disruption,2026-07-19T15:00:00Z,0,kickoff,midtown_to_penn_station,0,600,0,0.0,0,derived,Derived from synthetic FinalFlow scenario inputs; not observed event operations.
rail_disruption,2026-07-19T15:00:00Z,0,kickoff,penn_station_to_midtown,0,600,0,0.0,0,derived,Derived from synthetic FinalFlow scenario inputs; not observed event operations.
rail_disruption,2026-07-19T15:00:00Z,0,kickoff,penn_station_to_secaucus,0,450,0,0.0,0,derived,Derived from synthetic FinalFlow scenario inputs; not observed event operations.
rail_disruption,2026-07-19T15:00:00Z,0,kickoff,secaucus_to_penn_station,0,450,0,0.0,0,derived,Derived from synthetic FinalFlow scenario inputs; not observed event operations.
rail_disruption,2026-07-19T15:00:00Z,0,kickoff,secaucus_to_meadowlands,0,300,0,0.0,304,derived,Derived from synthetic FinalFlow scenario inputs; not observed event operations.
rail_disruption,2026-07-19T15:00:00Z,0,kickoff,meadowlands_to_secaucus,0,300,0,0.0,0,derived,Derived from synthetic FinalFlow scenario inputs; not observed event operations.
rail_disruption,2026-07-19T15:00:00Z,0,kickoff,meadowlands_to_stadium,176,900,176,0.19555555555555557,395,derived,Derived from synthetic FinalFlow scenario inputs; not observed event operations.
rail_disruption,2026-07-19T15:00:00Z,0,kickoff,stadium_to_meadowlands,0,900,0,0.0,0,derived,Derived from synthetic FinalFlow scenario inputs; not observed event operations.
rail_disruption,2026-07-19T15:05:00Z,5,first_half,midtown_to_penn_station,0,600,0,0.0,0,derived,Derived from synthetic FinalFlow scenario inputs; not observed event operations.
rail_disruption,2026-07-19T15:05:00Z,5,first_half,penn_station_to_midtown,0,600,0,0.0,0,derived,Derived from synthetic FinalFlow scenario inputs; not observed event operations.
rail_disruption,2026-07-19T15:05:00Z,5,first_half,penn_station_to_secaucus,0,450,0,0.0,0,derived,Derived from synthetic FinalFlow scenario inputs; not observed event operations.
rail_disruption,2026-07-19T15:05:00Z,5,first_half,secaucus_to_penn_station,0,450,0,0.0,0,derived,Derived from synthetic FinalFlow scenario inputs; not observed event operations.
rail_disruption,2026-07-19T15:05:00Z,5,first_half,secaucus_to_meadowlands,0,300,0,0.0,140,derived,Derived from synthetic FinalFlow scenario inputs; not observed event operations.
rail_disruption,2026-07-19T15:05:00Z,5,first_half,meadowlands_to_secaucus,0,300,0,0.0,0,derived,Derived from synthetic FinalFlow scenario inputs; not observed event operations.
rail_disruption,2026-07-19T15:05:00Z,5,first_half,meadowlands_to_stadium,164,900,164,0.18222222222222223,340,derived,Derived from synthetic FinalFlow scenario inputs; not observed event operations.
rail_disruption,2026-07-19T15:05:00Z,5,first_half,stadium_to_meadowlands,0,900,0,0.0,0,derived,Derived from synthetic FinalFlow scenario inputs; not observed event operations.
rail_disruption,2026-07-19T15:10:00Z,10,first_half,midtown_to_penn_station,0,600,0,0.0,0,derived,Derived from synthetic FinalFlow scenario inputs; not observed event operations.
rail_disruption,2026-07-19T15:10:00Z,10,first_half,penn_station_to_midtown,0,600,0,0.0,0,derived,Derived from synthetic FinalFlow scenario inputs; not observed event operations.
rail_disruption,2026-07-19T15:10:00Z,10,first_half,penn_station_to_secaucus,0,450,0,0.0,0,derived,Derived from synthetic FinalFlow scenario inputs; not observed event operations.
rail_disruption,2026-07-19T15:10:00Z,10,first_half,secaucus_to_penn_station,0,450,0,0.0,0,derived,Derived from synthetic FinalFlow scenario inputs; not observed event operations.
rail_disruption,2026-07-19T15:10:00Z,10,first_half,secaucus_to_meadowlands,0,300,0,0.0,0,derived,Derived from synthetic FinalFlow scenario inputs; not observed event operations.
rail_disruption,2026-07-19T15:10:00Z,10,first_half,meadowlands_to_secaucus,0,300,0,0.0,0,derived,Derived from synthetic FinalFlow scenario inputs; not observed event operations.
rail_disruption,2026-07-19T15:10:00Z,10,first_half,meadowlands_to_stadium,140,900,140,0.15555555555555556,304,derived,Derived from synthetic FinalFlow scenario inputs; not observed event operations.
rail_disruption,2026-07-19T15:10:00Z,10,first_half,stadium_to_meadowlands,0,900,0,0.0,0,derived,Derived from synthetic FinalFlow scenario inputs; not observed event operations.
rail_disruption,2026-07-19T15:15:00Z,15,first_half,midtown_to_penn_station,0,600,0,0.0,0,derived,Derived from synthetic FinalFlow scenario inputs; not observed event operations.
rail_disruption,2026-07-19T15:15:00Z,15,first_half,penn_station_to_midtown,0,600,0,0.0,0,derived,Derived from synthetic FinalFlow scenario inputs; not observed event operations.
rail_disruption,2026-07-19T15:15:00Z,15,first_half,penn_station_to_secaucus,0,450,0,0.0,0,derived,Derived from synthetic FinalFlow scenario inputs; not observed event operations.
rail_disruption,2026-07-19T15:15:00Z,15,first_half,secaucus_to_penn_station,0,450,0,0.0,0,derived,Derived from synthetic FinalFlow scenario inputs; not observed event operations.
rail_disruption,2026-07-19T15:15:00Z,15,first_half,secaucus_to_meadowlands,0,300,0,0.0,0,derived,Derived from synthetic FinalFlow scenario inputs; not observed event operations.
rail_disruption,2026-07-19T15:15:00Z,15,first_half,meadowlands_to_secaucus,0,300,0,0.0,0,derived,Derived from synthetic FinalFlow scenario inputs; not observed event operations.
rail_disruption,2026-07-19T15:15:00Z,15,first_half,meadowlands_to_stadium,0,900,0,0.0,140,derived,Derived from synthetic FinalFlow scenario inputs; not observed event operations.
rail_disruption,2026-07-19T15:15:00Z,15,first_half,stadium_to_meadowlands,0,900,0,0.0,0,derived,Derived from synthetic FinalFlow scenario inputs; not observed event operations.
rail_disruption,2026-07-19T15:20:00Z,20,first_half,midtown_to_penn_station,0,600,0,0.0,0,derived,Derived from synthetic FinalFlow scenario inputs; not observed event operations.
rail_disruption,2026-07-19T15:20:00Z,20,first_half,penn_station_to_midtown,0,600,0,0.0,0,derived,Derived from synthetic FinalFlow scenario inputs; not observed event operations.
rail_disruption,2026-07-19T15:20:00Z,20,first_half,penn_station_to_secaucus,0,450,0,0.0,0,derived,Derived from synthetic FinalFlow scenario inputs; not observed event operations.
rail_disruption,2026-07-19T15:20:00Z,20,first_half,secaucus_to_penn_station,0,450,0,0.0,0,derived,Derived from synthetic FinalFlow scenario inputs; not observed event operations.
rail_disruption,2026-07-19T15:20:00Z,20,first_half,secaucus_to_meadowlands,0,300,0,0.0,0,derived,Derived from synthetic FinalFlow scenario inputs; not observed event operations.
rail_disruption,2026-07-19T15:20:00Z,20,first_half,meadowlands_to_secaucus,0,300,0,0.0,0,derived,Derived from synthetic FinalFlow scenario inputs; not observed event operations.
rail_disruption,2026-07-19T15:20:00Z,20,first_half,meadowlands_to_stadium,0,900,0,0.0,0,derived,Derived from synthetic FinalFlow scenario inputs; not observed event operations.
rail_disruption,2026-07-19T15:20:00Z,20,first_half,stadium_to_meadowlands,0,900,0,0.0,0,derived,Derived from synthetic FinalFlow scenario inputs; not observed event operations.
rail_disruption,2026-07-19T15:25:00Z,25,first_half,midtown_to_penn_station,0,600,0,0.0,0,derived,Derived from synthetic FinalFlow scenario inputs; not observed event operations.
rail_disruption,2026-07-19T15:25:00Z,25,first_half,penn_station_to_midtown,0,600,0,0.0,0,derived,Derived from synthetic FinalFlow scenario inputs; not observed event operations.
rail_disruption,2026-07-19T15:25:00Z,25,first_half,penn_station_to_secaucus,0,450,0,0.0,0,derived,Derived from synthetic FinalFlow scenario inputs; not observed event operations.
rail_disruption,2026-07-19T15:25:00Z,25,first_half,secaucus_to_penn_station,0,450,0,0.0,0,derived,Derived from synthetic FinalFlow scenario inputs; not observed event operations.
rail_disruption,2026-07-19T15:25:00Z,25,first_half,secaucus_to_meadowlands,0,300,0,0.0,0,derived,Derived from synthetic FinalFlow scenario inputs; not observed event operations.
rail_disruption,2026-07-19T15:25:00Z,25,first_half,meadowlands_to_secaucus,0,300,0,0.0,0,derived,Derived from synthetic FinalFlow scenario inputs; not observed event operations.
rail_disruption,2026-07-19T15:25:00Z,25,first_half,meadowlands_to_stadium,0,900,0,0.0,0,derived,Derived from synthetic FinalFlow scenario inputs; not observed event operations.
rail_disruption,2026-07-19T15:25:00Z,25,first_half,stadium_to_meadowlands,0,900,0,0.0,0,derived,Derived from synthetic FinalFlow scenario inputs; not observed event operations.
rail_disruption,2026-07-19T15:30:00Z,30,first_half,midtown_to_penn_station,0,600,0,0.0,0,derived,Derived from synthetic FinalFlow scenario inputs; not observed event operations.
rail_disruption,2026-07-19T15:30:00Z,30,first_half,penn_station_to_midtown,0,600,0,0.0,0,derived,Derived from synthetic FinalFlow scenario inputs; not observed event operations.
rail_disruption,2026-07-19T15:30:00Z,30,first_half,penn_station_to_secaucus,0,450,0,0.0,0,derived,Derived from synthetic FinalFlow scenario inputs; not observed event operations.
rail_disruption,2026-07-19T15:30:00Z,30,first_half,secaucus_to_penn_station,0,450,0,0.0,0,derived,Derived from synthetic FinalFlow scenario inputs; not observed event operations.
rail_disruption,2026-07-19T15:30:00Z,30,first_half,secaucus_to_meadowlands,0,300,0,0.0,0,derived,Derived from synthetic FinalFlow scenario inputs; not observed event operations.
rail_disruption,2026-07-19T15:30:00Z,30,first_half,meadowlands_to_secaucus,0,300,0,0.0,0,derived,Derived from synthetic FinalFlow scenario inputs; not observed event operations.
rail_disruption,2026-07-19T15:30:00Z,30,first_half,meadowlands_to_stadium,0,900,0,0.0,0,derived,Derived from synthetic FinalFlow scenario inputs; not observed event operations.
rail_disruption,2026-07-19T15:30:00Z,30,first_half,stadium_to_meadowlands,0,900,0,0.0,0,derived,Derived from synthetic FinalFlow scenario inputs; not observed event operations.
rail_disruption,2026-07-19T15:35:00Z,35,first_half,midtown_to_penn_station,0,600,0,0.0,0,derived,Derived from synthetic FinalFlow scenario inputs; not observed event operations.
rail_disruption,2026-07-19T15:35:00Z,35,first_half,penn_station_to_midtown,0,600,0,0.0,0,derived,Derived from synthetic FinalFlow scenario inputs; not observed event operations.
rail_disruption,2026-07-19T15:35:00Z,35,first_half,penn_station_to_secaucus,0,450,0,0.0,0,derived,Derived from synthetic FinalFlow scenario inputs; not observed event operations.
rail_disruption,2026-07-19T15:35:00Z,35,first_half,secaucus_to_penn_station,0,450,0,0.0,0,derived,Derived from synthetic FinalFlow scenario inputs; not observed event operations.
rail_disruption,2026-07-19T15:35:00Z,35,first_half,secaucus_to_meadowlands,0,300,0,0.0,0,derived,Derived from synthetic FinalFlow scenario inputs; not observed event operations.
rail_disruption,2026-07-19T15:35:00Z,35,first_half,meadowlands_to_secaucus,0,300,0,0.0,0,derived,Derived from synthetic FinalFlow scenario inputs; not observed event operations.
rail_disruption,2026-07-19T15:35:00Z,35,first_half,meadowlands_to_stadium,0,900,0,0.0,0,derived,Derived from synthetic FinalFlow scenario inputs; not observed event operations.
rail_disruption,2026-07-19T15:35:00Z,35,first_half,stadium_to_meadowlands,0,900,0,0.0,0,derived,Derived from synthetic FinalFlow scenario inputs; not observed event operations.
rail_disruption,2026-07-19T15:40:00Z,40,first_half,midtown_to_penn_station,0,600,0,0.0,0,derived,Derived from synthetic FinalFlow scenario inputs; not observed event operations.
rail_disruption,2026-07-19T15:40:00Z,40,first_half,penn_station_to_midtown,0,600,0,0.0,0,derived,Derived from synthetic FinalFlow scenario inputs; not observed event operations.
rail_disruption,2026-07-19T15:40:00Z,40,first_half,penn_station_to_secaucus,0,450,0,0.0,0,derived,Derived from synthetic FinalFlow scenario inputs; not observed event operations.
rail_disruption,2026-07-19T15:40:00Z,40,first_half,secaucus_to_penn_station,0,450,0,0.0,0,derived,Derived from synthetic FinalFlow scenario inputs; not observed event operations.
rail_disruption,2026-07-19T15:40:00Z,40,first_half,secaucus_to_meadowlands,0,300,0,0.0,0,derived,Derived from synthetic FinalFlow scenario inputs; not observed event operations.
rail_disruption,2026-07-19T15:40:00Z,40,first_half,meadowlands_to_secaucus,0,300,0,0.0,0,derived,Derived from synthetic FinalFlow scenario inputs; not observed event operations.
rail_disruption,2026-07-19T15:40:00Z,40,first_half,meadowlands_to_stadium,0,900,0,0.0,0,derived,Derived from synthetic FinalFlow scenario inputs; not observed event operations.
rail_disruption,2026-07-19T15:40:00Z,40,first_half,stadium_to_meadowlands,0,900,0,0.0,0,derived,Derived from synthetic FinalFlow scenario inputs; not observed event operations.
rail_disruption,2026-07-19T15:45:00Z,45,first_half_end,midtown_to_penn_station,0,600,0,0.0,0,derived,Derived from synthetic FinalFlow scenario inputs; not observed event operations.
rail_disruption,2026-07-19T15:45:00Z,45,first_half_end,penn_station_to_midtown,0,600,0,0.0,0,derived,Derived from synthetic FinalFlow scenario inputs; not observed event operations.
rail_disruption,2026-07-19T15:45:00Z,45,first_half_end,penn_station_to_secaucus,0,450,0,0.0,0,derived,Derived from synthetic FinalFlow scenario inputs; not observed event operations.
rail_disruption,2026-07-19T15:45:00Z,45,first_half_end,secaucus_to_penn_station,0,450,0,0.0,0,derived,Derived from synthetic FinalFlow scenario inputs; not observed event operations.
rail_disruption,2026-07-19T15:45:00Z,45,first_half_end,secaucus_to_meadowlands,0,300,0,0.0,0,derived,Derived from synthetic FinalFlow scenario inputs; not observed event operations.
rail_disruption,2026-07-19T15:45:00Z,45,first_half_end,meadowlands_to_secaucus,0,300,0,0.0,0,derived,Derived from synthetic FinalFlow scenario inputs; not observed event operations.
rail_disruption,2026-07-19T15:45:00Z,45,first_half_end,meadowlands_to_stadium,0,900,0,0.0,0,derived,Derived from synthetic FinalFlow scenario inputs; not observed event operations.
rail_disruption,2026-07-19T15:45:00Z,45,first_half_end,stadium_to_meadowlands,0,900,0,0.0,0,derived,Derived from synthetic FinalFlow scenario inputs; not observed event operations.
rail_disruption,2026-07-19T15:50:00Z,50,halftime,midtown_to_penn_station,0,600,0,0.0,0,derived,Derived from synthetic FinalFlow scenario inputs; not observed event operations.
rail_disruption,2026-07-19T15:50:00Z,50,halftime,penn_station_to_midtown,0,600,0,0.0,0,derived,Derived from synthetic FinalFlow scenario inputs; not observed event operations.
rail_disruption,2026-07-19T15:50:00Z,50,halftime,penn_station_to_secaucus,0,450,0,0.0,0,derived,Derived from synthetic FinalFlow scenario inputs; not observed event operations.
rail_disruption,2026-07-19T15:50:00Z,50,halftime,secaucus_to_penn_station,0,450,0,0.0,0,derived,Derived from synthetic FinalFlow scenario inputs; not observed event operations.
rail_disruption,2026-07-19T15:50:00Z,50,halftime,secaucus_to_meadowlands,0,300,0,0.0,0,derived,Derived from synthetic FinalFlow scenario inputs; not observed event operations.
rail_disruption,2026-07-19T15:50:00Z,50,halftime,meadowlands_to_secaucus,0,300,0,0.0,0,derived,Derived from synthetic FinalFlow scenario inputs; not observed event operations.
rail_disruption,2026-07-19T15:50:00Z,50,halftime,meadowlands_to_stadium,0,900,0,0.0,0,derived,Derived from synthetic FinalFlow scenario inputs; not observed event operations.
rail_disruption,2026-07-19T15:50:00Z,50,halftime,stadium_to_meadowlands,0,900,0,0.0,0,derived,Derived from synthetic FinalFlow scenario inputs; not observed event operations.
rail_disruption,2026-07-19T15:55:00Z,55,halftime,midtown_to_penn_station,0,600,0,0.0,0,derived,Derived from synthetic FinalFlow scenario inputs; not observed event operations.
rail_disruption,2026-07-19T15:55:00Z,55,halftime,penn_station_to_midtown,0,600,0,0.0,0,derived,Derived from synthetic FinalFlow scenario inputs; not observed event operations.
rail_disruption,2026-07-19T15:55:00Z,55,halftime,penn_station_to_secaucus,0,450,0,0.0,0,derived,Derived from synthetic FinalFlow scenario inputs; not observed event operations.
rail_disruption,2026-07-19T15:55:00Z,55,halftime,secaucus_to_penn_station,0,450,0,0.0,0,derived,Derived from synthetic FinalFlow scenario inputs; not observed event operations.
rail_disruption,2026-07-19T15:55:00Z,55,halftime,secaucus_to_meadowlands,0,300,0,0.0,0,derived,Derived from synthetic FinalFlow scenario inputs; not observed event operations.
rail_disruption,2026-07-19T15:55:00Z,55,halftime,meadowlands_to_secaucus,0,300,0,0.0,0,derived,Derived from synthetic FinalFlow scenario inputs; not observed event operations.
rail_disruption,2026-07-19T15:55:00Z,55,halftime,meadowlands_to_stadium,0,900,0,0.0,0,derived,Derived from synthetic FinalFlow scenario inputs; not observed event operations.
rail_disruption,2026-07-19T15:55:00Z,55,halftime,stadium_to_meadowlands,0,900,0,0.0,0,derived,Derived from synthetic FinalFlow scenario inputs; not observed event operations.
rail_disruption,2026-07-19T16:00:00Z,60,second_half,midtown_to_penn_station,0,600,0,0.0,0,derived,Derived from synthetic FinalFlow scenario inputs; not observed event operations.
rail_disruption,2026-07-19T16:00:00Z,60,second_half,penn_station_to_midtown,0,600,0,0.0,0,derived,Derived from synthetic FinalFlow scenario inputs; not observed event operations.
rail_disruption,2026-07-19T16:00:00Z,60,second_half,penn_station_to_secaucus,0,450,0,0.0,0,derived,Derived from synthetic FinalFlow scenario inputs; not observed event operations.
rail_disruption,2026-07-19T16:00:00Z,60,second_half,secaucus_to_penn_station,0,450,0,0.0,0,derived,Derived from synthetic FinalFlow scenario inputs; not observed event operations.
rail_disruption,2026-07-19T16:00:00Z,60,second_half,secaucus_to_meadowlands,0,300,0,0.0,0,derived,Derived from synthetic FinalFlow scenario inputs; not observed event operations.
rail_disruption,2026-07-19T16:00:00Z,60,second_half,meadowlands_to_secaucus,0,300,0,0.0,0,derived,Derived from synthetic FinalFlow scenario inputs; not observed event operations.
rail_disruption,2026-07-19T16:00:00Z,60,second_half,meadowlands_to_stadium,0,900,0,0.0,0,derived,Derived from synthetic FinalFlow scenario inputs; not observed event operations.
rail_disruption,2026-07-19T16:00:00Z,60,second_half,stadium_to_meadowlands,0,900,0,0.0,0,derived,Derived from synthetic FinalFlow scenario inputs; not observed event operations.
rail_disruption,2026-07-19T16:05:00Z,65,second_half,midtown_to_penn_station,0,600,0,0.0,0,derived,Derived from synthetic FinalFlow scenario inputs; not observed event operations.
rail_disruption,2026-07-19T16:05:00Z,65,second_half,penn_station_to_midtown,0,600,0,0.0,0,derived,Derived from synthetic FinalFlow scenario inputs; not observed event operations.
rail_disruption,2026-07-19T16:05:00Z,65,second_half,penn_station_to_secaucus,0,450,0,0.0,0,derived,Derived from synthetic FinalFlow scenario inputs; not observed event operations.
rail_disruption,2026-07-19T16:05:00Z,65,second_half,secaucus_to_penn_station,0,450,0,0.0,0,derived,Derived from synthetic FinalFlow scenario inputs; not observed event operations.
rail_disruption,2026-07-19T16:05:00Z,65,second_half,secaucus_to_meadowlands,0,300,0,0.0,0,derived,Derived from synthetic FinalFlow scenario inputs; not observed event operations.
rail_disruption,2026-07-19T16:05:00Z,65,second_half,meadowlands_to_secaucus,0,300,0,0.0,0,derived,Derived from synthetic FinalFlow scenario inputs; not observed event operations.
rail_disruption,2026-07-19T16:05:00Z,65,second_half,meadowlands_to_stadium,0,900,0,0.0,0,derived,Derived from synthetic FinalFlow scenario inputs; not observed event operations.
rail_disruption,2026-07-19T16:05:00Z,65,second_half,stadium_to_meadowlands,0,900,0,0.0,0,derived,Derived from synthetic FinalFlow scenario inputs; not observed event operations.
rail_disruption,2026-07-19T16:10:00Z,70,second_half,midtown_to_penn_station,0,600,0,0.0,0,derived,Derived from synthetic FinalFlow scenario inputs; not observed event operations.
rail_disruption,2026-07-19T16:10:00Z,70,second_half,penn_station_to_midtown,0,600,0,0.0,0,derived,Derived from synthetic FinalFlow scenario inputs; not observed event operations.
rail_disruption,2026-07-19T16:10:00Z,70,second_half,penn_station_to_secaucus,0,450,0,0.0,0,derived,Derived from synthetic FinalFlow scenario inputs; not observed event operations.
rail_disruption,2026-07-19T16:10:00Z,70,second_half,secaucus_to_penn_station,0,450,0,0.0,0,derived,Derived from synthetic FinalFlow scenario inputs; not observed event operations.
rail_disruption,2026-07-19T16:10:00Z,70,second_half,secaucus_to_meadowlands,0,300,0,0.0,0,derived,Derived from synthetic FinalFlow scenario inputs; not observed event operations.
rail_disruption,2026-07-19T16:10:00Z,70,second_half,meadowlands_to_secaucus,0,300,0,0.0,0,derived,Derived from synthetic FinalFlow scenario inputs; not observed event operations.
rail_disruption,2026-07-19T16:10:00Z,70,second_half,meadowlands_to_stadium,0,900,0,0.0,0,derived,Derived from synthetic FinalFlow scenario inputs; not observed event operations.
rail_disruption,2026-07-19T16:10:00Z,70,second_half,stadium_to_meadowlands,0,900,0,0.0,0,derived,Derived from synthetic FinalFlow scenario inputs; not observed event operations.
rail_disruption,2026-07-19T16:15:00Z,75,second_half,midtown_to_penn_station,0,600,0,0.0,0,derived,Derived from synthetic FinalFlow scenario inputs; not observed event operations.
rail_disruption,2026-07-19T16:15:00Z,75,second_half,penn_station_to_midtown,0,600,0,0.0,0,derived,Derived from synthetic FinalFlow scenario inputs; not observed event operations.
rail_disruption,2026-07-19T16:15:00Z,75,second_half,penn_station_to_secaucus,0,450,0,0.0,0,derived,Derived from synthetic FinalFlow scenario inputs; not observed event operations.
rail_disruption,2026-07-19T16:15:00Z,75,second_half,secaucus_to_penn_station,0,450,0,0.0,0,derived,Derived from synthetic FinalFlow scenario inputs; not observed event operations.
rail_disruption,2026-07-19T16:15:00Z,75,second_half,secaucus_to_meadowlands,0,300,0,0.0,0,derived,Derived from synthetic FinalFlow scenario inputs; not observed event operations.
rail_disruption,2026-07-19T16:15:00Z,75,second_half,meadowlands_to_secaucus,0,300,0,0.0,0,derived,Derived from synthetic FinalFlow scenario inputs; not observed event operations.
rail_disruption,2026-07-19T16:15:00Z,75,second_half,meadowlands_to_stadium,0,900,0,0.0,0,derived,Derived from synthetic FinalFlow scenario inputs; not observed event operations.
rail_disruption,2026-07-19T16:15:00Z,75,second_half,stadium_to_meadowlands,0,900,0,0.0,0,derived,Derived from synthetic FinalFlow scenario inputs; not observed event operations.
rail_disruption,2026-07-19T16:20:00Z,80,second_half,midtown_to_penn_station,0,600,0,0.0,0,derived,Derived from synthetic FinalFlow scenario inputs; not observed event operations.
rail_disruption,2026-07-19T16:20:00Z,80,second_half,penn_station_to_midtown,0,600,0,0.0,0,derived,Derived from synthetic FinalFlow scenario inputs; not observed event operations.
rail_disruption,2026-07-19T16:20:00Z,80,second_half,penn_station_to_secaucus,0,450,0,0.0,0,derived,Derived from synthetic FinalFlow scenario inputs; not observed event operations.
rail_disruption,2026-07-19T16:20:00Z,80,second_half,secaucus_to_penn_station,0,450,0,0.0,0,derived,Derived from synthetic FinalFlow scenario inputs; not observed event operations.
rail_disruption,2026-07-19T16:20:00Z,80,second_half,secaucus_to_meadowlands,0,300,0,0.0,0,derived,Derived from synthetic FinalFlow scenario inputs; not observed event operations.
rail_disruption,2026-07-19T16:20:00Z,80,second_half,meadowlands_to_secaucus,0,300,0,0.0,0,derived,Derived from synthetic FinalFlow scenario inputs; not observed event operations.
rail_disruption,2026-07-19T16:20:00Z,80,second_half,meadowlands_to_stadium,0,900,0,0.0,0,derived,Derived from synthetic FinalFlow scenario inputs; not observed event operations.
rail_disruption,2026-07-19T16:20:00Z,80,second_half,stadium_to_meadowlands,0,900,0,0.0,0,derived,Derived from synthetic FinalFlow scenario inputs; not observed event operations.
rail_disruption,2026-07-19T16:25:00Z,85,second_half,midtown_to_penn_station,0,600,0,0.0,0,derived,Derived from synthetic FinalFlow scenario inputs; not observed event operations.
rail_disruption,2026-07-19T16:25:00Z,85,second_half,penn_station_to_midtown,0,600,0,0.0,0,derived,Derived from synthetic FinalFlow scenario inputs; not observed event operations.
rail_disruption,2026-07-19T16:25:00Z,85,second_half,penn_station_to_secaucus,0,450,0,0.0,0,derived,Derived from synthetic FinalFlow scenario inputs; not observed event operations.
rail_disruption,2026-07-19T16:25:00Z,85,second_half,secaucus_to_penn_station,0,450,0,0.0,0,derived,Derived from synthetic FinalFlow scenario inputs; not observed event operations.
rail_disruption,2026-07-19T16:25:00Z,85,second_half,secaucus_to_meadowlands,0,300,0,0.0,0,derived,Derived from synthetic FinalFlow scenario inputs; not observed event operations.
rail_disruption,2026-07-19T16:25:00Z,85,second_half,meadowlands_to_secaucus,0,300,0,0.0,0,derived,Derived from synthetic FinalFlow scenario inputs; not observed event operations.
rail_disruption,2026-07-19T16:25:00Z,85,second_half,meadowlands_to_stadium,0,900,0,0.0,0,derived,Derived from synthetic FinalFlow scenario inputs; not observed event operations.
rail_disruption,2026-07-19T16:25:00Z,85,second_half,stadium_to_meadowlands,0,900,0,0.0,0,derived,Derived from synthetic FinalFlow scenario inputs; not observed event operations.
rail_disruption,2026-07-19T16:30:00Z,90,second_half,midtown_to_penn_station,0,600,0,0.0,0,derived,Derived from synthetic FinalFlow scenario inputs; not observed event operations.
rail_disruption,2026-07-19T16:30:00Z,90,second_half,penn_station_to_midtown,0,600,0,0.0,0,derived,Derived from synthetic FinalFlow scenario inputs; not observed event operations.
rail_disruption,2026-07-19T16:30:00Z,90,second_half,penn_station_to_secaucus,0,450,0,0.0,0,derived,Derived from synthetic FinalFlow scenario inputs; not observed event operations.
rail_disruption,2026-07-19T16:30:00Z,90,second_half,secaucus_to_penn_station,0,450,0,0.0,0,derived,Derived from synthetic FinalFlow scenario inputs; not observed event operations.
rail_disruption,2026-07-19T16:30:00Z,90,second_half,secaucus_to_meadowlands,0,300,0,0.0,0,derived,Derived from synthetic FinalFlow scenario inputs; not observed event operations.
rail_disruption,2026-07-19T16:30:00Z,90,second_half,meadowlands_to_secaucus,0,300,0,0.0,0,derived,Derived from synthetic FinalFlow scenario inputs; not observed event operations.
rail_disruption,2026-07-19T16:30:00Z,90,second_half,meadowlands_to_stadium,0,900,0,0.0,0,derived,Derived from synthetic FinalFlow scenario inputs; not observed event operations.
rail_disruption,2026-07-19T16:30:00Z,90,second_half,stadium_to_meadowlands,0,900,0,0.0,0,derived,Derived from synthetic FinalFlow scenario inputs; not observed event operations.
rail_disruption,2026-07-19T16:35:00Z,95,second_half,midtown_to_penn_station,0,600,0,0.0,0,derived,Derived from synthetic FinalFlow scenario inputs; not observed event operations.
rail_disruption,2026-07-19T16:35:00Z,95,second_half,penn_station_to_midtown,0,600,0,0.0,0,derived,Derived from synthetic FinalFlow scenario inputs; not observed event operations.
rail_disruption,2026-07-19T16:35:00Z,95,second_half,penn_station_to_secaucus,0,450,0,0.0,0,derived,Derived from synthetic FinalFlow scenario inputs; not observed event operations.
rail_disruption,2026-07-19T16:35:00Z,95,second_half,secaucus_to_penn_station,0,450,0,0.0,0,derived,Derived from synthetic FinalFlow scenario inputs; not observed event operations.
rail_disruption,2026-07-19T16:35:00Z,95,second_half,secaucus_to_meadowlands,0,300,0,0.0,0,derived,Derived from synthetic FinalFlow scenario inputs; not observed event operations.
rail_disruption,2026-07-19T16:35:00Z,95,second_half,meadowlands_to_secaucus,0,300,0,0.0,0,derived,Derived from synthetic FinalFlow scenario inputs; not observed event operations.
rail_disruption,2026-07-19T16:35:00Z,95,second_half,meadowlands_to_stadium,0,900,0,0.0,0,derived,Derived from synthetic FinalFlow scenario inputs; not observed event operations.
rail_disruption,2026-07-19T16:35:00Z,95,second_half,stadium_to_meadowlands,0,900,0,0.0,0,derived,Derived from synthetic FinalFlow scenario inputs; not observed event operations.
rail_disruption,2026-07-19T16:40:00Z,100,second_half,midtown_to_penn_station,0,600,0,0.0,0,derived,Derived from synthetic FinalFlow scenario inputs; not observed event operations.
rail_disruption,2026-07-19T16:40:00Z,100,second_half,penn_station_to_midtown,0,600,0,0.0,0,derived,Derived from synthetic FinalFlow scenario inputs; not observed event operations.
rail_disruption,2026-07-19T16:40:00Z,100,second_half,penn_station_to_secaucus,0,450,0,0.0,0,derived,Derived from synthetic FinalFlow scenario inputs; not observed event operations.
rail_disruption,2026-07-19T16:40:00Z,100,second_half,secaucus_to_penn_station,0,450,0,0.0,0,derived,Derived from synthetic FinalFlow scenario inputs; not observed event operations.
rail_disruption,2026-07-19T16:40:00Z,100,second_half,secaucus_to_meadowlands,0,300,0,0.0,0,derived,Derived from synthetic FinalFlow scenario inputs; not observed event operations.
rail_disruption,2026-07-19T16:40:00Z,100,second_half,meadowlands_to_secaucus,0,300,0,0.0,0,derived,Derived from synthetic FinalFlow scenario inputs; not observed event operations.
rail_disruption,2026-07-19T16:40:00Z,100,second_half,meadowlands_to_stadium,0,900,0,0.0,0,derived,Derived from synthetic FinalFlow scenario inputs; not observed event operations.
rail_disruption,2026-07-19T16:40:00Z,100,second_half,stadium_to_meadowlands,0,900,0,0.0,0,derived,Derived from synthetic FinalFlow scenario inputs; not observed event operations.
rail_disruption,2026-07-19T16:45:00Z,105,regulation_end,midtown_to_penn_station,0,600,0,0.0,0,derived,Derived from synthetic FinalFlow scenario inputs; not observed event operations.
rail_disruption,2026-07-19T16:45:00Z,105,regulation_end,penn_station_to_midtown,0,600,0,0.0,0,derived,Derived from synthetic FinalFlow scenario inputs; not observed event operations.
rail_disruption,2026-07-19T16:45:00Z,105,regulation_end,penn_station_to_secaucus,0,450,0,0.0,0,derived,Derived from synthetic FinalFlow scenario inputs; not observed event operations.
rail_disruption,2026-07-19T16:45:00Z,105,regulation_end,secaucus_to_penn_station,0,450,0,0.0,0,derived,Derived from synthetic FinalFlow scenario inputs; not observed event operations.
rail_disruption,2026-07-19T16:45:00Z,105,regulation_end,secaucus_to_meadowlands,0,300,0,0.0,0,derived,Derived from synthetic FinalFlow scenario inputs; not observed event operations.
rail_disruption,2026-07-19T16:45:00Z,105,regulation_end,meadowlands_to_secaucus,0,300,0,0.0,0,derived,Derived from synthetic FinalFlow scenario inputs; not observed event operations.
rail_disruption,2026-07-19T16:45:00Z,105,regulation_end,meadowlands_to_stadium,0,900,0,0.0,0,derived,Derived from synthetic FinalFlow scenario inputs; not observed event operations.
rail_disruption,2026-07-19T16:45:00Z,105,regulation_end,stadium_to_meadowlands,0,900,0,0.0,0,derived,Derived from synthetic FinalFlow scenario inputs; not observed event operations.
rail_disruption,2026-07-19T16:50:00Z,110,extra_time,midtown_to_penn_station,0,600,0,0.0,0,derived,Derived from synthetic FinalFlow scenario inputs; not observed event operations.
rail_disruption,2026-07-19T16:50:00Z,110,extra_time,penn_station_to_midtown,0,600,0,0.0,0,derived,Derived from synthetic FinalFlow scenario inputs; not observed event operations.
rail_disruption,2026-07-19T16:50:00Z,110,extra_time,penn_station_to_secaucus,0,450,0,0.0,0,derived,Derived from synthetic FinalFlow scenario inputs; not observed event operations.
rail_disruption,2026-07-19T16:50:00Z,110,extra_time,secaucus_to_penn_station,0,450,0,0.0,0,derived,Derived from synthetic FinalFlow scenario inputs; not observed event operations.
rail_disruption,2026-07-19T16:50:00Z,110,extra_time,secaucus_to_meadowlands,0,300,0,0.0,0,derived,Derived from synthetic FinalFlow scenario inputs; not observed event operations.
rail_disruption,2026-07-19T16:50:00Z,110,extra_time,meadowlands_to_secaucus,0,300,0,0.0,0,derived,Derived from synthetic FinalFlow scenario inputs; not observed event operations.
rail_disruption,2026-07-19T16:50:00Z,110,extra_time,meadowlands_to_stadium,0,900,0,0.0,0,derived,Derived from synthetic FinalFlow scenario inputs; not observed event operations.
rail_disruption,2026-07-19T16:50:00Z,110,extra_time,stadium_to_meadowlands,0,900,0,0.0,0,derived,Derived from synthetic FinalFlow scenario inputs; not observed event operations.
rail_disruption,2026-07-19T16:55:00Z,115,extra_time,midtown_to_penn_station,0,600,0,0.0,0,derived,Derived from synthetic FinalFlow scenario inputs; not observed event operations.
rail_disruption,2026-07-19T16:55:00Z,115,extra_time,penn_station_to_midtown,0,600,0,0.0,0,derived,Derived from synthetic FinalFlow scenario inputs; not observed event operations.
rail_disruption,2026-07-19T16:55:00Z,115,extra_time,penn_station_to_secaucus,0,450,0,0.0,0,derived,Derived from synthetic FinalFlow scenario inputs; not observed event operations.
rail_disruption,2026-07-19T16:55:00Z,115,extra_time,secaucus_to_penn_station,0,450,0,0.0,0,derived,Derived from synthetic FinalFlow scenario inputs; not observed event operations.
rail_disruption,2026-07-19T16:55:00Z,115,extra_time,secaucus_to_meadowlands,0,300,0,0.0,0,derived,Derived from synthetic FinalFlow scenario inputs; not observed event operations.
rail_disruption,2026-07-19T16:55:00Z,115,extra_time,meadowlands_to_secaucus,0,300,0,0.0,0,derived,Derived from synthetic FinalFlow scenario inputs; not observed event operations.
rail_disruption,2026-07-19T16:55:00Z,115,extra_time,meadowlands_to_stadium,0,900,0,0.0,0,derived,Derived from synthetic FinalFlow scenario inputs; not observed event operations.
rail_disruption,2026-07-19T16:55:00Z,115,extra_time,stadium_to_meadowlands,0,900,0,0.0,0,derived,Derived from synthetic FinalFlow scenario inputs; not observed event operations.
rail_disruption,2026-07-19T17:00:00Z,120,extra_time,midtown_to_penn_station,0,600,0,0.0,0,derived,Derived from synthetic FinalFlow scenario inputs; not observed event operations.
rail_disruption,2026-07-19T17:00:00Z,120,extra_time,penn_station_to_midtown,0,600,0,0.0,0,derived,Derived from synthetic FinalFlow scenario inputs; not observed event operations.
rail_disruption,2026-07-19T17:00:00Z,120,extra_time,penn_station_to_secaucus,0,450,0,0.0,0,derived,Derived from synthetic FinalFlow scenario inputs; not observed event operations.
rail_disruption,2026-07-19T17:00:00Z,120,extra_time,secaucus_to_penn_station,0,450,0,0.0,0,derived,Derived from synthetic FinalFlow scenario inputs; not observed event operations.
rail_disruption,2026-07-19T17:00:00Z,120,extra_time,secaucus_to_meadowlands,0,300,0,0.0,0,derived,Derived from synthetic FinalFlow scenario inputs; not observed event operations.
rail_disruption,2026-07-19T17:00:00Z,120,extra_time,meadowlands_to_secaucus,0,300,0,0.0,0,derived,Derived from synthetic FinalFlow scenario inputs; not observed event operations.
rail_disruption,2026-07-19T17:00:00Z,120,extra_time,meadowlands_to_stadium,0,900,0,0.0,0,derived,Derived from synthetic FinalFlow scenario inputs; not observed event operations.
rail_disruption,2026-07-19T17:00:00Z,120,extra_time,stadium_to_meadowlands,0,900,0,0.0,0,derived,Derived from synthetic FinalFlow scenario inputs; not observed event operations.
rail_disruption,2026-07-19T17:05:00Z,125,extra_time,midtown_to_penn_station,0,600,0,0.0,0,derived,Derived from synthetic FinalFlow scenario inputs; not observed event operations.
rail_disruption,2026-07-19T17:05:00Z,125,extra_time,penn_station_to_midtown,0,600,0,0.0,0,derived,Derived from synthetic FinalFlow scenario inputs; not observed event operations.
rail_disruption,2026-07-19T17:05:00Z,125,extra_time,penn_station_to_secaucus,0,450,0,0.0,0,derived,Derived from synthetic FinalFlow scenario inputs; not observed event operations.
rail_disruption,2026-07-19T17:05:00Z,125,extra_time,secaucus_to_penn_station,0,450,0,0.0,0,derived,Derived from synthetic FinalFlow scenario inputs; not observed event operations.
rail_disruption,2026-07-19T17:05:00Z,125,extra_time,secaucus_to_meadowlands,0,300,0,0.0,0,derived,Derived from synthetic FinalFlow scenario inputs; not observed event operations.
rail_disruption,2026-07-19T17:05:00Z,125,extra_time,meadowlands_to_secaucus,0,300,0,0.0,0,derived,Derived from synthetic FinalFlow scenario inputs; not observed event operations.
rail_disruption,2026-07-19T17:05:00Z,125,extra_time,meadowlands_to_stadium,0,900,0,0.0,0,derived,Derived from synthetic FinalFlow scenario inputs; not observed event operations.
rail_disruption,2026-07-19T17:05:00Z,125,extra_time,stadium_to_meadowlands,0,900,0,0.0,0,derived,Derived from synthetic FinalFlow scenario inputs; not observed event operations.
rail_disruption,2026-07-19T17:10:00Z,130,extra_time,midtown_to_penn_station,0,600,0,0.0,0,derived,Derived from synthetic FinalFlow scenario inputs; not observed event operations.
rail_disruption,2026-07-19T17:10:00Z,130,extra_time,penn_station_to_midtown,0,600,0,0.0,0,derived,Derived from synthetic FinalFlow scenario inputs; not observed event operations.
rail_disruption,2026-07-19T17:10:00Z,130,extra_time,penn_station_to_secaucus,0,450,0,0.0,0,derived,Derived from synthetic FinalFlow scenario inputs; not observed event operations.
rail_disruption,2026-07-19T17:10:00Z,130,extra_time,secaucus_to_penn_station,0,450,0,0.0,0,derived,Derived from synthetic FinalFlow scenario inputs; not observed event operations.
rail_disruption,2026-07-19T17:10:00Z,130,extra_time,secaucus_to_meadowlands,0,300,0,0.0,0,derived,Derived from synthetic FinalFlow scenario inputs; not observed event operations.
rail_disruption,2026-07-19T17:10:00Z,130,extra_time,meadowlands_to_secaucus,0,300,0,0.0,0,derived,Derived from synthetic FinalFlow scenario inputs; not observed event operations.
rail_disruption,2026-07-19T17:10:00Z,130,extra_time,meadowlands_to_stadium,0,900,0,0.0,0,derived,Derived from synthetic FinalFlow scenario inputs; not observed event operations.
rail_disruption,2026-07-19T17:10:00Z,130,extra_time,stadium_to_meadowlands,0,900,0,0.0,0,derived,Derived from synthetic FinalFlow scenario inputs; not observed event operations.
rail_disruption,2026-07-19T17:15:00Z,135,final_whistle,midtown_to_penn_station,0,600,0,0.0,0,derived,Derived from synthetic FinalFlow scenario inputs; not observed event operations.
rail_disruption,2026-07-19T17:15:00Z,135,final_whistle,penn_station_to_midtown,0,600,0,0.0,0,derived,Derived from synthetic FinalFlow scenario inputs; not observed event operations.
rail_disruption,2026-07-19T17:15:00Z,135,final_whistle,penn_station_to_secaucus,0,450,0,0.0,0,derived,Derived from synthetic FinalFlow scenario inputs; not observed event operations.
rail_disruption,2026-07-19T17:15:00Z,135,final_whistle,secaucus_to_penn_station,0,450,0,0.0,0,derived,Derived from synthetic FinalFlow scenario inputs; not observed event operations.
rail_disruption,2026-07-19T17:15:00Z,135,final_whistle,secaucus_to_meadowlands,0,300,0,0.0,0,derived,Derived from synthetic FinalFlow scenario inputs; not observed event operations.
rail_disruption,2026-07-19T17:15:00Z,135,final_whistle,meadowlands_to_secaucus,0,300,0,0.0,0,derived,Derived from synthetic FinalFlow scenario inputs; not observed event operations.
rail_disruption,2026-07-19T17:15:00Z,135,final_whistle,meadowlands_to_stadium,0,900,0,0.0,0,derived,Derived from synthetic FinalFlow scenario inputs; not observed event operations.
rail_disruption,2026-07-19T17:15:00Z,135,final_whistle,stadium_to_meadowlands,662,900,662,0.7355555555555555,662,derived,Derived from synthetic FinalFlow scenario inputs; not observed event operations.
rail_disruption,2026-07-19T17:20:00Z,140,post_match,midtown_to_penn_station,0,600,0,0.0,0,derived,Derived from synthetic FinalFlow scenario inputs; not observed event operations.
rail_disruption,2026-07-19T17:20:00Z,140,post_match,penn_station_to_midtown,0,600,0,0.0,0,derived,Derived from synthetic FinalFlow scenario inputs; not observed event operations.
rail_disruption,2026-07-19T17:20:00Z,140,post_match,penn_station_to_secaucus,0,450,0,0.0,0,derived,Derived from synthetic FinalFlow scenario inputs; not observed event operations.
rail_disruption,2026-07-19T17:20:00Z,140,post_match,secaucus_to_penn_station,0,450,0,0.0,0,derived,Derived from synthetic FinalFlow scenario inputs; not observed event operations.
rail_disruption,2026-07-19T17:20:00Z,140,post_match,secaucus_to_meadowlands,0,300,0,0.0,0,derived,Derived from synthetic FinalFlow scenario inputs; not observed event operations.
rail_disruption,2026-07-19T17:20:00Z,140,post_match,meadowlands_to_secaucus,0,300,0,0.0,0,derived,Derived from synthetic FinalFlow scenario inputs; not observed event operations.
rail_disruption,2026-07-19T17:20:00Z,140,post_match,meadowlands_to_stadium,0,900,0,0.0,0,derived,Derived from synthetic FinalFlow scenario inputs; not observed event operations.
rail_disruption,2026-07-19T17:20:00Z,140,post_match,stadium_to_meadowlands,621,900,621,0.69,1283,derived,Derived from synthetic FinalFlow scenario inputs; not observed event operations.
rail_disruption,2026-07-19T17:25:00Z,145,post_match,midtown_to_penn_station,0,600,0,0.0,0,derived,Derived from synthetic FinalFlow scenario inputs; not observed event operations.
rail_disruption,2026-07-19T17:25:00Z,145,post_match,penn_station_to_midtown,0,600,0,0.0,0,derived,Derived from synthetic FinalFlow scenario inputs; not observed event operations.
rail_disruption,2026-07-19T17:25:00Z,145,post_match,penn_station_to_secaucus,0,450,0,0.0,0,derived,Derived from synthetic FinalFlow scenario inputs; not observed event operations.
rail_disruption,2026-07-19T17:25:00Z,145,post_match,secaucus_to_penn_station,0,450,0,0.0,0,derived,Derived from synthetic FinalFlow scenario inputs; not observed event operations.
rail_disruption,2026-07-19T17:25:00Z,145,post_match,secaucus_to_meadowlands,0,300,0,0.0,0,derived,Derived from synthetic FinalFlow scenario inputs; not observed event operations.
rail_disruption,2026-07-19T17:25:00Z,145,post_match,meadowlands_to_secaucus,609,300,300,1.0,300,derived,Derived from synthetic FinalFlow scenario inputs; not observed event operations.
rail_disruption,2026-07-19T17:25:00Z,145,post_match,meadowlands_to_stadium,0,900,0,0.0,0,derived,Derived from synthetic FinalFlow scenario inputs; not observed event operations.
rail_disruption,2026-07-19T17:25:00Z,145,post_match,stadium_to_meadowlands,400,900,400,0.4444444444444444,1021,derived,Derived from synthetic FinalFlow scenario inputs; not observed event operations.
rail_disruption,2026-07-19T17:30:00Z,150,post_match,midtown_to_penn_station,0,600,0,0.0,0,derived,Derived from synthetic FinalFlow scenario inputs; not observed event operations.
rail_disruption,2026-07-19T17:30:00Z,150,post_match,penn_station_to_midtown,0,600,0,0.0,0,derived,Derived from synthetic FinalFlow scenario inputs; not observed event operations.
rail_disruption,2026-07-19T17:30:00Z,150,post_match,penn_station_to_secaucus,0,450,0,0.0,0,derived,Derived from synthetic FinalFlow scenario inputs; not observed event operations.
rail_disruption,2026-07-19T17:30:00Z,150,post_match,secaucus_to_penn_station,0,450,0,0.0,0,derived,Derived from synthetic FinalFlow scenario inputs; not observed event operations.
rail_disruption,2026-07-19T17:30:00Z,150,post_match,secaucus_to_meadowlands,0,300,0,0.0,0,derived,Derived from synthetic FinalFlow scenario inputs; not observed event operations.
rail_disruption,2026-07-19T17:30:00Z,150,post_match,meadowlands_to_secaucus,880,300,300,1.0,600,derived,Derived from synthetic FinalFlow scenario inputs; not observed event operations.
rail_disruption,2026-07-19T17:30:00Z,150,post_match,meadowlands_to_stadium,0,900,0,0.0,0,derived,Derived from synthetic FinalFlow scenario inputs; not observed event operations.
rail_disruption,2026-07-19T17:30:00Z,150,post_match,stadium_to_meadowlands,371,900,371,0.4122222222222222,771,derived,Derived from synthetic FinalFlow scenario inputs; not observed event operations.
rail_disruption,2026-07-19T17:35:00Z,155,post_match,midtown_to_penn_station,0,600,0,0.0,0,derived,Derived from synthetic FinalFlow scenario inputs; not observed event operations.
rail_disruption,2026-07-19T17:35:00Z,155,post_match,penn_station_to_midtown,0,600,0,0.0,0,derived,Derived from synthetic FinalFlow scenario inputs; not observed event operations.
rail_disruption,2026-07-19T17:35:00Z,155,post_match,penn_station_to_secaucus,0,450,0,0.0,0,derived,Derived from synthetic FinalFlow scenario inputs; not observed event operations.
rail_disruption,2026-07-19T17:35:00Z,155,post_match,secaucus_to_penn_station,0,450,0,0.0,0,derived,Derived from synthetic FinalFlow scenario inputs; not observed event operations.
rail_disruption,2026-07-19T17:35:00Z,155,post_match,secaucus_to_meadowlands,0,300,0,0.0,0,derived,Derived from synthetic FinalFlow scenario inputs; not observed event operations.
rail_disruption,2026-07-19T17:35:00Z,155,post_match,meadowlands_to_secaucus,948,300,300,1.0,900,derived,Derived from synthetic FinalFlow scenario inputs; not observed event operations.
rail_disruption,2026-07-19T17:35:00Z,155,post_match,meadowlands_to_stadium,0,900,0,0.0,0,derived,Derived from synthetic FinalFlow scenario inputs; not observed event operations.
rail_disruption,2026-07-19T17:35:00Z,155,post_match,stadium_to_meadowlands,344,900,344,0.38222222222222224,715,derived,Derived from synthetic FinalFlow scenario inputs; not observed event operations.
rail_disruption,2026-07-19T17:40:00Z,160,post_match,midtown_to_penn_station,0,600,0,0.0,0,derived,Derived from synthetic FinalFlow scenario inputs; not observed event operations.
rail_disruption,2026-07-19T17:40:00Z,160,post_match,penn_station_to_midtown,0,600,0,0.0,0,derived,Derived from synthetic FinalFlow scenario inputs; not observed event operations.
rail_disruption,2026-07-19T17:40:00Z,160,post_match,penn_station_to_secaucus,0,450,0,0.0,0,derived,Derived from synthetic FinalFlow scenario inputs; not observed event operations.
rail_disruption,2026-07-19T17:40:00Z,160,post_match,secaucus_to_penn_station,300,450,300,0.6666666666666666,300,derived,Derived from synthetic FinalFlow scenario inputs; not observed event operations.
rail_disruption,2026-07-19T17:40:00Z,160,post_match,secaucus_to_meadowlands,0,300,0,0.0,0,derived,Derived from synthetic FinalFlow scenario inputs; not observed event operations.
rail_disruption,2026-07-19T17:40:00Z,160,post_match,meadowlands_to_secaucus,989,300,300,1.0,900,derived,Derived from synthetic FinalFlow scenario inputs; not observed event operations.
rail_disruption,2026-07-19T17:40:00Z,160,post_match,meadowlands_to_stadium,0,900,0,0.0,0,derived,Derived from synthetic FinalFlow scenario inputs; not observed event operations.
rail_disruption,2026-07-19T17:40:00Z,160,post_match,stadium_to_meadowlands,315,900,315,0.35,659,derived,Derived from synthetic FinalFlow scenario inputs; not observed event operations.
rail_disruption,2026-07-19T17:45:00Z,165,post_match,midtown_to_penn_station,0,600,0,0.0,0,derived,Derived from synthetic FinalFlow scenario inputs; not observed event operations.
rail_disruption,2026-07-19T17:45:00Z,165,post_match,penn_station_to_midtown,0,600,0,0.0,0,derived,Derived from synthetic FinalFlow scenario inputs; not observed event operations.
rail_disruption,2026-07-19T17:45:00Z,165,post_match,penn_station_to_secaucus,0,450,0,0.0,0,derived,Derived from synthetic FinalFlow scenario inputs; not observed event operations.
rail_disruption,2026-07-19T17:45:00Z,165,post_match,secaucus_to_penn_station,300,450,300,0.6666666666666666,600,derived,Derived from synthetic FinalFlow scenario inputs; not observed event operations.
rail_disruption,2026-07-19T17:45:00Z,165,post_match,secaucus_to_meadowlands,0,300,0,0.0,0,derived,Derived from synthetic FinalFlow scenario inputs; not observed event operations.
rail_disruption,2026-07-19T17:45:00Z,165,post_match,meadowlands_to_secaucus,1005,300,300,1.0,900,derived,Derived from synthetic FinalFlow scenario inputs; not observed event operations.
rail_disruption,2026-07-19T17:45:00Z,165,post_match,meadowlands_to_stadium,0,900,0,0.0,0,derived,Derived from synthetic FinalFlow scenario inputs; not observed event operations.
rail_disruption,2026-07-19T17:45:00Z,165,post_match,stadium_to_meadowlands,286,900,286,0.31777777777777777,601,derived,Derived from synthetic FinalFlow scenario inputs; not observed event operations.
rail_disruption,2026-07-19T17:50:00Z,170,post_match,midtown_to_penn_station,0,600,0,0.0,0,derived,Derived from synthetic FinalFlow scenario inputs; not observed event operations.
rail_disruption,2026-07-19T17:50:00Z,170,post_match,penn_station_to_midtown,0,600,0,0.0,0,derived,Derived from synthetic FinalFlow scenario inputs; not observed event operations.
rail_disruption,2026-07-19T17:50:00Z,170,post_match,penn_station_to_secaucus,0,450,0,0.0,0,derived,Derived from synthetic FinalFlow scenario inputs; not observed event operations.
rail_disruption,2026-07-19T17:50:00Z,170,post_match,secaucus_to_penn_station,300,450,300,0.6666666666666666,900,derived,Derived from synthetic FinalFlow scenario inputs; not observed event operations.
rail_disruption,2026-07-19T17:50:00Z,170,post_match,secaucus_to_meadowlands,0,300,0,0.0,0,derived,Derived from synthetic FinalFlow scenario inputs; not observed event operations.
rail_disruption,2026-07-19T17:50:00Z,170,post_match,meadowlands_to_secaucus,995,300,300,1.0,900,derived,Derived from synthetic FinalFlow scenario inputs; not observed event operations.
rail_disruption,2026-07-19T17:50:00Z,170,post_match,meadowlands_to_stadium,0,900,0,0.0,0,derived,Derived from synthetic FinalFlow scenario inputs; not observed event operations.
rail_disruption,2026-07-19T17:50:00Z,170,post_match,stadium_to_meadowlands,257,900,257,0.28555555555555556,543,derived,Derived from synthetic FinalFlow scenario inputs; not observed event operations.
rail_disruption,2026-07-19T17:55:00Z,175,post_match,midtown_to_penn_station,0,600,0,0.0,0,derived,Derived from synthetic FinalFlow scenario inputs; not observed event operations.
rail_disruption,2026-07-19T17:55:00Z,175,post_match,penn_station_to_midtown,300,600,300,0.5,300,derived,Derived from synthetic FinalFlow scenario inputs; not observed event operations.
rail_disruption,2026-07-19T17:55:00Z,175,post_match,penn_station_to_secaucus,0,450,0,0.0,0,derived,Derived from synthetic FinalFlow scenario inputs; not observed event operations.
rail_disruption,2026-07-19T17:55:00Z,175,post_match,secaucus_to_penn_station,300,450,300,0.6666666666666666,900,derived,Derived from synthetic FinalFlow scenario inputs; not observed event operations.
rail_disruption,2026-07-19T17:55:00Z,175,post_match,secaucus_to_meadowlands,0,300,0,0.0,0,derived,Derived from synthetic FinalFlow scenario inputs; not observed event operations.
rail_disruption,2026-07-19T17:55:00Z,175,post_match,meadowlands_to_secaucus,958,300,300,1.0,900,derived,Derived from synthetic FinalFlow scenario inputs; not observed event operations.
rail_disruption,2026-07-19T17:55:00Z,175,post_match,meadowlands_to_stadium,0,900,0,0.0,0,derived,Derived from synthetic FinalFlow scenario inputs; not observed event operations.
rail_disruption,2026-07-19T17:55:00Z,175,post_match,stadium_to_meadowlands,229,900,229,0.2544444444444444,486,derived,Derived from synthetic FinalFlow scenario inputs; not observed event operations.
rail_disruption,2026-07-19T18:00:00Z,180,post_match,midtown_to_penn_station,0,600,0,0.0,0,derived,Derived from synthetic FinalFlow scenario inputs; not observed event operations.
rail_disruption,2026-07-19T18:00:00Z,180,post_match,penn_station_to_midtown,300,600,300,0.5,600,derived,Derived from synthetic FinalFlow scenario inputs; not observed event operations.
rail_disruption,2026-07-19T18:00:00Z,180,post_match,penn_station_to_secaucus,0,450,0,0.0,0,derived,Derived from synthetic FinalFlow scenario inputs; not observed event operations.
rail_disruption,2026-07-19T18:00:00Z,180,post_match,secaucus_to_penn_station,300,450,300,0.6666666666666666,900,derived,Derived from synthetic FinalFlow scenario inputs; not observed event operations.
rail_disruption,2026-07-19T18:00:00Z,180,post_match,secaucus_to_meadowlands,0,300,0,0.0,0,derived,Derived from synthetic FinalFlow scenario inputs; not observed event operations.
rail_disruption,2026-07-19T18:00:00Z,180,post_match,meadowlands_to_secaucus,895,300,300,1.0,900,derived,Derived from synthetic FinalFlow scenario inputs; not observed event operations.
rail_disruption,2026-07-19T18:00:00Z,180,post_match,meadowlands_to_stadium,0,900,0,0.0,0,derived,Derived from synthetic FinalFlow scenario inputs; not observed event operations.
rail_disruption,2026-07-19T18:00:00Z,180,post_match,stadium_to_meadowlands,199,900,199,0.22111111111111112,428,derived,Derived from synthetic FinalFlow scenario inputs; not observed event operations.
rail_disruption,2026-07-19T18:05:00Z,185,post_match,midtown_to_penn_station,0,600,0,0.0,0,derived,Derived from synthetic FinalFlow scenario inputs; not observed event operations.
rail_disruption,2026-07-19T18:05:00Z,185,post_match,penn_station_to_midtown,300,600,300,0.5,900,derived,Derived from synthetic FinalFlow scenario inputs; not observed event operations.
rail_disruption,2026-07-19T18:05:00Z,185,post_match,penn_station_to_secaucus,0,450,0,0.0,0,derived,Derived from synthetic FinalFlow scenario inputs; not observed event operations.
rail_disruption,2026-07-19T18:05:00Z,185,post_match,secaucus_to_penn_station,300,450,300,0.6666666666666666,900,derived,Derived from synthetic FinalFlow scenario inputs; not observed event operations.
rail_disruption,2026-07-19T18:05:00Z,185,post_match,secaucus_to_meadowlands,0,300,0,0.0,0,derived,Derived from synthetic FinalFlow scenario inputs; not observed event operations.
rail_disruption,2026-07-19T18:05:00Z,185,post_match,meadowlands_to_secaucus,806,300,300,1.0,900,derived,Derived from synthetic FinalFlow scenario inputs; not observed event operations.
rail_disruption,2026-07-19T18:05:00Z,185,post_match,meadowlands_to_stadium,0,900,0,0.0,0,derived,Derived from synthetic FinalFlow scenario inputs; not observed event operations.
rail_disruption,2026-07-19T18:05:00Z,185,post_match,stadium_to_meadowlands,172,900,172,0.19111111111111112,371,derived,Derived from synthetic FinalFlow scenario inputs; not observed event operations.
rail_disruption,2026-07-19T18:10:00Z,190,post_match,midtown_to_penn_station,0,600,0,0.0,0,derived,Derived from synthetic FinalFlow scenario inputs; not observed event operations.
rail_disruption,2026-07-19T18:10:00Z,190,post_match,penn_station_to_midtown,300,600,300,0.5,900,derived,Derived from synthetic FinalFlow scenario inputs; not observed event operations.
rail_disruption,2026-07-19T18:10:00Z,190,post_match,penn_station_to_secaucus,0,450,0,0.0,0,derived,Derived from synthetic FinalFlow scenario inputs; not observed event operations.
rail_disruption,2026-07-19T18:10:00Z,190,post_match,secaucus_to_penn_station,300,450,300,0.6666666666666666,900,derived,Derived from synthetic FinalFlow scenario inputs; not observed event operations.
rail_disruption,2026-07-19T18:10:00Z,190,post_match,secaucus_to_meadowlands,0,300,0,0.0,0,derived,Derived from synthetic FinalFlow scenario inputs; not observed event operations.
rail_disruption,2026-07-19T18:10:00Z,190,post_match,meadowlands_to_secaucus,689,300,300,1.0,900,derived,Derived from synthetic FinalFlow scenario inputs; not observed event operations.
rail_disruption,2026-07-19T18:10:00Z,190,post_match,meadowlands_to_stadium,0,900,0,0.0,0,derived,Derived from synthetic FinalFlow scenario inputs; not observed event operations.
rail_disruption,2026-07-19T18:10:00Z,190,post_match,stadium_to_meadowlands,142,900,142,0.15777777777777777,314,derived,Derived from synthetic FinalFlow scenario inputs; not observed event operations.
rail_disruption,2026-07-19T18:15:00Z,195,post_match,midtown_to_penn_station,0,600,0,0.0,0,derived,Derived from synthetic FinalFlow scenario inputs; not observed event operations.
rail_disruption,2026-07-19T18:15:00Z,195,post_match,penn_station_to_midtown,300,600,300,0.5,900,derived,Derived from synthetic FinalFlow scenario inputs; not observed event operations.
rail_disruption,2026-07-19T18:15:00Z,195,post_match,penn_station_to_secaucus,0,450,0,0.0,0,derived,Derived from synthetic FinalFlow scenario inputs; not observed event operations.
rail_disruption,2026-07-19T18:15:00Z,195,post_match,secaucus_to_penn_station,300,450,300,0.6666666666666666,900,derived,Derived from synthetic FinalFlow scenario inputs; not observed event operations.
rail_disruption,2026-07-19T18:15:00Z,195,post_match,secaucus_to_meadowlands,0,300,0,0.0,0,derived,Derived from synthetic FinalFlow scenario inputs; not observed event operations.
rail_disruption,2026-07-19T18:15:00Z,195,post_match,meadowlands_to_secaucus,547,300,300,1.0,900,derived,Derived from synthetic FinalFlow scenario inputs; not observed event operations.
rail_disruption,2026-07-19T18:15:00Z,195,post_match,meadowlands_to_stadium,0,900,0,0.0,0,derived,Derived from synthetic FinalFlow scenario inputs; not observed event operations.
rail_disruption,2026-07-19T18:15:00Z,195,post_match,stadium_to_meadowlands,0,900,0,0.0,142,derived,Derived from synthetic FinalFlow scenario inputs; not observed event operations.
rail_disruption,2026-07-19T18:20:00Z,200,post_match,midtown_to_penn_station,0,600,0,0.0,0,derived,Derived from synthetic FinalFlow scenario inputs; not observed event operations.
rail_disruption,2026-07-19T18:20:00Z,200,post_match,penn_station_to_midtown,262,600,262,0.43666666666666665,862,derived,Derived from synthetic FinalFlow scenario inputs; not observed event operations.
rail_disruption,2026-07-19T18:20:00Z,200,post_match,penn_station_to_secaucus,0,450,0,0.0,0,derived,Derived from synthetic FinalFlow scenario inputs; not observed event operations.
rail_disruption,2026-07-19T18:20:00Z,200,post_match,secaucus_to_penn_station,300,450,300,0.6666666666666666,900,derived,Derived from synthetic FinalFlow scenario inputs; not observed event operations.
rail_disruption,2026-07-19T18:20:00Z,200,post_match,secaucus_to_meadowlands,0,300,0,0.0,0,derived,Derived from synthetic FinalFlow scenario inputs; not observed event operations.
rail_disruption,2026-07-19T18:20:00Z,200,post_match,meadowlands_to_secaucus,378,300,300,1.0,900,derived,Derived from synthetic FinalFlow scenario inputs; not observed event operations.
rail_disruption,2026-07-19T18:20:00Z,200,post_match,meadowlands_to_stadium,0,900,0,0.0,0,derived,Derived from synthetic FinalFlow scenario inputs; not observed event operations.
rail_disruption,2026-07-19T18:20:00Z,200,post_match,stadium_to_meadowlands,0,900,0,0.0,0,derived,Derived from synthetic FinalFlow scenario inputs; not observed event operations.
rail_disruption,2026-07-19T18:25:00Z,205,post_match,midtown_to_penn_station,0,600,0,0.0,0,derived,Derived from synthetic FinalFlow scenario inputs; not observed event operations.
rail_disruption,2026-07-19T18:25:00Z,205,post_match,penn_station_to_midtown,186,600,186,0.31,748,derived,Derived from synthetic FinalFlow scenario inputs; not observed event operations.
rail_disruption,2026-07-19T18:25:00Z,205,post_match,penn_station_to_secaucus,0,450,0,0.0,0,derived,Derived from synthetic FinalFlow scenario inputs; not observed event operations.
rail_disruption,2026-07-19T18:25:00Z,205,post_match,secaucus_to_penn_station,246,450,246,0.5466666666666666,846,derived,Derived from synthetic FinalFlow scenario inputs; not observed event operations.
rail_disruption,2026-07-19T18:25:00Z,205,post_match,secaucus_to_meadowlands,0,300,0,0.0,0,derived,Derived from synthetic FinalFlow scenario inputs; not observed event operations.
rail_disruption,2026-07-19T18:25:00Z,205,post_match,meadowlands_to_secaucus,78,300,78,0.26,678,derived,Derived from synthetic FinalFlow scenario inputs; not observed event operations.
rail_disruption,2026-07-19T18:25:00Z,205,post_match,meadowlands_to_stadium,0,900,0,0.0,0,derived,Derived from synthetic FinalFlow scenario inputs; not observed event operations.
rail_disruption,2026-07-19T18:25:00Z,205,post_match,stadium_to_meadowlands,0,900,0,0.0,0,derived,Derived from synthetic FinalFlow scenario inputs; not observed event operations.
rail_disruption,2026-07-19T18:30:00Z,210,post_match,midtown_to_penn_station,0,600,0,0.0,0,derived,Derived from synthetic FinalFlow scenario inputs; not observed event operations.
rail_disruption,2026-07-19T18:30:00Z,210,post_match,penn_station_to_midtown,167,600,167,0.2783333333333333,615,derived,Derived from synthetic FinalFlow scenario inputs; not observed event operations.
rail_disruption,2026-07-19T18:30:00Z,210,post_match,penn_station_to_secaucus,0,450,0,0.0,0,derived,Derived from synthetic FinalFlow scenario inputs; not observed event operations.
rail_disruption,2026-07-19T18:30:00Z,210,post_match,secaucus_to_penn_station,138,450,138,0.30666666666666664,684,derived,Derived from synthetic FinalFlow scenario inputs; not observed event operations.
rail_disruption,2026-07-19T18:30:00Z,210,post_match,secaucus_to_meadowlands,0,300,0,0.0,0,derived,Derived from synthetic FinalFlow scenario inputs; not observed event operations.
rail_disruption,2026-07-19T18:30:00Z,210,post_match,meadowlands_to_secaucus,0,300,0,0.0,378,derived,Derived from synthetic FinalFlow scenario inputs; not observed event operations.
rail_disruption,2026-07-19T18:30:00Z,210,post_match,meadowlands_to_stadium,0,900,0,0.0,0,derived,Derived from synthetic FinalFlow scenario inputs; not observed event operations.
rail_disruption,2026-07-19T18:30:00Z,210,post_match,stadium_to_meadowlands,0,900,0,0.0,0,derived,Derived from synthetic FinalFlow scenario inputs; not observed event operations.
rail_disruption,2026-07-19T18:35:00Z,215,post_match,midtown_to_penn_station,0,600,0,0.0,0,derived,Derived from synthetic FinalFlow scenario inputs; not observed event operations.
rail_disruption,2026-07-19T18:35:00Z,215,post_match,penn_station_to_midtown,149,600,149,0.24833333333333332,502,derived,Derived from synthetic FinalFlow scenario inputs; not observed event operations.
rail_disruption,2026-07-19T18:35:00Z,215,post_match,penn_station_to_secaucus,0,450,0,0.0,0,derived,Derived from synthetic FinalFlow scenario inputs; not observed event operations.
rail_disruption,2026-07-19T18:35:00Z,215,post_match,secaucus_to_penn_station,114,450,114,0.25333333333333335,498,derived,Derived from synthetic FinalFlow scenario inputs; not observed event operations.
rail_disruption,2026-07-19T18:35:00Z,215,post_match,secaucus_to_meadowlands,0,300,0,0.0,0,derived,Derived from synthetic FinalFlow scenario inputs; not observed event operations.
rail_disruption,2026-07-19T18:35:00Z,215,post_match,meadowlands_to_secaucus,0,300,0,0.0,78,derived,Derived from synthetic FinalFlow scenario inputs; not observed event operations.
rail_disruption,2026-07-19T18:35:00Z,215,post_match,meadowlands_to_stadium,0,900,0,0.0,0,derived,Derived from synthetic FinalFlow scenario inputs; not observed event operations.
rail_disruption,2026-07-19T18:35:00Z,215,post_match,stadium_to_meadowlands,0,900,0,0.0,0,derived,Derived from synthetic FinalFlow scenario inputs; not observed event operations.
rail_disruption,2026-07-19T18:40:00Z,220,post_match,midtown_to_penn_station,0,600,0,0.0,0,derived,Derived from synthetic FinalFlow scenario inputs; not observed event operations.
rail_disruption,2026-07-19T18:40:00Z,220,post_match,penn_station_to_midtown,129,600,129,0.215,445,derived,Derived from synthetic FinalFlow scenario inputs; not observed event operations.
rail_disruption,2026-07-19T18:40:00Z,220,post_match,penn_station_to_secaucus,0,450,0,0.0,0,derived,Derived from synthetic FinalFlow scenario inputs; not observed event operations.
rail_disruption,2026-07-19T18:40:00Z,220,post_match,secaucus_to_penn_station,0,450,0,0.0,252,derived,Derived from synthetic FinalFlow scenario inputs; not observed event operations.
rail_disruption,2026-07-19T18:40:00Z,220,post_match,secaucus_to_meadowlands,0,300,0,0.0,0,derived,Derived from synthetic FinalFlow scenario inputs; not observed event operations.
rail_disruption,2026-07-19T18:40:00Z,220,post_match,meadowlands_to_secaucus,0,300,0,0.0,0,derived,Derived from synthetic FinalFlow scenario inputs; not observed event operations.
rail_disruption,2026-07-19T18:40:00Z,220,post_match,meadowlands_to_stadium,0,900,0,0.0,0,derived,Derived from synthetic FinalFlow scenario inputs; not observed event operations.
rail_disruption,2026-07-19T18:40:00Z,220,post_match,stadium_to_meadowlands,0,900,0,0.0,0,derived,Derived from synthetic FinalFlow scenario inputs; not observed event operations.
rail_disruption,2026-07-19T18:45:00Z,225,post_match,midtown_to_penn_station,0,600,0,0.0,0,derived,Derived from synthetic FinalFlow scenario inputs; not observed event operations.
rail_disruption,2026-07-19T18:45:00Z,225,post_match,penn_station_to_midtown,112,600,112,0.18666666666666668,390,derived,Derived from synthetic FinalFlow scenario inputs; not observed event operations.
rail_disruption,2026-07-19T18:45:00Z,225,post_match,penn_station_to_secaucus,0,450,0,0.0,0,derived,Derived from synthetic FinalFlow scenario inputs; not observed event operations.
rail_disruption,2026-07-19T18:45:00Z,225,post_match,secaucus_to_penn_station,0,450,0,0.0,114,derived,Derived from synthetic FinalFlow scenario inputs; not observed event operations.
rail_disruption,2026-07-19T18:45:00Z,225,post_match,secaucus_to_meadowlands,0,300,0,0.0,0,derived,Derived from synthetic FinalFlow scenario inputs; not observed event operations.
rail_disruption,2026-07-19T18:45:00Z,225,post_match,meadowlands_to_secaucus,0,300,0,0.0,0,derived,Derived from synthetic FinalFlow scenario inputs; not observed event operations.
rail_disruption,2026-07-19T18:45:00Z,225,post_match,meadowlands_to_stadium,0,900,0,0.0,0,derived,Derived from synthetic FinalFlow scenario inputs; not observed event operations.
rail_disruption,2026-07-19T18:45:00Z,225,post_match,stadium_to_meadowlands,0,900,0,0.0,0,derived,Derived from synthetic FinalFlow scenario inputs; not observed event operations.
rail_disruption,2026-07-19T18:50:00Z,230,post_match,midtown_to_penn_station,0,600,0,0.0,0,derived,Derived from synthetic FinalFlow scenario inputs; not observed event operations.
rail_disruption,2026-07-19T18:50:00Z,230,post_match,penn_station_to_midtown,93,600,93,0.155,334,derived,Derived from synthetic FinalFlow scenario inputs; not observed event operations.
rail_disruption,2026-07-19T18:50:00Z,230,post_match,penn_station_to_secaucus,0,450,0,0.0,0,derived,Derived from synthetic FinalFlow scenario inputs; not observed event operations.
rail_disruption,2026-07-19T18:50:00Z,230,post_match,secaucus_to_penn_station,0,450,0,0.0,0,derived,Derived from synthetic FinalFlow scenario inputs; not observed event operations.
rail_disruption,2026-07-19T18:50:00Z,230,post_match,secaucus_to_meadowlands,0,300,0,0.0,0,derived,Derived from synthetic FinalFlow scenario inputs; not observed event operations.
rail_disruption,2026-07-19T18:50:00Z,230,post_match,meadowlands_to_secaucus,0,300,0,0.0,0,derived,Derived from synthetic FinalFlow scenario inputs; not observed event operations.
rail_disruption,2026-07-19T18:50:00Z,230,post_match,meadowlands_to_stadium,0,900,0,0.0,0,derived,Derived from synthetic FinalFlow scenario inputs; not observed event operations.
rail_disruption,2026-07-19T18:50:00Z,230,post_match,stadium_to_meadowlands,0,900,0,0.0,0,derived,Derived from synthetic FinalFlow scenario inputs; not observed event operations.
rail_disruption,2026-07-19T18:55:00Z,235,post_match,midtown_to_penn_station,0,600,0,0.0,0,derived,Derived from synthetic FinalFlow scenario inputs; not observed event operations.
rail_disruption,2026-07-19T18:55:00Z,235,post_match,penn_station_to_midtown,0,600,0,0.0,205,derived,Derived from synthetic FinalFlow scenario inputs; not observed event operations.
rail_disruption,2026-07-19T18:55:00Z,235,post_match,penn_station_to_secaucus,0,450,0,0.0,0,derived,Derived from synthetic FinalFlow scenario inputs; not observed event operations.
rail_disruption,2026-07-19T18:55:00Z,235,post_match,secaucus_to_penn_station,0,450,0,0.0,0,derived,Derived from synthetic FinalFlow scenario inputs; not observed event operations.
rail_disruption,2026-07-19T18:55:00Z,235,post_match,secaucus_to_meadowlands,0,300,0,0.0,0,derived,Derived from synthetic FinalFlow scenario inputs; not observed event operations.
rail_disruption,2026-07-19T18:55:00Z,235,post_match,meadowlands_to_secaucus,0,300,0,0.0,0,derived,Derived from synthetic FinalFlow scenario inputs; not observed event operations.
rail_disruption,2026-07-19T18:55:00Z,235,post_match,meadowlands_to_stadium,0,900,0,0.0,0,derived,Derived from synthetic FinalFlow scenario inputs; not observed event operations.
rail_disruption,2026-07-19T18:55:00Z,235,post_match,stadium_to_meadowlands,0,900,0,0.0,0,derived,Derived from synthetic FinalFlow scenario inputs; not observed event operations.
rail_disruption,2026-07-19T19:00:00Z,240,post_match,midtown_to_penn_station,0,600,0,0.0,0,derived,Derived from synthetic FinalFlow scenario inputs; not observed event operations.
rail_disruption,2026-07-19T19:00:00Z,240,post_match,penn_station_to_midtown,0,600,0,0.0,93,derived,Derived from synthetic FinalFlow scenario inputs; not observed event operations.
rail_disruption,2026-07-19T19:00:00Z,240,post_match,penn_station_to_secaucus,0,450,0,0.0,0,derived,Derived from synthetic FinalFlow scenario inputs; not observed event operations.
rail_disruption,2026-07-19T19:00:00Z,240,post_match,secaucus_to_penn_station,0,450,0,0.0,0,derived,Derived from synthetic FinalFlow scenario inputs; not observed event operations.
rail_disruption,2026-07-19T19:00:00Z,240,post_match,secaucus_to_meadowlands,0,300,0,0.0,0,derived,Derived from synthetic FinalFlow scenario inputs; not observed event operations.
rail_disruption,2026-07-19T19:00:00Z,240,post_match,meadowlands_to_secaucus,0,300,0,0.0,0,derived,Derived from synthetic FinalFlow scenario inputs; not observed event operations.
rail_disruption,2026-07-19T19:00:00Z,240,post_match,meadowlands_to_stadium,0,900,0,0.0,0,derived,Derived from synthetic FinalFlow scenario inputs; not observed event operations.
rail_disruption,2026-07-19T19:00:00Z,240,post_match,stadium_to_meadowlands,0,900,0,0.0,0,derived,Derived from synthetic FinalFlow scenario inputs; not observed event operations.
rail_disruption,2026-07-19T19:05:00Z,245,post_match,midtown_to_penn_station,0,600,0,0.0,0,derived,Derived from synthetic FinalFlow scenario inputs; not observed event operations.
rail_disruption,2026-07-19T19:05:00Z,245,post_match,penn_station_to_midtown,0,600,0,0.0,0,derived,Derived from synthetic FinalFlow scenario inputs; not observed event operations.
rail_disruption,2026-07-19T19:05:00Z,245,post_match,penn_station_to_secaucus,0,450,0,0.0,0,derived,Derived from synthetic FinalFlow scenario inputs; not observed event operations.
rail_disruption,2026-07-19T19:05:00Z,245,post_match,secaucus_to_penn_station,0,450,0,0.0,0,derived,Derived from synthetic FinalFlow scenario inputs; not observed event operations.
rail_disruption,2026-07-19T19:05:00Z,245,post_match,secaucus_to_meadowlands,0,300,0,0.0,0,derived,Derived from synthetic FinalFlow scenario inputs; not observed event operations.
rail_disruption,2026-07-19T19:05:00Z,245,post_match,meadowlands_to_secaucus,0,300,0,0.0,0,derived,Derived from synthetic FinalFlow scenario inputs; not observed event operations.
rail_disruption,2026-07-19T19:05:00Z,245,post_match,meadowlands_to_stadium,0,900,0,0.0,0,derived,Derived from synthetic FinalFlow scenario inputs; not observed event operations.
rail_disruption,2026-07-19T19:05:00Z,245,post_match,stadium_to_meadowlands,0,900,0,0.0,0,derived,Derived from synthetic FinalFlow scenario inputs; not observed event operations.
rail_disruption,2026-07-19T19:10:00Z,250,post_match,midtown_to_penn_station,0,600,0,0.0,0,derived,Derived from synthetic FinalFlow scenario inputs; not observed event operations.
rail_disruption,2026-07-19T19:10:00Z,250,post_match,penn_station_to_midtown,0,600,0,0.0,0,derived,Derived from synthetic FinalFlow scenario inputs; not observed event operations.
rail_disruption,2026-07-19T19:10:00Z,250,post_match,penn_station_to_secaucus,0,450,0,0.0,0,derived,Derived from synthetic FinalFlow scenario inputs; not observed event operations.
rail_disruption,2026-07-19T19:10:00Z,250,post_match,secaucus_to_penn_station,0,450,0,0.0,0,derived,Derived from synthetic FinalFlow scenario inputs; not observed event operations.
rail_disruption,2026-07-19T19:10:00Z,250,post_match,secaucus_to_meadowlands,0,300,0,0.0,0,derived,Derived from synthetic FinalFlow scenario inputs; not observed event operations.
rail_disruption,2026-07-19T19:10:00Z,250,post_match,meadowlands_to_secaucus,0,300,0,0.0,0,derived,Derived from synthetic FinalFlow scenario inputs; not observed event operations.
rail_disruption,2026-07-19T19:10:00Z,250,post_match,meadowlands_to_stadium,0,900,0,0.0,0,derived,Derived from synthetic FinalFlow scenario inputs; not observed event operations.
rail_disruption,2026-07-19T19:10:00Z,250,post_match,stadium_to_meadowlands,0,900,0,0.0,0,derived,Derived from synthetic FinalFlow scenario inputs; not observed event operations.
rail_disruption,2026-07-19T19:15:00Z,255,post_match,midtown_to_penn_station,0,600,0,0.0,0,derived,Derived from synthetic FinalFlow scenario inputs; not observed event operations.
rail_disruption,2026-07-19T19:15:00Z,255,post_match,penn_station_to_midtown,0,600,0,0.0,0,derived,Derived from synthetic FinalFlow scenario inputs; not observed event operations.
rail_disruption,2026-07-19T19:15:00Z,255,post_match,penn_station_to_secaucus,0,450,0,0.0,0,derived,Derived from synthetic FinalFlow scenario inputs; not observed event operations.
rail_disruption,2026-07-19T19:15:00Z,255,post_match,secaucus_to_penn_station,0,450,0,0.0,0,derived,Derived from synthetic FinalFlow scenario inputs; not observed event operations.
rail_disruption,2026-07-19T19:15:00Z,255,post_match,secaucus_to_meadowlands,0,300,0,0.0,0,derived,Derived from synthetic FinalFlow scenario inputs; not observed event operations.
rail_disruption,2026-07-19T19:15:00Z,255,post_match,meadowlands_to_secaucus,0,300,0,0.0,0,derived,Derived from synthetic FinalFlow scenario inputs; not observed event operations.
rail_disruption,2026-07-19T19:15:00Z,255,post_match,meadowlands_to_stadium,0,900,0,0.0,0,derived,Derived from synthetic FinalFlow scenario inputs; not observed event operations.
rail_disruption,2026-07-19T19:15:00Z,255,post_match,stadium_to_meadowlands,0,900,0,0.0,0,derived,Derived from synthetic FinalFlow scenario inputs; not observed event operations.
rail_disruption,2026-07-19T19:20:00Z,260,post_match,midtown_to_penn_station,0,600,0,0.0,0,derived,Derived from synthetic FinalFlow scenario inputs; not observed event operations.
rail_disruption,2026-07-19T19:20:00Z,260,post_match,penn_station_to_midtown,0,600,0,0.0,0,derived,Derived from synthetic FinalFlow scenario inputs; not observed event operations.
rail_disruption,2026-07-19T19:20:00Z,260,post_match,penn_station_to_secaucus,0,450,0,0.0,0,derived,Derived from synthetic FinalFlow scenario inputs; not observed event operations.
rail_disruption,2026-07-19T19:20:00Z,260,post_match,secaucus_to_penn_station,0,450,0,0.0,0,derived,Derived from synthetic FinalFlow scenario inputs; not observed event operations.
rail_disruption,2026-07-19T19:20:00Z,260,post_match,secaucus_to_meadowlands,0,300,0,0.0,0,derived,Derived from synthetic FinalFlow scenario inputs; not observed event operations.
rail_disruption,2026-07-19T19:20:00Z,260,post_match,meadowlands_to_secaucus,0,300,0,0.0,0,derived,Derived from synthetic FinalFlow scenario inputs; not observed event operations.
rail_disruption,2026-07-19T19:20:00Z,260,post_match,meadowlands_to_stadium,0,900,0,0.0,0,derived,Derived from synthetic FinalFlow scenario inputs; not observed event operations.
rail_disruption,2026-07-19T19:20:00Z,260,post_match,stadium_to_meadowlands,0,900,0,0.0,0,derived,Derived from synthetic FinalFlow scenario inputs; not observed event operations.
rail_disruption,2026-07-19T19:25:00Z,265,post_match,midtown_to_penn_station,0,600,0,0.0,0,derived,Derived from synthetic FinalFlow scenario inputs; not observed event operations.
rail_disruption,2026-07-19T19:25:00Z,265,post_match,penn_station_to_midtown,0,600,0,0.0,0,derived,Derived from synthetic FinalFlow scenario inputs; not observed event operations.
rail_disruption,2026-07-19T19:25:00Z,265,post_match,penn_station_to_secaucus,0,450,0,0.0,0,derived,Derived from synthetic FinalFlow scenario inputs; not observed event operations.
rail_disruption,2026-07-19T19:25:00Z,265,post_match,secaucus_to_penn_station,0,450,0,0.0,0,derived,Derived from synthetic FinalFlow scenario inputs; not observed event operations.
rail_disruption,2026-07-19T19:25:00Z,265,post_match,secaucus_to_meadowlands,0,300,0,0.0,0,derived,Derived from synthetic FinalFlow scenario inputs; not observed event operations.
rail_disruption,2026-07-19T19:25:00Z,265,post_match,meadowlands_to_secaucus,0,300,0,0.0,0,derived,Derived from synthetic FinalFlow scenario inputs; not observed event operations.
rail_disruption,2026-07-19T19:25:00Z,265,post_match,meadowlands_to_stadium,0,900,0,0.0,0,derived,Derived from synthetic FinalFlow scenario inputs; not observed event operations.
rail_disruption,2026-07-19T19:25:00Z,265,post_match,stadium_to_meadowlands,0,900,0,0.0,0,derived,Derived from synthetic FinalFlow scenario inputs; not observed event operations.
rail_disruption,2026-07-19T19:30:00Z,270,post_match,midtown_to_penn_station,0,600,0,0.0,0,derived,Derived from synthetic FinalFlow scenario inputs; not observed event operations.
rail_disruption,2026-07-19T19:30:00Z,270,post_match,penn_station_to_midtown,0,600,0,0.0,0,derived,Derived from synthetic FinalFlow scenario inputs; not observed event operations.
rail_disruption,2026-07-19T19:30:00Z,270,post_match,penn_station_to_secaucus,0,450,0,0.0,0,derived,Derived from synthetic FinalFlow scenario inputs; not observed event operations.
rail_disruption,2026-07-19T19:30:00Z,270,post_match,secaucus_to_penn_station,0,450,0,0.0,0,derived,Derived from synthetic FinalFlow scenario inputs; not observed event operations.
rail_disruption,2026-07-19T19:30:00Z,270,post_match,secaucus_to_meadowlands,0,300,0,0.0,0,derived,Derived from synthetic FinalFlow scenario inputs; not observed event operations.
rail_disruption,2026-07-19T19:30:00Z,270,post_match,meadowlands_to_secaucus,0,300,0,0.0,0,derived,Derived from synthetic FinalFlow scenario inputs; not observed event operations.
rail_disruption,2026-07-19T19:30:00Z,270,post_match,meadowlands_to_stadium,0,900,0,0.0,0,derived,Derived from synthetic FinalFlow scenario inputs; not observed event operations.
rail_disruption,2026-07-19T19:30:00Z,270,post_match,stadium_to_meadowlands,0,900,0,0.0,0,derived,Derived from synthetic FinalFlow scenario inputs; not observed event operations.
rail_disruption,2026-07-19T19:35:00Z,275,post_match,midtown_to_penn_station,0,600,0,0.0,0,derived,Derived from synthetic FinalFlow scenario inputs; not observed event operations.
rail_disruption,2026-07-19T19:35:00Z,275,post_match,penn_station_to_midtown,0,600,0,0.0,0,derived,Derived from synthetic FinalFlow scenario inputs; not observed event operations.
rail_disruption,2026-07-19T19:35:00Z,275,post_match,penn_station_to_secaucus,0,450,0,0.0,0,derived,Derived from synthetic FinalFlow scenario inputs; not observed event operations.
rail_disruption,2026-07-19T19:35:00Z,275,post_match,secaucus_to_penn_station,0,450,0,0.0,0,derived,Derived from synthetic FinalFlow scenario inputs; not observed event operations.
rail_disruption,2026-07-19T19:35:00Z,275,post_match,secaucus_to_meadowlands,0,300,0,0.0,0,derived,Derived from synthetic FinalFlow scenario inputs; not observed event operations.
rail_disruption,2026-07-19T19:35:00Z,275,post_match,meadowlands_to_secaucus,0,300,0,0.0,0,derived,Derived from synthetic FinalFlow scenario inputs; not observed event operations.
rail_disruption,2026-07-19T19:35:00Z,275,post_match,meadowlands_to_stadium,0,900,0,0.0,0,derived,Derived from synthetic FinalFlow scenario inputs; not observed event operations.
rail_disruption,2026-07-19T19:35:00Z,275,post_match,stadium_to_meadowlands,0,900,0,0.0,0,derived,Derived from synthetic FinalFlow scenario inputs; not observed event operations.
rail_disruption,2026-07-19T19:40:00Z,280,post_match,midtown_to_penn_station,0,600,0,0.0,0,derived,Derived from synthetic FinalFlow scenario inputs; not observed event operations.
rail_disruption,2026-07-19T19:40:00Z,280,post_match,penn_station_to_midtown,0,600,0,0.0,0,derived,Derived from synthetic FinalFlow scenario inputs; not observed event operations.
rail_disruption,2026-07-19T19:40:00Z,280,post_match,penn_station_to_secaucus,0,450,0,0.0,0,derived,Derived from synthetic FinalFlow scenario inputs; not observed event operations.
rail_disruption,2026-07-19T19:40:00Z,280,post_match,secaucus_to_penn_station,0,450,0,0.0,0,derived,Derived from synthetic FinalFlow scenario inputs; not observed event operations.
rail_disruption,2026-07-19T19:40:00Z,280,post_match,secaucus_to_meadowlands,0,300,0,0.0,0,derived,Derived from synthetic FinalFlow scenario inputs; not observed event operations.
rail_disruption,2026-07-19T19:40:00Z,280,post_match,meadowlands_to_secaucus,0,300,0,0.0,0,derived,Derived from synthetic FinalFlow scenario inputs; not observed event operations.
rail_disruption,2026-07-19T19:40:00Z,280,post_match,meadowlands_to_stadium,0,900,0,0.0,0,derived,Derived from synthetic FinalFlow scenario inputs; not observed event operations.
rail_disruption,2026-07-19T19:40:00Z,280,post_match,stadium_to_meadowlands,0,900,0,0.0,0,derived,Derived from synthetic FinalFlow scenario inputs; not observed event operations.
rail_disruption,2026-07-19T19:45:00Z,285,post_match,midtown_to_penn_station,0,600,0,0.0,0,derived,Derived from synthetic FinalFlow scenario inputs; not observed event operations.
rail_disruption,2026-07-19T19:45:00Z,285,post_match,penn_station_to_midtown,0,600,0,0.0,0,derived,Derived from synthetic FinalFlow scenario inputs; not observed event operations.
rail_disruption,2026-07-19T19:45:00Z,285,post_match,penn_station_to_secaucus,0,450,0,0.0,0,derived,Derived from synthetic FinalFlow scenario inputs; not observed event operations.
rail_disruption,2026-07-19T19:45:00Z,285,post_match,secaucus_to_penn_station,0,450,0,0.0,0,derived,Derived from synthetic FinalFlow scenario inputs; not observed event operations.
rail_disruption,2026-07-19T19:45:00Z,285,post_match,secaucus_to_meadowlands,0,300,0,0.0,0,derived,Derived from synthetic FinalFlow scenario inputs; not observed event operations.
rail_disruption,2026-07-19T19:45:00Z,285,post_match,meadowlands_to_secaucus,0,300,0,0.0,0,derived,Derived from synthetic FinalFlow scenario inputs; not observed event operations.
rail_disruption,2026-07-19T19:45:00Z,285,post_match,meadowlands_to_stadium,0,900,0,0.0,0,derived,Derived from synthetic FinalFlow scenario inputs; not observed event operations.
rail_disruption,2026-07-19T19:45:00Z,285,post_match,stadium_to_meadowlands,0,900,0,0.0,0,derived,Derived from synthetic FinalFlow scenario inputs; not observed event operations.
rail_disruption,2026-07-19T19:50:00Z,290,post_match,midtown_to_penn_station,0,600,0,0.0,0,derived,Derived from synthetic FinalFlow scenario inputs; not observed event operations.
rail_disruption,2026-07-19T19:50:00Z,290,post_match,penn_station_to_midtown,0,600,0,0.0,0,derived,Derived from synthetic FinalFlow scenario inputs; not observed event operations.
rail_disruption,2026-07-19T19:50:00Z,290,post_match,penn_station_to_secaucus,0,450,0,0.0,0,derived,Derived from synthetic FinalFlow scenario inputs; not observed event operations.
rail_disruption,2026-07-19T19:50:00Z,290,post_match,secaucus_to_penn_station,0,450,0,0.0,0,derived,Derived from synthetic FinalFlow scenario inputs; not observed event operations.
rail_disruption,2026-07-19T19:50:00Z,290,post_match,secaucus_to_meadowlands,0,300,0,0.0,0,derived,Derived from synthetic FinalFlow scenario inputs; not observed event operations.
rail_disruption,2026-07-19T19:50:00Z,290,post_match,meadowlands_to_secaucus,0,300,0,0.0,0,derived,Derived from synthetic FinalFlow scenario inputs; not observed event operations.
rail_disruption,2026-07-19T19:50:00Z,290,post_match,meadowlands_to_stadium,0,900,0,0.0,0,derived,Derived from synthetic FinalFlow scenario inputs; not observed event operations.
rail_disruption,2026-07-19T19:50:00Z,290,post_match,stadium_to_meadowlands,0,900,0,0.0,0,derived,Derived from synthetic FinalFlow scenario inputs; not observed event operations.
rail_disruption,2026-07-19T19:55:00Z,295,post_match,midtown_to_penn_station,0,600,0,0.0,0,derived,Derived from synthetic FinalFlow scenario inputs; not observed event operations.
rail_disruption,2026-07-19T19:55:00Z,295,post_match,penn_station_to_midtown,0,600,0,0.0,0,derived,Derived from synthetic FinalFlow scenario inputs; not observed event operations.
rail_disruption,2026-07-19T19:55:00Z,295,post_match,penn_station_to_secaucus,0,450,0,0.0,0,derived,Derived from synthetic FinalFlow scenario inputs; not observed event operations.
rail_disruption,2026-07-19T19:55:00Z,295,post_match,secaucus_to_penn_station,0,450,0,0.0,0,derived,Derived from synthetic FinalFlow scenario inputs; not observed event operations.
rail_disruption,2026-07-19T19:55:00Z,295,post_match,secaucus_to_meadowlands,0,300,0,0.0,0,derived,Derived from synthetic FinalFlow scenario inputs; not observed event operations.
rail_disruption,2026-07-19T19:55:00Z,295,post_match,meadowlands_to_secaucus,0,300,0,0.0,0,derived,Derived from synthetic FinalFlow scenario inputs; not observed event operations.
rail_disruption,2026-07-19T19:55:00Z,295,post_match,meadowlands_to_stadium,0,900,0,0.0,0,derived,Derived from synthetic FinalFlow scenario inputs; not observed event operations.
rail_disruption,2026-07-19T19:55:00Z,295,post_match,stadium_to_meadowlands,0,900,0,0.0,0,derived,Derived from synthetic FinalFlow scenario inputs; not observed event operations.
rail_disruption,2026-07-19T20:00:00Z,300,post_match,midtown_to_penn_station,0,600,0,0.0,0,derived,Derived from synthetic FinalFlow scenario inputs; not observed event operations.
rail_disruption,2026-07-19T20:00:00Z,300,post_match,penn_station_to_midtown,0,600,0,0.0,0,derived,Derived from synthetic FinalFlow scenario inputs; not observed event operations.
rail_disruption,2026-07-19T20:00:00Z,300,post_match,penn_station_to_secaucus,0,450,0,0.0,0,derived,Derived from synthetic FinalFlow scenario inputs; not observed event operations.
rail_disruption,2026-07-19T20:00:00Z,300,post_match,secaucus_to_penn_station,0,450,0,0.0,0,derived,Derived from synthetic FinalFlow scenario inputs; not observed event operations.
rail_disruption,2026-07-19T20:00:00Z,300,post_match,secaucus_to_meadowlands,0,300,0,0.0,0,derived,Derived from synthetic FinalFlow scenario inputs; not observed event operations.
rail_disruption,2026-07-19T20:00:00Z,300,post_match,meadowlands_to_secaucus,0,300,0,0.0,0,derived,Derived from synthetic FinalFlow scenario inputs; not observed event operations.
rail_disruption,2026-07-19T20:00:00Z,300,post_match,meadowlands_to_stadium,0,900,0,0.0,0,derived,Derived from synthetic FinalFlow scenario inputs; not observed event operations.
rail_disruption,2026-07-19T20:00:00Z,300,post_match,stadium_to_meadowlands,0,900,0,0.0,0,derived,Derived from synthetic FinalFlow scenario inputs; not observed event operations.
rail_disruption,2026-07-19T20:05:00Z,305,post_match,midtown_to_penn_station,0,600,0,0.0,0,derived,Derived from synthetic FinalFlow scenario inputs; not observed event operations.
rail_disruption,2026-07-19T20:05:00Z,305,post_match,penn_station_to_midtown,0,600,0,0.0,0,derived,Derived from synthetic FinalFlow scenario inputs; not observed event operations.
rail_disruption,2026-07-19T20:05:00Z,305,post_match,penn_station_to_secaucus,0,450,0,0.0,0,derived,Derived from synthetic FinalFlow scenario inputs; not observed event operations.
rail_disruption,2026-07-19T20:05:00Z,305,post_match,secaucus_to_penn_station,0,450,0,0.0,0,derived,Derived from synthetic FinalFlow scenario inputs; not observed event operations.
rail_disruption,2026-07-19T20:05:00Z,305,post_match,secaucus_to_meadowlands,0,300,0,0.0,0,derived,Derived from synthetic FinalFlow scenario inputs; not observed event operations.
rail_disruption,2026-07-19T20:05:00Z,305,post_match,meadowlands_to_secaucus,0,300,0,0.0,0,derived,Derived from synthetic FinalFlow scenario inputs; not observed event operations.
rail_disruption,2026-07-19T20:05:00Z,305,post_match,meadowlands_to_stadium,0,900,0,0.0,0,derived,Derived from synthetic FinalFlow scenario inputs; not observed event operations.
rail_disruption,2026-07-19T20:05:00Z,305,post_match,stadium_to_meadowlands,0,900,0,0.0,0,derived,Derived from synthetic FinalFlow scenario inputs; not observed event operations.
rail_disruption,2026-07-19T20:10:00Z,310,post_match,midtown_to_penn_station,0,600,0,0.0,0,derived,Derived from synthetic FinalFlow scenario inputs; not observed event operations.
rail_disruption,2026-07-19T20:10:00Z,310,post_match,penn_station_to_midtown,0,600,0,0.0,0,derived,Derived from synthetic FinalFlow scenario inputs; not observed event operations.
rail_disruption,2026-07-19T20:10:00Z,310,post_match,penn_station_to_secaucus,0,450,0,0.0,0,derived,Derived from synthetic FinalFlow scenario inputs; not observed event operations.
rail_disruption,2026-07-19T20:10:00Z,310,post_match,secaucus_to_penn_station,0,450,0,0.0,0,derived,Derived from synthetic FinalFlow scenario inputs; not observed event operations.
rail_disruption,2026-07-19T20:10:00Z,310,post_match,secaucus_to_meadowlands,0,300,0,0.0,0,derived,Derived from synthetic FinalFlow scenario inputs; not observed event operations.
rail_disruption,2026-07-19T20:10:00Z,310,post_match,meadowlands_to_secaucus,0,300,0,0.0,0,derived,Derived from synthetic FinalFlow scenario inputs; not observed event operations.
rail_disruption,2026-07-19T20:10:00Z,310,post_match,meadowlands_to_stadium,0,900,0,0.0,0,derived,Derived from synthetic FinalFlow scenario inputs; not observed event operations.
rail_disruption,2026-07-19T20:10:00Z,310,post_match,stadium_to_meadowlands,0,900,0,0.0,0,derived,Derived from synthetic FinalFlow scenario inputs; not observed event operations.
rail_disruption,2026-07-19T20:15:00Z,315,post_match,midtown_to_penn_station,0,600,0,0.0,0,derived,Derived from synthetic FinalFlow scenario inputs; not observed event operations.
rail_disruption,2026-07-19T20:15:00Z,315,post_match,penn_station_to_midtown,0,600,0,0.0,0,derived,Derived from synthetic FinalFlow scenario inputs; not observed event operations.
rail_disruption,2026-07-19T20:15:00Z,315,post_match,penn_station_to_secaucus,0,450,0,0.0,0,derived,Derived from synthetic FinalFlow scenario inputs; not observed event operations.
rail_disruption,2026-07-19T20:15:00Z,315,post_match,secaucus_to_penn_station,0,450,0,0.0,0,derived,Derived from synthetic FinalFlow scenario inputs; not observed event operations.
rail_disruption,2026-07-19T20:15:00Z,315,post_match,secaucus_to_meadowlands,0,300,0,0.0,0,derived,Derived from synthetic FinalFlow scenario inputs; not observed event operations.
rail_disruption,2026-07-19T20:15:00Z,315,post_match,meadowlands_to_secaucus,0,300,0,0.0,0,derived,Derived from synthetic FinalFlow scenario inputs; not observed event operations.
rail_disruption,2026-07-19T20:15:00Z,315,post_match,meadowlands_to_stadium,0,900,0,0.0,0,derived,Derived from synthetic FinalFlow scenario inputs; not observed event operations.
rail_disruption,2026-07-19T20:15:00Z,315,post_match,stadium_to_meadowlands,0,900,0,0.0,0,derived,Derived from synthetic FinalFlow scenario inputs; not observed event operations.
rail_capacity_boost,2026-07-19T12:00:00Z,-180,pre_match,midtown_to_penn_station,0,600,0,0.0,0,derived,Derived from synthetic FinalFlow scenario inputs; not observed event operations.
rail_capacity_boost,2026-07-19T12:00:00Z,-180,pre_match,penn_station_to_midtown,0,600,0,0.0,0,derived,Derived from synthetic FinalFlow scenario inputs; not observed event operations.
rail_capacity_boost,2026-07-19T12:00:00Z,-180,pre_match,penn_station_to_secaucus,0,1350,0,0.0,0,derived,Derived from synthetic FinalFlow scenario inputs; not observed event operations.
rail_capacity_boost,2026-07-19T12:00:00Z,-180,pre_match,secaucus_to_penn_station,0,1350,0,0.0,0,derived,Derived from synthetic FinalFlow scenario inputs; not observed event operations.
rail_capacity_boost,2026-07-19T12:00:00Z,-180,pre_match,secaucus_to_meadowlands,0,900,0,0.0,0,derived,Derived from synthetic FinalFlow scenario inputs; not observed event operations.
rail_capacity_boost,2026-07-19T12:00:00Z,-180,pre_match,meadowlands_to_secaucus,0,900,0,0.0,0,derived,Derived from synthetic FinalFlow scenario inputs; not observed event operations.
rail_capacity_boost,2026-07-19T12:00:00Z,-180,pre_match,meadowlands_to_stadium,0,900,0,0.0,0,derived,Derived from synthetic FinalFlow scenario inputs; not observed event operations.
rail_capacity_boost,2026-07-19T12:00:00Z,-180,pre_match,stadium_to_meadowlands,0,900,0,0.0,0,derived,Derived from synthetic FinalFlow scenario inputs; not observed event operations.
rail_capacity_boost,2026-07-19T12:05:00Z,-175,pre_match,midtown_to_penn_station,0,600,0,0.0,0,derived,Derived from synthetic FinalFlow scenario inputs; not observed event operations.
rail_capacity_boost,2026-07-19T12:05:00Z,-175,pre_match,penn_station_to_midtown,0,600,0,0.0,0,derived,Derived from synthetic FinalFlow scenario inputs; not observed event operations.
rail_capacity_boost,2026-07-19T12:05:00Z,-175,pre_match,penn_station_to_secaucus,0,1350,0,0.0,0,derived,Derived from synthetic FinalFlow scenario inputs; not observed event operations.
rail_capacity_boost,2026-07-19T12:05:00Z,-175,pre_match,secaucus_to_penn_station,0,1350,0,0.0,0,derived,Derived from synthetic FinalFlow scenario inputs; not observed event operations.
rail_capacity_boost,2026-07-19T12:05:00Z,-175,pre_match,secaucus_to_meadowlands,0,900,0,0.0,0,derived,Derived from synthetic FinalFlow scenario inputs; not observed event operations.
rail_capacity_boost,2026-07-19T12:05:00Z,-175,pre_match,meadowlands_to_secaucus,0,900,0,0.0,0,derived,Derived from synthetic FinalFlow scenario inputs; not observed event operations.
rail_capacity_boost,2026-07-19T12:05:00Z,-175,pre_match,meadowlands_to_stadium,0,900,0,0.0,0,derived,Derived from synthetic FinalFlow scenario inputs; not observed event operations.
rail_capacity_boost,2026-07-19T12:05:00Z,-175,pre_match,stadium_to_meadowlands,0,900,0,0.0,0,derived,Derived from synthetic FinalFlow scenario inputs; not observed event operations.
rail_capacity_boost,2026-07-19T12:10:00Z,-170,pre_match,midtown_to_penn_station,0,600,0,0.0,0,derived,Derived from synthetic FinalFlow scenario inputs; not observed event operations.
rail_capacity_boost,2026-07-19T12:10:00Z,-170,pre_match,penn_station_to_midtown,0,600,0,0.0,0,derived,Derived from synthetic FinalFlow scenario inputs; not observed event operations.
rail_capacity_boost,2026-07-19T12:10:00Z,-170,pre_match,penn_station_to_secaucus,0,1350,0,0.0,0,derived,Derived from synthetic FinalFlow scenario inputs; not observed event operations.
rail_capacity_boost,2026-07-19T12:10:00Z,-170,pre_match,secaucus_to_penn_station,0,1350,0,0.0,0,derived,Derived from synthetic FinalFlow scenario inputs; not observed event operations.
rail_capacity_boost,2026-07-19T12:10:00Z,-170,pre_match,secaucus_to_meadowlands,0,900,0,0.0,0,derived,Derived from synthetic FinalFlow scenario inputs; not observed event operations.
rail_capacity_boost,2026-07-19T12:10:00Z,-170,pre_match,meadowlands_to_secaucus,0,900,0,0.0,0,derived,Derived from synthetic FinalFlow scenario inputs; not observed event operations.
rail_capacity_boost,2026-07-19T12:10:00Z,-170,pre_match,meadowlands_to_stadium,0,900,0,0.0,0,derived,Derived from synthetic FinalFlow scenario inputs; not observed event operations.
rail_capacity_boost,2026-07-19T12:10:00Z,-170,pre_match,stadium_to_meadowlands,0,900,0,0.0,0,derived,Derived from synthetic FinalFlow scenario inputs; not observed event operations.
rail_capacity_boost,2026-07-19T12:15:00Z,-165,pre_match,midtown_to_penn_station,0,600,0,0.0,0,derived,Derived from synthetic FinalFlow scenario inputs; not observed event operations.
rail_capacity_boost,2026-07-19T12:15:00Z,-165,pre_match,penn_station_to_midtown,0,600,0,0.0,0,derived,Derived from synthetic FinalFlow scenario inputs; not observed event operations.
rail_capacity_boost,2026-07-19T12:15:00Z,-165,pre_match,penn_station_to_secaucus,0,1350,0,0.0,0,derived,Derived from synthetic FinalFlow scenario inputs; not observed event operations.
rail_capacity_boost,2026-07-19T12:15:00Z,-165,pre_match,secaucus_to_penn_station,0,1350,0,0.0,0,derived,Derived from synthetic FinalFlow scenario inputs; not observed event operations.
rail_capacity_boost,2026-07-19T12:15:00Z,-165,pre_match,secaucus_to_meadowlands,0,900,0,0.0,0,derived,Derived from synthetic FinalFlow scenario inputs; not observed event operations.
rail_capacity_boost,2026-07-19T12:15:00Z,-165,pre_match,meadowlands_to_secaucus,0,900,0,0.0,0,derived,Derived from synthetic FinalFlow scenario inputs; not observed event operations.
rail_capacity_boost,2026-07-19T12:15:00Z,-165,pre_match,meadowlands_to_stadium,0,900,0,0.0,0,derived,Derived from synthetic FinalFlow scenario inputs; not observed event operations.
rail_capacity_boost,2026-07-19T12:15:00Z,-165,pre_match,stadium_to_meadowlands,0,900,0,0.0,0,derived,Derived from synthetic FinalFlow scenario inputs; not observed event operations.
rail_capacity_boost,2026-07-19T12:20:00Z,-160,pre_match,midtown_to_penn_station,0,600,0,0.0,0,derived,Derived from synthetic FinalFlow scenario inputs; not observed event operations.
rail_capacity_boost,2026-07-19T12:20:00Z,-160,pre_match,penn_station_to_midtown,0,600,0,0.0,0,derived,Derived from synthetic FinalFlow scenario inputs; not observed event operations.
rail_capacity_boost,2026-07-19T12:20:00Z,-160,pre_match,penn_station_to_secaucus,0,1350,0,0.0,0,derived,Derived from synthetic FinalFlow scenario inputs; not observed event operations.
rail_capacity_boost,2026-07-19T12:20:00Z,-160,pre_match,secaucus_to_penn_station,0,1350,0,0.0,0,derived,Derived from synthetic FinalFlow scenario inputs; not observed event operations.
rail_capacity_boost,2026-07-19T12:20:00Z,-160,pre_match,secaucus_to_meadowlands,0,900,0,0.0,0,derived,Derived from synthetic FinalFlow scenario inputs; not observed event operations.
rail_capacity_boost,2026-07-19T12:20:00Z,-160,pre_match,meadowlands_to_secaucus,0,900,0,0.0,0,derived,Derived from synthetic FinalFlow scenario inputs; not observed event operations.
rail_capacity_boost,2026-07-19T12:20:00Z,-160,pre_match,meadowlands_to_stadium,0,900,0,0.0,0,derived,Derived from synthetic FinalFlow scenario inputs; not observed event operations.
rail_capacity_boost,2026-07-19T12:20:00Z,-160,pre_match,stadium_to_meadowlands,0,900,0,0.0,0,derived,Derived from synthetic FinalFlow scenario inputs; not observed event operations.
rail_capacity_boost,2026-07-19T12:25:00Z,-155,pre_match,midtown_to_penn_station,0,600,0,0.0,0,derived,Derived from synthetic FinalFlow scenario inputs; not observed event operations.
rail_capacity_boost,2026-07-19T12:25:00Z,-155,pre_match,penn_station_to_midtown,0,600,0,0.0,0,derived,Derived from synthetic FinalFlow scenario inputs; not observed event operations.
rail_capacity_boost,2026-07-19T12:25:00Z,-155,pre_match,penn_station_to_secaucus,0,1350,0,0.0,0,derived,Derived from synthetic FinalFlow scenario inputs; not observed event operations.
rail_capacity_boost,2026-07-19T12:25:00Z,-155,pre_match,secaucus_to_penn_station,0,1350,0,0.0,0,derived,Derived from synthetic FinalFlow scenario inputs; not observed event operations.
rail_capacity_boost,2026-07-19T12:25:00Z,-155,pre_match,secaucus_to_meadowlands,0,900,0,0.0,0,derived,Derived from synthetic FinalFlow scenario inputs; not observed event operations.
rail_capacity_boost,2026-07-19T12:25:00Z,-155,pre_match,meadowlands_to_secaucus,0,900,0,0.0,0,derived,Derived from synthetic FinalFlow scenario inputs; not observed event operations.
rail_capacity_boost,2026-07-19T12:25:00Z,-155,pre_match,meadowlands_to_stadium,0,900,0,0.0,0,derived,Derived from synthetic FinalFlow scenario inputs; not observed event operations.
rail_capacity_boost,2026-07-19T12:25:00Z,-155,pre_match,stadium_to_meadowlands,0,900,0,0.0,0,derived,Derived from synthetic FinalFlow scenario inputs; not observed event operations.
rail_capacity_boost,2026-07-19T12:30:00Z,-150,pre_match,midtown_to_penn_station,12,600,12,0.02,12,derived,Derived from synthetic FinalFlow scenario inputs; not observed event operations.
rail_capacity_boost,2026-07-19T12:30:00Z,-150,pre_match,penn_station_to_midtown,0,600,0,0.0,0,derived,Derived from synthetic FinalFlow scenario inputs; not observed event operations.
rail_capacity_boost,2026-07-19T12:30:00Z,-150,pre_match,penn_station_to_secaucus,3,1350,3,0.0022222222222222222,3,derived,Derived from synthetic FinalFlow scenario inputs; not observed event operations.
rail_capacity_boost,2026-07-19T12:30:00Z,-150,pre_match,secaucus_to_penn_station,0,1350,0,0.0,0,derived,Derived from synthetic FinalFlow scenario inputs; not observed event operations.
rail_capacity_boost,2026-07-19T12:30:00Z,-150,pre_match,secaucus_to_meadowlands,3,900,3,0.0033333333333333335,3,derived,Derived from synthetic FinalFlow scenario inputs; not observed event operations.
rail_capacity_boost,2026-07-19T12:30:00Z,-150,pre_match,meadowlands_to_secaucus,0,900,0,0.0,0,derived,Derived from synthetic FinalFlow scenario inputs; not observed event operations.
rail_capacity_boost,2026-07-19T12:30:00Z,-150,pre_match,meadowlands_to_stadium,1,900,1,0.0011111111111111111,1,derived,Derived from synthetic FinalFlow scenario inputs; not observed event operations.
rail_capacity_boost,2026-07-19T12:30:00Z,-150,pre_match,stadium_to_meadowlands,0,900,0,0.0,0,derived,Derived from synthetic FinalFlow scenario inputs; not observed event operations.
rail_capacity_boost,2026-07-19T12:35:00Z,-145,pre_match,midtown_to_penn_station,12,600,12,0.02,24,derived,Derived from synthetic FinalFlow scenario inputs; not observed event operations.
rail_capacity_boost,2026-07-19T12:35:00Z,-145,pre_match,penn_station_to_midtown,0,600,0,0.0,0,derived,Derived from synthetic FinalFlow scenario inputs; not observed event operations.
rail_capacity_boost,2026-07-19T12:35:00Z,-145,pre_match,penn_station_to_secaucus,3,1350,3,0.0022222222222222222,6,derived,Derived from synthetic FinalFlow scenario inputs; not observed event operations.
rail_capacity_boost,2026-07-19T12:35:00Z,-145,pre_match,secaucus_to_penn_station,0,1350,0,0.0,0,derived,Derived from synthetic FinalFlow scenario inputs; not observed event operations.
rail_capacity_boost,2026-07-19T12:35:00Z,-145,pre_match,secaucus_to_meadowlands,3,900,3,0.0033333333333333335,6,derived,Derived from synthetic FinalFlow scenario inputs; not observed event operations.
rail_capacity_boost,2026-07-19T12:35:00Z,-145,pre_match,meadowlands_to_secaucus,0,900,0,0.0,0,derived,Derived from synthetic FinalFlow scenario inputs; not observed event operations.
rail_capacity_boost,2026-07-19T12:35:00Z,-145,pre_match,meadowlands_to_stadium,1,900,1,0.0011111111111111111,2,derived,Derived from synthetic FinalFlow scenario inputs; not observed event operations.
rail_capacity_boost,2026-07-19T12:35:00Z,-145,pre_match,stadium_to_meadowlands,0,900,0,0.0,0,derived,Derived from synthetic FinalFlow scenario inputs; not observed event operations.
rail_capacity_boost,2026-07-19T12:40:00Z,-140,pre_match,midtown_to_penn_station,12,600,12,0.02,36,derived,Derived from synthetic FinalFlow scenario inputs; not observed event operations.
rail_capacity_boost,2026-07-19T12:40:00Z,-140,pre_match,penn_station_to_midtown,0,600,0,0.0,0,derived,Derived from synthetic FinalFlow scenario inputs; not observed event operations.
rail_capacity_boost,2026-07-19T12:40:00Z,-140,pre_match,penn_station_to_secaucus,3,1350,3,0.0022222222222222222,9,derived,Derived from synthetic FinalFlow scenario inputs; not observed event operations.
rail_capacity_boost,2026-07-19T12:40:00Z,-140,pre_match,secaucus_to_penn_station,0,1350,0,0.0,0,derived,Derived from synthetic FinalFlow scenario inputs; not observed event operations.
rail_capacity_boost,2026-07-19T12:40:00Z,-140,pre_match,secaucus_to_meadowlands,3,900,3,0.0033333333333333335,9,derived,Derived from synthetic FinalFlow scenario inputs; not observed event operations.
rail_capacity_boost,2026-07-19T12:40:00Z,-140,pre_match,meadowlands_to_secaucus,0,900,0,0.0,0,derived,Derived from synthetic FinalFlow scenario inputs; not observed event operations.
rail_capacity_boost,2026-07-19T12:40:00Z,-140,pre_match,meadowlands_to_stadium,1,900,1,0.0011111111111111111,2,derived,Derived from synthetic FinalFlow scenario inputs; not observed event operations.
rail_capacity_boost,2026-07-19T12:40:00Z,-140,pre_match,stadium_to_meadowlands,0,900,0,0.0,0,derived,Derived from synthetic FinalFlow scenario inputs; not observed event operations.
rail_capacity_boost,2026-07-19T12:45:00Z,-135,pre_match,midtown_to_penn_station,23,600,23,0.03833333333333333,47,derived,Derived from synthetic FinalFlow scenario inputs; not observed event operations.
rail_capacity_boost,2026-07-19T12:45:00Z,-135,pre_match,penn_station_to_midtown,0,600,0,0.0,0,derived,Derived from synthetic FinalFlow scenario inputs; not observed event operations.
rail_capacity_boost,2026-07-19T12:45:00Z,-135,pre_match,penn_station_to_secaucus,17,1350,17,0.012592592592592593,23,derived,Derived from synthetic FinalFlow scenario inputs; not observed event operations.
rail_capacity_boost,2026-07-19T12:45:00Z,-135,pre_match,secaucus_to_penn_station,0,1350,0,0.0,0,derived,Derived from synthetic FinalFlow scenario inputs; not observed event operations.
rail_capacity_boost,2026-07-19T12:45:00Z,-135,pre_match,secaucus_to_meadowlands,7,900,7,0.0077777777777777776,13,derived,Derived from synthetic FinalFlow scenario inputs; not observed event operations.
rail_capacity_boost,2026-07-19T12:45:00Z,-135,pre_match,meadowlands_to_secaucus,0,900,0,0.0,0,derived,Derived from synthetic FinalFlow scenario inputs; not observed event operations.
rail_capacity_boost,2026-07-19T12:45:00Z,-135,pre_match,meadowlands_to_stadium,6,900,6,0.006666666666666667,7,derived,Derived from synthetic FinalFlow scenario inputs; not observed event operations.
rail_capacity_boost,2026-07-19T12:45:00Z,-135,pre_match,stadium_to_meadowlands,0,900,0,0.0,0,derived,Derived from synthetic FinalFlow scenario inputs; not observed event operations.
rail_capacity_boost,2026-07-19T12:50:00Z,-130,pre_match,midtown_to_penn_station,23,600,23,0.03833333333333333,58,derived,Derived from synthetic FinalFlow scenario inputs; not observed event operations.
rail_capacity_boost,2026-07-19T12:50:00Z,-130,pre_match,penn_station_to_midtown,0,600,0,0.0,0,derived,Derived from synthetic FinalFlow scenario inputs; not observed event operations.
rail_capacity_boost,2026-07-19T12:50:00Z,-130,pre_match,penn_station_to_secaucus,17,1350,17,0.012592592592592593,37,derived,Derived from synthetic FinalFlow scenario inputs; not observed event operations.
rail_capacity_boost,2026-07-19T12:50:00Z,-130,pre_match,secaucus_to_penn_station,0,1350,0,0.0,0,derived,Derived from synthetic FinalFlow scenario inputs; not observed event operations.
rail_capacity_boost,2026-07-19T12:50:00Z,-130,pre_match,secaucus_to_meadowlands,7,900,7,0.0077777777777777776,17,derived,Derived from synthetic FinalFlow scenario inputs; not observed event operations.
rail_capacity_boost,2026-07-19T12:50:00Z,-130,pre_match,meadowlands_to_secaucus,0,900,0,0.0,0,derived,Derived from synthetic FinalFlow scenario inputs; not observed event operations.
rail_capacity_boost,2026-07-19T12:50:00Z,-130,pre_match,meadowlands_to_stadium,6,900,6,0.006666666666666667,12,derived,Derived from synthetic FinalFlow scenario inputs; not observed event operations.
rail_capacity_boost,2026-07-19T12:50:00Z,-130,pre_match,stadium_to_meadowlands,0,900,0,0.0,0,derived,Derived from synthetic FinalFlow scenario inputs; not observed event operations.
rail_capacity_boost,2026-07-19T12:55:00Z,-125,pre_match,midtown_to_penn_station,35,600,35,0.058333333333333334,81,derived,Derived from synthetic FinalFlow scenario inputs; not observed event operations.
rail_capacity_boost,2026-07-19T12:55:00Z,-125,pre_match,penn_station_to_midtown,0,600,0,0.0,0,derived,Derived from synthetic FinalFlow scenario inputs; not observed event operations.
rail_capacity_boost,2026-07-19T12:55:00Z,-125,pre_match,penn_station_to_secaucus,20,1350,20,0.014814814814814815,54,derived,Derived from synthetic FinalFlow scenario inputs; not observed event operations.
rail_capacity_boost,2026-07-19T12:55:00Z,-125,pre_match,secaucus_to_penn_station,0,1350,0,0.0,0,derived,Derived from synthetic FinalFlow scenario inputs; not observed event operations.
rail_capacity_boost,2026-07-19T12:55:00Z,-125,pre_match,secaucus_to_meadowlands,10,900,10,0.011111111111111112,24,derived,Derived from synthetic FinalFlow scenario inputs; not observed event operations.
rail_capacity_boost,2026-07-19T12:55:00Z,-125,pre_match,meadowlands_to_secaucus,0,900,0,0.0,0,derived,Derived from synthetic FinalFlow scenario inputs; not observed event operations.
rail_capacity_boost,2026-07-19T12:55:00Z,-125,pre_match,meadowlands_to_stadium,7,900,7,0.0077777777777777776,13,derived,Derived from synthetic FinalFlow scenario inputs; not observed event operations.
rail_capacity_boost,2026-07-19T12:55:00Z,-125,pre_match,stadium_to_meadowlands,0,900,0,0.0,0,derived,Derived from synthetic FinalFlow scenario inputs; not observed event operations.
rail_capacity_boost,2026-07-19T13:00:00Z,-120,gates_open,midtown_to_penn_station,35,600,35,0.058333333333333334,93,derived,Derived from synthetic FinalFlow scenario inputs; not observed event operations.
rail_capacity_boost,2026-07-19T13:00:00Z,-120,gates_open,penn_station_to_midtown,0,600,0,0.0,0,derived,Derived from synthetic FinalFlow scenario inputs; not observed event operations.
rail_capacity_boost,2026-07-19T13:00:00Z,-120,gates_open,penn_station_to_secaucus,31,1350,31,0.022962962962962963,68,derived,Derived from synthetic FinalFlow scenario inputs; not observed event operations.
rail_capacity_boost,2026-07-19T13:00:00Z,-120,gates_open,secaucus_to_penn_station,0,1350,0,0.0,0,derived,Derived from synthetic FinalFlow scenario inputs; not observed event operations.
rail_capacity_boost,2026-07-19T13:00:00Z,-120,gates_open,secaucus_to_meadowlands,24,900,24,0.02666666666666667,41,derived,Derived from synthetic FinalFlow scenario inputs; not observed event operations.
rail_capacity_boost,2026-07-19T13:00:00Z,-120,gates_open,meadowlands_to_secaucus,0,900,0,0.0,0,derived,Derived from synthetic FinalFlow scenario inputs; not observed event operations.
rail_capacity_boost,2026-07-19T13:00:00Z,-120,gates_open,meadowlands_to_stadium,11,900,11,0.012222222222222223,18,derived,Derived from synthetic FinalFlow scenario inputs; not observed event operations.
rail_capacity_boost,2026-07-19T13:00:00Z,-120,gates_open,stadium_to_meadowlands,0,900,0,0.0,0,derived,Derived from synthetic FinalFlow scenario inputs; not observed event operations.
rail_capacity_boost,2026-07-19T13:05:00Z,-115,pre_match,midtown_to_penn_station,47,600,47,0.07833333333333334,117,derived,Derived from synthetic FinalFlow scenario inputs; not observed event operations.
rail_capacity_boost,2026-07-19T13:05:00Z,-115,pre_match,penn_station_to_midtown,0,600,0,0.0,0,derived,Derived from synthetic FinalFlow scenario inputs; not observed event operations.
rail_capacity_boost,2026-07-19T13:05:00Z,-115,pre_match,penn_station_to_secaucus,34,1350,34,0.025185185185185185,85,derived,Derived from synthetic FinalFlow scenario inputs; not observed event operations.
rail_capacity_boost,2026-07-19T13:05:00Z,-115,pre_match,secaucus_to_penn_station,0,1350,0,0.0,0,derived,Derived from synthetic FinalFlow scenario inputs; not observed event operations.
rail_capacity_boost,2026-07-19T13:05:00Z,-115,pre_match,secaucus_to_meadowlands,25,900,25,0.027777777777777776,59,derived,Derived from synthetic FinalFlow scenario inputs; not observed event operations.
rail_capacity_boost,2026-07-19T13:05:00Z,-115,pre_match,meadowlands_to_secaucus,0,900,0,0.0,0,derived,Derived from synthetic FinalFlow scenario inputs; not observed event operations.
rail_capacity_boost,2026-07-19T13:05:00Z,-115,pre_match,meadowlands_to_stadium,13,900,13,0.014444444444444444,24,derived,Derived from synthetic FinalFlow scenario inputs; not observed event operations.
rail_capacity_boost,2026-07-19T13:05:00Z,-115,pre_match,stadium_to_meadowlands,0,900,0,0.0,0,derived,Derived from synthetic FinalFlow scenario inputs; not observed event operations.
rail_capacity_boost,2026-07-19T13:10:00Z,-110,pre_match,midtown_to_penn_station,59,600,59,0.09833333333333333,141,derived,Derived from synthetic FinalFlow scenario inputs; not observed event operations.
rail_capacity_boost,2026-07-19T13:10:00Z,-110,pre_match,penn_station_to_midtown,0,600,0,0.0,0,derived,Derived from synthetic FinalFlow scenario inputs; not observed event operations.
rail_capacity_boost,2026-07-19T13:10:00Z,-110,pre_match,penn_station_to_secaucus,48,1350,48,0.035555555555555556,113,derived,Derived from synthetic FinalFlow scenario inputs; not observed event operations.
rail_capacity_boost,2026-07-19T13:10:00Z,-110,pre_match,secaucus_to_penn_station,0,1350,0,0.0,0,derived,Derived from synthetic FinalFlow scenario inputs; not observed event operations.
rail_capacity_boost,2026-07-19T13:10:00Z,-110,pre_match,secaucus_to_meadowlands,31,900,31,0.034444444444444444,80,derived,Derived from synthetic FinalFlow scenario inputs; not observed event operations.
rail_capacity_boost,2026-07-19T13:10:00Z,-110,pre_match,meadowlands_to_secaucus,0,900,0,0.0,0,derived,Derived from synthetic FinalFlow scenario inputs; not observed event operations.
rail_capacity_boost,2026-07-19T13:10:00Z,-110,pre_match,meadowlands_to_stadium,17,900,17,0.01888888888888889,30,derived,Derived from synthetic FinalFlow scenario inputs; not observed event operations.
rail_capacity_boost,2026-07-19T13:10:00Z,-110,pre_match,stadium_to_meadowlands,0,900,0,0.0,0,derived,Derived from synthetic FinalFlow scenario inputs; not observed event operations.
rail_capacity_boost,2026-07-19T13:15:00Z,-105,pre_match,midtown_to_penn_station,70,600,70,0.11666666666666667,176,derived,Derived from synthetic FinalFlow scenario inputs; not observed event operations.
rail_capacity_boost,2026-07-19T13:15:00Z,-105,pre_match,penn_station_to_midtown,0,600,0,0.0,0,derived,Derived from synthetic FinalFlow scenario inputs; not observed event operations.
rail_capacity_boost,2026-07-19T13:15:00Z,-105,pre_match,penn_station_to_secaucus,51,1350,51,0.03777777777777778,133,derived,Derived from synthetic FinalFlow scenario inputs; not observed event operations.
rail_capacity_boost,2026-07-19T13:15:00Z,-105,pre_match,secaucus_to_penn_station,0,1350,0,0.0,0,derived,Derived from synthetic FinalFlow scenario inputs; not observed event operations.
rail_capacity_boost,2026-07-19T13:15:00Z,-105,pre_match,secaucus_to_meadowlands,44,900,44,0.04888888888888889,100,derived,Derived from synthetic FinalFlow scenario inputs; not observed event operations.
rail_capacity_boost,2026-07-19T13:15:00Z,-105,pre_match,meadowlands_to_secaucus,0,900,0,0.0,0,derived,Derived from synthetic FinalFlow scenario inputs; not observed event operations.
rail_capacity_boost,2026-07-19T13:15:00Z,-105,pre_match,meadowlands_to_stadium,32,900,32,0.035555555555555556,49,derived,Derived from synthetic FinalFlow scenario inputs; not observed event operations.
rail_capacity_boost,2026-07-19T13:15:00Z,-105,pre_match,stadium_to_meadowlands,0,900,0,0.0,0,derived,Derived from synthetic FinalFlow scenario inputs; not observed event operations.
rail_capacity_boost,2026-07-19T13:20:00Z,-100,pre_match,midtown_to_penn_station,82,600,82,0.13666666666666666,211,derived,Derived from synthetic FinalFlow scenario inputs; not observed event operations.
rail_capacity_boost,2026-07-19T13:20:00Z,-100,pre_match,penn_station_to_midtown,0,600,0,0.0,0,derived,Derived from synthetic FinalFlow scenario inputs; not observed event operations.
rail_capacity_boost,2026-07-19T13:20:00Z,-100,pre_match,penn_station_to_secaucus,66,1350,66,0.04888888888888889,165,derived,Derived from synthetic FinalFlow scenario inputs; not observed event operations.
rail_capacity_boost,2026-07-19T13:20:00Z,-100,pre_match,secaucus_to_penn_station,0,1350,0,0.0,0,derived,Derived from synthetic FinalFlow scenario inputs; not observed event operations.
rail_capacity_boost,2026-07-19T13:20:00Z,-100,pre_match,secaucus_to_meadowlands,49,900,49,0.05444444444444444,124,derived,Derived from synthetic FinalFlow scenario inputs; not observed event operations.
rail_capacity_boost,2026-07-19T13:20:00Z,-100,pre_match,meadowlands_to_secaucus,0,900,0,0.0,0,derived,Derived from synthetic FinalFlow scenario inputs; not observed event operations.
rail_capacity_boost,2026-07-19T13:20:00Z,-100,pre_match,meadowlands_to_stadium,35,900,35,0.03888888888888889,67,derived,Derived from synthetic FinalFlow scenario inputs; not observed event operations.
rail_capacity_boost,2026-07-19T13:20:00Z,-100,pre_match,stadium_to_meadowlands,0,900,0,0.0,0,derived,Derived from synthetic FinalFlow scenario inputs; not observed event operations.
rail_capacity_boost,2026-07-19T13:25:00Z,-95,pre_match,midtown_to_penn_station,93,600,93,0.155,245,derived,Derived from synthetic FinalFlow scenario inputs; not observed event operations.
rail_capacity_boost,2026-07-19T13:25:00Z,-95,pre_match,penn_station_to_midtown,0,600,0,0.0,0,derived,Derived from synthetic FinalFlow scenario inputs; not observed event operations.
rail_capacity_boost,2026-07-19T13:25:00Z,-95,pre_match,penn_station_to_secaucus,80,1350,80,0.05925925925925926,197,derived,Derived from synthetic FinalFlow scenario inputs; not observed event operations.
rail_capacity_boost,2026-07-19T13:25:00Z,-95,pre_match,secaucus_to_penn_station,0,1350,0,0.0,0,derived,Derived from synthetic FinalFlow scenario inputs; not observed event operations.
rail_capacity_boost,2026-07-19T13:25:00Z,-95,pre_match,secaucus_to_meadowlands,65,900,65,0.07222222222222222,158,derived,Derived from synthetic FinalFlow scenario inputs; not observed event operations.
rail_capacity_boost,2026-07-19T13:25:00Z,-95,pre_match,meadowlands_to_secaucus,0,900,0,0.0,0,derived,Derived from synthetic FinalFlow scenario inputs; not observed event operations.
rail_capacity_boost,2026-07-19T13:25:00Z,-95,pre_match,meadowlands_to_stadium,42,900,42,0.04666666666666667,77,derived,Derived from synthetic FinalFlow scenario inputs; not observed event operations.
rail_capacity_boost,2026-07-19T13:25:00Z,-95,pre_match,stadium_to_meadowlands,0,900,0,0.0,0,derived,Derived from synthetic FinalFlow scenario inputs; not observed event operations.
rail_capacity_boost,2026-07-19T13:30:00Z,-90,pre_match,midtown_to_penn_station,105,600,105,0.175,280,derived,Derived from synthetic FinalFlow scenario inputs; not observed event operations.
rail_capacity_boost,2026-07-19T13:30:00Z,-90,pre_match,penn_station_to_midtown,0,600,0,0.0,0,derived,Derived from synthetic FinalFlow scenario inputs; not observed event operations.
rail_capacity_boost,2026-07-19T13:30:00Z,-90,pre_match,penn_station_to_secaucus,94,1350,94,0.06962962962962962,240,derived,Derived from synthetic FinalFlow scenario inputs; not observed event operations.
rail_capacity_boost,2026-07-19T13:30:00Z,-90,pre_match,secaucus_to_penn_station,0,1350,0,0.0,0,derived,Derived from synthetic FinalFlow scenario inputs; not observed event operations.
rail_capacity_boost,2026-07-19T13:30:00Z,-90,pre_match,secaucus_to_meadowlands,70,900,70,0.07777777777777778,184,derived,Derived from synthetic FinalFlow scenario inputs; not observed event operations.
rail_capacity_boost,2026-07-19T13:30:00Z,-90,pre_match,meadowlands_to_secaucus,0,900,0,0.0,0,derived,Derived from synthetic FinalFlow scenario inputs; not observed event operations.
rail_capacity_boost,2026-07-19T13:30:00Z,-90,pre_match,meadowlands_to_stadium,57,900,57,0.06333333333333334,99,derived,Derived from synthetic FinalFlow scenario inputs; not observed event operations.
rail_capacity_boost,2026-07-19T13:30:00Z,-90,pre_match,stadium_to_meadowlands,0,900,0,0.0,0,derived,Derived from synthetic FinalFlow scenario inputs; not observed event operations.
rail_capacity_boost,2026-07-19T13:35:00Z,-85,pre_match,midtown_to_penn_station,117,600,117,0.195,315,derived,Derived from synthetic FinalFlow scenario inputs; not observed event operations.
rail_capacity_boost,2026-07-19T13:35:00Z,-85,pre_match,penn_station_to_midtown,0,600,0,0.0,0,derived,Derived from synthetic FinalFlow scenario inputs; not observed event operations.
rail_capacity_boost,2026-07-19T13:35:00Z,-85,pre_match,penn_station_to_secaucus,109,1350,109,0.08074074074074074,283,derived,Derived from synthetic FinalFlow scenario inputs; not observed event operations.
rail_capacity_boost,2026-07-19T13:35:00Z,-85,pre_match,secaucus_to_penn_station,0,1350,0,0.0,0,derived,Derived from synthetic FinalFlow scenario inputs; not observed event operations.
rail_capacity_boost,2026-07-19T13:35:00Z,-85,pre_match,secaucus_to_meadowlands,87,900,87,0.09666666666666666,222,derived,Derived from synthetic FinalFlow scenario inputs; not observed event operations.
rail_capacity_boost,2026-07-19T13:35:00Z,-85,pre_match,meadowlands_to_secaucus,0,900,0,0.0,0,derived,Derived from synthetic FinalFlow scenario inputs; not observed event operations.
rail_capacity_boost,2026-07-19T13:35:00Z,-85,pre_match,meadowlands_to_stadium,64,900,64,0.07111111111111111,121,derived,Derived from synthetic FinalFlow scenario inputs; not observed event operations.
rail_capacity_boost,2026-07-19T13:35:00Z,-85,pre_match,stadium_to_meadowlands,0,900,0,0.0,0,derived,Derived from synthetic FinalFlow scenario inputs; not observed event operations.
rail_capacity_boost,2026-07-19T13:40:00Z,-80,pre_match,midtown_to_penn_station,129,600,129,0.215,351,derived,Derived from synthetic FinalFlow scenario inputs; not observed event operations.
rail_capacity_boost,2026-07-19T13:40:00Z,-80,pre_match,penn_station_to_midtown,0,600,0,0.0,0,derived,Derived from synthetic FinalFlow scenario inputs; not observed event operations.
rail_capacity_boost,2026-07-19T13:40:00Z,-80,pre_match,penn_station_to_secaucus,122,1350,122,0.09037037037037036,325,derived,Derived from synthetic FinalFlow scenario inputs; not observed event operations.
rail_capacity_boost,2026-07-19T13:40:00Z,-80,pre_match,secaucus_to_penn_station,0,1350,0,0.0,0,derived,Derived from synthetic FinalFlow scenario inputs; not observed event operations.
rail_capacity_boost,2026-07-19T13:40:00Z,-80,pre_match,secaucus_to_meadowlands,104,900,104,0.11555555555555555,261,derived,Derived from synthetic FinalFlow scenario inputs; not observed event operations.
rail_capacity_boost,2026-07-19T13:40:00Z,-80,pre_match,meadowlands_to_secaucus,0,900,0,0.0,0,derived,Derived from synthetic FinalFlow scenario inputs; not observed event operations.
rail_capacity_boost,2026-07-19T13:40:00Z,-80,pre_match,meadowlands_to_stadium,81,900,81,0.09,145,derived,Derived from synthetic FinalFlow scenario inputs; not observed event operations.
rail_capacity_boost,2026-07-19T13:40:00Z,-80,pre_match,stadium_to_meadowlands,0,900,0,0.0,0,derived,Derived from synthetic FinalFlow scenario inputs; not observed event operations.
rail_capacity_boost,2026-07-19T13:45:00Z,-75,pre_match,midtown_to_penn_station,140,600,140,0.23333333333333334,386,derived,Derived from synthetic FinalFlow scenario inputs; not observed event operations.
rail_capacity_boost,2026-07-19T13:45:00Z,-75,pre_match,penn_station_to_midtown,0,600,0,0.0,0,derived,Derived from synthetic FinalFlow scenario inputs; not observed event operations.
rail_capacity_boost,2026-07-19T13:45:00Z,-75,pre_match,penn_station_to_secaucus,137,1350,137,0.10148148148148148,368,derived,Derived from synthetic FinalFlow scenario inputs; not observed event operations.
rail_capacity_boost,2026-07-19T13:45:00Z,-75,pre_match,secaucus_to_penn_station,0,1350,0,0.0,0,derived,Derived from synthetic FinalFlow scenario inputs; not observed event operations.
rail_capacity_boost,2026-07-19T13:45:00Z,-75,pre_match,secaucus_to_meadowlands,120,900,120,0.13333333333333333,311,derived,Derived from synthetic FinalFlow scenario inputs; not observed event operations.
rail_capacity_boost,2026-07-19T13:45:00Z,-75,pre_match,meadowlands_to_secaucus,0,900,0,0.0,0,derived,Derived from synthetic FinalFlow scenario inputs; not observed event operations.
rail_capacity_boost,2026-07-19T13:45:00Z,-75,pre_match,meadowlands_to_stadium,87,900,87,0.09666666666666666,168,derived,Derived from synthetic FinalFlow scenario inputs; not observed event operations.
rail_capacity_boost,2026-07-19T13:45:00Z,-75,pre_match,stadium_to_meadowlands,0,900,0,0.0,0,derived,Derived from synthetic FinalFlow scenario inputs; not observed event operations.
rail_capacity_boost,2026-07-19T13:50:00Z,-70,pre_match,midtown_to_penn_station,152,600,152,0.25333333333333335,421,derived,Derived from synthetic FinalFlow scenario inputs; not observed event operations.
rail_capacity_boost,2026-07-19T13:50:00Z,-70,pre_match,penn_station_to_midtown,0,600,0,0.0,0,derived,Derived from synthetic FinalFlow scenario inputs; not observed event operations.
rail_capacity_boost,2026-07-19T13:50:00Z,-70,pre_match,penn_station_to_secaucus,152,1350,152,0.11259259259259259,411,derived,Derived from synthetic FinalFlow scenario inputs; not observed event operations.
rail_capacity_boost,2026-07-19T13:50:00Z,-70,pre_match,secaucus_to_penn_station,0,1350,0,0.0,0,derived,Derived from synthetic FinalFlow scenario inputs; not observed event operations.
rail_capacity_boost,2026-07-19T13:50:00Z,-70,pre_match,secaucus_to_meadowlands,137,900,137,0.15222222222222223,361,derived,Derived from synthetic FinalFlow scenario inputs; not observed event operations.
rail_capacity_boost,2026-07-19T13:50:00Z,-70,pre_match,meadowlands_to_secaucus,0,900,0,0.0,0,derived,Derived from synthetic FinalFlow scenario inputs; not observed event operations.
rail_capacity_boost,2026-07-19T13:50:00Z,-70,pre_match,meadowlands_to_stadium,106,900,106,0.11777777777777777,193,derived,Derived from synthetic FinalFlow scenario inputs; not observed event operations.
rail_capacity_boost,2026-07-19T13:50:00Z,-70,pre_match,stadium_to_meadowlands,0,900,0,0.0,0,derived,Derived from synthetic FinalFlow scenario inputs; not observed event operations.
rail_capacity_boost,2026-07-19T13:55:00Z,-65,pre_match,midtown_to_penn_station,164,600,164,0.2733333333333333,456,derived,Derived from synthetic FinalFlow scenario inputs; not observed event operations.
rail_capacity_boost,2026-07-19T13:55:00Z,-65,pre_match,penn_station_to_midtown,0,600,0,0.0,0,derived,Derived from synthetic FinalFlow scenario inputs; not observed event operations.
rail_capacity_boost,2026-07-19T13:55:00Z,-65,pre_match,penn_station_to_secaucus,167,1350,167,0.1237037037037037,456,derived,Derived from synthetic FinalFlow scenario inputs; not observed event operations.
rail_capacity_boost,2026-07-19T13:55:00Z,-65,pre_match,secaucus_to_penn_station,0,1350,0,0.0,0,derived,Derived from synthetic FinalFlow scenario inputs; not observed event operations.
rail_capacity_boost,2026-07-19T13:55:00Z,-65,pre_match,secaucus_to_meadowlands,152,900,152,0.1688888888888889,409,derived,Derived from synthetic FinalFlow scenario inputs; not observed event operations.
rail_capacity_boost,2026-07-19T13:55:00Z,-65,pre_match,meadowlands_to_secaucus,0,900,0,0.0,0,derived,Derived from synthetic FinalFlow scenario inputs; not observed event operations.
rail_capacity_boost,2026-07-19T13:55:00Z,-65,pre_match,meadowlands_to_stadium,124,900,124,0.13777777777777778,230,derived,Derived from synthetic FinalFlow scenario inputs; not observed event operations.
rail_capacity_boost,2026-07-19T13:55:00Z,-65,pre_match,stadium_to_meadowlands,0,900,0,0.0,0,derived,Derived from synthetic FinalFlow scenario inputs; not observed event operations.
rail_capacity_boost,2026-07-19T14:00:00Z,-60,pre_match,midtown_to_penn_station,176,600,176,0.29333333333333333,492,derived,Derived from synthetic FinalFlow scenario inputs; not observed event operations.
rail_capacity_boost,2026-07-19T14:00:00Z,-60,pre_match,penn_station_to_midtown,0,600,0,0.0,0,derived,Derived from synthetic FinalFlow scenario inputs; not observed event operations.
rail_capacity_boost,2026-07-19T14:00:00Z,-60,pre_match,penn_station_to_secaucus,180,1350,180,0.13333333333333333,499,derived,Derived from synthetic FinalFlow scenario inputs; not observed event operations.
rail_capacity_boost,2026-07-19T14:00:00Z,-60,pre_match,secaucus_to_penn_station,0,1350,0,0.0,0,derived,Derived from synthetic FinalFlow scenario inputs; not observed event operations.
rail_capacity_boost,2026-07-19T14:00:00Z,-60,pre_match,secaucus_to_meadowlands,169,900,169,0.18777777777777777,458,derived,Derived from synthetic FinalFlow scenario inputs; not observed event operations.
rail_capacity_boost,2026-07-19T14:00:00Z,-60,pre_match,meadowlands_to_secaucus,0,900,0,0.0,0,derived,Derived from synthetic FinalFlow scenario inputs; not observed event operations.
rail_capacity_boost,2026-07-19T14:00:00Z,-60,pre_match,meadowlands_to_stadium,141,900,141,0.15666666666666668,265,derived,Derived from synthetic FinalFlow scenario inputs; not observed event operations.
rail_capacity_boost,2026-07-19T14:00:00Z,-60,pre_match,stadium_to_meadowlands,0,900,0,0.0,0,derived,Derived from synthetic FinalFlow scenario inputs; not observed event operations.
rail_capacity_boost,2026-07-19T14:05:00Z,-55,pre_match,midtown_to_penn_station,187,600,187,0.31166666666666665,527,derived,Derived from synthetic FinalFlow scenario inputs; not observed event operations.
rail_capacity_boost,2026-07-19T14:05:00Z,-55,pre_match,penn_station_to_midtown,0,600,0,0.0,0,derived,Derived from synthetic FinalFlow scenario inputs; not observed event operations.
rail_capacity_boost,2026-07-19T14:05:00Z,-55,pre_match,penn_station_to_secaucus,195,1350,195,0.14444444444444443,542,derived,Derived from synthetic FinalFlow scenario inputs; not observed event operations.
rail_capacity_boost,2026-07-19T14:05:00Z,-55,pre_match,secaucus_to_penn_station,0,1350,0,0.0,0,derived,Derived from synthetic FinalFlow scenario inputs; not observed event operations.
rail_capacity_boost,2026-07-19T14:05:00Z,-55,pre_match,secaucus_to_meadowlands,187,900,187,0.20777777777777778,508,derived,Derived from synthetic FinalFlow scenario inputs; not observed event operations.
rail_capacity_boost,2026-07-19T14:05:00Z,-55,pre_match,meadowlands_to_secaucus,0,900,0,0.0,0,derived,Derived from synthetic FinalFlow scenario inputs; not observed event operations.
rail_capacity_boost,2026-07-19T14:05:00Z,-55,pre_match,meadowlands_to_stadium,160,900,160,0.17777777777777778,301,derived,Derived from synthetic FinalFlow scenario inputs; not observed event operations.
rail_capacity_boost,2026-07-19T14:05:00Z,-55,pre_match,stadium_to_meadowlands,0,900,0,0.0,0,derived,Derived from synthetic FinalFlow scenario inputs; not observed event operations.
rail_capacity_boost,2026-07-19T14:10:00Z,-50,pre_match,midtown_to_penn_station,187,600,187,0.31166666666666665,550,derived,Derived from synthetic FinalFlow scenario inputs; not observed event operations.
rail_capacity_boost,2026-07-19T14:10:00Z,-50,pre_match,penn_station_to_midtown,0,600,0,0.0,0,derived,Derived from synthetic FinalFlow scenario inputs; not observed event operations.
rail_capacity_boost,2026-07-19T14:10:00Z,-50,pre_match,penn_station_to_secaucus,207,1350,207,0.15333333333333332,582,derived,Derived from synthetic FinalFlow scenario inputs; not observed event operations.
rail_capacity_boost,2026-07-19T14:10:00Z,-50,pre_match,secaucus_to_penn_station,0,1350,0,0.0,0,derived,Derived from synthetic FinalFlow scenario inputs; not observed event operations.
rail_capacity_boost,2026-07-19T14:10:00Z,-50,pre_match,secaucus_to_meadowlands,202,900,202,0.22444444444444445,558,derived,Derived from synthetic FinalFlow scenario inputs; not observed event operations.
rail_capacity_boost,2026-07-19T14:10:00Z,-50,pre_match,meadowlands_to_secaucus,0,900,0,0.0,0,derived,Derived from synthetic FinalFlow scenario inputs; not observed event operations.
rail_capacity_boost,2026-07-19T14:10:00Z,-50,pre_match,meadowlands_to_stadium,175,900,175,0.19444444444444445,335,derived,Derived from synthetic FinalFlow scenario inputs; not observed event operations.
rail_capacity_boost,2026-07-19T14:10:00Z,-50,pre_match,stadium_to_meadowlands,0,900,0,0.0,0,derived,Derived from synthetic FinalFlow scenario inputs; not observed event operations.
rail_capacity_boost,2026-07-19T14:15:00Z,-45,pre_match,midtown_to_penn_station,176,600,176,0.29333333333333333,550,derived,Derived from synthetic FinalFlow scenario inputs; not observed event operations.
rail_capacity_boost,2026-07-19T14:15:00Z,-45,pre_match,penn_station_to_midtown,0,600,0,0.0,0,derived,Derived from synthetic FinalFlow scenario inputs; not observed event operations.
rail_capacity_boost,2026-07-19T14:15:00Z,-45,pre_match,penn_station_to_secaucus,216,1350,216,0.16,618,derived,Derived from synthetic FinalFlow scenario inputs; not observed event operations.
rail_capacity_boost,2026-07-19T14:15:00Z,-45,pre_match,secaucus_to_penn_station,0,1350,0,0.0,0,derived,Derived from synthetic FinalFlow scenario inputs; not observed event operations.
rail_capacity_boost,2026-07-19T14:15:00Z,-45,pre_match,secaucus_to_meadowlands,212,900,212,0.23555555555555555,601,derived,Derived from synthetic FinalFlow scenario inputs; not observed event operations.
rail_capacity_boost,2026-07-19T14:15:00Z,-45,pre_match,meadowlands_to_secaucus,0,900,0,0.0,0,derived,Derived from synthetic FinalFlow scenario inputs; not observed event operations.
rail_capacity_boost,2026-07-19T14:15:00Z,-45,pre_match,meadowlands_to_stadium,190,900,190,0.2111111111111111,365,derived,Derived from synthetic FinalFlow scenario inputs; not observed event operations.
rail_capacity_boost,2026-07-19T14:15:00Z,-45,pre_match,stadium_to_meadowlands,0,900,0,0.0,0,derived,Derived from synthetic FinalFlow scenario inputs; not observed event operations.
rail_capacity_boost,2026-07-19T14:20:00Z,-40,pre_match,midtown_to_penn_station,164,600,164,0.2733333333333333,527,derived,Derived from synthetic FinalFlow scenario inputs; not observed event operations.
rail_capacity_boost,2026-07-19T14:20:00Z,-40,pre_match,penn_station_to_midtown,0,600,0,0.0,0,derived,Derived from synthetic FinalFlow scenario inputs; not observed event operations.
rail_capacity_boost,2026-07-19T14:20:00Z,-40,pre_match,penn_station_to_secaucus,225,1350,225,0.16666666666666666,648,derived,Derived from synthetic FinalFlow scenario inputs; not observed event operations.
rail_capacity_boost,2026-07-19T14:20:00Z,-40,pre_match,secaucus_to_penn_station,0,1350,0,0.0,0,derived,Derived from synthetic FinalFlow scenario inputs; not observed event operations.
rail_capacity_boost,2026-07-19T14:20:00Z,-40,pre_match,secaucus_to_meadowlands,225,900,225,0.25,639,derived,Derived from synthetic FinalFlow scenario inputs; not observed event operations.
rail_capacity_boost,2026-07-19T14:20:00Z,-40,pre_match,meadowlands_to_secaucus,0,900,0,0.0,0,derived,Derived from synthetic FinalFlow scenario inputs; not observed event operations.
rail_capacity_boost,2026-07-19T14:20:00Z,-40,pre_match,meadowlands_to_stadium,207,900,207,0.23,397,derived,Derived from synthetic FinalFlow scenario inputs; not observed event operations.
rail_capacity_boost,2026-07-19T14:20:00Z,-40,pre_match,stadium_to_meadowlands,0,900,0,0.0,0,derived,Derived from synthetic FinalFlow scenario inputs; not observed event operations.
rail_capacity_boost,2026-07-19T14:25:00Z,-35,pre_match,midtown_to_penn_station,140,600,140,0.23333333333333334,480,derived,Derived from synthetic FinalFlow scenario inputs; not observed event operations.
rail_capacity_boost,2026-07-19T14:25:00Z,-35,pre_match,penn_station_to_midtown,0,600,0,0.0,0,derived,Derived from synthetic FinalFlow scenario inputs; not observed event operations.
rail_capacity_boost,2026-07-19T14:25:00Z,-35,pre_match,penn_station_to_secaucus,219,1350,219,0.1622222222222222,660,derived,Derived from synthetic FinalFlow scenario inputs; not observed event operations.
rail_capacity_boost,2026-07-19T14:25:00Z,-35,pre_match,secaucus_to_penn_station,0,1350,0,0.0,0,derived,Derived from synthetic FinalFlow scenario inputs; not observed event operations.
rail_capacity_boost,2026-07-19T14:25:00Z,-35,pre_match,secaucus_to_meadowlands,233,900,233,0.2588888888888889,670,derived,Derived from synthetic FinalFlow scenario inputs; not observed event operations.
rail_capacity_boost,2026-07-19T14:25:00Z,-35,pre_match,meadowlands_to_secaucus,0,900,0,0.0,0,derived,Derived from synthetic FinalFlow scenario inputs; not observed event operations.
rail_capacity_boost,2026-07-19T14:25:00Z,-35,pre_match,meadowlands_to_stadium,219,900,219,0.24333333333333335,426,derived,Derived from synthetic FinalFlow scenario inputs; not observed event operations.
rail_capacity_boost,2026-07-19T14:25:00Z,-35,pre_match,stadium_to_meadowlands,0,900,0,0.0,0,derived,Derived from synthetic FinalFlow scenario inputs; not observed event operations.
rail_capacity_boost,2026-07-19T14:30:00Z,-30,ceremony,midtown_to_penn_station,0,600,0,0.0,304,derived,Derived from synthetic FinalFlow scenario inputs; not observed event operations.
rail_capacity_boost,2026-07-19T14:30:00Z,-30,ceremony,penn_station_to_midtown,0,600,0,0.0,0,derived,Derived from synthetic FinalFlow scenario inputs; not observed event operations.
rail_capacity_boost,2026-07-19T14:30:00Z,-30,ceremony,penn_station_to_secaucus,176,1350,176,0.13037037037037036,620,derived,Derived from synthetic FinalFlow scenario inputs; not observed event operations.
rail_capacity_boost,2026-07-19T14:30:00Z,-30,ceremony,secaucus_to_penn_station,0,1350,0,0.0,0,derived,Derived from synthetic FinalFlow scenario inputs; not observed event operations.
rail_capacity_boost,2026-07-19T14:30:00Z,-30,ceremony,secaucus_to_meadowlands,216,900,216,0.24,674,derived,Derived from synthetic FinalFlow scenario inputs; not observed event operations.
rail_capacity_boost,2026-07-19T14:30:00Z,-30,ceremony,meadowlands_to_secaucus,0,900,0,0.0,0,derived,Derived from synthetic FinalFlow scenario inputs; not observed event operations.
rail_capacity_boost,2026-07-19T14:30:00Z,-30,ceremony,meadowlands_to_stadium,212,900,212,0.23555555555555555,431,derived,Derived from synthetic FinalFlow scenario inputs; not observed event operations.
rail_capacity_boost,2026-07-19T14:30:00Z,-30,ceremony,stadium_to_meadowlands,0,900,0,0.0,0,derived,Derived from synthetic FinalFlow scenario inputs; not observed event operations.
rail_capacity_boost,2026-07-19T14:35:00Z,-25,ceremony,midtown_to_penn_station,0,600,0,0.0,140,derived,Derived from synthetic FinalFlow scenario inputs; not observed event operations.
rail_capacity_boost,2026-07-19T14:35:00Z,-25,ceremony,penn_station_to_midtown,0,600,0,0.0,0,derived,Derived from synthetic FinalFlow scenario inputs; not observed event operations.
rail_capacity_boost,2026-07-19T14:35:00Z,-25,ceremony,penn_station_to_secaucus,164,1350,164,0.12148148148148148,559,derived,Derived from synthetic FinalFlow scenario inputs; not observed event operations.
rail_capacity_boost,2026-07-19T14:35:00Z,-25,ceremony,secaucus_to_penn_station,0,1350,0,0.0,0,derived,Derived from synthetic FinalFlow scenario inputs; not observed event operations.
rail_capacity_boost,2026-07-19T14:35:00Z,-25,ceremony,secaucus_to_meadowlands,225,900,225,0.25,674,derived,Derived from synthetic FinalFlow scenario inputs; not observed event operations.
rail_capacity_boost,2026-07-19T14:35:00Z,-25,ceremony,meadowlands_to_secaucus,0,900,0,0.0,0,derived,Derived from synthetic FinalFlow scenario inputs; not observed event operations.
rail_capacity_boost,2026-07-19T14:35:00Z,-25,ceremony,meadowlands_to_stadium,225,900,225,0.25,437,derived,Derived from synthetic FinalFlow scenario inputs; not observed event operations.
rail_capacity_boost,2026-07-19T14:35:00Z,-25,ceremony,stadium_to_meadowlands,0,900,0,0.0,0,derived,Derived from synthetic FinalFlow scenario inputs; not observed event operations.
rail_capacity_boost,2026-07-19T14:40:00Z,-20,ceremony,midtown_to_penn_station,0,600,0,0.0,0,derived,Derived from synthetic FinalFlow scenario inputs; not observed event operations.
rail_capacity_boost,2026-07-19T14:40:00Z,-20,ceremony,penn_station_to_midtown,0,600,0,0.0,0,derived,Derived from synthetic FinalFlow scenario inputs; not observed event operations.
rail_capacity_boost,2026-07-19T14:40:00Z,-20,ceremony,penn_station_to_secaucus,140,1350,140,0.1037037037037037,480,derived,Derived from synthetic FinalFlow scenario inputs; not observed event operations.
rail_capacity_boost,2026-07-19T14:40:00Z,-20,ceremony,secaucus_to_penn_station,0,1350,0,0.0,0,derived,Derived from synthetic FinalFlow scenario inputs; not observed event operations.
rail_capacity_boost,2026-07-19T14:40:00Z,-20,ceremony,secaucus_to_meadowlands,219,900,219,0.24333333333333335,660,derived,Derived from synthetic FinalFlow scenario inputs; not observed event operations.
rail_capacity_boost,2026-07-19T14:40:00Z,-20,ceremony,meadowlands_to_secaucus,0,900,0,0.0,0,derived,Derived from synthetic FinalFlow scenario inputs; not observed event operations.
rail_capacity_boost,2026-07-19T14:40:00Z,-20,ceremony,meadowlands_to_stadium,233,900,233,0.2588888888888889,458,derived,Derived from synthetic FinalFlow scenario inputs; not observed event operations.
rail_capacity_boost,2026-07-19T14:40:00Z,-20,ceremony,stadium_to_meadowlands,0,900,0,0.0,0,derived,Derived from synthetic FinalFlow scenario inputs; not observed event operations.
rail_capacity_boost,2026-07-19T14:45:00Z,-15,ceremony,midtown_to_penn_station,0,600,0,0.0,0,derived,Derived from synthetic FinalFlow scenario inputs; not observed event operations.
rail_capacity_boost,2026-07-19T14:45:00Z,-15,ceremony,penn_station_to_midtown,0,600,0,0.0,0,derived,Derived from synthetic FinalFlow scenario inputs; not observed event operations.
rail_capacity_boost,2026-07-19T14:45:00Z,-15,ceremony,penn_station_to_secaucus,0,1350,0,0.0,304,derived,Derived from synthetic FinalFlow scenario inputs; not observed event operations.
rail_capacity_boost,2026-07-19T14:45:00Z,-15,ceremony,secaucus_to_penn_station,0,1350,0,0.0,0,derived,Derived from synthetic FinalFlow scenario inputs; not observed event operations.
rail_capacity_boost,2026-07-19T14:45:00Z,-15,ceremony,secaucus_to_meadowlands,176,900,176,0.19555555555555557,620,derived,Derived from synthetic FinalFlow scenario inputs; not observed event operations.
rail_capacity_boost,2026-07-19T14:45:00Z,-15,ceremony,meadowlands_to_secaucus,0,900,0,0.0,0,derived,Derived from synthetic FinalFlow scenario inputs; not observed event operations.
rail_capacity_boost,2026-07-19T14:45:00Z,-15,ceremony,meadowlands_to_stadium,216,900,216,0.24,449,derived,Derived from synthetic FinalFlow scenario inputs; not observed event operations.
rail_capacity_boost,2026-07-19T14:45:00Z,-15,ceremony,stadium_to_meadowlands,0,900,0,0.0,0,derived,Derived from synthetic FinalFlow scenario inputs; not observed event operations.
rail_capacity_boost,2026-07-19T14:50:00Z,-10,ceremony,midtown_to_penn_station,0,600,0,0.0,0,derived,Derived from synthetic FinalFlow scenario inputs; not observed event operations.
rail_capacity_boost,2026-07-19T14:50:00Z,-10,ceremony,penn_station_to_midtown,0,600,0,0.0,0,derived,Derived from synthetic FinalFlow scenario inputs; not observed event operations.
rail_capacity_boost,2026-07-19T14:50:00Z,-10,ceremony,penn_station_to_secaucus,0,1350,0,0.0,140,derived,Derived from synthetic FinalFlow scenario inputs; not observed event operations.
rail_capacity_boost,2026-07-19T14:50:00Z,-10,ceremony,secaucus_to_penn_station,0,1350,0,0.0,0,derived,Derived from synthetic FinalFlow scenario inputs; not observed event operations.
rail_capacity_boost,2026-07-19T14:50:00Z,-10,ceremony,secaucus_to_meadowlands,164,900,164,0.18222222222222223,559,derived,Derived from synthetic FinalFlow scenario inputs; not observed event operations.
rail_capacity_boost,2026-07-19T14:50:00Z,-10,ceremony,meadowlands_to_secaucus,0,900,0,0.0,0,derived,Derived from synthetic FinalFlow scenario inputs; not observed event operations.
rail_capacity_boost,2026-07-19T14:50:00Z,-10,ceremony,meadowlands_to_stadium,225,900,225,0.25,441,derived,Derived from synthetic FinalFlow scenario inputs; not observed event operations.
rail_capacity_boost,2026-07-19T14:50:00Z,-10,ceremony,stadium_to_meadowlands,0,900,0,0.0,0,derived,Derived from synthetic FinalFlow scenario inputs; not observed event operations.
rail_capacity_boost,2026-07-19T14:55:00Z,-5,ceremony,midtown_to_penn_station,0,600,0,0.0,0,derived,Derived from synthetic FinalFlow scenario inputs; not observed event operations.
rail_capacity_boost,2026-07-19T14:55:00Z,-5,ceremony,penn_station_to_midtown,0,600,0,0.0,0,derived,Derived from synthetic FinalFlow scenario inputs; not observed event operations.
rail_capacity_boost,2026-07-19T14:55:00Z,-5,ceremony,penn_station_to_secaucus,0,1350,0,0.0,0,derived,Derived from synthetic FinalFlow scenario inputs; not observed event operations.
rail_capacity_boost,2026-07-19T14:55:00Z,-5,ceremony,secaucus_to_penn_station,0,1350,0,0.0,0,derived,Derived from synthetic FinalFlow scenario inputs; not observed event operations.
rail_capacity_boost,2026-07-19T14:55:00Z,-5,ceremony,secaucus_to_meadowlands,140,900,140,0.15555555555555556,480,derived,Derived from synthetic FinalFlow scenario inputs; not observed event operations.
rail_capacity_boost,2026-07-19T14:55:00Z,-5,ceremony,meadowlands_to_secaucus,0,900,0,0.0,0,derived,Derived from synthetic FinalFlow scenario inputs; not observed event operations.
rail_capacity_boost,2026-07-19T14:55:00Z,-5,ceremony,meadowlands_to_stadium,219,900,219,0.24333333333333335,444,derived,Derived from synthetic FinalFlow scenario inputs; not observed event operations.
rail_capacity_boost,2026-07-19T14:55:00Z,-5,ceremony,stadium_to_meadowlands,0,900,0,0.0,0,derived,Derived from synthetic FinalFlow scenario inputs; not observed event operations.
rail_capacity_boost,2026-07-19T15:00:00Z,0,kickoff,midtown_to_penn_station,0,600,0,0.0,0,derived,Derived from synthetic FinalFlow scenario inputs; not observed event operations.
rail_capacity_boost,2026-07-19T15:00:00Z,0,kickoff,penn_station_to_midtown,0,600,0,0.0,0,derived,Derived from synthetic FinalFlow scenario inputs; not observed event operations.
rail_capacity_boost,2026-07-19T15:00:00Z,0,kickoff,penn_station_to_secaucus,0,1350,0,0.0,0,derived,Derived from synthetic FinalFlow scenario inputs; not observed event operations.
rail_capacity_boost,2026-07-19T15:00:00Z,0,kickoff,secaucus_to_penn_station,0,1350,0,0.0,0,derived,Derived from synthetic FinalFlow scenario inputs; not observed event operations.
rail_capacity_boost,2026-07-19T15:00:00Z,0,kickoff,secaucus_to_meadowlands,0,900,0,0.0,304,derived,Derived from synthetic FinalFlow scenario inputs; not observed event operations.
rail_capacity_boost,2026-07-19T15:00:00Z,0,kickoff,meadowlands_to_secaucus,0,900,0,0.0,0,derived,Derived from synthetic FinalFlow scenario inputs; not observed event operations.
rail_capacity_boost,2026-07-19T15:00:00Z,0,kickoff,meadowlands_to_stadium,176,900,176,0.19555555555555557,395,derived,Derived from synthetic FinalFlow scenario inputs; not observed event operations.
rail_capacity_boost,2026-07-19T15:00:00Z,0,kickoff,stadium_to_meadowlands,0,900,0,0.0,0,derived,Derived from synthetic FinalFlow scenario inputs; not observed event operations.
rail_capacity_boost,2026-07-19T15:05:00Z,5,first_half,midtown_to_penn_station,0,600,0,0.0,0,derived,Derived from synthetic FinalFlow scenario inputs; not observed event operations.
rail_capacity_boost,2026-07-19T15:05:00Z,5,first_half,penn_station_to_midtown,0,600,0,0.0,0,derived,Derived from synthetic FinalFlow scenario inputs; not observed event operations.
rail_capacity_boost,2026-07-19T15:05:00Z,5,first_half,penn_station_to_secaucus,0,1350,0,0.0,0,derived,Derived from synthetic FinalFlow scenario inputs; not observed event operations.
rail_capacity_boost,2026-07-19T15:05:00Z,5,first_half,secaucus_to_penn_station,0,1350,0,0.0,0,derived,Derived from synthetic FinalFlow scenario inputs; not observed event operations.
rail_capacity_boost,2026-07-19T15:05:00Z,5,first_half,secaucus_to_meadowlands,0,900,0,0.0,140,derived,Derived from synthetic FinalFlow scenario inputs; not observed event operations.
rail_capacity_boost,2026-07-19T15:05:00Z,5,first_half,meadowlands_to_secaucus,0,900,0,0.0,0,derived,Derived from synthetic FinalFlow scenario inputs; not observed event operations.
rail_capacity_boost,2026-07-19T15:05:00Z,5,first_half,meadowlands_to_stadium,164,900,164,0.18222222222222223,340,derived,Derived from synthetic FinalFlow scenario inputs; not observed event operations.
rail_capacity_boost,2026-07-19T15:05:00Z,5,first_half,stadium_to_meadowlands,0,900,0,0.0,0,derived,Derived from synthetic FinalFlow scenario inputs; not observed event operations.
rail_capacity_boost,2026-07-19T15:10:00Z,10,first_half,midtown_to_penn_station,0,600,0,0.0,0,derived,Derived from synthetic FinalFlow scenario inputs; not observed event operations.
rail_capacity_boost,2026-07-19T15:10:00Z,10,first_half,penn_station_to_midtown,0,600,0,0.0,0,derived,Derived from synthetic FinalFlow scenario inputs; not observed event operations.
rail_capacity_boost,2026-07-19T15:10:00Z,10,first_half,penn_station_to_secaucus,0,1350,0,0.0,0,derived,Derived from synthetic FinalFlow scenario inputs; not observed event operations.
rail_capacity_boost,2026-07-19T15:10:00Z,10,first_half,secaucus_to_penn_station,0,1350,0,0.0,0,derived,Derived from synthetic FinalFlow scenario inputs; not observed event operations.
rail_capacity_boost,2026-07-19T15:10:00Z,10,first_half,secaucus_to_meadowlands,0,900,0,0.0,0,derived,Derived from synthetic FinalFlow scenario inputs; not observed event operations.
rail_capacity_boost,2026-07-19T15:10:00Z,10,first_half,meadowlands_to_secaucus,0,900,0,0.0,0,derived,Derived from synthetic FinalFlow scenario inputs; not observed event operations.
rail_capacity_boost,2026-07-19T15:10:00Z,10,first_half,meadowlands_to_stadium,140,900,140,0.15555555555555556,304,derived,Derived from synthetic FinalFlow scenario inputs; not observed event operations.
rail_capacity_boost,2026-07-19T15:10:00Z,10,first_half,stadium_to_meadowlands,0,900,0,0.0,0,derived,Derived from synthetic FinalFlow scenario inputs; not observed event operations.
rail_capacity_boost,2026-07-19T15:15:00Z,15,first_half,midtown_to_penn_station,0,600,0,0.0,0,derived,Derived from synthetic FinalFlow scenario inputs; not observed event operations.
rail_capacity_boost,2026-07-19T15:15:00Z,15,first_half,penn_station_to_midtown,0,600,0,0.0,0,derived,Derived from synthetic FinalFlow scenario inputs; not observed event operations.
rail_capacity_boost,2026-07-19T15:15:00Z,15,first_half,penn_station_to_secaucus,0,1350,0,0.0,0,derived,Derived from synthetic FinalFlow scenario inputs; not observed event operations.
rail_capacity_boost,2026-07-19T15:15:00Z,15,first_half,secaucus_to_penn_station,0,1350,0,0.0,0,derived,Derived from synthetic FinalFlow scenario inputs; not observed event operations.
rail_capacity_boost,2026-07-19T15:15:00Z,15,first_half,secaucus_to_meadowlands,0,900,0,0.0,0,derived,Derived from synthetic FinalFlow scenario inputs; not observed event operations.
rail_capacity_boost,2026-07-19T15:15:00Z,15,first_half,meadowlands_to_secaucus,0,900,0,0.0,0,derived,Derived from synthetic FinalFlow scenario inputs; not observed event operations.
rail_capacity_boost,2026-07-19T15:15:00Z,15,first_half,meadowlands_to_stadium,0,900,0,0.0,140,derived,Derived from synthetic FinalFlow scenario inputs; not observed event operations.
rail_capacity_boost,2026-07-19T15:15:00Z,15,first_half,stadium_to_meadowlands,0,900,0,0.0,0,derived,Derived from synthetic FinalFlow scenario inputs; not observed event operations.
rail_capacity_boost,2026-07-19T15:20:00Z,20,first_half,midtown_to_penn_station,0,600,0,0.0,0,derived,Derived from synthetic FinalFlow scenario inputs; not observed event operations.
rail_capacity_boost,2026-07-19T15:20:00Z,20,first_half,penn_station_to_midtown,0,600,0,0.0,0,derived,Derived from synthetic FinalFlow scenario inputs; not observed event operations.
rail_capacity_boost,2026-07-19T15:20:00Z,20,first_half,penn_station_to_secaucus,0,1350,0,0.0,0,derived,Derived from synthetic FinalFlow scenario inputs; not observed event operations.
rail_capacity_boost,2026-07-19T15:20:00Z,20,first_half,secaucus_to_penn_station,0,1350,0,0.0,0,derived,Derived from synthetic FinalFlow scenario inputs; not observed event operations.
rail_capacity_boost,2026-07-19T15:20:00Z,20,first_half,secaucus_to_meadowlands,0,900,0,0.0,0,derived,Derived from synthetic FinalFlow scenario inputs; not observed event operations.
rail_capacity_boost,2026-07-19T15:20:00Z,20,first_half,meadowlands_to_secaucus,0,900,0,0.0,0,derived,Derived from synthetic FinalFlow scenario inputs; not observed event operations.
rail_capacity_boost,2026-07-19T15:20:00Z,20,first_half,meadowlands_to_stadium,0,900,0,0.0,0,derived,Derived from synthetic FinalFlow scenario inputs; not observed event operations.
rail_capacity_boost,2026-07-19T15:20:00Z,20,first_half,stadium_to_meadowlands,0,900,0,0.0,0,derived,Derived from synthetic FinalFlow scenario inputs; not observed event operations.
rail_capacity_boost,2026-07-19T15:25:00Z,25,first_half,midtown_to_penn_station,0,600,0,0.0,0,derived,Derived from synthetic FinalFlow scenario inputs; not observed event operations.
rail_capacity_boost,2026-07-19T15:25:00Z,25,first_half,penn_station_to_midtown,0,600,0,0.0,0,derived,Derived from synthetic FinalFlow scenario inputs; not observed event operations.
rail_capacity_boost,2026-07-19T15:25:00Z,25,first_half,penn_station_to_secaucus,0,1350,0,0.0,0,derived,Derived from synthetic FinalFlow scenario inputs; not observed event operations.
rail_capacity_boost,2026-07-19T15:25:00Z,25,first_half,secaucus_to_penn_station,0,1350,0,0.0,0,derived,Derived from synthetic FinalFlow scenario inputs; not observed event operations.
rail_capacity_boost,2026-07-19T15:25:00Z,25,first_half,secaucus_to_meadowlands,0,900,0,0.0,0,derived,Derived from synthetic FinalFlow scenario inputs; not observed event operations.
rail_capacity_boost,2026-07-19T15:25:00Z,25,first_half,meadowlands_to_secaucus,0,900,0,0.0,0,derived,Derived from synthetic FinalFlow scenario inputs; not observed event operations.
rail_capacity_boost,2026-07-19T15:25:00Z,25,first_half,meadowlands_to_stadium,0,900,0,0.0,0,derived,Derived from synthetic FinalFlow scenario inputs; not observed event operations.
rail_capacity_boost,2026-07-19T15:25:00Z,25,first_half,stadium_to_meadowlands,0,900,0,0.0,0,derived,Derived from synthetic FinalFlow scenario inputs; not observed event operations.
rail_capacity_boost,2026-07-19T15:30:00Z,30,first_half,midtown_to_penn_station,0,600,0,0.0,0,derived,Derived from synthetic FinalFlow scenario inputs; not observed event operations.
rail_capacity_boost,2026-07-19T15:30:00Z,30,first_half,penn_station_to_midtown,0,600,0,0.0,0,derived,Derived from synthetic FinalFlow scenario inputs; not observed event operations.
rail_capacity_boost,2026-07-19T15:30:00Z,30,first_half,penn_station_to_secaucus,0,1350,0,0.0,0,derived,Derived from synthetic FinalFlow scenario inputs; not observed event operations.
rail_capacity_boost,2026-07-19T15:30:00Z,30,first_half,secaucus_to_penn_station,0,1350,0,0.0,0,derived,Derived from synthetic FinalFlow scenario inputs; not observed event operations.
rail_capacity_boost,2026-07-19T15:30:00Z,30,first_half,secaucus_to_meadowlands,0,900,0,0.0,0,derived,Derived from synthetic FinalFlow scenario inputs; not observed event operations.
rail_capacity_boost,2026-07-19T15:30:00Z,30,first_half,meadowlands_to_secaucus,0,900,0,0.0,0,derived,Derived from synthetic FinalFlow scenario inputs; not observed event operations.
rail_capacity_boost,2026-07-19T15:30:00Z,30,first_half,meadowlands_to_stadium,0,900,0,0.0,0,derived,Derived from synthetic FinalFlow scenario inputs; not observed event operations.
rail_capacity_boost,2026-07-19T15:30:00Z,30,first_half,stadium_to_meadowlands,0,900,0,0.0,0,derived,Derived from synthetic FinalFlow scenario inputs; not observed event operations.
rail_capacity_boost,2026-07-19T15:35:00Z,35,first_half,midtown_to_penn_station,0,600,0,0.0,0,derived,Derived from synthetic FinalFlow scenario inputs; not observed event operations.
rail_capacity_boost,2026-07-19T15:35:00Z,35,first_half,penn_station_to_midtown,0,600,0,0.0,0,derived,Derived from synthetic FinalFlow scenario inputs; not observed event operations.
rail_capacity_boost,2026-07-19T15:35:00Z,35,first_half,penn_station_to_secaucus,0,1350,0,0.0,0,derived,Derived from synthetic FinalFlow scenario inputs; not observed event operations.
rail_capacity_boost,2026-07-19T15:35:00Z,35,first_half,secaucus_to_penn_station,0,1350,0,0.0,0,derived,Derived from synthetic FinalFlow scenario inputs; not observed event operations.
rail_capacity_boost,2026-07-19T15:35:00Z,35,first_half,secaucus_to_meadowlands,0,900,0,0.0,0,derived,Derived from synthetic FinalFlow scenario inputs; not observed event operations.
rail_capacity_boost,2026-07-19T15:35:00Z,35,first_half,meadowlands_to_secaucus,0,900,0,0.0,0,derived,Derived from synthetic FinalFlow scenario inputs; not observed event operations.
rail_capacity_boost,2026-07-19T15:35:00Z,35,first_half,meadowlands_to_stadium,0,900,0,0.0,0,derived,Derived from synthetic FinalFlow scenario inputs; not observed event operations.
rail_capacity_boost,2026-07-19T15:35:00Z,35,first_half,stadium_to_meadowlands,0,900,0,0.0,0,derived,Derived from synthetic FinalFlow scenario inputs; not observed event operations.
rail_capacity_boost,2026-07-19T15:40:00Z,40,first_half,midtown_to_penn_station,0,600,0,0.0,0,derived,Derived from synthetic FinalFlow scenario inputs; not observed event operations.
rail_capacity_boost,2026-07-19T15:40:00Z,40,first_half,penn_station_to_midtown,0,600,0,0.0,0,derived,Derived from synthetic FinalFlow scenario inputs; not observed event operations.
rail_capacity_boost,2026-07-19T15:40:00Z,40,first_half,penn_station_to_secaucus,0,1350,0,0.0,0,derived,Derived from synthetic FinalFlow scenario inputs; not observed event operations.
rail_capacity_boost,2026-07-19T15:40:00Z,40,first_half,secaucus_to_penn_station,0,1350,0,0.0,0,derived,Derived from synthetic FinalFlow scenario inputs; not observed event operations.
rail_capacity_boost,2026-07-19T15:40:00Z,40,first_half,secaucus_to_meadowlands,0,900,0,0.0,0,derived,Derived from synthetic FinalFlow scenario inputs; not observed event operations.
rail_capacity_boost,2026-07-19T15:40:00Z,40,first_half,meadowlands_to_secaucus,0,900,0,0.0,0,derived,Derived from synthetic FinalFlow scenario inputs; not observed event operations.
rail_capacity_boost,2026-07-19T15:40:00Z,40,first_half,meadowlands_to_stadium,0,900,0,0.0,0,derived,Derived from synthetic FinalFlow scenario inputs; not observed event operations.
rail_capacity_boost,2026-07-19T15:40:00Z,40,first_half,stadium_to_meadowlands,0,900,0,0.0,0,derived,Derived from synthetic FinalFlow scenario inputs; not observed event operations.
rail_capacity_boost,2026-07-19T15:45:00Z,45,first_half_end,midtown_to_penn_station,0,600,0,0.0,0,derived,Derived from synthetic FinalFlow scenario inputs; not observed event operations.
rail_capacity_boost,2026-07-19T15:45:00Z,45,first_half_end,penn_station_to_midtown,0,600,0,0.0,0,derived,Derived from synthetic FinalFlow scenario inputs; not observed event operations.
rail_capacity_boost,2026-07-19T15:45:00Z,45,first_half_end,penn_station_to_secaucus,0,1350,0,0.0,0,derived,Derived from synthetic FinalFlow scenario inputs; not observed event operations.
rail_capacity_boost,2026-07-19T15:45:00Z,45,first_half_end,secaucus_to_penn_station,0,1350,0,0.0,0,derived,Derived from synthetic FinalFlow scenario inputs; not observed event operations.
rail_capacity_boost,2026-07-19T15:45:00Z,45,first_half_end,secaucus_to_meadowlands,0,900,0,0.0,0,derived,Derived from synthetic FinalFlow scenario inputs; not observed event operations.
rail_capacity_boost,2026-07-19T15:45:00Z,45,first_half_end,meadowlands_to_secaucus,0,900,0,0.0,0,derived,Derived from synthetic FinalFlow scenario inputs; not observed event operations.
rail_capacity_boost,2026-07-19T15:45:00Z,45,first_half_end,meadowlands_to_stadium,0,900,0,0.0,0,derived,Derived from synthetic FinalFlow scenario inputs; not observed event operations.
rail_capacity_boost,2026-07-19T15:45:00Z,45,first_half_end,stadium_to_meadowlands,0,900,0,0.0,0,derived,Derived from synthetic FinalFlow scenario inputs; not observed event operations.
rail_capacity_boost,2026-07-19T15:50:00Z,50,halftime,midtown_to_penn_station,0,600,0,0.0,0,derived,Derived from synthetic FinalFlow scenario inputs; not observed event operations.
rail_capacity_boost,2026-07-19T15:50:00Z,50,halftime,penn_station_to_midtown,0,600,0,0.0,0,derived,Derived from synthetic FinalFlow scenario inputs; not observed event operations.
rail_capacity_boost,2026-07-19T15:50:00Z,50,halftime,penn_station_to_secaucus,0,1350,0,0.0,0,derived,Derived from synthetic FinalFlow scenario inputs; not observed event operations.
rail_capacity_boost,2026-07-19T15:50:00Z,50,halftime,secaucus_to_penn_station,0,1350,0,0.0,0,derived,Derived from synthetic FinalFlow scenario inputs; not observed event operations.
rail_capacity_boost,2026-07-19T15:50:00Z,50,halftime,secaucus_to_meadowlands,0,900,0,0.0,0,derived,Derived from synthetic FinalFlow scenario inputs; not observed event operations.
rail_capacity_boost,2026-07-19T15:50:00Z,50,halftime,meadowlands_to_secaucus,0,900,0,0.0,0,derived,Derived from synthetic FinalFlow scenario inputs; not observed event operations.
rail_capacity_boost,2026-07-19T15:50:00Z,50,halftime,meadowlands_to_stadium,0,900,0,0.0,0,derived,Derived from synthetic FinalFlow scenario inputs; not observed event operations.
rail_capacity_boost,2026-07-19T15:50:00Z,50,halftime,stadium_to_meadowlands,0,900,0,0.0,0,derived,Derived from synthetic FinalFlow scenario inputs; not observed event operations.
rail_capacity_boost,2026-07-19T15:55:00Z,55,halftime,midtown_to_penn_station,0,600,0,0.0,0,derived,Derived from synthetic FinalFlow scenario inputs; not observed event operations.
rail_capacity_boost,2026-07-19T15:55:00Z,55,halftime,penn_station_to_midtown,0,600,0,0.0,0,derived,Derived from synthetic FinalFlow scenario inputs; not observed event operations.
rail_capacity_boost,2026-07-19T15:55:00Z,55,halftime,penn_station_to_secaucus,0,1350,0,0.0,0,derived,Derived from synthetic FinalFlow scenario inputs; not observed event operations.
rail_capacity_boost,2026-07-19T15:55:00Z,55,halftime,secaucus_to_penn_station,0,1350,0,0.0,0,derived,Derived from synthetic FinalFlow scenario inputs; not observed event operations.
rail_capacity_boost,2026-07-19T15:55:00Z,55,halftime,secaucus_to_meadowlands,0,900,0,0.0,0,derived,Derived from synthetic FinalFlow scenario inputs; not observed event operations.
rail_capacity_boost,2026-07-19T15:55:00Z,55,halftime,meadowlands_to_secaucus,0,900,0,0.0,0,derived,Derived from synthetic FinalFlow scenario inputs; not observed event operations.
rail_capacity_boost,2026-07-19T15:55:00Z,55,halftime,meadowlands_to_stadium,0,900,0,0.0,0,derived,Derived from synthetic FinalFlow scenario inputs; not observed event operations.
rail_capacity_boost,2026-07-19T15:55:00Z,55,halftime,stadium_to_meadowlands,0,900,0,0.0,0,derived,Derived from synthetic FinalFlow scenario inputs; not observed event operations.
rail_capacity_boost,2026-07-19T16:00:00Z,60,second_half,midtown_to_penn_station,0,600,0,0.0,0,derived,Derived from synthetic FinalFlow scenario inputs; not observed event operations.
rail_capacity_boost,2026-07-19T16:00:00Z,60,second_half,penn_station_to_midtown,0,600,0,0.0,0,derived,Derived from synthetic FinalFlow scenario inputs; not observed event operations.
rail_capacity_boost,2026-07-19T16:00:00Z,60,second_half,penn_station_to_secaucus,0,1350,0,0.0,0,derived,Derived from synthetic FinalFlow scenario inputs; not observed event operations.
rail_capacity_boost,2026-07-19T16:00:00Z,60,second_half,secaucus_to_penn_station,0,1350,0,0.0,0,derived,Derived from synthetic FinalFlow scenario inputs; not observed event operations.
rail_capacity_boost,2026-07-19T16:00:00Z,60,second_half,secaucus_to_meadowlands,0,900,0,0.0,0,derived,Derived from synthetic FinalFlow scenario inputs; not observed event operations.
rail_capacity_boost,2026-07-19T16:00:00Z,60,second_half,meadowlands_to_secaucus,0,900,0,0.0,0,derived,Derived from synthetic FinalFlow scenario inputs; not observed event operations.
rail_capacity_boost,2026-07-19T16:00:00Z,60,second_half,meadowlands_to_stadium,0,900,0,0.0,0,derived,Derived from synthetic FinalFlow scenario inputs; not observed event operations.
rail_capacity_boost,2026-07-19T16:00:00Z,60,second_half,stadium_to_meadowlands,0,900,0,0.0,0,derived,Derived from synthetic FinalFlow scenario inputs; not observed event operations.
rail_capacity_boost,2026-07-19T16:05:00Z,65,second_half,midtown_to_penn_station,0,600,0,0.0,0,derived,Derived from synthetic FinalFlow scenario inputs; not observed event operations.
rail_capacity_boost,2026-07-19T16:05:00Z,65,second_half,penn_station_to_midtown,0,600,0,0.0,0,derived,Derived from synthetic FinalFlow scenario inputs; not observed event operations.
rail_capacity_boost,2026-07-19T16:05:00Z,65,second_half,penn_station_to_secaucus,0,1350,0,0.0,0,derived,Derived from synthetic FinalFlow scenario inputs; not observed event operations.
rail_capacity_boost,2026-07-19T16:05:00Z,65,second_half,secaucus_to_penn_station,0,1350,0,0.0,0,derived,Derived from synthetic FinalFlow scenario inputs; not observed event operations.
rail_capacity_boost,2026-07-19T16:05:00Z,65,second_half,secaucus_to_meadowlands,0,900,0,0.0,0,derived,Derived from synthetic FinalFlow scenario inputs; not observed event operations.
rail_capacity_boost,2026-07-19T16:05:00Z,65,second_half,meadowlands_to_secaucus,0,900,0,0.0,0,derived,Derived from synthetic FinalFlow scenario inputs; not observed event operations.
rail_capacity_boost,2026-07-19T16:05:00Z,65,second_half,meadowlands_to_stadium,0,900,0,0.0,0,derived,Derived from synthetic FinalFlow scenario inputs; not observed event operations.
rail_capacity_boost,2026-07-19T16:05:00Z,65,second_half,stadium_to_meadowlands,0,900,0,0.0,0,derived,Derived from synthetic FinalFlow scenario inputs; not observed event operations.
rail_capacity_boost,2026-07-19T16:10:00Z,70,second_half,midtown_to_penn_station,0,600,0,0.0,0,derived,Derived from synthetic FinalFlow scenario inputs; not observed event operations.
rail_capacity_boost,2026-07-19T16:10:00Z,70,second_half,penn_station_to_midtown,0,600,0,0.0,0,derived,Derived from synthetic FinalFlow scenario inputs; not observed event operations.
rail_capacity_boost,2026-07-19T16:10:00Z,70,second_half,penn_station_to_secaucus,0,1350,0,0.0,0,derived,Derived from synthetic FinalFlow scenario inputs; not observed event operations.
rail_capacity_boost,2026-07-19T16:10:00Z,70,second_half,secaucus_to_penn_station,0,1350,0,0.0,0,derived,Derived from synthetic FinalFlow scenario inputs; not observed event operations.
rail_capacity_boost,2026-07-19T16:10:00Z,70,second_half,secaucus_to_meadowlands,0,900,0,0.0,0,derived,Derived from synthetic FinalFlow scenario inputs; not observed event operations.
rail_capacity_boost,2026-07-19T16:10:00Z,70,second_half,meadowlands_to_secaucus,0,900,0,0.0,0,derived,Derived from synthetic FinalFlow scenario inputs; not observed event operations.
rail_capacity_boost,2026-07-19T16:10:00Z,70,second_half,meadowlands_to_stadium,0,900,0,0.0,0,derived,Derived from synthetic FinalFlow scenario inputs; not observed event operations.
rail_capacity_boost,2026-07-19T16:10:00Z,70,second_half,stadium_to_meadowlands,0,900,0,0.0,0,derived,Derived from synthetic FinalFlow scenario inputs; not observed event operations.
rail_capacity_boost,2026-07-19T16:15:00Z,75,second_half,midtown_to_penn_station,0,600,0,0.0,0,derived,Derived from synthetic FinalFlow scenario inputs; not observed event operations.
rail_capacity_boost,2026-07-19T16:15:00Z,75,second_half,penn_station_to_midtown,0,600,0,0.0,0,derived,Derived from synthetic FinalFlow scenario inputs; not observed event operations.
rail_capacity_boost,2026-07-19T16:15:00Z,75,second_half,penn_station_to_secaucus,0,1350,0,0.0,0,derived,Derived from synthetic FinalFlow scenario inputs; not observed event operations.
rail_capacity_boost,2026-07-19T16:15:00Z,75,second_half,secaucus_to_penn_station,0,1350,0,0.0,0,derived,Derived from synthetic FinalFlow scenario inputs; not observed event operations.
rail_capacity_boost,2026-07-19T16:15:00Z,75,second_half,secaucus_to_meadowlands,0,900,0,0.0,0,derived,Derived from synthetic FinalFlow scenario inputs; not observed event operations.
rail_capacity_boost,2026-07-19T16:15:00Z,75,second_half,meadowlands_to_secaucus,0,900,0,0.0,0,derived,Derived from synthetic FinalFlow scenario inputs; not observed event operations.
rail_capacity_boost,2026-07-19T16:15:00Z,75,second_half,meadowlands_to_stadium,0,900,0,0.0,0,derived,Derived from synthetic FinalFlow scenario inputs; not observed event operations.
rail_capacity_boost,2026-07-19T16:15:00Z,75,second_half,stadium_to_meadowlands,0,900,0,0.0,0,derived,Derived from synthetic FinalFlow scenario inputs; not observed event operations.
rail_capacity_boost,2026-07-19T16:20:00Z,80,second_half,midtown_to_penn_station,0,600,0,0.0,0,derived,Derived from synthetic FinalFlow scenario inputs; not observed event operations.
rail_capacity_boost,2026-07-19T16:20:00Z,80,second_half,penn_station_to_midtown,0,600,0,0.0,0,derived,Derived from synthetic FinalFlow scenario inputs; not observed event operations.
rail_capacity_boost,2026-07-19T16:20:00Z,80,second_half,penn_station_to_secaucus,0,1350,0,0.0,0,derived,Derived from synthetic FinalFlow scenario inputs; not observed event operations.
rail_capacity_boost,2026-07-19T16:20:00Z,80,second_half,secaucus_to_penn_station,0,1350,0,0.0,0,derived,Derived from synthetic FinalFlow scenario inputs; not observed event operations.
rail_capacity_boost,2026-07-19T16:20:00Z,80,second_half,secaucus_to_meadowlands,0,900,0,0.0,0,derived,Derived from synthetic FinalFlow scenario inputs; not observed event operations.
rail_capacity_boost,2026-07-19T16:20:00Z,80,second_half,meadowlands_to_secaucus,0,900,0,0.0,0,derived,Derived from synthetic FinalFlow scenario inputs; not observed event operations.
rail_capacity_boost,2026-07-19T16:20:00Z,80,second_half,meadowlands_to_stadium,0,900,0,0.0,0,derived,Derived from synthetic FinalFlow scenario inputs; not observed event operations.
rail_capacity_boost,2026-07-19T16:20:00Z,80,second_half,stadium_to_meadowlands,0,900,0,0.0,0,derived,Derived from synthetic FinalFlow scenario inputs; not observed event operations.
rail_capacity_boost,2026-07-19T16:25:00Z,85,second_half,midtown_to_penn_station,0,600,0,0.0,0,derived,Derived from synthetic FinalFlow scenario inputs; not observed event operations.
rail_capacity_boost,2026-07-19T16:25:00Z,85,second_half,penn_station_to_midtown,0,600,0,0.0,0,derived,Derived from synthetic FinalFlow scenario inputs; not observed event operations.
rail_capacity_boost,2026-07-19T16:25:00Z,85,second_half,penn_station_to_secaucus,0,1350,0,0.0,0,derived,Derived from synthetic FinalFlow scenario inputs; not observed event operations.
rail_capacity_boost,2026-07-19T16:25:00Z,85,second_half,secaucus_to_penn_station,0,1350,0,0.0,0,derived,Derived from synthetic FinalFlow scenario inputs; not observed event operations.
rail_capacity_boost,2026-07-19T16:25:00Z,85,second_half,secaucus_to_meadowlands,0,900,0,0.0,0,derived,Derived from synthetic FinalFlow scenario inputs; not observed event operations.
rail_capacity_boost,2026-07-19T16:25:00Z,85,second_half,meadowlands_to_secaucus,0,900,0,0.0,0,derived,Derived from synthetic FinalFlow scenario inputs; not observed event operations.
rail_capacity_boost,2026-07-19T16:25:00Z,85,second_half,meadowlands_to_stadium,0,900,0,0.0,0,derived,Derived from synthetic FinalFlow scenario inputs; not observed event operations.
rail_capacity_boost,2026-07-19T16:25:00Z,85,second_half,stadium_to_meadowlands,0,900,0,0.0,0,derived,Derived from synthetic FinalFlow scenario inputs; not observed event operations.
rail_capacity_boost,2026-07-19T16:30:00Z,90,second_half,midtown_to_penn_station,0,600,0,0.0,0,derived,Derived from synthetic FinalFlow scenario inputs; not observed event operations.
rail_capacity_boost,2026-07-19T16:30:00Z,90,second_half,penn_station_to_midtown,0,600,0,0.0,0,derived,Derived from synthetic FinalFlow scenario inputs; not observed event operations.
rail_capacity_boost,2026-07-19T16:30:00Z,90,second_half,penn_station_to_secaucus,0,1350,0,0.0,0,derived,Derived from synthetic FinalFlow scenario inputs; not observed event operations.
rail_capacity_boost,2026-07-19T16:30:00Z,90,second_half,secaucus_to_penn_station,0,1350,0,0.0,0,derived,Derived from synthetic FinalFlow scenario inputs; not observed event operations.
rail_capacity_boost,2026-07-19T16:30:00Z,90,second_half,secaucus_to_meadowlands,0,900,0,0.0,0,derived,Derived from synthetic FinalFlow scenario inputs; not observed event operations.
rail_capacity_boost,2026-07-19T16:30:00Z,90,second_half,meadowlands_to_secaucus,0,900,0,0.0,0,derived,Derived from synthetic FinalFlow scenario inputs; not observed event operations.
rail_capacity_boost,2026-07-19T16:30:00Z,90,second_half,meadowlands_to_stadium,0,900,0,0.0,0,derived,Derived from synthetic FinalFlow scenario inputs; not observed event operations.
rail_capacity_boost,2026-07-19T16:30:00Z,90,second_half,stadium_to_meadowlands,0,900,0,0.0,0,derived,Derived from synthetic FinalFlow scenario inputs; not observed event operations.
rail_capacity_boost,2026-07-19T16:35:00Z,95,second_half,midtown_to_penn_station,0,600,0,0.0,0,derived,Derived from synthetic FinalFlow scenario inputs; not observed event operations.
rail_capacity_boost,2026-07-19T16:35:00Z,95,second_half,penn_station_to_midtown,0,600,0,0.0,0,derived,Derived from synthetic FinalFlow scenario inputs; not observed event operations.
rail_capacity_boost,2026-07-19T16:35:00Z,95,second_half,penn_station_to_secaucus,0,1350,0,0.0,0,derived,Derived from synthetic FinalFlow scenario inputs; not observed event operations.
rail_capacity_boost,2026-07-19T16:35:00Z,95,second_half,secaucus_to_penn_station,0,1350,0,0.0,0,derived,Derived from synthetic FinalFlow scenario inputs; not observed event operations.
rail_capacity_boost,2026-07-19T16:35:00Z,95,second_half,secaucus_to_meadowlands,0,900,0,0.0,0,derived,Derived from synthetic FinalFlow scenario inputs; not observed event operations.
rail_capacity_boost,2026-07-19T16:35:00Z,95,second_half,meadowlands_to_secaucus,0,900,0,0.0,0,derived,Derived from synthetic FinalFlow scenario inputs; not observed event operations.
rail_capacity_boost,2026-07-19T16:35:00Z,95,second_half,meadowlands_to_stadium,0,900,0,0.0,0,derived,Derived from synthetic FinalFlow scenario inputs; not observed event operations.
rail_capacity_boost,2026-07-19T16:35:00Z,95,second_half,stadium_to_meadowlands,0,900,0,0.0,0,derived,Derived from synthetic FinalFlow scenario inputs; not observed event operations.
rail_capacity_boost,2026-07-19T16:40:00Z,100,second_half,midtown_to_penn_station,0,600,0,0.0,0,derived,Derived from synthetic FinalFlow scenario inputs; not observed event operations.
rail_capacity_boost,2026-07-19T16:40:00Z,100,second_half,penn_station_to_midtown,0,600,0,0.0,0,derived,Derived from synthetic FinalFlow scenario inputs; not observed event operations.
rail_capacity_boost,2026-07-19T16:40:00Z,100,second_half,penn_station_to_secaucus,0,1350,0,0.0,0,derived,Derived from synthetic FinalFlow scenario inputs; not observed event operations.
rail_capacity_boost,2026-07-19T16:40:00Z,100,second_half,secaucus_to_penn_station,0,1350,0,0.0,0,derived,Derived from synthetic FinalFlow scenario inputs; not observed event operations.
rail_capacity_boost,2026-07-19T16:40:00Z,100,second_half,secaucus_to_meadowlands,0,900,0,0.0,0,derived,Derived from synthetic FinalFlow scenario inputs; not observed event operations.
rail_capacity_boost,2026-07-19T16:40:00Z,100,second_half,meadowlands_to_secaucus,0,900,0,0.0,0,derived,Derived from synthetic FinalFlow scenario inputs; not observed event operations.
rail_capacity_boost,2026-07-19T16:40:00Z,100,second_half,meadowlands_to_stadium,0,900,0,0.0,0,derived,Derived from synthetic FinalFlow scenario inputs; not observed event operations.
rail_capacity_boost,2026-07-19T16:40:00Z,100,second_half,stadium_to_meadowlands,0,900,0,0.0,0,derived,Derived from synthetic FinalFlow scenario inputs; not observed event operations.
rail_capacity_boost,2026-07-19T16:45:00Z,105,regulation_end,midtown_to_penn_station,0,600,0,0.0,0,derived,Derived from synthetic FinalFlow scenario inputs; not observed event operations.
rail_capacity_boost,2026-07-19T16:45:00Z,105,regulation_end,penn_station_to_midtown,0,600,0,0.0,0,derived,Derived from synthetic FinalFlow scenario inputs; not observed event operations.
rail_capacity_boost,2026-07-19T16:45:00Z,105,regulation_end,penn_station_to_secaucus,0,1350,0,0.0,0,derived,Derived from synthetic FinalFlow scenario inputs; not observed event operations.
rail_capacity_boost,2026-07-19T16:45:00Z,105,regulation_end,secaucus_to_penn_station,0,1350,0,0.0,0,derived,Derived from synthetic FinalFlow scenario inputs; not observed event operations.
rail_capacity_boost,2026-07-19T16:45:00Z,105,regulation_end,secaucus_to_meadowlands,0,900,0,0.0,0,derived,Derived from synthetic FinalFlow scenario inputs; not observed event operations.
rail_capacity_boost,2026-07-19T16:45:00Z,105,regulation_end,meadowlands_to_secaucus,0,900,0,0.0,0,derived,Derived from synthetic FinalFlow scenario inputs; not observed event operations.
rail_capacity_boost,2026-07-19T16:45:00Z,105,regulation_end,meadowlands_to_stadium,0,900,0,0.0,0,derived,Derived from synthetic FinalFlow scenario inputs; not observed event operations.
rail_capacity_boost,2026-07-19T16:45:00Z,105,regulation_end,stadium_to_meadowlands,0,900,0,0.0,0,derived,Derived from synthetic FinalFlow scenario inputs; not observed event operations.
rail_capacity_boost,2026-07-19T16:50:00Z,110,extra_time,midtown_to_penn_station,0,600,0,0.0,0,derived,Derived from synthetic FinalFlow scenario inputs; not observed event operations.
rail_capacity_boost,2026-07-19T16:50:00Z,110,extra_time,penn_station_to_midtown,0,600,0,0.0,0,derived,Derived from synthetic FinalFlow scenario inputs; not observed event operations.
rail_capacity_boost,2026-07-19T16:50:00Z,110,extra_time,penn_station_to_secaucus,0,1350,0,0.0,0,derived,Derived from synthetic FinalFlow scenario inputs; not observed event operations.
rail_capacity_boost,2026-07-19T16:50:00Z,110,extra_time,secaucus_to_penn_station,0,1350,0,0.0,0,derived,Derived from synthetic FinalFlow scenario inputs; not observed event operations.
rail_capacity_boost,2026-07-19T16:50:00Z,110,extra_time,secaucus_to_meadowlands,0,900,0,0.0,0,derived,Derived from synthetic FinalFlow scenario inputs; not observed event operations.
rail_capacity_boost,2026-07-19T16:50:00Z,110,extra_time,meadowlands_to_secaucus,0,900,0,0.0,0,derived,Derived from synthetic FinalFlow scenario inputs; not observed event operations.
rail_capacity_boost,2026-07-19T16:50:00Z,110,extra_time,meadowlands_to_stadium,0,900,0,0.0,0,derived,Derived from synthetic FinalFlow scenario inputs; not observed event operations.
rail_capacity_boost,2026-07-19T16:50:00Z,110,extra_time,stadium_to_meadowlands,0,900,0,0.0,0,derived,Derived from synthetic FinalFlow scenario inputs; not observed event operations.
rail_capacity_boost,2026-07-19T16:55:00Z,115,extra_time,midtown_to_penn_station,0,600,0,0.0,0,derived,Derived from synthetic FinalFlow scenario inputs; not observed event operations.
rail_capacity_boost,2026-07-19T16:55:00Z,115,extra_time,penn_station_to_midtown,0,600,0,0.0,0,derived,Derived from synthetic FinalFlow scenario inputs; not observed event operations.
rail_capacity_boost,2026-07-19T16:55:00Z,115,extra_time,penn_station_to_secaucus,0,1350,0,0.0,0,derived,Derived from synthetic FinalFlow scenario inputs; not observed event operations.
rail_capacity_boost,2026-07-19T16:55:00Z,115,extra_time,secaucus_to_penn_station,0,1350,0,0.0,0,derived,Derived from synthetic FinalFlow scenario inputs; not observed event operations.
rail_capacity_boost,2026-07-19T16:55:00Z,115,extra_time,secaucus_to_meadowlands,0,900,0,0.0,0,derived,Derived from synthetic FinalFlow scenario inputs; not observed event operations.
rail_capacity_boost,2026-07-19T16:55:00Z,115,extra_time,meadowlands_to_secaucus,0,900,0,0.0,0,derived,Derived from synthetic FinalFlow scenario inputs; not observed event operations.
rail_capacity_boost,2026-07-19T16:55:00Z,115,extra_time,meadowlands_to_stadium,0,900,0,0.0,0,derived,Derived from synthetic FinalFlow scenario inputs; not observed event operations.
rail_capacity_boost,2026-07-19T16:55:00Z,115,extra_time,stadium_to_meadowlands,0,900,0,0.0,0,derived,Derived from synthetic FinalFlow scenario inputs; not observed event operations.
rail_capacity_boost,2026-07-19T17:00:00Z,120,extra_time,midtown_to_penn_station,0,600,0,0.0,0,derived,Derived from synthetic FinalFlow scenario inputs; not observed event operations.
rail_capacity_boost,2026-07-19T17:00:00Z,120,extra_time,penn_station_to_midtown,0,600,0,0.0,0,derived,Derived from synthetic FinalFlow scenario inputs; not observed event operations.
rail_capacity_boost,2026-07-19T17:00:00Z,120,extra_time,penn_station_to_secaucus,0,1350,0,0.0,0,derived,Derived from synthetic FinalFlow scenario inputs; not observed event operations.
rail_capacity_boost,2026-07-19T17:00:00Z,120,extra_time,secaucus_to_penn_station,0,1350,0,0.0,0,derived,Derived from synthetic FinalFlow scenario inputs; not observed event operations.
rail_capacity_boost,2026-07-19T17:00:00Z,120,extra_time,secaucus_to_meadowlands,0,900,0,0.0,0,derived,Derived from synthetic FinalFlow scenario inputs; not observed event operations.
rail_capacity_boost,2026-07-19T17:00:00Z,120,extra_time,meadowlands_to_secaucus,0,900,0,0.0,0,derived,Derived from synthetic FinalFlow scenario inputs; not observed event operations.
rail_capacity_boost,2026-07-19T17:00:00Z,120,extra_time,meadowlands_to_stadium,0,900,0,0.0,0,derived,Derived from synthetic FinalFlow scenario inputs; not observed event operations.
rail_capacity_boost,2026-07-19T17:00:00Z,120,extra_time,stadium_to_meadowlands,0,900,0,0.0,0,derived,Derived from synthetic FinalFlow scenario inputs; not observed event operations.
rail_capacity_boost,2026-07-19T17:05:00Z,125,extra_time,midtown_to_penn_station,0,600,0,0.0,0,derived,Derived from synthetic FinalFlow scenario inputs; not observed event operations.
rail_capacity_boost,2026-07-19T17:05:00Z,125,extra_time,penn_station_to_midtown,0,600,0,0.0,0,derived,Derived from synthetic FinalFlow scenario inputs; not observed event operations.
rail_capacity_boost,2026-07-19T17:05:00Z,125,extra_time,penn_station_to_secaucus,0,1350,0,0.0,0,derived,Derived from synthetic FinalFlow scenario inputs; not observed event operations.
rail_capacity_boost,2026-07-19T17:05:00Z,125,extra_time,secaucus_to_penn_station,0,1350,0,0.0,0,derived,Derived from synthetic FinalFlow scenario inputs; not observed event operations.
rail_capacity_boost,2026-07-19T17:05:00Z,125,extra_time,secaucus_to_meadowlands,0,900,0,0.0,0,derived,Derived from synthetic FinalFlow scenario inputs; not observed event operations.
rail_capacity_boost,2026-07-19T17:05:00Z,125,extra_time,meadowlands_to_secaucus,0,900,0,0.0,0,derived,Derived from synthetic FinalFlow scenario inputs; not observed event operations.
rail_capacity_boost,2026-07-19T17:05:00Z,125,extra_time,meadowlands_to_stadium,0,900,0,0.0,0,derived,Derived from synthetic FinalFlow scenario inputs; not observed event operations.
rail_capacity_boost,2026-07-19T17:05:00Z,125,extra_time,stadium_to_meadowlands,0,900,0,0.0,0,derived,Derived from synthetic FinalFlow scenario inputs; not observed event operations.
rail_capacity_boost,2026-07-19T17:10:00Z,130,extra_time,midtown_to_penn_station,0,600,0,0.0,0,derived,Derived from synthetic FinalFlow scenario inputs; not observed event operations.
rail_capacity_boost,2026-07-19T17:10:00Z,130,extra_time,penn_station_to_midtown,0,600,0,0.0,0,derived,Derived from synthetic FinalFlow scenario inputs; not observed event operations.
rail_capacity_boost,2026-07-19T17:10:00Z,130,extra_time,penn_station_to_secaucus,0,1350,0,0.0,0,derived,Derived from synthetic FinalFlow scenario inputs; not observed event operations.
rail_capacity_boost,2026-07-19T17:10:00Z,130,extra_time,secaucus_to_penn_station,0,1350,0,0.0,0,derived,Derived from synthetic FinalFlow scenario inputs; not observed event operations.
rail_capacity_boost,2026-07-19T17:10:00Z,130,extra_time,secaucus_to_meadowlands,0,900,0,0.0,0,derived,Derived from synthetic FinalFlow scenario inputs; not observed event operations.
rail_capacity_boost,2026-07-19T17:10:00Z,130,extra_time,meadowlands_to_secaucus,0,900,0,0.0,0,derived,Derived from synthetic FinalFlow scenario inputs; not observed event operations.
rail_capacity_boost,2026-07-19T17:10:00Z,130,extra_time,meadowlands_to_stadium,0,900,0,0.0,0,derived,Derived from synthetic FinalFlow scenario inputs; not observed event operations.
rail_capacity_boost,2026-07-19T17:10:00Z,130,extra_time,stadium_to_meadowlands,0,900,0,0.0,0,derived,Derived from synthetic FinalFlow scenario inputs; not observed event operations.
rail_capacity_boost,2026-07-19T17:15:00Z,135,final_whistle,midtown_to_penn_station,0,600,0,0.0,0,derived,Derived from synthetic FinalFlow scenario inputs; not observed event operations.
rail_capacity_boost,2026-07-19T17:15:00Z,135,final_whistle,penn_station_to_midtown,0,600,0,0.0,0,derived,Derived from synthetic FinalFlow scenario inputs; not observed event operations.
rail_capacity_boost,2026-07-19T17:15:00Z,135,final_whistle,penn_station_to_secaucus,0,1350,0,0.0,0,derived,Derived from synthetic FinalFlow scenario inputs; not observed event operations.
rail_capacity_boost,2026-07-19T17:15:00Z,135,final_whistle,secaucus_to_penn_station,0,1350,0,0.0,0,derived,Derived from synthetic FinalFlow scenario inputs; not observed event operations.
rail_capacity_boost,2026-07-19T17:15:00Z,135,final_whistle,secaucus_to_meadowlands,0,900,0,0.0,0,derived,Derived from synthetic FinalFlow scenario inputs; not observed event operations.
rail_capacity_boost,2026-07-19T17:15:00Z,135,final_whistle,meadowlands_to_secaucus,0,900,0,0.0,0,derived,Derived from synthetic FinalFlow scenario inputs; not observed event operations.
rail_capacity_boost,2026-07-19T17:15:00Z,135,final_whistle,meadowlands_to_stadium,0,900,0,0.0,0,derived,Derived from synthetic FinalFlow scenario inputs; not observed event operations.
rail_capacity_boost,2026-07-19T17:15:00Z,135,final_whistle,stadium_to_meadowlands,662,900,662,0.7355555555555555,662,derived,Derived from synthetic FinalFlow scenario inputs; not observed event operations.
rail_capacity_boost,2026-07-19T17:20:00Z,140,post_match,midtown_to_penn_station,0,600,0,0.0,0,derived,Derived from synthetic FinalFlow scenario inputs; not observed event operations.
rail_capacity_boost,2026-07-19T17:20:00Z,140,post_match,penn_station_to_midtown,0,600,0,0.0,0,derived,Derived from synthetic FinalFlow scenario inputs; not observed event operations.
rail_capacity_boost,2026-07-19T17:20:00Z,140,post_match,penn_station_to_secaucus,0,1350,0,0.0,0,derived,Derived from synthetic FinalFlow scenario inputs; not observed event operations.
rail_capacity_boost,2026-07-19T17:20:00Z,140,post_match,secaucus_to_penn_station,0,1350,0,0.0,0,derived,Derived from synthetic FinalFlow scenario inputs; not observed event operations.
rail_capacity_boost,2026-07-19T17:20:00Z,140,post_match,secaucus_to_meadowlands,0,900,0,0.0,0,derived,Derived from synthetic FinalFlow scenario inputs; not observed event operations.
rail_capacity_boost,2026-07-19T17:20:00Z,140,post_match,meadowlands_to_secaucus,0,900,0,0.0,0,derived,Derived from synthetic FinalFlow scenario inputs; not observed event operations.
rail_capacity_boost,2026-07-19T17:20:00Z,140,post_match,meadowlands_to_stadium,0,900,0,0.0,0,derived,Derived from synthetic FinalFlow scenario inputs; not observed event operations.
rail_capacity_boost,2026-07-19T17:20:00Z,140,post_match,stadium_to_meadowlands,621,900,621,0.69,1283,derived,Derived from synthetic FinalFlow scenario inputs; not observed event operations.
rail_capacity_boost,2026-07-19T17:25:00Z,145,post_match,midtown_to_penn_station,0,600,0,0.0,0,derived,Derived from synthetic FinalFlow scenario inputs; not observed event operations.
rail_capacity_boost,2026-07-19T17:25:00Z,145,post_match,penn_station_to_midtown,0,600,0,0.0,0,derived,Derived from synthetic FinalFlow scenario inputs; not observed event operations.
rail_capacity_boost,2026-07-19T17:25:00Z,145,post_match,penn_station_to_secaucus,0,1350,0,0.0,0,derived,Derived from synthetic FinalFlow scenario inputs; not observed event operations.
rail_capacity_boost,2026-07-19T17:25:00Z,145,post_match,secaucus_to_penn_station,0,1350,0,0.0,0,derived,Derived from synthetic FinalFlow scenario inputs; not observed event operations.
rail_capacity_boost,2026-07-19T17:25:00Z,145,post_match,secaucus_to_meadowlands,0,900,0,0.0,0,derived,Derived from synthetic FinalFlow scenario inputs; not observed event operations.
rail_capacity_boost,2026-07-19T17:25:00Z,145,post_match,meadowlands_to_secaucus,609,900,609,0.6766666666666666,609,derived,Derived from synthetic FinalFlow scenario inputs; not observed event operations.
rail_capacity_boost,2026-07-19T17:25:00Z,145,post_match,meadowlands_to_stadium,0,900,0,0.0,0,derived,Derived from synthetic FinalFlow scenario inputs; not observed event operations.
rail_capacity_boost,2026-07-19T17:25:00Z,145,post_match,stadium_to_meadowlands,400,900,400,0.4444444444444444,1021,derived,Derived from synthetic FinalFlow scenario inputs; not observed event operations.
rail_capacity_boost,2026-07-19T17:30:00Z,150,post_match,midtown_to_penn_station,0,600,0,0.0,0,derived,Derived from synthetic FinalFlow scenario inputs; not observed event operations.
rail_capacity_boost,2026-07-19T17:30:00Z,150,post_match,penn_station_to_midtown,0,600,0,0.0,0,derived,Derived from synthetic FinalFlow scenario inputs; not observed event operations.
rail_capacity_boost,2026-07-19T17:30:00Z,150,post_match,penn_station_to_secaucus,0,1350,0,0.0,0,derived,Derived from synthetic FinalFlow scenario inputs; not observed event operations.
rail_capacity_boost,2026-07-19T17:30:00Z,150,post_match,secaucus_to_penn_station,0,1350,0,0.0,0,derived,Derived from synthetic FinalFlow scenario inputs; not observed event operations.
rail_capacity_boost,2026-07-19T17:30:00Z,150,post_match,secaucus_to_meadowlands,0,900,0,0.0,0,derived,Derived from synthetic FinalFlow scenario inputs; not observed event operations.
rail_capacity_boost,2026-07-19T17:30:00Z,150,post_match,meadowlands_to_secaucus,571,900,571,0.6344444444444445,1180,derived,Derived from synthetic FinalFlow scenario inputs; not observed event operations.
rail_capacity_boost,2026-07-19T17:30:00Z,150,post_match,meadowlands_to_stadium,0,900,0,0.0,0,derived,Derived from synthetic FinalFlow scenario inputs; not observed event operations.
rail_capacity_boost,2026-07-19T17:30:00Z,150,post_match,stadium_to_meadowlands,371,900,371,0.4122222222222222,771,derived,Derived from synthetic FinalFlow scenario inputs; not observed event operations.
rail_capacity_boost,2026-07-19T17:35:00Z,155,post_match,midtown_to_penn_station,0,600,0,0.0,0,derived,Derived from synthetic FinalFlow scenario inputs; not observed event operations.
rail_capacity_boost,2026-07-19T17:35:00Z,155,post_match,penn_station_to_midtown,0,600,0,0.0,0,derived,Derived from synthetic FinalFlow scenario inputs; not observed event operations.
rail_capacity_boost,2026-07-19T17:35:00Z,155,post_match,penn_station_to_secaucus,0,1350,0,0.0,0,derived,Derived from synthetic FinalFlow scenario inputs; not observed event operations.
rail_capacity_boost,2026-07-19T17:35:00Z,155,post_match,secaucus_to_penn_station,0,1350,0,0.0,0,derived,Derived from synthetic FinalFlow scenario inputs; not observed event operations.
rail_capacity_boost,2026-07-19T17:35:00Z,155,post_match,secaucus_to_meadowlands,0,900,0,0.0,0,derived,Derived from synthetic FinalFlow scenario inputs; not observed event operations.
rail_capacity_boost,2026-07-19T17:35:00Z,155,post_match,meadowlands_to_secaucus,368,900,368,0.4088888888888889,1548,derived,Derived from synthetic FinalFlow scenario inputs; not observed event operations.
rail_capacity_boost,2026-07-19T17:35:00Z,155,post_match,meadowlands_to_stadium,0,900,0,0.0,0,derived,Derived from synthetic FinalFlow scenario inputs; not observed event operations.
rail_capacity_boost,2026-07-19T17:35:00Z,155,post_match,stadium_to_meadowlands,344,900,344,0.38222222222222224,715,derived,Derived from synthetic FinalFlow scenario inputs; not observed event operations.
rail_capacity_boost,2026-07-19T17:40:00Z,160,post_match,midtown_to_penn_station,0,600,0,0.0,0,derived,Derived from synthetic FinalFlow scenario inputs; not observed event operations.
rail_capacity_boost,2026-07-19T17:40:00Z,160,post_match,penn_station_to_midtown,0,600,0,0.0,0,derived,Derived from synthetic FinalFlow scenario inputs; not observed event operations.
rail_capacity_boost,2026-07-19T17:40:00Z,160,post_match,penn_station_to_secaucus,0,1350,0,0.0,0,derived,Derived from synthetic FinalFlow scenario inputs; not observed event operations.
rail_capacity_boost,2026-07-19T17:40:00Z,160,post_match,secaucus_to_penn_station,529,1350,529,0.39185185185185184,529,derived,Derived from synthetic FinalFlow scenario inputs; not observed event operations.
rail_capacity_boost,2026-07-19T17:40:00Z,160,post_match,secaucus_to_meadowlands,0,900,0,0.0,0,derived,Derived from synthetic FinalFlow scenario inputs; not observed event operations.
rail_capacity_boost,2026-07-19T17:40:00Z,160,post_match,meadowlands_to_secaucus,341,900,341,0.3788888888888889,1280,derived,Derived from synthetic FinalFlow scenario inputs; not observed event operations.
rail_capacity_boost,2026-07-19T17:40:00Z,160,post_match,meadowlands_to_stadium,0,900,0,0.0,0,derived,Derived from synthetic FinalFlow scenario inputs; not observed event operations.
rail_capacity_boost,2026-07-19T17:40:00Z,160,post_match,stadium_to_meadowlands,315,900,315,0.35,659,derived,Derived from synthetic FinalFlow scenario inputs; not observed event operations.
rail_capacity_boost,2026-07-19T17:45:00Z,165,post_match,midtown_to_penn_station,0,600,0,0.0,0,derived,Derived from synthetic FinalFlow scenario inputs; not observed event operations.
rail_capacity_boost,2026-07-19T17:45:00Z,165,post_match,penn_station_to_midtown,0,600,0,0.0,0,derived,Derived from synthetic FinalFlow scenario inputs; not observed event operations.
rail_capacity_boost,2026-07-19T17:45:00Z,165,post_match,penn_station_to_secaucus,0,1350,0,0.0,0,derived,Derived from synthetic FinalFlow scenario inputs; not observed event operations.
rail_capacity_boost,2026-07-19T17:45:00Z,165,post_match,secaucus_to_penn_station,496,1350,496,0.3674074074074074,1025,derived,Derived from synthetic FinalFlow scenario inputs; not observed event operations.
rail_capacity_boost,2026-07-19T17:45:00Z,165,post_match,secaucus_to_meadowlands,0,900,0,0.0,0,derived,Derived from synthetic FinalFlow scenario inputs; not observed event operations.
rail_capacity_boost,2026-07-19T17:45:00Z,165,post_match,meadowlands_to_secaucus,316,900,316,0.3511111111111111,1025,derived,Derived from synthetic FinalFlow scenario inputs; not observed event operations.
rail_capacity_boost,2026-07-19T17:45:00Z,165,post_match,meadowlands_to_stadium,0,900,0,0.0,0,derived,Derived from synthetic FinalFlow scenario inputs; not observed event operations.
rail_capacity_boost,2026-07-19T17:45:00Z,165,post_match,stadium_to_meadowlands,286,900,286,0.31777777777777777,601,derived,Derived from synthetic FinalFlow scenario inputs; not observed event operations.
rail_capacity_boost,2026-07-19T17:50:00Z,170,post_match,midtown_to_penn_station,0,600,0,0.0,0,derived,Derived from synthetic FinalFlow scenario inputs; not observed event operations.
rail_capacity_boost,2026-07-19T17:50:00Z,170,post_match,penn_station_to_midtown,0,600,0,0.0,0,derived,Derived from synthetic FinalFlow scenario inputs; not observed event operations.
rail_capacity_boost,2026-07-19T17:50:00Z,170,post_match,penn_station_to_secaucus,0,1350,0,0.0,0,derived,Derived from synthetic FinalFlow scenario inputs; not observed event operations.
rail_capacity_boost,2026-07-19T17:50:00Z,170,post_match,secaucus_to_penn_station,320,1350,320,0.23703703703703705,1345,derived,Derived from synthetic FinalFlow scenario inputs; not observed event operations.
rail_capacity_boost,2026-07-19T17:50:00Z,170,post_match,secaucus_to_meadowlands,0,900,0,0.0,0,derived,Derived from synthetic FinalFlow scenario inputs; not observed event operations.
rail_capacity_boost,2026-07-19T17:50:00Z,170,post_match,meadowlands_to_secaucus,290,900,290,0.32222222222222224,947,derived,Derived from synthetic FinalFlow scenario inputs; not observed event operations.
rail_capacity_boost,2026-07-19T17:50:00Z,170,post_match,meadowlands_to_stadium,0,900,0,0.0,0,derived,Derived from synthetic FinalFlow scenario inputs; not observed event operations.
rail_capacity_boost,2026-07-19T17:50:00Z,170,post_match,stadium_to_meadowlands,257,900,257,0.28555555555555556,543,derived,Derived from synthetic FinalFlow scenario inputs; not observed event operations.
rail_capacity_boost,2026-07-19T17:55:00Z,175,post_match,midtown_to_penn_station,0,600,0,0.0,0,derived,Derived from synthetic FinalFlow scenario inputs; not observed event operations.
rail_capacity_boost,2026-07-19T17:55:00Z,175,post_match,penn_station_to_midtown,430,600,430,0.7166666666666667,430,derived,Derived from synthetic FinalFlow scenario inputs; not observed event operations.
rail_capacity_boost,2026-07-19T17:55:00Z,175,post_match,penn_station_to_secaucus,0,1350,0,0.0,0,derived,Derived from synthetic FinalFlow scenario inputs; not observed event operations.
rail_capacity_boost,2026-07-19T17:55:00Z,175,post_match,secaucus_to_penn_station,297,1350,297,0.22,1113,derived,Derived from synthetic FinalFlow scenario inputs; not observed event operations.
rail_capacity_boost,2026-07-19T17:55:00Z,175,post_match,secaucus_to_meadowlands,0,900,0,0.0,0,derived,Derived from synthetic FinalFlow scenario inputs; not observed event operations.
rail_capacity_boost,2026-07-19T17:55:00Z,175,post_match,meadowlands_to_secaucus,263,900,263,0.2922222222222222,869,derived,Derived from synthetic FinalFlow scenario inputs; not observed event operations.
rail_capacity_boost,2026-07-19T17:55:00Z,175,post_match,meadowlands_to_stadium,0,900,0,0.0,0,derived,Derived from synthetic FinalFlow scenario inputs; not observed event operations.
rail_capacity_boost,2026-07-19T17:55:00Z,175,post_match,stadium_to_meadowlands,229,900,229,0.2544444444444444,486,derived,Derived from synthetic FinalFlow scenario inputs; not observed event operations.
rail_capacity_boost,2026-07-19T18:00:00Z,180,post_match,midtown_to_penn_station,0,600,0,0.0,0,derived,Derived from synthetic FinalFlow scenario inputs; not observed event operations.
rail_capacity_boost,2026-07-19T18:00:00Z,180,post_match,penn_station_to_midtown,403,600,403,0.6716666666666666,833,derived,Derived from synthetic FinalFlow scenario inputs; not observed event operations.
rail_capacity_boost,2026-07-19T18:00:00Z,180,post_match,penn_station_to_secaucus,0,1350,0,0.0,0,derived,Derived from synthetic FinalFlow scenario inputs; not observed event operations.
rail_capacity_boost,2026-07-19T18:00:00Z,180,post_match,secaucus_to_penn_station,275,1350,275,0.2037037037037037,892,derived,Derived from synthetic FinalFlow scenario inputs; not observed event operations.
rail_capacity_boost,2026-07-19T18:00:00Z,180,post_match,secaucus_to_meadowlands,0,900,0,0.0,0,derived,Derived from synthetic FinalFlow scenario inputs; not observed event operations.
rail_capacity_boost,2026-07-19T18:00:00Z,180,post_match,meadowlands_to_secaucus,237,900,237,0.2633333333333333,790,derived,Derived from synthetic FinalFlow scenario inputs; not observed event operations.
rail_capacity_boost,2026-07-19T18:00:00Z,180,post_match,meadowlands_to_stadium,0,900,0,0.0,0,derived,Derived from synthetic FinalFlow scenario inputs; not observed event operations.
rail_capacity_boost,2026-07-19T18:00:00Z,180,post_match,stadium_to_meadowlands,199,900,199,0.22111111111111112,428,derived,Derived from synthetic FinalFlow scenario inputs; not observed event operations.
rail_capacity_boost,2026-07-19T18:05:00Z,185,post_match,midtown_to_penn_station,0,600,0,0.0,0,derived,Derived from synthetic FinalFlow scenario inputs; not observed event operations.
rail_capacity_boost,2026-07-19T18:05:00Z,185,post_match,penn_station_to_midtown,260,600,260,0.43333333333333335,1093,derived,Derived from synthetic FinalFlow scenario inputs; not observed event operations.
rail_capacity_boost,2026-07-19T18:05:00Z,185,post_match,penn_station_to_secaucus,0,1350,0,0.0,0,derived,Derived from synthetic FinalFlow scenario inputs; not observed event operations.
rail_capacity_boost,2026-07-19T18:05:00Z,185,post_match,secaucus_to_penn_station,252,1350,252,0.18666666666666668,824,derived,Derived from synthetic FinalFlow scenario inputs; not observed event operations.
rail_capacity_boost,2026-07-19T18:05:00Z,185,post_match,secaucus_to_meadowlands,0,900,0,0.0,0,derived,Derived from synthetic FinalFlow scenario inputs; not observed event operations.
rail_capacity_boost,2026-07-19T18:05:00Z,185,post_match,meadowlands_to_secaucus,211,900,211,0.23444444444444446,711,derived,Derived from synthetic FinalFlow scenario inputs; not observed event operations.
rail_capacity_boost,2026-07-19T18:05:00Z,185,post_match,meadowlands_to_stadium,0,900,0,0.0,0,derived,Derived from synthetic FinalFlow scenario inputs; not observed event operations.
rail_capacity_boost,2026-07-19T18:05:00Z,185,post_match,stadium_to_meadowlands,172,900,172,0.19111111111111112,371,derived,Derived from synthetic FinalFlow scenario inputs; not observed event operations.
rail_capacity_boost,2026-07-19T18:10:00Z,190,post_match,midtown_to_penn_station,0,600,0,0.0,0,derived,Derived from synthetic FinalFlow scenario inputs; not observed event operations.
rail_capacity_boost,2026-07-19T18:10:00Z,190,post_match,penn_station_to_midtown,241,600,241,0.40166666666666667,904,derived,Derived from synthetic FinalFlow scenario inputs; not observed event operations.
rail_capacity_boost,2026-07-19T18:10:00Z,190,post_match,penn_station_to_secaucus,0,1350,0,0.0,0,derived,Derived from synthetic FinalFlow scenario inputs; not observed event operations.
rail_capacity_boost,2026-07-19T18:10:00Z,190,post_match,secaucus_to_penn_station,229,1350,229,0.16962962962962963,756,derived,Derived from synthetic FinalFlow scenario inputs; not observed event operations.
rail_capacity_boost,2026-07-19T18:10:00Z,190,post_match,secaucus_to_meadowlands,0,900,0,0.0,0,derived,Derived from synthetic FinalFlow scenario inputs; not observed event operations.
rail_capacity_boost,2026-07-19T18:10:00Z,190,post_match,meadowlands_to_secaucus,183,900,183,0.20333333333333334,631,derived,Derived from synthetic FinalFlow scenario inputs; not observed event operations.
rail_capacity_boost,2026-07-19T18:10:00Z,190,post_match,meadowlands_to_stadium,0,900,0,0.0,0,derived,Derived from synthetic FinalFlow scenario inputs; not observed event operations.
rail_capacity_boost,2026-07-19T18:10:00Z,190,post_match,stadium_to_meadowlands,142,900,142,0.15777777777777777,314,derived,Derived from synthetic FinalFlow scenario inputs; not observed event operations.
rail_capacity_boost,2026-07-19T18:15:00Z,195,post_match,midtown_to_penn_station,0,600,0,0.0,0,derived,Derived from synthetic FinalFlow scenario inputs; not observed event operations.
rail_capacity_boost,2026-07-19T18:15:00Z,195,post_match,penn_station_to_midtown,223,600,223,0.37166666666666665,724,derived,Derived from synthetic FinalFlow scenario inputs; not observed event operations.
rail_capacity_boost,2026-07-19T18:15:00Z,195,post_match,penn_station_to_secaucus,0,1350,0,0.0,0,derived,Derived from synthetic FinalFlow scenario inputs; not observed event operations.
rail_capacity_boost,2026-07-19T18:15:00Z,195,post_match,secaucus_to_penn_station,206,1350,206,0.15259259259259259,687,derived,Derived from synthetic FinalFlow scenario inputs; not observed event operations.
rail_capacity_boost,2026-07-19T18:15:00Z,195,post_match,secaucus_to_meadowlands,0,900,0,0.0,0,derived,Derived from synthetic FinalFlow scenario inputs; not observed event operations.
rail_capacity_boost,2026-07-19T18:15:00Z,195,post_match,meadowlands_to_secaucus,158,900,158,0.17555555555555555,552,derived,Derived from synthetic FinalFlow scenario inputs; not observed event operations.
rail_capacity_boost,2026-07-19T18:15:00Z,195,post_match,meadowlands_to_stadium,0,900,0,0.0,0,derived,Derived from synthetic FinalFlow scenario inputs; not observed event operations.
rail_capacity_boost,2026-07-19T18:15:00Z,195,post_match,stadium_to_meadowlands,0,900,0,0.0,142,derived,Derived from synthetic FinalFlow scenario inputs; not observed event operations.
rail_capacity_boost,2026-07-19T18:20:00Z,200,post_match,midtown_to_penn_station,0,600,0,0.0,0,derived,Derived from synthetic FinalFlow scenario inputs; not observed event operations.
rail_capacity_boost,2026-07-19T18:20:00Z,200,post_match,penn_station_to_midtown,205,600,205,0.3416666666666667,669,derived,Derived from synthetic FinalFlow scenario inputs; not observed event operations.
rail_capacity_boost,2026-07-19T18:20:00Z,200,post_match,penn_station_to_secaucus,0,1350,0,0.0,0,derived,Derived from synthetic FinalFlow scenario inputs; not observed event operations.
rail_capacity_boost,2026-07-19T18:20:00Z,200,post_match,secaucus_to_penn_station,183,1350,183,0.13555555555555557,618,derived,Derived from synthetic FinalFlow scenario inputs; not observed event operations.
rail_capacity_boost,2026-07-19T18:20:00Z,200,post_match,secaucus_to_meadowlands,0,900,0,0.0,0,derived,Derived from synthetic FinalFlow scenario inputs; not observed event operations.
rail_capacity_boost,2026-07-19T18:20:00Z,200,post_match,meadowlands_to_secaucus,131,900,131,0.14555555555555555,472,derived,Derived from synthetic FinalFlow scenario inputs; not observed event operations.
rail_capacity_boost,2026-07-19T18:20:00Z,200,post_match,meadowlands_to_stadium,0,900,0,0.0,0,derived,Derived from synthetic FinalFlow scenario inputs; not observed event operations.
rail_capacity_boost,2026-07-19T18:20:00Z,200,post_match,stadium_to_meadowlands,0,900,0,0.0,0,derived,Derived from synthetic FinalFlow scenario inputs; not observed event operations.
rail_capacity_boost,2026-07-19T18:25:00Z,205,post_match,midtown_to_penn_station,0,600,0,0.0,0,derived,Derived from synthetic FinalFlow scenario inputs; not observed event operations.
rail_capacity_boost,2026-07-19T18:25:00Z,205,post_match,penn_station_to_midtown,186,600,186,0.31,614,derived,Derived from synthetic FinalFlow scenario inputs; not observed event operations.
rail_capacity_boost,2026-07-19T18:25:00Z,205,post_match,penn_station_to_secaucus,0,1350,0,0.0,0,derived,Derived from synthetic FinalFlow scenario inputs; not observed event operations.
rail_capacity_boost,2026-07-19T18:25:00Z,205,post_match,secaucus_to_penn_station,159,1350,159,0.11777777777777777,548,derived,Derived from synthetic FinalFlow scenario inputs; not observed event operations.
rail_capacity_boost,2026-07-19T18:25:00Z,205,post_match,secaucus_to_meadowlands,0,900,0,0.0,0,derived,Derived from synthetic FinalFlow scenario inputs; not observed event operations.
rail_capacity_boost,2026-07-19T18:25:00Z,205,post_match,meadowlands_to_secaucus,0,900,0,0.0,289,derived,Derived from synthetic FinalFlow scenario inputs; not observed event operations.
rail_capacity_boost,2026-07-19T18:25:00Z,205,post_match,meadowlands_to_stadium,0,900,0,0.0,0,derived,Derived from synthetic FinalFlow scenario inputs; not observed event operations.
rail_capacity_boost,2026-07-19T18:25:00Z,205,post_match,stadium_to_meadowlands,0,900,0,0.0,0,derived,Derived from synthetic FinalFlow scenario inputs; not observed event operations.
rail_capacity_boost,2026-07-19T18:30:00Z,210,post_match,midtown_to_penn_station,0,600,0,0.0,0,derived,Derived from synthetic FinalFlow scenario inputs; not observed event operations.
rail_capacity_boost,2026-07-19T18:30:00Z,210,post_match,penn_station_to_midtown,167,600,167,0.2783333333333333,558,derived,Derived from synthetic FinalFlow scenario inputs; not observed event operations.
rail_capacity_boost,2026-07-19T18:30:00Z,210,post_match,penn_station_to_secaucus,0,1350,0,0.0,0,derived,Derived from synthetic FinalFlow scenario inputs; not observed event operations.
rail_capacity_boost,2026-07-19T18:30:00Z,210,post_match,secaucus_to_penn_station,138,1350,138,0.10222222222222223,480,derived,Derived from synthetic FinalFlow scenario inputs; not observed event operations.
rail_capacity_boost,2026-07-19T18:30:00Z,210,post_match,secaucus_to_meadowlands,0,900,0,0.0,0,derived,Derived from synthetic FinalFlow scenario inputs; not observed event operations.
rail_capacity_boost,2026-07-19T18:30:00Z,210,post_match,meadowlands_to_secaucus,0,900,0,0.0,131,derived,Derived from synthetic FinalFlow scenario inputs; not observed event operations.
rail_capacity_boost,2026-07-19T18:30:00Z,210,post_match,meadowlands_to_stadium,0,900,0,0.0,0,derived,Derived from synthetic FinalFlow scenario inputs; not observed event operations.
rail_capacity_boost,2026-07-19T18:30:00Z,210,post_match,stadium_to_meadowlands,0,900,0,0.0,0,derived,Derived from synthetic FinalFlow scenario inputs; not observed event operations.
rail_capacity_boost,2026-07-19T18:35:00Z,215,post_match,midtown_to_penn_station,0,600,0,0.0,0,derived,Derived from synthetic FinalFlow scenario inputs; not observed event operations.
rail_capacity_boost,2026-07-19T18:35:00Z,215,post_match,penn_station_to_midtown,149,600,149,0.24833333333333332,502,derived,Derived from synthetic FinalFlow scenario inputs; not observed event operations.
rail_capacity_boost,2026-07-19T18:35:00Z,215,post_match,penn_station_to_secaucus,0,1350,0,0.0,0,derived,Derived from synthetic FinalFlow scenario inputs; not observed event operations.
rail_capacity_boost,2026-07-19T18:35:00Z,215,post_match,secaucus_to_penn_station,114,1350,114,0.08444444444444445,411,derived,Derived from synthetic FinalFlow scenario inputs; not observed event operations.
rail_capacity_boost,2026-07-19T18:35:00Z,215,post_match,secaucus_to_meadowlands,0,900,0,0.0,0,derived,Derived from synthetic FinalFlow scenario inputs; not observed event operations.
rail_capacity_boost,2026-07-19T18:35:00Z,215,post_match,meadowlands_to_secaucus,0,900,0,0.0,0,derived,Derived from synthetic FinalFlow scenario inputs; not observed event operations.
rail_capacity_boost,2026-07-19T18:35:00Z,215,post_match,meadowlands_to_stadium,0,900,0,0.0,0,derived,Derived from synthetic FinalFlow scenario inputs; not observed event operations.
rail_capacity_boost,2026-07-19T18:35:00Z,215,post_match,stadium_to_meadowlands,0,900,0,0.0,0,derived,Derived from synthetic FinalFlow scenario inputs; not observed event operations.
rail_capacity_boost,2026-07-19T18:40:00Z,220,post_match,midtown_to_penn_station,0,600,0,0.0,0,derived,Derived from synthetic FinalFlow scenario inputs; not observed event operations.
rail_capacity_boost,2026-07-19T18:40:00Z,220,post_match,penn_station_to_midtown,129,600,129,0.215,445,derived,Derived from synthetic FinalFlow scenario inputs; not observed event operations.
rail_capacity_boost,2026-07-19T18:40:00Z,220,post_match,penn_station_to_secaucus,0,1350,0,0.0,0,derived,Derived from synthetic FinalFlow scenario inputs; not observed event operations.
rail_capacity_boost,2026-07-19T18:40:00Z,220,post_match,secaucus_to_penn_station,0,1350,0,0.0,252,derived,Derived from synthetic FinalFlow scenario inputs; not observed event operations.
rail_capacity_boost,2026-07-19T18:40:00Z,220,post_match,secaucus_to_meadowlands,0,900,0,0.0,0,derived,Derived from synthetic FinalFlow scenario inputs; not observed event operations.
rail_capacity_boost,2026-07-19T18:40:00Z,220,post_match,meadowlands_to_secaucus,0,900,0,0.0,0,derived,Derived from synthetic FinalFlow scenario inputs; not observed event operations.
rail_capacity_boost,2026-07-19T18:40:00Z,220,post_match,meadowlands_to_stadium,0,900,0,0.0,0,derived,Derived from synthetic FinalFlow scenario inputs; not observed event operations.
rail_capacity_boost,2026-07-19T18:40:00Z,220,post_match,stadium_to_meadowlands,0,900,0,0.0,0,derived,Derived from synthetic FinalFlow scenario inputs; not observed event operations.
rail_capacity_boost,2026-07-19T18:45:00Z,225,post_match,midtown_to_penn_station,0,600,0,0.0,0,derived,Derived from synthetic FinalFlow scenario inputs; not observed event operations.
rail_capacity_boost,2026-07-19T18:45:00Z,225,post_match,penn_station_to_midtown,112,600,112,0.18666666666666668,390,derived,Derived from synthetic FinalFlow scenario inputs; not observed event operations.
rail_capacity_boost,2026-07-19T18:45:00Z,225,post_match,penn_station_to_secaucus,0,1350,0,0.0,0,derived,Derived from synthetic FinalFlow scenario inputs; not observed event operations.
rail_capacity_boost,2026-07-19T18:45:00Z,225,post_match,secaucus_to_penn_station,0,1350,0,0.0,114,derived,Derived from synthetic FinalFlow scenario inputs; not observed event operations.
rail_capacity_boost,2026-07-19T18:45:00Z,225,post_match,secaucus_to_meadowlands,0,900,0,0.0,0,derived,Derived from synthetic FinalFlow scenario inputs; not observed event operations.
rail_capacity_boost,2026-07-19T18:45:00Z,225,post_match,meadowlands_to_secaucus,0,900,0,0.0,0,derived,Derived from synthetic FinalFlow scenario inputs; not observed event operations.
rail_capacity_boost,2026-07-19T18:45:00Z,225,post_match,meadowlands_to_stadium,0,900,0,0.0,0,derived,Derived from synthetic FinalFlow scenario inputs; not observed event operations.
rail_capacity_boost,2026-07-19T18:45:00Z,225,post_match,stadium_to_meadowlands,0,900,0,0.0,0,derived,Derived from synthetic FinalFlow scenario inputs; not observed event operations.
rail_capacity_boost,2026-07-19T18:50:00Z,230,post_match,midtown_to_penn_station,0,600,0,0.0,0,derived,Derived from synthetic FinalFlow scenario inputs; not observed event operations.
rail_capacity_boost,2026-07-19T18:50:00Z,230,post_match,penn_station_to_midtown,93,600,93,0.155,334,derived,Derived from synthetic FinalFlow scenario inputs; not observed event operations.
rail_capacity_boost,2026-07-19T18:50:00Z,230,post_match,penn_station_to_secaucus,0,1350,0,0.0,0,derived,Derived from synthetic FinalFlow scenario inputs; not observed event operations.
rail_capacity_boost,2026-07-19T18:50:00Z,230,post_match,secaucus_to_penn_station,0,1350,0,0.0,0,derived,Derived from synthetic FinalFlow scenario inputs; not observed event operations.
rail_capacity_boost,2026-07-19T18:50:00Z,230,post_match,secaucus_to_meadowlands,0,900,0,0.0,0,derived,Derived from synthetic FinalFlow scenario inputs; not observed event operations.
rail_capacity_boost,2026-07-19T18:50:00Z,230,post_match,meadowlands_to_secaucus,0,900,0,0.0,0,derived,Derived from synthetic FinalFlow scenario inputs; not observed event operations.
rail_capacity_boost,2026-07-19T18:50:00Z,230,post_match,meadowlands_to_stadium,0,900,0,0.0,0,derived,Derived from synthetic FinalFlow scenario inputs; not observed event operations.
rail_capacity_boost,2026-07-19T18:50:00Z,230,post_match,stadium_to_meadowlands,0,900,0,0.0,0,derived,Derived from synthetic FinalFlow scenario inputs; not observed event operations.
rail_capacity_boost,2026-07-19T18:55:00Z,235,post_match,midtown_to_penn_station,0,600,0,0.0,0,derived,Derived from synthetic FinalFlow scenario inputs; not observed event operations.
rail_capacity_boost,2026-07-19T18:55:00Z,235,post_match,penn_station_to_midtown,0,600,0,0.0,205,derived,Derived from synthetic FinalFlow scenario inputs; not observed event operations.
rail_capacity_boost,2026-07-19T18:55:00Z,235,post_match,penn_station_to_secaucus,0,1350,0,0.0,0,derived,Derived from synthetic FinalFlow scenario inputs; not observed event operations.
rail_capacity_boost,2026-07-19T18:55:00Z,235,post_match,secaucus_to_penn_station,0,1350,0,0.0,0,derived,Derived from synthetic FinalFlow scenario inputs; not observed event operations.
rail_capacity_boost,2026-07-19T18:55:00Z,235,post_match,secaucus_to_meadowlands,0,900,0,0.0,0,derived,Derived from synthetic FinalFlow scenario inputs; not observed event operations.
rail_capacity_boost,2026-07-19T18:55:00Z,235,post_match,meadowlands_to_secaucus,0,900,0,0.0,0,derived,Derived from synthetic FinalFlow scenario inputs; not observed event operations.
rail_capacity_boost,2026-07-19T18:55:00Z,235,post_match,meadowlands_to_stadium,0,900,0,0.0,0,derived,Derived from synthetic FinalFlow scenario inputs; not observed event operations.
rail_capacity_boost,2026-07-19T18:55:00Z,235,post_match,stadium_to_meadowlands,0,900,0,0.0,0,derived,Derived from synthetic FinalFlow scenario inputs; not observed event operations.
rail_capacity_boost,2026-07-19T19:00:00Z,240,post_match,midtown_to_penn_station,0,600,0,0.0,0,derived,Derived from synthetic FinalFlow scenario inputs; not observed event operations.
rail_capacity_boost,2026-07-19T19:00:00Z,240,post_match,penn_station_to_midtown,0,600,0,0.0,93,derived,Derived from synthetic FinalFlow scenario inputs; not observed event operations.
rail_capacity_boost,2026-07-19T19:00:00Z,240,post_match,penn_station_to_secaucus,0,1350,0,0.0,0,derived,Derived from synthetic FinalFlow scenario inputs; not observed event operations.
rail_capacity_boost,2026-07-19T19:00:00Z,240,post_match,secaucus_to_penn_station,0,1350,0,0.0,0,derived,Derived from synthetic FinalFlow scenario inputs; not observed event operations.
rail_capacity_boost,2026-07-19T19:00:00Z,240,post_match,secaucus_to_meadowlands,0,900,0,0.0,0,derived,Derived from synthetic FinalFlow scenario inputs; not observed event operations.
rail_capacity_boost,2026-07-19T19:00:00Z,240,post_match,meadowlands_to_secaucus,0,900,0,0.0,0,derived,Derived from synthetic FinalFlow scenario inputs; not observed event operations.
rail_capacity_boost,2026-07-19T19:00:00Z,240,post_match,meadowlands_to_stadium,0,900,0,0.0,0,derived,Derived from synthetic FinalFlow scenario inputs; not observed event operations.
rail_capacity_boost,2026-07-19T19:00:00Z,240,post_match,stadium_to_meadowlands,0,900,0,0.0,0,derived,Derived from synthetic FinalFlow scenario inputs; not observed event operations.
rail_capacity_boost,2026-07-19T19:05:00Z,245,post_match,midtown_to_penn_station,0,600,0,0.0,0,derived,Derived from synthetic FinalFlow scenario inputs; not observed event operations.
rail_capacity_boost,2026-07-19T19:05:00Z,245,post_match,penn_station_to_midtown,0,600,0,0.0,0,derived,Derived from synthetic FinalFlow scenario inputs; not observed event operations.
rail_capacity_boost,2026-07-19T19:05:00Z,245,post_match,penn_station_to_secaucus,0,1350,0,0.0,0,derived,Derived from synthetic FinalFlow scenario inputs; not observed event operations.
rail_capacity_boost,2026-07-19T19:05:00Z,245,post_match,secaucus_to_penn_station,0,1350,0,0.0,0,derived,Derived from synthetic FinalFlow scenario inputs; not observed event operations.
rail_capacity_boost,2026-07-19T19:05:00Z,245,post_match,secaucus_to_meadowlands,0,900,0,0.0,0,derived,Derived from synthetic FinalFlow scenario inputs; not observed event operations.
rail_capacity_boost,2026-07-19T19:05:00Z,245,post_match,meadowlands_to_secaucus,0,900,0,0.0,0,derived,Derived from synthetic FinalFlow scenario inputs; not observed event operations.
rail_capacity_boost,2026-07-19T19:05:00Z,245,post_match,meadowlands_to_stadium,0,900,0,0.0,0,derived,Derived from synthetic FinalFlow scenario inputs; not observed event operations.
rail_capacity_boost,2026-07-19T19:05:00Z,245,post_match,stadium_to_meadowlands,0,900,0,0.0,0,derived,Derived from synthetic FinalFlow scenario inputs; not observed event operations.
rail_capacity_boost,2026-07-19T19:10:00Z,250,post_match,midtown_to_penn_station,0,600,0,0.0,0,derived,Derived from synthetic FinalFlow scenario inputs; not observed event operations.
rail_capacity_boost,2026-07-19T19:10:00Z,250,post_match,penn_station_to_midtown,0,600,0,0.0,0,derived,Derived from synthetic FinalFlow scenario inputs; not observed event operations.
rail_capacity_boost,2026-07-19T19:10:00Z,250,post_match,penn_station_to_secaucus,0,1350,0,0.0,0,derived,Derived from synthetic FinalFlow scenario inputs; not observed event operations.
rail_capacity_boost,2026-07-19T19:10:00Z,250,post_match,secaucus_to_penn_station,0,1350,0,0.0,0,derived,Derived from synthetic FinalFlow scenario inputs; not observed event operations.
rail_capacity_boost,2026-07-19T19:10:00Z,250,post_match,secaucus_to_meadowlands,0,900,0,0.0,0,derived,Derived from synthetic FinalFlow scenario inputs; not observed event operations.
rail_capacity_boost,2026-07-19T19:10:00Z,250,post_match,meadowlands_to_secaucus,0,900,0,0.0,0,derived,Derived from synthetic FinalFlow scenario inputs; not observed event operations.
rail_capacity_boost,2026-07-19T19:10:00Z,250,post_match,meadowlands_to_stadium,0,900,0,0.0,0,derived,Derived from synthetic FinalFlow scenario inputs; not observed event operations.
rail_capacity_boost,2026-07-19T19:10:00Z,250,post_match,stadium_to_meadowlands,0,900,0,0.0,0,derived,Derived from synthetic FinalFlow scenario inputs; not observed event operations.
rail_capacity_boost,2026-07-19T19:15:00Z,255,post_match,midtown_to_penn_station,0,600,0,0.0,0,derived,Derived from synthetic FinalFlow scenario inputs; not observed event operations.
rail_capacity_boost,2026-07-19T19:15:00Z,255,post_match,penn_station_to_midtown,0,600,0,0.0,0,derived,Derived from synthetic FinalFlow scenario inputs; not observed event operations.
rail_capacity_boost,2026-07-19T19:15:00Z,255,post_match,penn_station_to_secaucus,0,1350,0,0.0,0,derived,Derived from synthetic FinalFlow scenario inputs; not observed event operations.
rail_capacity_boost,2026-07-19T19:15:00Z,255,post_match,secaucus_to_penn_station,0,1350,0,0.0,0,derived,Derived from synthetic FinalFlow scenario inputs; not observed event operations.
rail_capacity_boost,2026-07-19T19:15:00Z,255,post_match,secaucus_to_meadowlands,0,900,0,0.0,0,derived,Derived from synthetic FinalFlow scenario inputs; not observed event operations.
rail_capacity_boost,2026-07-19T19:15:00Z,255,post_match,meadowlands_to_secaucus,0,900,0,0.0,0,derived,Derived from synthetic FinalFlow scenario inputs; not observed event operations.
rail_capacity_boost,2026-07-19T19:15:00Z,255,post_match,meadowlands_to_stadium,0,900,0,0.0,0,derived,Derived from synthetic FinalFlow scenario inputs; not observed event operations.
rail_capacity_boost,2026-07-19T19:15:00Z,255,post_match,stadium_to_meadowlands,0,900,0,0.0,0,derived,Derived from synthetic FinalFlow scenario inputs; not observed event operations.
rail_capacity_boost,2026-07-19T19:20:00Z,260,post_match,midtown_to_penn_station,0,600,0,0.0,0,derived,Derived from synthetic FinalFlow scenario inputs; not observed event operations.
rail_capacity_boost,2026-07-19T19:20:00Z,260,post_match,penn_station_to_midtown,0,600,0,0.0,0,derived,Derived from synthetic FinalFlow scenario inputs; not observed event operations.
rail_capacity_boost,2026-07-19T19:20:00Z,260,post_match,penn_station_to_secaucus,0,1350,0,0.0,0,derived,Derived from synthetic FinalFlow scenario inputs; not observed event operations.
rail_capacity_boost,2026-07-19T19:20:00Z,260,post_match,secaucus_to_penn_station,0,1350,0,0.0,0,derived,Derived from synthetic FinalFlow scenario inputs; not observed event operations.
rail_capacity_boost,2026-07-19T19:20:00Z,260,post_match,secaucus_to_meadowlands,0,900,0,0.0,0,derived,Derived from synthetic FinalFlow scenario inputs; not observed event operations.
rail_capacity_boost,2026-07-19T19:20:00Z,260,post_match,meadowlands_to_secaucus,0,900,0,0.0,0,derived,Derived from synthetic FinalFlow scenario inputs; not observed event operations.
rail_capacity_boost,2026-07-19T19:20:00Z,260,post_match,meadowlands_to_stadium,0,900,0,0.0,0,derived,Derived from synthetic FinalFlow scenario inputs; not observed event operations.
rail_capacity_boost,2026-07-19T19:20:00Z,260,post_match,stadium_to_meadowlands,0,900,0,0.0,0,derived,Derived from synthetic FinalFlow scenario inputs; not observed event operations.
rail_capacity_boost,2026-07-19T19:25:00Z,265,post_match,midtown_to_penn_station,0,600,0,0.0,0,derived,Derived from synthetic FinalFlow scenario inputs; not observed event operations.
rail_capacity_boost,2026-07-19T19:25:00Z,265,post_match,penn_station_to_midtown,0,600,0,0.0,0,derived,Derived from synthetic FinalFlow scenario inputs; not observed event operations.
rail_capacity_boost,2026-07-19T19:25:00Z,265,post_match,penn_station_to_secaucus,0,1350,0,0.0,0,derived,Derived from synthetic FinalFlow scenario inputs; not observed event operations.
rail_capacity_boost,2026-07-19T19:25:00Z,265,post_match,secaucus_to_penn_station,0,1350,0,0.0,0,derived,Derived from synthetic FinalFlow scenario inputs; not observed event operations.
rail_capacity_boost,2026-07-19T19:25:00Z,265,post_match,secaucus_to_meadowlands,0,900,0,0.0,0,derived,Derived from synthetic FinalFlow scenario inputs; not observed event operations.
rail_capacity_boost,2026-07-19T19:25:00Z,265,post_match,meadowlands_to_secaucus,0,900,0,0.0,0,derived,Derived from synthetic FinalFlow scenario inputs; not observed event operations.
rail_capacity_boost,2026-07-19T19:25:00Z,265,post_match,meadowlands_to_stadium,0,900,0,0.0,0,derived,Derived from synthetic FinalFlow scenario inputs; not observed event operations.
rail_capacity_boost,2026-07-19T19:25:00Z,265,post_match,stadium_to_meadowlands,0,900,0,0.0,0,derived,Derived from synthetic FinalFlow scenario inputs; not observed event operations.
rail_capacity_boost,2026-07-19T19:30:00Z,270,post_match,midtown_to_penn_station,0,600,0,0.0,0,derived,Derived from synthetic FinalFlow scenario inputs; not observed event operations.
rail_capacity_boost,2026-07-19T19:30:00Z,270,post_match,penn_station_to_midtown,0,600,0,0.0,0,derived,Derived from synthetic FinalFlow scenario inputs; not observed event operations.
rail_capacity_boost,2026-07-19T19:30:00Z,270,post_match,penn_station_to_secaucus,0,1350,0,0.0,0,derived,Derived from synthetic FinalFlow scenario inputs; not observed event operations.
rail_capacity_boost,2026-07-19T19:30:00Z,270,post_match,secaucus_to_penn_station,0,1350,0,0.0,0,derived,Derived from synthetic FinalFlow scenario inputs; not observed event operations.
rail_capacity_boost,2026-07-19T19:30:00Z,270,post_match,secaucus_to_meadowlands,0,900,0,0.0,0,derived,Derived from synthetic FinalFlow scenario inputs; not observed event operations.
rail_capacity_boost,2026-07-19T19:30:00Z,270,post_match,meadowlands_to_secaucus,0,900,0,0.0,0,derived,Derived from synthetic FinalFlow scenario inputs; not observed event operations.
rail_capacity_boost,2026-07-19T19:30:00Z,270,post_match,meadowlands_to_stadium,0,900,0,0.0,0,derived,Derived from synthetic FinalFlow scenario inputs; not observed event operations.
rail_capacity_boost,2026-07-19T19:30:00Z,270,post_match,stadium_to_meadowlands,0,900,0,0.0,0,derived,Derived from synthetic FinalFlow scenario inputs; not observed event operations.
rail_capacity_boost,2026-07-19T19:35:00Z,275,post_match,midtown_to_penn_station,0,600,0,0.0,0,derived,Derived from synthetic FinalFlow scenario inputs; not observed event operations.
rail_capacity_boost,2026-07-19T19:35:00Z,275,post_match,penn_station_to_midtown,0,600,0,0.0,0,derived,Derived from synthetic FinalFlow scenario inputs; not observed event operations.
rail_capacity_boost,2026-07-19T19:35:00Z,275,post_match,penn_station_to_secaucus,0,1350,0,0.0,0,derived,Derived from synthetic FinalFlow scenario inputs; not observed event operations.
rail_capacity_boost,2026-07-19T19:35:00Z,275,post_match,secaucus_to_penn_station,0,1350,0,0.0,0,derived,Derived from synthetic FinalFlow scenario inputs; not observed event operations.
rail_capacity_boost,2026-07-19T19:35:00Z,275,post_match,secaucus_to_meadowlands,0,900,0,0.0,0,derived,Derived from synthetic FinalFlow scenario inputs; not observed event operations.
rail_capacity_boost,2026-07-19T19:35:00Z,275,post_match,meadowlands_to_secaucus,0,900,0,0.0,0,derived,Derived from synthetic FinalFlow scenario inputs; not observed event operations.
rail_capacity_boost,2026-07-19T19:35:00Z,275,post_match,meadowlands_to_stadium,0,900,0,0.0,0,derived,Derived from synthetic FinalFlow scenario inputs; not observed event operations.
rail_capacity_boost,2026-07-19T19:35:00Z,275,post_match,stadium_to_meadowlands,0,900,0,0.0,0,derived,Derived from synthetic FinalFlow scenario inputs; not observed event operations.
rail_capacity_boost,2026-07-19T19:40:00Z,280,post_match,midtown_to_penn_station,0,600,0,0.0,0,derived,Derived from synthetic FinalFlow scenario inputs; not observed event operations.
rail_capacity_boost,2026-07-19T19:40:00Z,280,post_match,penn_station_to_midtown,0,600,0,0.0,0,derived,Derived from synthetic FinalFlow scenario inputs; not observed event operations.
rail_capacity_boost,2026-07-19T19:40:00Z,280,post_match,penn_station_to_secaucus,0,1350,0,0.0,0,derived,Derived from synthetic FinalFlow scenario inputs; not observed event operations.
rail_capacity_boost,2026-07-19T19:40:00Z,280,post_match,secaucus_to_penn_station,0,1350,0,0.0,0,derived,Derived from synthetic FinalFlow scenario inputs; not observed event operations.
rail_capacity_boost,2026-07-19T19:40:00Z,280,post_match,secaucus_to_meadowlands,0,900,0,0.0,0,derived,Derived from synthetic FinalFlow scenario inputs; not observed event operations.
rail_capacity_boost,2026-07-19T19:40:00Z,280,post_match,meadowlands_to_secaucus,0,900,0,0.0,0,derived,Derived from synthetic FinalFlow scenario inputs; not observed event operations.
rail_capacity_boost,2026-07-19T19:40:00Z,280,post_match,meadowlands_to_stadium,0,900,0,0.0,0,derived,Derived from synthetic FinalFlow scenario inputs; not observed event operations.
rail_capacity_boost,2026-07-19T19:40:00Z,280,post_match,stadium_to_meadowlands,0,900,0,0.0,0,derived,Derived from synthetic FinalFlow scenario inputs; not observed event operations.
rail_capacity_boost,2026-07-19T19:45:00Z,285,post_match,midtown_to_penn_station,0,600,0,0.0,0,derived,Derived from synthetic FinalFlow scenario inputs; not observed event operations.
rail_capacity_boost,2026-07-19T19:45:00Z,285,post_match,penn_station_to_midtown,0,600,0,0.0,0,derived,Derived from synthetic FinalFlow scenario inputs; not observed event operations.
rail_capacity_boost,2026-07-19T19:45:00Z,285,post_match,penn_station_to_secaucus,0,1350,0,0.0,0,derived,Derived from synthetic FinalFlow scenario inputs; not observed event operations.
rail_capacity_boost,2026-07-19T19:45:00Z,285,post_match,secaucus_to_penn_station,0,1350,0,0.0,0,derived,Derived from synthetic FinalFlow scenario inputs; not observed event operations.
rail_capacity_boost,2026-07-19T19:45:00Z,285,post_match,secaucus_to_meadowlands,0,900,0,0.0,0,derived,Derived from synthetic FinalFlow scenario inputs; not observed event operations.
rail_capacity_boost,2026-07-19T19:45:00Z,285,post_match,meadowlands_to_secaucus,0,900,0,0.0,0,derived,Derived from synthetic FinalFlow scenario inputs; not observed event operations.
rail_capacity_boost,2026-07-19T19:45:00Z,285,post_match,meadowlands_to_stadium,0,900,0,0.0,0,derived,Derived from synthetic FinalFlow scenario inputs; not observed event operations.
rail_capacity_boost,2026-07-19T19:45:00Z,285,post_match,stadium_to_meadowlands,0,900,0,0.0,0,derived,Derived from synthetic FinalFlow scenario inputs; not observed event operations.
rail_capacity_boost,2026-07-19T19:50:00Z,290,post_match,midtown_to_penn_station,0,600,0,0.0,0,derived,Derived from synthetic FinalFlow scenario inputs; not observed event operations.
rail_capacity_boost,2026-07-19T19:50:00Z,290,post_match,penn_station_to_midtown,0,600,0,0.0,0,derived,Derived from synthetic FinalFlow scenario inputs; not observed event operations.
rail_capacity_boost,2026-07-19T19:50:00Z,290,post_match,penn_station_to_secaucus,0,1350,0,0.0,0,derived,Derived from synthetic FinalFlow scenario inputs; not observed event operations.
rail_capacity_boost,2026-07-19T19:50:00Z,290,post_match,secaucus_to_penn_station,0,1350,0,0.0,0,derived,Derived from synthetic FinalFlow scenario inputs; not observed event operations.
rail_capacity_boost,2026-07-19T19:50:00Z,290,post_match,secaucus_to_meadowlands,0,900,0,0.0,0,derived,Derived from synthetic FinalFlow scenario inputs; not observed event operations.
rail_capacity_boost,2026-07-19T19:50:00Z,290,post_match,meadowlands_to_secaucus,0,900,0,0.0,0,derived,Derived from synthetic FinalFlow scenario inputs; not observed event operations.
rail_capacity_boost,2026-07-19T19:50:00Z,290,post_match,meadowlands_to_stadium,0,900,0,0.0,0,derived,Derived from synthetic FinalFlow scenario inputs; not observed event operations.
rail_capacity_boost,2026-07-19T19:50:00Z,290,post_match,stadium_to_meadowlands,0,900,0,0.0,0,derived,Derived from synthetic FinalFlow scenario inputs; not observed event operations.
rail_capacity_boost,2026-07-19T19:55:00Z,295,post_match,midtown_to_penn_station,0,600,0,0.0,0,derived,Derived from synthetic FinalFlow scenario inputs; not observed event operations.
rail_capacity_boost,2026-07-19T19:55:00Z,295,post_match,penn_station_to_midtown,0,600,0,0.0,0,derived,Derived from synthetic FinalFlow scenario inputs; not observed event operations.
rail_capacity_boost,2026-07-19T19:55:00Z,295,post_match,penn_station_to_secaucus,0,1350,0,0.0,0,derived,Derived from synthetic FinalFlow scenario inputs; not observed event operations.
rail_capacity_boost,2026-07-19T19:55:00Z,295,post_match,secaucus_to_penn_station,0,1350,0,0.0,0,derived,Derived from synthetic FinalFlow scenario inputs; not observed event operations.
rail_capacity_boost,2026-07-19T19:55:00Z,295,post_match,secaucus_to_meadowlands,0,900,0,0.0,0,derived,Derived from synthetic FinalFlow scenario inputs; not observed event operations.
rail_capacity_boost,2026-07-19T19:55:00Z,295,post_match,meadowlands_to_secaucus,0,900,0,0.0,0,derived,Derived from synthetic FinalFlow scenario inputs; not observed event operations.
rail_capacity_boost,2026-07-19T19:55:00Z,295,post_match,meadowlands_to_stadium,0,900,0,0.0,0,derived,Derived from synthetic FinalFlow scenario inputs; not observed event operations.
rail_capacity_boost,2026-07-19T19:55:00Z,295,post_match,stadium_to_meadowlands,0,900,0,0.0,0,derived,Derived from synthetic FinalFlow scenario inputs; not observed event operations.
rail_capacity_boost,2026-07-19T20:00:00Z,300,post_match,midtown_to_penn_station,0,600,0,0.0,0,derived,Derived from synthetic FinalFlow scenario inputs; not observed event operations.
rail_capacity_boost,2026-07-19T20:00:00Z,300,post_match,penn_station_to_midtown,0,600,0,0.0,0,derived,Derived from synthetic FinalFlow scenario inputs; not observed event operations.
rail_capacity_boost,2026-07-19T20:00:00Z,300,post_match,penn_station_to_secaucus,0,1350,0,0.0,0,derived,Derived from synthetic FinalFlow scenario inputs; not observed event operations.
rail_capacity_boost,2026-07-19T20:00:00Z,300,post_match,secaucus_to_penn_station,0,1350,0,0.0,0,derived,Derived from synthetic FinalFlow scenario inputs; not observed event operations.
rail_capacity_boost,2026-07-19T20:00:00Z,300,post_match,secaucus_to_meadowlands,0,900,0,0.0,0,derived,Derived from synthetic FinalFlow scenario inputs; not observed event operations.
rail_capacity_boost,2026-07-19T20:00:00Z,300,post_match,meadowlands_to_secaucus,0,900,0,0.0,0,derived,Derived from synthetic FinalFlow scenario inputs; not observed event operations.
rail_capacity_boost,2026-07-19T20:00:00Z,300,post_match,meadowlands_to_stadium,0,900,0,0.0,0,derived,Derived from synthetic FinalFlow scenario inputs; not observed event operations.
rail_capacity_boost,2026-07-19T20:00:00Z,300,post_match,stadium_to_meadowlands,0,900,0,0.0,0,derived,Derived from synthetic FinalFlow scenario inputs; not observed event operations.
rail_capacity_boost,2026-07-19T20:05:00Z,305,post_match,midtown_to_penn_station,0,600,0,0.0,0,derived,Derived from synthetic FinalFlow scenario inputs; not observed event operations.
rail_capacity_boost,2026-07-19T20:05:00Z,305,post_match,penn_station_to_midtown,0,600,0,0.0,0,derived,Derived from synthetic FinalFlow scenario inputs; not observed event operations.
rail_capacity_boost,2026-07-19T20:05:00Z,305,post_match,penn_station_to_secaucus,0,1350,0,0.0,0,derived,Derived from synthetic FinalFlow scenario inputs; not observed event operations.
rail_capacity_boost,2026-07-19T20:05:00Z,305,post_match,secaucus_to_penn_station,0,1350,0,0.0,0,derived,Derived from synthetic FinalFlow scenario inputs; not observed event operations.
rail_capacity_boost,2026-07-19T20:05:00Z,305,post_match,secaucus_to_meadowlands,0,900,0,0.0,0,derived,Derived from synthetic FinalFlow scenario inputs; not observed event operations.
rail_capacity_boost,2026-07-19T20:05:00Z,305,post_match,meadowlands_to_secaucus,0,900,0,0.0,0,derived,Derived from synthetic FinalFlow scenario inputs; not observed event operations.
rail_capacity_boost,2026-07-19T20:05:00Z,305,post_match,meadowlands_to_stadium,0,900,0,0.0,0,derived,Derived from synthetic FinalFlow scenario inputs; not observed event operations.
rail_capacity_boost,2026-07-19T20:05:00Z,305,post_match,stadium_to_meadowlands,0,900,0,0.0,0,derived,Derived from synthetic FinalFlow scenario inputs; not observed event operations.
rail_capacity_boost,2026-07-19T20:10:00Z,310,post_match,midtown_to_penn_station,0,600,0,0.0,0,derived,Derived from synthetic FinalFlow scenario inputs; not observed event operations.
rail_capacity_boost,2026-07-19T20:10:00Z,310,post_match,penn_station_to_midtown,0,600,0,0.0,0,derived,Derived from synthetic FinalFlow scenario inputs; not observed event operations.
rail_capacity_boost,2026-07-19T20:10:00Z,310,post_match,penn_station_to_secaucus,0,1350,0,0.0,0,derived,Derived from synthetic FinalFlow scenario inputs; not observed event operations.
rail_capacity_boost,2026-07-19T20:10:00Z,310,post_match,secaucus_to_penn_station,0,1350,0,0.0,0,derived,Derived from synthetic FinalFlow scenario inputs; not observed event operations.
rail_capacity_boost,2026-07-19T20:10:00Z,310,post_match,secaucus_to_meadowlands,0,900,0,0.0,0,derived,Derived from synthetic FinalFlow scenario inputs; not observed event operations.
rail_capacity_boost,2026-07-19T20:10:00Z,310,post_match,meadowlands_to_secaucus,0,900,0,0.0,0,derived,Derived from synthetic FinalFlow scenario inputs; not observed event operations.
rail_capacity_boost,2026-07-19T20:10:00Z,310,post_match,meadowlands_to_stadium,0,900,0,0.0,0,derived,Derived from synthetic FinalFlow scenario inputs; not observed event operations.
rail_capacity_boost,2026-07-19T20:10:00Z,310,post_match,stadium_to_meadowlands,0,900,0,0.0,0,derived,Derived from synthetic FinalFlow scenario inputs; not observed event operations.
rail_capacity_boost,2026-07-19T20:15:00Z,315,post_match,midtown_to_penn_station,0,600,0,0.0,0,derived,Derived from synthetic FinalFlow scenario inputs; not observed event operations.
rail_capacity_boost,2026-07-19T20:15:00Z,315,post_match,penn_station_to_midtown,0,600,0,0.0,0,derived,Derived from synthetic FinalFlow scenario inputs; not observed event operations.
rail_capacity_boost,2026-07-19T20:15:00Z,315,post_match,penn_station_to_secaucus,0,1350,0,0.0,0,derived,Derived from synthetic FinalFlow scenario inputs; not observed event operations.
rail_capacity_boost,2026-07-19T20:15:00Z,315,post_match,secaucus_to_penn_station,0,1350,0,0.0,0,derived,Derived from synthetic FinalFlow scenario inputs; not observed event operations.
rail_capacity_boost,2026-07-19T20:15:00Z,315,post_match,secaucus_to_meadowlands,0,900,0,0.0,0,derived,Derived from synthetic FinalFlow scenario inputs; not observed event operations.
rail_capacity_boost,2026-07-19T20:15:00Z,315,post_match,meadowlands_to_secaucus,0,900,0,0.0,0,derived,Derived from synthetic FinalFlow scenario inputs; not observed event operations.
rail_capacity_boost,2026-07-19T20:15:00Z,315,post_match,meadowlands_to_stadium,0,900,0,0.0,0,derived,Derived from synthetic FinalFlow scenario inputs; not observed event operations.
rail_capacity_boost,2026-07-19T20:15:00Z,315,post_match,stadium_to_meadowlands,0,900,0,0.0,0,derived,Derived from synthetic FinalFlow scenario inputs; not observed event operations.
rain,2026-07-19T12:00:00Z,-180,pre_match,midtown_to_penn_station,0,480,0,0.0,0,derived,Derived from synthetic FinalFlow scenario inputs; not observed event operations.
rain,2026-07-19T12:00:00Z,-180,pre_match,penn_station_to_midtown,0,480,0,0.0,0,derived,Derived from synthetic FinalFlow scenario inputs; not observed event operations.
rain,2026-07-19T12:00:00Z,-180,pre_match,penn_station_to_secaucus,0,720,0,0.0,0,derived,Derived from synthetic FinalFlow scenario inputs; not observed event operations.
rain,2026-07-19T12:00:00Z,-180,pre_match,secaucus_to_penn_station,0,720,0,0.0,0,derived,Derived from synthetic FinalFlow scenario inputs; not observed event operations.
rain,2026-07-19T12:00:00Z,-180,pre_match,secaucus_to_meadowlands,0,480,0,0.0,0,derived,Derived from synthetic FinalFlow scenario inputs; not observed event operations.
rain,2026-07-19T12:00:00Z,-180,pre_match,meadowlands_to_secaucus,0,480,0,0.0,0,derived,Derived from synthetic FinalFlow scenario inputs; not observed event operations.
rain,2026-07-19T12:00:00Z,-180,pre_match,meadowlands_to_stadium,0,720,0,0.0,0,derived,Derived from synthetic FinalFlow scenario inputs; not observed event operations.
rain,2026-07-19T12:00:00Z,-180,pre_match,stadium_to_meadowlands,0,720,0,0.0,0,derived,Derived from synthetic FinalFlow scenario inputs; not observed event operations.
rain,2026-07-19T12:05:00Z,-175,pre_match,midtown_to_penn_station,0,480,0,0.0,0,derived,Derived from synthetic FinalFlow scenario inputs; not observed event operations.
rain,2026-07-19T12:05:00Z,-175,pre_match,penn_station_to_midtown,0,480,0,0.0,0,derived,Derived from synthetic FinalFlow scenario inputs; not observed event operations.
rain,2026-07-19T12:05:00Z,-175,pre_match,penn_station_to_secaucus,0,720,0,0.0,0,derived,Derived from synthetic FinalFlow scenario inputs; not observed event operations.
rain,2026-07-19T12:05:00Z,-175,pre_match,secaucus_to_penn_station,0,720,0,0.0,0,derived,Derived from synthetic FinalFlow scenario inputs; not observed event operations.
rain,2026-07-19T12:05:00Z,-175,pre_match,secaucus_to_meadowlands,0,480,0,0.0,0,derived,Derived from synthetic FinalFlow scenario inputs; not observed event operations.
rain,2026-07-19T12:05:00Z,-175,pre_match,meadowlands_to_secaucus,0,480,0,0.0,0,derived,Derived from synthetic FinalFlow scenario inputs; not observed event operations.
rain,2026-07-19T12:05:00Z,-175,pre_match,meadowlands_to_stadium,0,720,0,0.0,0,derived,Derived from synthetic FinalFlow scenario inputs; not observed event operations.
rain,2026-07-19T12:05:00Z,-175,pre_match,stadium_to_meadowlands,0,720,0,0.0,0,derived,Derived from synthetic FinalFlow scenario inputs; not observed event operations.
rain,2026-07-19T12:10:00Z,-170,pre_match,midtown_to_penn_station,0,480,0,0.0,0,derived,Derived from synthetic FinalFlow scenario inputs; not observed event operations.
rain,2026-07-19T12:10:00Z,-170,pre_match,penn_station_to_midtown,0,480,0,0.0,0,derived,Derived from synthetic FinalFlow scenario inputs; not observed event operations.
rain,2026-07-19T12:10:00Z,-170,pre_match,penn_station_to_secaucus,0,720,0,0.0,0,derived,Derived from synthetic FinalFlow scenario inputs; not observed event operations.
rain,2026-07-19T12:10:00Z,-170,pre_match,secaucus_to_penn_station,0,720,0,0.0,0,derived,Derived from synthetic FinalFlow scenario inputs; not observed event operations.
rain,2026-07-19T12:10:00Z,-170,pre_match,secaucus_to_meadowlands,0,480,0,0.0,0,derived,Derived from synthetic FinalFlow scenario inputs; not observed event operations.
rain,2026-07-19T12:10:00Z,-170,pre_match,meadowlands_to_secaucus,0,480,0,0.0,0,derived,Derived from synthetic FinalFlow scenario inputs; not observed event operations.
rain,2026-07-19T12:10:00Z,-170,pre_match,meadowlands_to_stadium,0,720,0,0.0,0,derived,Derived from synthetic FinalFlow scenario inputs; not observed event operations.
rain,2026-07-19T12:10:00Z,-170,pre_match,stadium_to_meadowlands,0,720,0,0.0,0,derived,Derived from synthetic FinalFlow scenario inputs; not observed event operations.
rain,2026-07-19T12:15:00Z,-165,pre_match,midtown_to_penn_station,0,480,0,0.0,0,derived,Derived from synthetic FinalFlow scenario inputs; not observed event operations.
rain,2026-07-19T12:15:00Z,-165,pre_match,penn_station_to_midtown,0,480,0,0.0,0,derived,Derived from synthetic FinalFlow scenario inputs; not observed event operations.
rain,2026-07-19T12:15:00Z,-165,pre_match,penn_station_to_secaucus,0,720,0,0.0,0,derived,Derived from synthetic FinalFlow scenario inputs; not observed event operations.
rain,2026-07-19T12:15:00Z,-165,pre_match,secaucus_to_penn_station,0,720,0,0.0,0,derived,Derived from synthetic FinalFlow scenario inputs; not observed event operations.
rain,2026-07-19T12:15:00Z,-165,pre_match,secaucus_to_meadowlands,0,480,0,0.0,0,derived,Derived from synthetic FinalFlow scenario inputs; not observed event operations.
rain,2026-07-19T12:15:00Z,-165,pre_match,meadowlands_to_secaucus,0,480,0,0.0,0,derived,Derived from synthetic FinalFlow scenario inputs; not observed event operations.
rain,2026-07-19T12:15:00Z,-165,pre_match,meadowlands_to_stadium,0,720,0,0.0,0,derived,Derived from synthetic FinalFlow scenario inputs; not observed event operations.
rain,2026-07-19T12:15:00Z,-165,pre_match,stadium_to_meadowlands,0,720,0,0.0,0,derived,Derived from synthetic FinalFlow scenario inputs; not observed event operations.
rain,2026-07-19T12:20:00Z,-160,pre_match,midtown_to_penn_station,0,480,0,0.0,0,derived,Derived from synthetic FinalFlow scenario inputs; not observed event operations.
rain,2026-07-19T12:20:00Z,-160,pre_match,penn_station_to_midtown,0,480,0,0.0,0,derived,Derived from synthetic FinalFlow scenario inputs; not observed event operations.
rain,2026-07-19T12:20:00Z,-160,pre_match,penn_station_to_secaucus,0,720,0,0.0,0,derived,Derived from synthetic FinalFlow scenario inputs; not observed event operations.
rain,2026-07-19T12:20:00Z,-160,pre_match,secaucus_to_penn_station,0,720,0,0.0,0,derived,Derived from synthetic FinalFlow scenario inputs; not observed event operations.
rain,2026-07-19T12:20:00Z,-160,pre_match,secaucus_to_meadowlands,0,480,0,0.0,0,derived,Derived from synthetic FinalFlow scenario inputs; not observed event operations.
rain,2026-07-19T12:20:00Z,-160,pre_match,meadowlands_to_secaucus,0,480,0,0.0,0,derived,Derived from synthetic FinalFlow scenario inputs; not observed event operations.
rain,2026-07-19T12:20:00Z,-160,pre_match,meadowlands_to_stadium,0,720,0,0.0,0,derived,Derived from synthetic FinalFlow scenario inputs; not observed event operations.
rain,2026-07-19T12:20:00Z,-160,pre_match,stadium_to_meadowlands,0,720,0,0.0,0,derived,Derived from synthetic FinalFlow scenario inputs; not observed event operations.
rain,2026-07-19T12:25:00Z,-155,pre_match,midtown_to_penn_station,0,480,0,0.0,0,derived,Derived from synthetic FinalFlow scenario inputs; not observed event operations.
rain,2026-07-19T12:25:00Z,-155,pre_match,penn_station_to_midtown,0,480,0,0.0,0,derived,Derived from synthetic FinalFlow scenario inputs; not observed event operations.
rain,2026-07-19T12:25:00Z,-155,pre_match,penn_station_to_secaucus,0,720,0,0.0,0,derived,Derived from synthetic FinalFlow scenario inputs; not observed event operations.
rain,2026-07-19T12:25:00Z,-155,pre_match,secaucus_to_penn_station,0,720,0,0.0,0,derived,Derived from synthetic FinalFlow scenario inputs; not observed event operations.
rain,2026-07-19T12:25:00Z,-155,pre_match,secaucus_to_meadowlands,0,480,0,0.0,0,derived,Derived from synthetic FinalFlow scenario inputs; not observed event operations.
rain,2026-07-19T12:25:00Z,-155,pre_match,meadowlands_to_secaucus,0,480,0,0.0,0,derived,Derived from synthetic FinalFlow scenario inputs; not observed event operations.
rain,2026-07-19T12:25:00Z,-155,pre_match,meadowlands_to_stadium,0,720,0,0.0,0,derived,Derived from synthetic FinalFlow scenario inputs; not observed event operations.
rain,2026-07-19T12:25:00Z,-155,pre_match,stadium_to_meadowlands,0,720,0,0.0,0,derived,Derived from synthetic FinalFlow scenario inputs; not observed event operations.
rain,2026-07-19T12:30:00Z,-150,pre_match,midtown_to_penn_station,11,480,11,0.022916666666666665,11,derived,Derived from synthetic FinalFlow scenario inputs; not observed event operations.
rain,2026-07-19T12:30:00Z,-150,pre_match,penn_station_to_midtown,0,480,0,0.0,0,derived,Derived from synthetic FinalFlow scenario inputs; not observed event operations.
rain,2026-07-19T12:30:00Z,-150,pre_match,penn_station_to_secaucus,2,720,2,0.002777777777777778,2,derived,Derived from synthetic FinalFlow scenario inputs; not observed event operations.
rain,2026-07-19T12:30:00Z,-150,pre_match,secaucus_to_penn_station,0,720,0,0.0,0,derived,Derived from synthetic FinalFlow scenario inputs; not observed event operations.
rain,2026-07-19T12:30:00Z,-150,pre_match,secaucus_to_meadowlands,2,480,2,0.004166666666666667,2,derived,Derived from synthetic FinalFlow scenario inputs; not observed event operations.
rain,2026-07-19T12:30:00Z,-150,pre_match,meadowlands_to_secaucus,0,480,0,0.0,0,derived,Derived from synthetic FinalFlow scenario inputs; not observed event operations.
rain,2026-07-19T12:30:00Z,-150,pre_match,meadowlands_to_stadium,1,720,1,0.001388888888888889,1,derived,Derived from synthetic FinalFlow scenario inputs; not observed event operations.
rain,2026-07-19T12:30:00Z,-150,pre_match,stadium_to_meadowlands,0,720,0,0.0,0,derived,Derived from synthetic FinalFlow scenario inputs; not observed event operations.
rain,2026-07-19T12:35:00Z,-145,pre_match,midtown_to_penn_station,11,480,11,0.022916666666666665,22,derived,Derived from synthetic FinalFlow scenario inputs; not observed event operations.
rain,2026-07-19T12:35:00Z,-145,pre_match,penn_station_to_midtown,0,480,0,0.0,0,derived,Derived from synthetic FinalFlow scenario inputs; not observed event operations.
rain,2026-07-19T12:35:00Z,-145,pre_match,penn_station_to_secaucus,2,720,2,0.002777777777777778,4,derived,Derived from synthetic FinalFlow scenario inputs; not observed event operations.
rain,2026-07-19T12:35:00Z,-145,pre_match,secaucus_to_penn_station,0,720,0,0.0,0,derived,Derived from synthetic FinalFlow scenario inputs; not observed event operations.
rain,2026-07-19T12:35:00Z,-145,pre_match,secaucus_to_meadowlands,2,480,2,0.004166666666666667,4,derived,Derived from synthetic FinalFlow scenario inputs; not observed event operations.
rain,2026-07-19T12:35:00Z,-145,pre_match,meadowlands_to_secaucus,0,480,0,0.0,0,derived,Derived from synthetic FinalFlow scenario inputs; not observed event operations.
rain,2026-07-19T12:35:00Z,-145,pre_match,meadowlands_to_stadium,1,720,1,0.001388888888888889,2,derived,Derived from synthetic FinalFlow scenario inputs; not observed event operations.
rain,2026-07-19T12:35:00Z,-145,pre_match,stadium_to_meadowlands,0,720,0,0.0,0,derived,Derived from synthetic FinalFlow scenario inputs; not observed event operations.
rain,2026-07-19T12:40:00Z,-140,pre_match,midtown_to_penn_station,11,480,11,0.022916666666666665,33,derived,Derived from synthetic FinalFlow scenario inputs; not observed event operations.
rain,2026-07-19T12:40:00Z,-140,pre_match,penn_station_to_midtown,0,480,0,0.0,0,derived,Derived from synthetic FinalFlow scenario inputs; not observed event operations.
rain,2026-07-19T12:40:00Z,-140,pre_match,penn_station_to_secaucus,2,720,2,0.002777777777777778,6,derived,Derived from synthetic FinalFlow scenario inputs; not observed event operations.
rain,2026-07-19T12:40:00Z,-140,pre_match,secaucus_to_penn_station,0,720,0,0.0,0,derived,Derived from synthetic FinalFlow scenario inputs; not observed event operations.
rain,2026-07-19T12:40:00Z,-140,pre_match,secaucus_to_meadowlands,2,480,2,0.004166666666666667,6,derived,Derived from synthetic FinalFlow scenario inputs; not observed event operations.
rain,2026-07-19T12:40:00Z,-140,pre_match,meadowlands_to_secaucus,0,480,0,0.0,0,derived,Derived from synthetic FinalFlow scenario inputs; not observed event operations.
rain,2026-07-19T12:40:00Z,-140,pre_match,meadowlands_to_stadium,1,720,1,0.001388888888888889,3,derived,Derived from synthetic FinalFlow scenario inputs; not observed event operations.
rain,2026-07-19T12:40:00Z,-140,pre_match,stadium_to_meadowlands,0,720,0,0.0,0,derived,Derived from synthetic FinalFlow scenario inputs; not observed event operations.
rain,2026-07-19T12:45:00Z,-135,pre_match,midtown_to_penn_station,20,480,20,0.041666666666666664,53,derived,Derived from synthetic FinalFlow scenario inputs; not observed event operations.
rain,2026-07-19T12:45:00Z,-135,pre_match,penn_station_to_midtown,0,480,0,0.0,0,derived,Derived from synthetic FinalFlow scenario inputs; not observed event operations.
rain,2026-07-19T12:45:00Z,-135,pre_match,penn_station_to_secaucus,5,720,5,0.006944444444444444,11,derived,Derived from synthetic FinalFlow scenario inputs; not observed event operations.
rain,2026-07-19T12:45:00Z,-135,pre_match,secaucus_to_penn_station,0,720,0,0.0,0,derived,Derived from synthetic FinalFlow scenario inputs; not observed event operations.
rain,2026-07-19T12:45:00Z,-135,pre_match,secaucus_to_meadowlands,4,480,4,0.008333333333333333,10,derived,Derived from synthetic FinalFlow scenario inputs; not observed event operations.
rain,2026-07-19T12:45:00Z,-135,pre_match,meadowlands_to_secaucus,0,480,0,0.0,0,derived,Derived from synthetic FinalFlow scenario inputs; not observed event operations.
rain,2026-07-19T12:45:00Z,-135,pre_match,meadowlands_to_stadium,2,720,2,0.002777777777777778,4,derived,Derived from synthetic FinalFlow scenario inputs; not observed event operations.
rain,2026-07-19T12:45:00Z,-135,pre_match,stadium_to_meadowlands,0,720,0,0.0,0,derived,Derived from synthetic FinalFlow scenario inputs; not observed event operations.
rain,2026-07-19T12:50:00Z,-130,pre_match,midtown_to_penn_station,20,480,20,0.041666666666666664,62,derived,Derived from synthetic FinalFlow scenario inputs; not observed event operations.
rain,2026-07-19T12:50:00Z,-130,pre_match,penn_station_to_midtown,0,480,0,0.0,0,derived,Derived from synthetic FinalFlow scenario inputs; not observed event operations.
rain,2026-07-19T12:50:00Z,-130,pre_match,penn_station_to_secaucus,16,720,16,0.022222222222222223,25,derived,Derived from synthetic FinalFlow scenario inputs; not observed event operations.
rain,2026-07-19T12:50:00Z,-130,pre_match,secaucus_to_penn_station,0,720,0,0.0,0,derived,Derived from synthetic FinalFlow scenario inputs; not observed event operations.
rain,2026-07-19T12:50:00Z,-130,pre_match,secaucus_to_meadowlands,6,480,6,0.0125,14,derived,Derived from synthetic FinalFlow scenario inputs; not observed event operations.
rain,2026-07-19T12:50:00Z,-130,pre_match,meadowlands_to_secaucus,0,480,0,0.0,0,derived,Derived from synthetic FinalFlow scenario inputs; not observed event operations.
rain,2026-07-19T12:50:00Z,-130,pre_match,meadowlands_to_stadium,4,720,4,0.005555555555555556,7,derived,Derived from synthetic FinalFlow scenario inputs; not observed event operations.
rain,2026-07-19T12:50:00Z,-130,pre_match,stadium_to_meadowlands,0,720,0,0.0,0,derived,Derived from synthetic FinalFlow scenario inputs; not observed event operations.
rain,2026-07-19T12:55:00Z,-125,pre_match,midtown_to_penn_station,31,480,31,0.06458333333333334,82,derived,Derived from synthetic FinalFlow scenario inputs; not observed event operations.
rain,2026-07-19T12:55:00Z,-125,pre_match,penn_station_to_midtown,0,480,0,0.0,0,derived,Derived from synthetic FinalFlow scenario inputs; not observed event operations.
rain,2026-07-19T12:55:00Z,-125,pre_match,penn_station_to_secaucus,18,720,18,0.025,41,derived,Derived from synthetic FinalFlow scenario inputs; not observed event operations.
rain,2026-07-19T12:55:00Z,-125,pre_match,secaucus_to_penn_station,0,720,0,0.0,0,derived,Derived from synthetic FinalFlow scenario inputs; not observed event operations.
rain,2026-07-19T12:55:00Z,-125,pre_match,secaucus_to_meadowlands,8,480,8,0.016666666666666666,20,derived,Derived from synthetic FinalFlow scenario inputs; not observed event operations.
rain,2026-07-19T12:55:00Z,-125,pre_match,meadowlands_to_secaucus,0,480,0,0.0,0,derived,Derived from synthetic FinalFlow scenario inputs; not observed event operations.
rain,2026-07-19T12:55:00Z,-125,pre_match,meadowlands_to_stadium,6,720,6,0.008333333333333333,12,derived,Derived from synthetic FinalFlow scenario inputs; not observed event operations.
rain,2026-07-19T12:55:00Z,-125,pre_match,stadium_to_meadowlands,0,720,0,0.0,0,derived,Derived from synthetic FinalFlow scenario inputs; not observed event operations.
rain,2026-07-19T13:00:00Z,-120,gates_open,midtown_to_penn_station,31,480,31,0.06458333333333334,102,derived,Derived from synthetic FinalFlow scenario inputs; not observed event operations.
rain,2026-07-19T13:00:00Z,-120,gates_open,penn_station_to_midtown,0,480,0,0.0,0,derived,Derived from synthetic FinalFlow scenario inputs; not observed event operations.
rain,2026-07-19T13:00:00Z,-120,gates_open,penn_station_to_secaucus,18,720,18,0.025,57,derived,Derived from synthetic FinalFlow scenario inputs; not observed event operations.
rain,2026-07-19T13:00:00Z,-120,gates_open,secaucus_to_penn_station,0,720,0,0.0,0,derived,Derived from synthetic FinalFlow scenario inputs; not observed event operations.
rain,2026-07-19T13:00:00Z,-120,gates_open,secaucus_to_meadowlands,8,480,8,0.016666666666666666,26,derived,Derived from synthetic FinalFlow scenario inputs; not observed event operations.
rain,2026-07-19T13:00:00Z,-120,gates_open,meadowlands_to_secaucus,0,480,0,0.0,0,derived,Derived from synthetic FinalFlow scenario inputs; not observed event operations.
rain,2026-07-19T13:00:00Z,-120,gates_open,meadowlands_to_stadium,6,720,6,0.008333333333333333,16,derived,Derived from synthetic FinalFlow scenario inputs; not observed event operations.
rain,2026-07-19T13:00:00Z,-120,gates_open,stadium_to_meadowlands,0,720,0,0.0,0,derived,Derived from synthetic FinalFlow scenario inputs; not observed event operations.
rain,2026-07-19T13:05:00Z,-115,pre_match,midtown_to_penn_station,41,480,41,0.08541666666666667,123,derived,Derived from synthetic FinalFlow scenario inputs; not observed event operations.
rain,2026-07-19T13:05:00Z,-115,pre_match,penn_station_to_midtown,0,480,0,0.0,0,derived,Derived from synthetic FinalFlow scenario inputs; not observed event operations.
rain,2026-07-19T13:05:00Z,-115,pre_match,penn_station_to_secaucus,30,720,30,0.041666666666666664,82,derived,Derived from synthetic FinalFlow scenario inputs; not observed event operations.
rain,2026-07-19T13:05:00Z,-115,pre_match,secaucus_to_penn_station,0,720,0,0.0,0,derived,Derived from synthetic FinalFlow scenario inputs; not observed event operations.
rain,2026-07-19T13:05:00Z,-115,pre_match,secaucus_to_meadowlands,12,480,12,0.025,34,derived,Derived from synthetic FinalFlow scenario inputs; not observed event operations.
rain,2026-07-19T13:05:00Z,-115,pre_match,meadowlands_to_secaucus,0,480,0,0.0,0,derived,Derived from synthetic FinalFlow scenario inputs; not observed event operations.
rain,2026-07-19T13:05:00Z,-115,pre_match,meadowlands_to_stadium,9,720,9,0.0125,21,derived,Derived from synthetic FinalFlow scenario inputs; not observed event operations.
rain,2026-07-19T13:05:00Z,-115,pre_match,stadium_to_meadowlands,0,720,0,0.0,0,derived,Derived from synthetic FinalFlow scenario inputs; not observed event operations.
rain,2026-07-19T13:10:00Z,-110,pre_match,midtown_to_penn_station,52,480,52,0.10833333333333334,155,derived,Derived from synthetic FinalFlow scenario inputs; not observed event operations.
rain,2026-07-19T13:10:00Z,-110,pre_match,penn_station_to_midtown,0,480,0,0.0,0,derived,Derived from synthetic FinalFlow scenario inputs; not observed event operations.
rain,2026-07-19T13:10:00Z,-110,pre_match,penn_station_to_secaucus,32,720,32,0.044444444444444446,98,derived,Derived from synthetic FinalFlow scenario inputs; not observed event operations.
rain,2026-07-19T13:10:00Z,-110,pre_match,secaucus_to_penn_station,0,720,0,0.0,0,derived,Derived from synthetic FinalFlow scenario inputs; not observed event operations.
rain,2026-07-19T13:10:00Z,-110,pre_match,secaucus_to_meadowlands,26,480,26,0.05416666666666667,54,derived,Derived from synthetic FinalFlow scenario inputs; not observed event operations.
rain,2026-07-19T13:10:00Z,-110,pre_match,meadowlands_to_secaucus,0,480,0,0.0,0,derived,Derived from synthetic FinalFlow scenario inputs; not observed event operations.
rain,2026-07-19T13:10:00Z,-110,pre_match,meadowlands_to_stadium,12,720,12,0.016666666666666666,27,derived,Derived from synthetic FinalFlow scenario inputs; not observed event operations.
rain,2026-07-19T13:10:00Z,-110,pre_match,stadium_to_meadowlands,0,720,0,0.0,0,derived,Derived from synthetic FinalFlow scenario inputs; not observed event operations.
rain,2026-07-19T13:15:00Z,-105,pre_match,midtown_to_penn_station,62,480,62,0.12916666666666668,186,derived,Derived from synthetic FinalFlow scenario inputs; not observed event operations.
rain,2026-07-19T13:15:00Z,-105,pre_match,penn_station_to_midtown,0,480,0,0.0,0,derived,Derived from synthetic FinalFlow scenario inputs; not observed event operations.
rain,2026-07-19T13:15:00Z,-105,pre_match,penn_station_to_secaucus,45,720,45,0.0625,125,derived,Derived from synthetic FinalFlow scenario inputs; not observed event operations.
rain,2026-07-19T13:15:00Z,-105,pre_match,secaucus_to_penn_station,0,720,0,0.0,0,derived,Derived from synthetic FinalFlow scenario inputs; not observed event operations.
rain,2026-07-19T13:15:00Z,-105,pre_match,secaucus_to_meadowlands,30,480,30,0.0625,76,derived,Derived from synthetic FinalFlow scenario inputs; not observed event operations.
rain,2026-07-19T13:15:00Z,-105,pre_match,meadowlands_to_secaucus,0,480,0,0.0,0,derived,Derived from synthetic FinalFlow scenario inputs; not observed event operations.
rain,2026-07-19T13:15:00Z,-105,pre_match,meadowlands_to_stadium,15,720,15,0.020833333333333332,36,derived,Derived from synthetic FinalFlow scenario inputs; not observed event operations.
rain,2026-07-19T13:15:00Z,-105,pre_match,stadium_to_meadowlands,0,720,0,0.0,0,derived,Derived from synthetic FinalFlow scenario inputs; not observed event operations.
rain,2026-07-19T13:20:00Z,-100,pre_match,midtown_to_penn_station,73,480,73,0.15208333333333332,228,derived,Derived from synthetic FinalFlow scenario inputs; not observed event operations.
rain,2026-07-19T13:20:00Z,-100,pre_match,penn_station_to_midtown,0,480,0,0.0,0,derived,Derived from synthetic FinalFlow scenario inputs; not observed event operations.
rain,2026-07-19T13:20:00Z,-100,pre_match,penn_station_to_secaucus,48,720,48,0.06666666666666667,155,derived,Derived from synthetic FinalFlow scenario inputs; not observed event operations.
rain,2026-07-19T13:20:00Z,-100,pre_match,secaucus_to_penn_station,0,720,0,0.0,0,derived,Derived from synthetic FinalFlow scenario inputs; not observed event operations.
rain,2026-07-19T13:20:00Z,-100,pre_match,secaucus_to_meadowlands,31,480,31,0.06458333333333334,99,derived,Derived from synthetic FinalFlow scenario inputs; not observed event operations.
rain,2026-07-19T13:20:00Z,-100,pre_match,meadowlands_to_secaucus,0,480,0,0.0,0,derived,Derived from synthetic FinalFlow scenario inputs; not observed event operations.
rain,2026-07-19T13:20:00Z,-100,pre_match,meadowlands_to_stadium,17,720,17,0.02361111111111111,44,derived,Derived from synthetic FinalFlow scenario inputs; not observed event operations.
rain,2026-07-19T13:20:00Z,-100,pre_match,stadium_to_meadowlands,0,720,0,0.0,0,derived,Derived from synthetic FinalFlow scenario inputs; not observed event operations.
rain,2026-07-19T13:25:00Z,-95,pre_match,midtown_to_penn_station,82,480,82,0.17083333333333334,269,derived,Derived from synthetic FinalFlow scenario inputs; not observed event operations.
rain,2026-07-19T13:25:00Z,-95,pre_match,penn_station_to_midtown,0,480,0,0.0,0,derived,Derived from synthetic FinalFlow scenario inputs; not observed event operations.
rain,2026-07-19T13:25:00Z,-95,pre_match,penn_station_to_secaucus,60,720,60,0.08333333333333333,185,derived,Derived from synthetic FinalFlow scenario inputs; not observed event operations.
rain,2026-07-19T13:25:00Z,-95,pre_match,secaucus_to_penn_station,0,720,0,0.0,0,derived,Derived from synthetic FinalFlow scenario inputs; not observed event operations.
rain,2026-07-19T13:25:00Z,-95,pre_match,secaucus_to_meadowlands,45,480,45,0.09375,132,derived,Derived from synthetic FinalFlow scenario inputs; not observed event operations.
rain,2026-07-19T13:25:00Z,-95,pre_match,meadowlands_to_secaucus,0,480,0,0.0,0,derived,Derived from synthetic FinalFlow scenario inputs; not observed event operations.
rain,2026-07-19T13:25:00Z,-95,pre_match,meadowlands_to_stadium,22,720,22,0.030555555555555555,54,derived,Derived from synthetic FinalFlow scenario inputs; not observed event operations.
rain,2026-07-19T13:25:00Z,-95,pre_match,stadium_to_meadowlands,0,720,0,0.0,0,derived,Derived from synthetic FinalFlow scenario inputs; not observed event operations.
rain,2026-07-19T13:30:00Z,-90,pre_match,midtown_to_penn_station,93,480,93,0.19375,310,derived,Derived from synthetic FinalFlow scenario inputs; not observed event operations.
rain,2026-07-19T13:30:00Z,-90,pre_match,penn_station_to_midtown,0,480,0,0.0,0,derived,Derived from synthetic FinalFlow scenario inputs; not observed event operations.
rain,2026-07-19T13:30:00Z,-90,pre_match,penn_station_to_secaucus,73,720,73,0.10138888888888889,226,derived,Derived from synthetic FinalFlow scenario inputs; not observed event operations.
rain,2026-07-19T13:30:00Z,-90,pre_match,secaucus_to_penn_station,0,720,0,0.0,0,derived,Derived from synthetic FinalFlow scenario inputs; not observed event operations.
rain,2026-07-19T13:30:00Z,-90,pre_match,secaucus_to_meadowlands,49,480,49,0.10208333333333333,155,derived,Derived from synthetic FinalFlow scenario inputs; not observed event operations.
rain,2026-07-19T13:30:00Z,-90,pre_match,meadowlands_to_secaucus,0,480,0,0.0,0,derived,Derived from synthetic FinalFlow scenario inputs; not observed event operations.
rain,2026-07-19T13:30:00Z,-90,pre_match,meadowlands_to_stadium,38,720,38,0.05277777777777778,77,derived,Derived from synthetic FinalFlow scenario inputs; not observed event operations.
rain,2026-07-19T13:30:00Z,-90,pre_match,stadium_to_meadowlands,0,720,0,0.0,0,derived,Derived from synthetic FinalFlow scenario inputs; not observed event operations.
rain,2026-07-19T13:35:00Z,-85,pre_match,midtown_to_penn_station,104,480,104,0.21666666666666667,352,derived,Derived from synthetic FinalFlow scenario inputs; not observed event operations.
rain,2026-07-19T13:35:00Z,-85,pre_match,penn_station_to_midtown,0,480,0,0.0,0,derived,Derived from synthetic FinalFlow scenario inputs; not observed event operations.
rain,2026-07-19T13:35:00Z,-85,pre_match,penn_station_to_secaucus,86,720,86,0.11944444444444445,267,derived,Derived from synthetic FinalFlow scenario inputs; not observed event operations.
rain,2026-07-19T13:35:00Z,-85,pre_match,secaucus_to_penn_station,0,720,0,0.0,0,derived,Derived from synthetic FinalFlow scenario inputs; not observed event operations.
rain,2026-07-19T13:35:00Z,-85,pre_match,secaucus_to_meadowlands,64,480,64,0.13333333333333333,189,derived,Derived from synthetic FinalFlow scenario inputs; not observed event operations.
rain,2026-07-19T13:35:00Z,-85,pre_match,meadowlands_to_secaucus,0,480,0,0.0,0,derived,Derived from synthetic FinalFlow scenario inputs; not observed event operations.
rain,2026-07-19T13:35:00Z,-85,pre_match,meadowlands_to_stadium,43,720,43,0.059722222222222225,103,derived,Derived from synthetic FinalFlow scenario inputs; not observed event operations.
rain,2026-07-19T13:35:00Z,-85,pre_match,stadium_to_meadowlands,0,720,0,0.0,0,derived,Derived from synthetic FinalFlow scenario inputs; not observed event operations.
rain,2026-07-19T13:40:00Z,-80,pre_match,midtown_to_penn_station,114,480,114,0.2375,393,derived,Derived from synthetic FinalFlow scenario inputs; not observed event operations.
rain,2026-07-19T13:40:00Z,-80,pre_match,penn_station_to_midtown,0,480,0,0.0,0,derived,Derived from synthetic FinalFlow scenario inputs; not observed event operations.
rain,2026-07-19T13:40:00Z,-80,pre_match,penn_station_to_secaucus,99,720,99,0.1375,318,derived,Derived from synthetic FinalFlow scenario inputs; not observed event operations.
rain,2026-07-19T13:40:00Z,-80,pre_match,secaucus_to_penn_station,0,720,0,0.0,0,derived,Derived from synthetic FinalFlow scenario inputs; not observed event operations.
rain,2026-07-19T13:40:00Z,-80,pre_match,secaucus_to_meadowlands,69,480,69,0.14375,227,derived,Derived from synthetic FinalFlow scenario inputs; not observed event operations.
rain,2026-07-19T13:40:00Z,-80,pre_match,meadowlands_to_secaucus,0,480,0,0.0,0,derived,Derived from synthetic FinalFlow scenario inputs; not observed event operations.
rain,2026-07-19T13:40:00Z,-80,pre_match,meadowlands_to_stadium,45,720,45,0.0625,126,derived,Derived from synthetic FinalFlow scenario inputs; not observed event operations.
rain,2026-07-19T13:40:00Z,-80,pre_match,stadium_to_meadowlands,0,720,0,0.0,0,derived,Derived from synthetic FinalFlow scenario inputs; not observed event operations.
rain,2026-07-19T13:45:00Z,-75,pre_match,midtown_to_penn_station,124,480,124,0.25833333333333336,435,derived,Derived from synthetic FinalFlow scenario inputs; not observed event operations.
rain,2026-07-19T13:45:00Z,-75,pre_match,penn_station_to_midtown,0,480,0,0.0,0,derived,Derived from synthetic FinalFlow scenario inputs; not observed event operations.
rain,2026-07-19T13:45:00Z,-75,pre_match,penn_station_to_secaucus,111,720,111,0.15416666666666667,369,derived,Derived from synthetic FinalFlow scenario inputs; not observed event operations.
rain,2026-07-19T13:45:00Z,-75,pre_match,secaucus_to_penn_station,0,720,0,0.0,0,derived,Derived from synthetic FinalFlow scenario inputs; not observed event operations.
rain,2026-07-19T13:45:00Z,-75,pre_match,secaucus_to_meadowlands,83,480,83,0.17291666666666666,265,derived,Derived from synthetic FinalFlow scenario inputs; not observed event operations.
rain,2026-07-19T13:45:00Z,-75,pre_match,meadowlands_to_secaucus,0,480,0,0.0,0,derived,Derived from synthetic FinalFlow scenario inputs; not observed event operations.
rain,2026-07-19T13:45:00Z,-75,pre_match,meadowlands_to_stadium,60,720,60,0.08333333333333333,148,derived,Derived from synthetic FinalFlow scenario inputs; not observed event operations.
rain,2026-07-19T13:45:00Z,-75,pre_match,stadium_to_meadowlands,0,720,0,0.0,0,derived,Derived from synthetic FinalFlow scenario inputs; not observed event operations.
rain,2026-07-19T13:50:00Z,-70,pre_match,midtown_to_penn_station,135,480,135,0.28125,477,derived,Derived from synthetic FinalFlow scenario inputs; not observed event operations.
rain,2026-07-19T13:50:00Z,-70,pre_match,penn_station_to_midtown,0,480,0,0.0,0,derived,Derived from synthetic FinalFlow scenario inputs; not observed event operations.
rain,2026-07-19T13:50:00Z,-70,pre_match,penn_station_to_secaucus,124,720,124,0.17222222222222222,420,derived,Derived from synthetic FinalFlow scenario inputs; not observed event operations.
rain,2026-07-19T13:50:00Z,-70,pre_match,secaucus_to_penn_station,0,720,0,0.0,0,derived,Derived from synthetic FinalFlow scenario inputs; not observed event operations.
rain,2026-07-19T13:50:00Z,-70,pre_match,secaucus_to_meadowlands,98,480,98,0.20416666666666666,314,derived,Derived from synthetic FinalFlow scenario inputs; not observed event operations.
rain,2026-07-19T13:50:00Z,-70,pre_match,meadowlands_to_secaucus,0,480,0,0.0,0,derived,Derived from synthetic FinalFlow scenario inputs; not observed event operations.
rain,2026-07-19T13:50:00Z,-70,pre_match,meadowlands_to_stadium,66,720,66,0.09166666666666666,171,derived,Derived from synthetic FinalFlow scenario inputs; not observed event operations.
rain,2026-07-19T13:50:00Z,-70,pre_match,stadium_to_meadowlands,0,720,0,0.0,0,derived,Derived from synthetic FinalFlow scenario inputs; not observed event operations.
rain,2026-07-19T13:55:00Z,-65,pre_match,midtown_to_penn_station,145,480,145,0.3020833333333333,518,derived,Derived from synthetic FinalFlow scenario inputs; not observed event operations.
rain,2026-07-19T13:55:00Z,-65,pre_match,penn_station_to_midtown,0,480,0,0.0,0,derived,Derived from synthetic FinalFlow scenario inputs; not observed event operations.
rain,2026-07-19T13:55:00Z,-65,pre_match,penn_station_to_secaucus,137,720,137,0.19027777777777777,471,derived,Derived from synthetic FinalFlow scenario inputs; not observed event operations.
rain,2026-07-19T13:55:00Z,-65,pre_match,secaucus_to_penn_station,0,720,0,0.0,0,derived,Derived from synthetic FinalFlow scenario inputs; not observed event operations.
rain,2026-07-19T13:55:00Z,-65,pre_match,secaucus_to_meadowlands,113,480,113,0.23541666666666666,363,derived,Derived from synthetic FinalFlow scenario inputs; not observed event operations.
rain,2026-07-19T13:55:00Z,-65,pre_match,meadowlands_to_secaucus,0,480,0,0.0,0,derived,Derived from synthetic FinalFlow scenario inputs; not observed event operations.
rain,2026-07-19T13:55:00Z,-65,pre_match,meadowlands_to_stadium,82,720,82,0.11388888888888889,208,derived,Derived from synthetic FinalFlow scenario inputs; not observed event operations.
rain,2026-07-19T13:55:00Z,-65,pre_match,stadium_to_meadowlands,0,720,0,0.0,0,derived,Derived from synthetic FinalFlow scenario inputs; not observed event operations.
rain,2026-07-19T14:00:00Z,-60,pre_match,midtown_to_penn_station,155,480,155,0.3229166666666667,559,derived,Derived from synthetic FinalFlow scenario inputs; not observed event operations.
rain,2026-07-19T14:00:00Z,-60,pre_match,penn_station_to_midtown,0,480,0,0.0,0,derived,Derived from synthetic FinalFlow scenario inputs; not observed event operations.
rain,2026-07-19T14:00:00Z,-60,pre_match,penn_station_to_secaucus,149,720,149,0.20694444444444443,521,derived,Derived from synthetic FinalFlow scenario inputs; not observed event operations.
rain,2026-07-19T14:00:00Z,-60,pre_match,secaucus_to_penn_station,0,720,0,0.0,0,derived,Derived from synthetic FinalFlow scenario inputs; not observed event operations.
rain,2026-07-19T14:00:00Z,-60,pre_match,secaucus_to_meadowlands,128,480,128,0.26666666666666666,422,derived,Derived from synthetic FinalFlow scenario inputs; not observed event operations.
rain,2026-07-19T14:00:00Z,-60,pre_match,meadowlands_to_secaucus,0,480,0,0.0,0,derived,Derived from synthetic FinalFlow scenario inputs; not observed event operations.
rain,2026-07-19T14:00:00Z,-60,pre_match,meadowlands_to_stadium,88,720,88,0.12222222222222222,236,derived,Derived from synthetic FinalFlow scenario inputs; not observed event operations.
rain,2026-07-19T14:00:00Z,-60,pre_match,stadium_to_meadowlands,0,720,0,0.0,0,derived,Derived from synthetic FinalFlow scenario inputs; not observed event operations.
rain,2026-07-19T14:05:00Z,-55,pre_match,midtown_to_penn_station,165,480,165,0.34375,600,derived,Derived from synthetic FinalFlow scenario inputs; not observed event operations.
rain,2026-07-19T14:05:00Z,-55,pre_match,penn_station_to_midtown,0,480,0,0.0,0,derived,Derived from synthetic FinalFlow scenario inputs; not observed event operations.
rain,2026-07-19T14:05:00Z,-55,pre_match,penn_station_to_secaucus,162,720,162,0.225,572,derived,Derived from synthetic FinalFlow scenario inputs; not observed event operations.
rain,2026-07-19T14:05:00Z,-55,pre_match,secaucus_to_penn_station,0,720,0,0.0,0,derived,Derived from synthetic FinalFlow scenario inputs; not observed event operations.
rain,2026-07-19T14:05:00Z,-55,pre_match,secaucus_to_meadowlands,142,480,142,0.29583333333333334,481,derived,Derived from synthetic FinalFlow scenario inputs; not observed event operations.
rain,2026-07-19T14:05:00Z,-55,pre_match,meadowlands_to_secaucus,0,480,0,0.0,0,derived,Derived from synthetic FinalFlow scenario inputs; not observed event operations.
rain,2026-07-19T14:05:00Z,-55,pre_match,meadowlands_to_stadium,103,720,103,0.14305555555555555,273,derived,Derived from synthetic FinalFlow scenario inputs; not observed event operations.
rain,2026-07-19T14:05:00Z,-55,pre_match,stadium_to_meadowlands,0,720,0,0.0,0,derived,Derived from synthetic FinalFlow scenario inputs; not observed event operations.
rain,2026-07-19T14:10:00Z,-50,pre_match,midtown_to_penn_station,165,480,165,0.34375,630,derived,Derived from synthetic FinalFlow scenario inputs; not observed event operations.
rain,2026-07-19T14:10:00Z,-50,pre_match,penn_station_to_midtown,0,480,0,0.0,0,derived,Derived from synthetic FinalFlow scenario inputs; not observed event operations.
rain,2026-07-19T14:10:00Z,-50,pre_match,penn_station_to_secaucus,173,720,173,0.24027777777777778,621,derived,Derived from synthetic FinalFlow scenario inputs; not observed event operations.
rain,2026-07-19T14:10:00Z,-50,pre_match,secaucus_to_penn_station,0,720,0,0.0,0,derived,Derived from synthetic FinalFlow scenario inputs; not observed event operations.
rain,2026-07-19T14:10:00Z,-50,pre_match,secaucus_to_meadowlands,155,480,155,0.3229166666666667,538,derived,Derived from synthetic FinalFlow scenario inputs; not observed event operations.
rain,2026-07-19T14:10:00Z,-50,pre_match,meadowlands_to_secaucus,0,480,0,0.0,0,derived,Derived from synthetic FinalFlow scenario inputs; not observed event operations.
rain,2026-07-19T14:10:00Z,-50,pre_match,meadowlands_to_stadium,118,720,118,0.1638888888888889,309,derived,Derived from synthetic FinalFlow scenario inputs; not observed event operations.
rain,2026-07-19T14:10:00Z,-50,pre_match,stadium_to_meadowlands,0,720,0,0.0,0,derived,Derived from synthetic FinalFlow scenario inputs; not observed event operations.
rain,2026-07-19T14:15:00Z,-45,pre_match,midtown_to_penn_station,155,480,155,0.3229166666666667,640,derived,Derived from synthetic FinalFlow scenario inputs; not observed event operations.
rain,2026-07-19T14:15:00Z,-45,pre_match,penn_station_to_midtown,0,480,0,0.0,0,derived,Derived from synthetic FinalFlow scenario inputs; not observed event operations.
rain,2026-07-19T14:15:00Z,-45,pre_match,penn_station_to_secaucus,180,720,180,0.25,664,derived,Derived from synthetic FinalFlow scenario inputs; not observed event operations.
rain,2026-07-19T14:15:00Z,-45,pre_match,secaucus_to_penn_station,0,720,0,0.0,0,derived,Derived from synthetic FinalFlow scenario inputs; not observed event operations.
rain,2026-07-19T14:15:00Z,-45,pre_match,secaucus_to_meadowlands,166,480,166,0.3458333333333333,591,derived,Derived from synthetic FinalFlow scenario inputs; not observed event operations.
rain,2026-07-19T14:15:00Z,-45,pre_match,meadowlands_to_secaucus,0,480,0,0.0,0,derived,Derived from synthetic FinalFlow scenario inputs; not observed event operations.
rain,2026-07-19T14:15:00Z,-45,pre_match,meadowlands_to_stadium,132,720,132,0.18333333333333332,353,derived,Derived from synthetic FinalFlow scenario inputs; not observed event operations.
rain,2026-07-19T14:15:00Z,-45,pre_match,stadium_to_meadowlands,0,720,0,0.0,0,derived,Derived from synthetic FinalFlow scenario inputs; not observed event operations.
rain,2026-07-19T14:20:00Z,-40,pre_match,midtown_to_penn_station,145,480,145,0.3020833333333333,630,derived,Derived from synthetic FinalFlow scenario inputs; not observed event operations.
rain,2026-07-19T14:20:00Z,-40,pre_match,penn_station_to_midtown,0,480,0,0.0,0,derived,Derived from synthetic FinalFlow scenario inputs; not observed event operations.
rain,2026-07-19T14:20:00Z,-40,pre_match,penn_station_to_secaucus,188,720,188,0.2611111111111111,703,derived,Derived from synthetic FinalFlow scenario inputs; not observed event operations.
rain,2026-07-19T14:20:00Z,-40,pre_match,secaucus_to_penn_station,0,720,0,0.0,0,derived,Derived from synthetic FinalFlow scenario inputs; not observed event operations.
rain,2026-07-19T14:20:00Z,-40,pre_match,secaucus_to_meadowlands,176,480,176,0.36666666666666664,639,derived,Derived from synthetic FinalFlow scenario inputs; not observed event operations.
rain,2026-07-19T14:20:00Z,-40,pre_match,meadowlands_to_secaucus,0,480,0,0.0,0,derived,Derived from synthetic FinalFlow scenario inputs; not observed event operations.
rain,2026-07-19T14:20:00Z,-40,pre_match,meadowlands_to_stadium,146,720,146,0.20277777777777778,396,derived,Derived from synthetic FinalFlow scenario inputs; not observed event operations.
rain,2026-07-19T14:20:00Z,-40,pre_match,stadium_to_meadowlands,0,720,0,0.0,0,derived,Derived from synthetic FinalFlow scenario inputs; not observed event operations.
rain,2026-07-19T14:25:00Z,-35,pre_match,midtown_to_penn_station,124,480,124,0.25833333333333336,589,derived,Derived from synthetic FinalFlow scenario inputs; not observed event operations.
rain,2026-07-19T14:25:00Z,-35,pre_match,penn_station_to_midtown,0,480,0,0.0,0,derived,Derived from synthetic FinalFlow scenario inputs; not observed event operations.
rain,2026-07-19T14:25:00Z,-35,pre_match,penn_station_to_secaucus,194,720,194,0.26944444444444443,735,derived,Derived from synthetic FinalFlow scenario inputs; not observed event operations.
rain,2026-07-19T14:25:00Z,-35,pre_match,secaucus_to_penn_station,0,720,0,0.0,0,derived,Derived from synthetic FinalFlow scenario inputs; not observed event operations.
rain,2026-07-19T14:25:00Z,-35,pre_match,secaucus_to_meadowlands,185,480,185,0.3854166666666667,682,derived,Derived from synthetic FinalFlow scenario inputs; not observed event operations.
rain,2026-07-19T14:25:00Z,-35,pre_match,meadowlands_to_secaucus,0,480,0,0.0,0,derived,Derived from synthetic FinalFlow scenario inputs; not observed event operations.
rain,2026-07-19T14:25:00Z,-35,pre_match,meadowlands_to_stadium,157,720,157,0.21805555555555556,435,derived,Derived from synthetic FinalFlow scenario inputs; not observed event operations.
rain,2026-07-19T14:25:00Z,-35,pre_match,stadium_to_meadowlands,0,720,0,0.0,0,derived,Derived from synthetic FinalFlow scenario inputs; not observed event operations.
rain,2026-07-19T14:30:00Z,-30,ceremony,midtown_to_penn_station,0,480,0,0.0,424,derived,Derived from synthetic FinalFlow scenario inputs; not observed event operations.
rain,2026-07-19T14:30:00Z,-30,ceremony,penn_station_to_midtown,0,480,0,0.0,0,derived,Derived from synthetic FinalFlow scenario inputs; not observed event operations.
rain,2026-07-19T14:30:00Z,-30,ceremony,penn_station_to_secaucus,165,720,165,0.22916666666666666,727,derived,Derived from synthetic FinalFlow scenario inputs; not observed event operations.
rain,2026-07-19T14:30:00Z,-30,ceremony,secaucus_to_penn_station,0,720,0,0.0,0,derived,Derived from synthetic FinalFlow scenario inputs; not observed event operations.
rain,2026-07-19T14:30:00Z,-30,ceremony,secaucus_to_meadowlands,173,480,173,0.36041666666666666,700,derived,Derived from synthetic FinalFlow scenario inputs; not observed event operations.
rain,2026-07-19T14:30:00Z,-30,ceremony,meadowlands_to_secaucus,0,480,0,0.0,0,derived,Derived from synthetic FinalFlow scenario inputs; not observed event operations.
rain,2026-07-19T14:30:00Z,-30,ceremony,meadowlands_to_stadium,155,720,155,0.2152777777777778,458,derived,Derived from synthetic FinalFlow scenario inputs; not observed event operations.
rain,2026-07-19T14:30:00Z,-30,ceremony,stadium_to_meadowlands,0,720,0,0.0,0,derived,Derived from synthetic FinalFlow scenario inputs; not observed event operations.
rain,2026-07-19T14:35:00Z,-25,ceremony,midtown_to_penn_station,0,480,0,0.0,269,derived,Derived from synthetic FinalFlow scenario inputs; not observed event operations.
rain,2026-07-19T14:35:00Z,-25,ceremony,penn_station_to_midtown,0,480,0,0.0,0,derived,Derived from synthetic FinalFlow scenario inputs; not observed event operations.
rain,2026-07-19T14:35:00Z,-25,ceremony,penn_station_to_secaucus,155,720,155,0.2152777777777778,702,derived,Derived from synthetic FinalFlow scenario inputs; not observed event operations.
rain,2026-07-19T14:35:00Z,-25,ceremony,secaucus_to_penn_station,0,720,0,0.0,0,derived,Derived from synthetic FinalFlow scenario inputs; not observed event operations.
rain,2026-07-19T14:35:00Z,-25,ceremony,secaucus_to_meadowlands,180,480,180,0.375,714,derived,Derived from synthetic FinalFlow scenario inputs; not observed event operations.
rain,2026-07-19T14:35:00Z,-25,ceremony,meadowlands_to_secaucus,0,480,0,0.0,0,derived,Derived from synthetic FinalFlow scenario inputs; not observed event operations.
rain,2026-07-19T14:35:00Z,-25,ceremony,meadowlands_to_stadium,166,720,166,0.23055555555555557,478,derived,Derived from synthetic FinalFlow scenario inputs; not observed event operations.
rain,2026-07-19T14:35:00Z,-25,ceremony,stadium_to_meadowlands,0,720,0,0.0,0,derived,Derived from synthetic FinalFlow scenario inputs; not observed event operations.
rain,2026-07-19T14:40:00Z,-20,ceremony,midtown_to_penn_station,0,480,0,0.0,124,derived,Derived from synthetic FinalFlow scenario inputs; not observed event operations.
rain,2026-07-19T14:40:00Z,-20,ceremony,penn_station_to_midtown,0,480,0,0.0,0,derived,Derived from synthetic FinalFlow scenario inputs; not observed event operations.
rain,2026-07-19T14:40:00Z,-20,ceremony,penn_station_to_secaucus,145,720,145,0.2013888888888889,659,derived,Derived from synthetic FinalFlow scenario inputs; not observed event operations.
rain,2026-07-19T14:40:00Z,-20,ceremony,secaucus_to_penn_station,0,720,0,0.0,0,derived,Derived from synthetic FinalFlow scenario inputs; not observed event operations.
rain,2026-07-19T14:40:00Z,-20,ceremony,secaucus_to_meadowlands,188,480,188,0.39166666666666666,726,derived,Derived from synthetic FinalFlow scenario inputs; not observed event operations.
rain,2026-07-19T14:40:00Z,-20,ceremony,meadowlands_to_secaucus,0,480,0,0.0,0,derived,Derived from synthetic FinalFlow scenario inputs; not observed event operations.
rain,2026-07-19T14:40:00Z,-20,ceremony,meadowlands_to_stadium,176,720,176,0.24444444444444444,497,derived,Derived from synthetic FinalFlow scenario inputs; not observed event operations.
rain,2026-07-19T14:40:00Z,-20,ceremony,stadium_to_meadowlands,0,720,0,0.0,0,derived,Derived from synthetic FinalFlow scenario inputs; not observed event operations.
rain,2026-07-19T14:45:00Z,-15,ceremony,midtown_to_penn_station,0,480,0,0.0,0,derived,Derived from synthetic FinalFlow scenario inputs; not observed event operations.
rain,2026-07-19T14:45:00Z,-15,ceremony,penn_station_to_midtown,0,480,0,0.0,0,derived,Derived from synthetic FinalFlow scenario inputs; not observed event operations.
rain,2026-07-19T14:45:00Z,-15,ceremony,penn_station_to_secaucus,124,720,124,0.17222222222222222,589,derived,Derived from synthetic FinalFlow scenario inputs; not observed event operations.
rain,2026-07-19T14:45:00Z,-15,ceremony,secaucus_to_penn_station,0,720,0,0.0,0,derived,Derived from synthetic FinalFlow scenario inputs; not observed event operations.
rain,2026-07-19T14:45:00Z,-15,ceremony,secaucus_to_meadowlands,194,480,194,0.4041666666666667,735,derived,Derived from synthetic FinalFlow scenario inputs; not observed event operations.
rain,2026-07-19T14:45:00Z,-15,ceremony,meadowlands_to_secaucus,0,480,0,0.0,0,derived,Derived from synthetic FinalFlow scenario inputs; not observed event operations.
rain,2026-07-19T14:45:00Z,-15,ceremony,meadowlands_to_stadium,185,720,185,0.2569444444444444,527,derived,Derived from synthetic FinalFlow scenario inputs; not observed event operations.
rain,2026-07-19T14:45:00Z,-15,ceremony,stadium_to_meadowlands,0,720,0,0.0,0,derived,Derived from synthetic FinalFlow scenario inputs; not observed event operations.
rain,2026-07-19T14:50:00Z,-10,ceremony,midtown_to_penn_station,0,480,0,0.0,0,derived,Derived from synthetic FinalFlow scenario inputs; not observed event operations.
rain,2026-07-19T14:50:00Z,-10,ceremony,penn_station_to_midtown,0,480,0,0.0,0,derived,Derived from synthetic FinalFlow scenario inputs; not observed event operations.
rain,2026-07-19T14:50:00Z,-10,ceremony,penn_station_to_secaucus,0,720,0,0.0,424,derived,Derived from synthetic FinalFlow scenario inputs; not observed event operations.
rain,2026-07-19T14:50:00Z,-10,ceremony,secaucus_to_penn_station,0,720,0,0.0,0,derived,Derived from synthetic FinalFlow scenario inputs; not observed event operations.
rain,2026-07-19T14:50:00Z,-10,ceremony,secaucus_to_meadowlands,165,480,165,0.34375,727,derived,Derived from synthetic FinalFlow scenario inputs; not observed event operations.
rain,2026-07-19T14:50:00Z,-10,ceremony,meadowlands_to_secaucus,0,480,0,0.0,0,derived,Derived from synthetic FinalFlow scenario inputs; not observed event operations.
rain,2026-07-19T14:50:00Z,-10,ceremony,meadowlands_to_stadium,173,720,173,0.24027777777777778,534,derived,Derived from synthetic FinalFlow scenario inputs; not observed event operations.
rain,2026-07-19T14:50:00Z,-10,ceremony,stadium_to_meadowlands,0,720,0,0.0,0,derived,Derived from synthetic FinalFlow scenario inputs; not observed event operations.
rain,2026-07-19T14:55:00Z,-5,ceremony,midtown_to_penn_station,0,480,0,0.0,0,derived,Derived from synthetic FinalFlow scenario inputs; not observed event operations.
rain,2026-07-19T14:55:00Z,-5,ceremony,penn_station_to_midtown,0,480,0,0.0,0,derived,Derived from synthetic FinalFlow scenario inputs; not observed event operations.
rain,2026-07-19T14:55:00Z,-5,ceremony,penn_station_to_secaucus,0,720,0,0.0,269,derived,Derived from synthetic FinalFlow scenario inputs; not observed event operations.
rain,2026-07-19T14:55:00Z,-5,ceremony,secaucus_to_penn_station,0,720,0,0.0,0,derived,Derived from synthetic FinalFlow scenario inputs; not observed event operations.
rain,2026-07-19T14:55:00Z,-5,ceremony,secaucus_to_meadowlands,155,480,155,0.3229166666666667,702,derived,Derived from synthetic FinalFlow scenario inputs; not observed event operations.
rain,2026-07-19T14:55:00Z,-5,ceremony,meadowlands_to_secaucus,0,480,0,0.0,0,derived,Derived from synthetic FinalFlow scenario inputs; not observed event operations.
rain,2026-07-19T14:55:00Z,-5,ceremony,meadowlands_to_stadium,180,720,180,0.25,538,derived,Derived from synthetic FinalFlow scenario inputs; not observed event operations.
rain,2026-07-19T14:55:00Z,-5,ceremony,stadium_to_meadowlands,0,720,0,0.0,0,derived,Derived from synthetic FinalFlow scenario inputs; not observed event operations.
rain,2026-07-19T15:00:00Z,0,kickoff,midtown_to_penn_station,0,480,0,0.0,0,derived,Derived from synthetic FinalFlow scenario inputs; not observed event operations.
rain,2026-07-19T15:00:00Z,0,kickoff,penn_station_to_midtown,0,480,0,0.0,0,derived,Derived from synthetic FinalFlow scenario inputs; not observed event operations.
rain,2026-07-19T15:00:00Z,0,kickoff,penn_station_to_secaucus,0,720,0,0.0,124,derived,Derived from synthetic FinalFlow scenario inputs; not observed event operations.
rain,2026-07-19T15:00:00Z,0,kickoff,secaucus_to_penn_station,0,720,0,0.0,0,derived,Derived from synthetic FinalFlow scenario inputs; not observed event operations.
rain,2026-07-19T15:00:00Z,0,kickoff,secaucus_to_meadowlands,145,480,145,0.3020833333333333,659,derived,Derived from synthetic FinalFlow scenario inputs; not observed event operations.
rain,2026-07-19T15:00:00Z,0,kickoff,meadowlands_to_secaucus,0,480,0,0.0,0,derived,Derived from synthetic FinalFlow scenario inputs; not observed event operations.
rain,2026-07-19T15:00:00Z,0,kickoff,meadowlands_to_stadium,188,720,188,0.2611111111111111,541,derived,Derived from synthetic FinalFlow scenario inputs; not observed event operations.
rain,2026-07-19T15:00:00Z,0,kickoff,stadium_to_meadowlands,0,720,0,0.0,0,derived,Derived from synthetic FinalFlow scenario inputs; not observed event operations.
rain,2026-07-19T15:05:00Z,5,first_half,midtown_to_penn_station,0,480,0,0.0,0,derived,Derived from synthetic FinalFlow scenario inputs; not observed event operations.
rain,2026-07-19T15:05:00Z,5,first_half,penn_station_to_midtown,0,480,0,0.0,0,derived,Derived from synthetic FinalFlow scenario inputs; not observed event operations.
rain,2026-07-19T15:05:00Z,5,first_half,penn_station_to_secaucus,0,720,0,0.0,0,derived,Derived from synthetic FinalFlow scenario inputs; not observed event operations.
rain,2026-07-19T15:05:00Z,5,first_half,secaucus_to_penn_station,0,720,0,0.0,0,derived,Derived from synthetic FinalFlow scenario inputs; not observed event operations.
rain,2026-07-19T15:05:00Z,5,first_half,secaucus_to_meadowlands,124,480,124,0.25833333333333336,589,derived,Derived from synthetic FinalFlow scenario inputs; not observed event operations.
rain,2026-07-19T15:05:00Z,5,first_half,meadowlands_to_secaucus,0,480,0,0.0,0,derived,Derived from synthetic FinalFlow scenario inputs; not observed event operations.
rain,2026-07-19T15:05:00Z,5,first_half,meadowlands_to_stadium,194,720,194,0.26944444444444443,562,derived,Derived from synthetic FinalFlow scenario inputs; not observed event operations.
rain,2026-07-19T15:05:00Z,5,first_half,stadium_to_meadowlands,0,720,0,0.0,0,derived,Derived from synthetic FinalFlow scenario inputs; not observed event operations.
rain,2026-07-19T15:10:00Z,10,first_half,midtown_to_penn_station,0,480,0,0.0,0,derived,Derived from synthetic FinalFlow scenario inputs; not observed event operations.
rain,2026-07-19T15:10:00Z,10,first_half,penn_station_to_midtown,0,480,0,0.0,0,derived,Derived from synthetic FinalFlow scenario inputs; not observed event operations.
rain,2026-07-19T15:10:00Z,10,first_half,penn_station_to_secaucus,0,720,0,0.0,0,derived,Derived from synthetic FinalFlow scenario inputs; not observed event operations.
rain,2026-07-19T15:10:00Z,10,first_half,secaucus_to_penn_station,0,720,0,0.0,0,derived,Derived from synthetic FinalFlow scenario inputs; not observed event operations.
rain,2026-07-19T15:10:00Z,10,first_half,secaucus_to_meadowlands,0,480,0,0.0,424,derived,Derived from synthetic FinalFlow scenario inputs; not observed event operations.
rain,2026-07-19T15:10:00Z,10,first_half,meadowlands_to_secaucus,0,480,0,0.0,0,derived,Derived from synthetic FinalFlow scenario inputs; not observed event operations.
rain,2026-07-19T15:10:00Z,10,first_half,meadowlands_to_stadium,165,720,165,0.22916666666666666,547,derived,Derived from synthetic FinalFlow scenario inputs; not observed event operations.
rain,2026-07-19T15:10:00Z,10,first_half,stadium_to_meadowlands,0,720,0,0.0,0,derived,Derived from synthetic FinalFlow scenario inputs; not observed event operations.
rain,2026-07-19T15:15:00Z,15,first_half,midtown_to_penn_station,0,480,0,0.0,0,derived,Derived from synthetic FinalFlow scenario inputs; not observed event operations.
rain,2026-07-19T15:15:00Z,15,first_half,penn_station_to_midtown,0,480,0,0.0,0,derived,Derived from synthetic FinalFlow scenario inputs; not observed event operations.
rain,2026-07-19T15:15:00Z,15,first_half,penn_station_to_secaucus,0,720,0,0.0,0,derived,Derived from synthetic FinalFlow scenario inputs; not observed event operations.
rain,2026-07-19T15:15:00Z,15,first_half,secaucus_to_penn_station,0,720,0,0.0,0,derived,Derived from synthetic FinalFlow scenario inputs; not observed event operations.
rain,2026-07-19T15:15:00Z,15,first_half,secaucus_to_meadowlands,0,480,0,0.0,269,derived,Derived from synthetic FinalFlow scenario inputs; not observed event operations.
rain,2026-07-19T15:15:00Z,15,first_half,meadowlands_to_secaucus,0,480,0,0.0,0,derived,Derived from synthetic FinalFlow scenario inputs; not observed event operations.
rain,2026-07-19T15:15:00Z,15,first_half,meadowlands_to_stadium,155,720,155,0.2152777777777778,514,derived,Derived from synthetic FinalFlow scenario inputs; not observed event operations.
rain,2026-07-19T15:15:00Z,15,first_half,stadium_to_meadowlands,0,720,0,0.0,0,derived,Derived from synthetic FinalFlow scenario inputs; not observed event operations.
rain,2026-07-19T15:20:00Z,20,first_half,midtown_to_penn_station,0,480,0,0.0,0,derived,Derived from synthetic FinalFlow scenario inputs; not observed event operations.
rain,2026-07-19T15:20:00Z,20,first_half,penn_station_to_midtown,0,480,0,0.0,0,derived,Derived from synthetic FinalFlow scenario inputs; not observed event operations.
rain,2026-07-19T15:20:00Z,20,first_half,penn_station_to_secaucus,0,720,0,0.0,0,derived,Derived from synthetic FinalFlow scenario inputs; not observed event operations.
rain,2026-07-19T15:20:00Z,20,first_half,secaucus_to_penn_station,0,720,0,0.0,0,derived,Derived from synthetic FinalFlow scenario inputs; not observed event operations.
rain,2026-07-19T15:20:00Z,20,first_half,secaucus_to_meadowlands,0,480,0,0.0,124,derived,Derived from synthetic FinalFlow scenario inputs; not observed event operations.
rain,2026-07-19T15:20:00Z,20,first_half,meadowlands_to_secaucus,0,480,0,0.0,0,derived,Derived from synthetic FinalFlow scenario inputs; not observed event operations.
rain,2026-07-19T15:20:00Z,20,first_half,meadowlands_to_stadium,145,720,145,0.2013888888888889,465,derived,Derived from synthetic FinalFlow scenario inputs; not observed event operations.
rain,2026-07-19T15:20:00Z,20,first_half,stadium_to_meadowlands,0,720,0,0.0,0,derived,Derived from synthetic FinalFlow scenario inputs; not observed event operations.
rain,2026-07-19T15:25:00Z,25,first_half,midtown_to_penn_station,0,480,0,0.0,0,derived,Derived from synthetic FinalFlow scenario inputs; not observed event operations.
rain,2026-07-19T15:25:00Z,25,first_half,penn_station_to_midtown,0,480,0,0.0,0,derived,Derived from synthetic FinalFlow scenario inputs; not observed event operations.
rain,2026-07-19T15:25:00Z,25,first_half,penn_station_to_secaucus,0,720,0,0.0,0,derived,Derived from synthetic FinalFlow scenario inputs; not observed event operations.
rain,2026-07-19T15:25:00Z,25,first_half,secaucus_to_penn_station,0,720,0,0.0,0,derived,Derived from synthetic FinalFlow scenario inputs; not observed event operations.
rain,2026-07-19T15:25:00Z,25,first_half,secaucus_to_meadowlands,0,480,0,0.0,0,derived,Derived from synthetic FinalFlow scenario inputs; not observed event operations.
rain,2026-07-19T15:25:00Z,25,first_half,meadowlands_to_secaucus,0,480,0,0.0,0,derived,Derived from synthetic FinalFlow scenario inputs; not observed event operations.
rain,2026-07-19T15:25:00Z,25,first_half,meadowlands_to_stadium,124,720,124,0.17222222222222222,424,derived,Derived from synthetic FinalFlow scenario inputs; not observed event operations.
rain,2026-07-19T15:25:00Z,25,first_half,stadium_to_meadowlands,0,720,0,0.0,0,derived,Derived from synthetic FinalFlow scenario inputs; not observed event operations.
rain,2026-07-19T15:30:00Z,30,first_half,midtown_to_penn_station,0,480,0,0.0,0,derived,Derived from synthetic FinalFlow scenario inputs; not observed event operations.
rain,2026-07-19T15:30:00Z,30,first_half,penn_station_to_midtown,0,480,0,0.0,0,derived,Derived from synthetic FinalFlow scenario inputs; not observed event operations.
rain,2026-07-19T15:30:00Z,30,first_half,penn_station_to_secaucus,0,720,0,0.0,0,derived,Derived from synthetic FinalFlow scenario inputs; not observed event operations.
rain,2026-07-19T15:30:00Z,30,first_half,secaucus_to_penn_station,0,720,0,0.0,0,derived,Derived from synthetic FinalFlow scenario inputs; not observed event operations.
rain,2026-07-19T15:30:00Z,30,first_half,secaucus_to_meadowlands,0,480,0,0.0,0,derived,Derived from synthetic FinalFlow scenario inputs; not observed event operations.
rain,2026-07-19T15:30:00Z,30,first_half,meadowlands_to_secaucus,0,480,0,0.0,0,derived,Derived from synthetic FinalFlow scenario inputs; not observed event operations.
rain,2026-07-19T15:30:00Z,30,first_half,meadowlands_to_stadium,0,720,0,0.0,269,derived,Derived from synthetic FinalFlow scenario inputs; not observed event operations.
rain,2026-07-19T15:30:00Z,30,first_half,stadium_to_meadowlands,0,720,0,0.0,0,derived,Derived from synthetic FinalFlow scenario inputs; not observed event operations.
rain,2026-07-19T15:35:00Z,35,first_half,midtown_to_penn_station,0,480,0,0.0,0,derived,Derived from synthetic FinalFlow scenario inputs; not observed event operations.
rain,2026-07-19T15:35:00Z,35,first_half,penn_station_to_midtown,0,480,0,0.0,0,derived,Derived from synthetic FinalFlow scenario inputs; not observed event operations.
rain,2026-07-19T15:35:00Z,35,first_half,penn_station_to_secaucus,0,720,0,0.0,0,derived,Derived from synthetic FinalFlow scenario inputs; not observed event operations.
rain,2026-07-19T15:35:00Z,35,first_half,secaucus_to_penn_station,0,720,0,0.0,0,derived,Derived from synthetic FinalFlow scenario inputs; not observed event operations.
rain,2026-07-19T15:35:00Z,35,first_half,secaucus_to_meadowlands,0,480,0,0.0,0,derived,Derived from synthetic FinalFlow scenario inputs; not observed event operations.
rain,2026-07-19T15:35:00Z,35,first_half,meadowlands_to_secaucus,0,480,0,0.0,0,derived,Derived from synthetic FinalFlow scenario inputs; not observed event operations.
rain,2026-07-19T15:35:00Z,35,first_half,meadowlands_to_stadium,0,720,0,0.0,124,derived,Derived from synthetic FinalFlow scenario inputs; not observed event operations.
rain,2026-07-19T15:35:00Z,35,first_half,stadium_to_meadowlands,0,720,0,0.0,0,derived,Derived from synthetic FinalFlow scenario inputs; not observed event operations.
rain,2026-07-19T15:40:00Z,40,first_half,midtown_to_penn_station,0,480,0,0.0,0,derived,Derived from synthetic FinalFlow scenario inputs; not observed event operations.
rain,2026-07-19T15:40:00Z,40,first_half,penn_station_to_midtown,0,480,0,0.0,0,derived,Derived from synthetic FinalFlow scenario inputs; not observed event operations.
rain,2026-07-19T15:40:00Z,40,first_half,penn_station_to_secaucus,0,720,0,0.0,0,derived,Derived from synthetic FinalFlow scenario inputs; not observed event operations.
rain,2026-07-19T15:40:00Z,40,first_half,secaucus_to_penn_station,0,720,0,0.0,0,derived,Derived from synthetic FinalFlow scenario inputs; not observed event operations.
rain,2026-07-19T15:40:00Z,40,first_half,secaucus_to_meadowlands,0,480,0,0.0,0,derived,Derived from synthetic FinalFlow scenario inputs; not observed event operations.
rain,2026-07-19T15:40:00Z,40,first_half,meadowlands_to_secaucus,0,480,0,0.0,0,derived,Derived from synthetic FinalFlow scenario inputs; not observed event operations.
rain,2026-07-19T15:40:00Z,40,first_half,meadowlands_to_stadium,0,720,0,0.0,0,derived,Derived from synthetic FinalFlow scenario inputs; not observed event operations.
rain,2026-07-19T15:40:00Z,40,first_half,stadium_to_meadowlands,0,720,0,0.0,0,derived,Derived from synthetic FinalFlow scenario inputs; not observed event operations.
rain,2026-07-19T15:45:00Z,45,first_half_end,midtown_to_penn_station,0,480,0,0.0,0,derived,Derived from synthetic FinalFlow scenario inputs; not observed event operations.
rain,2026-07-19T15:45:00Z,45,first_half_end,penn_station_to_midtown,0,480,0,0.0,0,derived,Derived from synthetic FinalFlow scenario inputs; not observed event operations.
rain,2026-07-19T15:45:00Z,45,first_half_end,penn_station_to_secaucus,0,720,0,0.0,0,derived,Derived from synthetic FinalFlow scenario inputs; not observed event operations.
rain,2026-07-19T15:45:00Z,45,first_half_end,secaucus_to_penn_station,0,720,0,0.0,0,derived,Derived from synthetic FinalFlow scenario inputs; not observed event operations.
rain,2026-07-19T15:45:00Z,45,first_half_end,secaucus_to_meadowlands,0,480,0,0.0,0,derived,Derived from synthetic FinalFlow scenario inputs; not observed event operations.
rain,2026-07-19T15:45:00Z,45,first_half_end,meadowlands_to_secaucus,0,480,0,0.0,0,derived,Derived from synthetic FinalFlow scenario inputs; not observed event operations.
rain,2026-07-19T15:45:00Z,45,first_half_end,meadowlands_to_stadium,0,720,0,0.0,0,derived,Derived from synthetic FinalFlow scenario inputs; not observed event operations.
rain,2026-07-19T15:45:00Z,45,first_half_end,stadium_to_meadowlands,0,720,0,0.0,0,derived,Derived from synthetic FinalFlow scenario inputs; not observed event operations.
rain,2026-07-19T15:50:00Z,50,halftime,midtown_to_penn_station,0,480,0,0.0,0,derived,Derived from synthetic FinalFlow scenario inputs; not observed event operations.
rain,2026-07-19T15:50:00Z,50,halftime,penn_station_to_midtown,0,480,0,0.0,0,derived,Derived from synthetic FinalFlow scenario inputs; not observed event operations.
rain,2026-07-19T15:50:00Z,50,halftime,penn_station_to_secaucus,0,720,0,0.0,0,derived,Derived from synthetic FinalFlow scenario inputs; not observed event operations.
rain,2026-07-19T15:50:00Z,50,halftime,secaucus_to_penn_station,0,720,0,0.0,0,derived,Derived from synthetic FinalFlow scenario inputs; not observed event operations.
rain,2026-07-19T15:50:00Z,50,halftime,secaucus_to_meadowlands,0,480,0,0.0,0,derived,Derived from synthetic FinalFlow scenario inputs; not observed event operations.
rain,2026-07-19T15:50:00Z,50,halftime,meadowlands_to_secaucus,0,480,0,0.0,0,derived,Derived from synthetic FinalFlow scenario inputs; not observed event operations.
rain,2026-07-19T15:50:00Z,50,halftime,meadowlands_to_stadium,0,720,0,0.0,0,derived,Derived from synthetic FinalFlow scenario inputs; not observed event operations.
rain,2026-07-19T15:50:00Z,50,halftime,stadium_to_meadowlands,0,720,0,0.0,0,derived,Derived from synthetic FinalFlow scenario inputs; not observed event operations.
rain,2026-07-19T15:55:00Z,55,halftime,midtown_to_penn_station,0,480,0,0.0,0,derived,Derived from synthetic FinalFlow scenario inputs; not observed event operations.
rain,2026-07-19T15:55:00Z,55,halftime,penn_station_to_midtown,0,480,0,0.0,0,derived,Derived from synthetic FinalFlow scenario inputs; not observed event operations.
rain,2026-07-19T15:55:00Z,55,halftime,penn_station_to_secaucus,0,720,0,0.0,0,derived,Derived from synthetic FinalFlow scenario inputs; not observed event operations.
rain,2026-07-19T15:55:00Z,55,halftime,secaucus_to_penn_station,0,720,0,0.0,0,derived,Derived from synthetic FinalFlow scenario inputs; not observed event operations.
rain,2026-07-19T15:55:00Z,55,halftime,secaucus_to_meadowlands,0,480,0,0.0,0,derived,Derived from synthetic FinalFlow scenario inputs; not observed event operations.
rain,2026-07-19T15:55:00Z,55,halftime,meadowlands_to_secaucus,0,480,0,0.0,0,derived,Derived from synthetic FinalFlow scenario inputs; not observed event operations.
rain,2026-07-19T15:55:00Z,55,halftime,meadowlands_to_stadium,0,720,0,0.0,0,derived,Derived from synthetic FinalFlow scenario inputs; not observed event operations.
rain,2026-07-19T15:55:00Z,55,halftime,stadium_to_meadowlands,0,720,0,0.0,0,derived,Derived from synthetic FinalFlow scenario inputs; not observed event operations.
rain,2026-07-19T16:00:00Z,60,second_half,midtown_to_penn_station,0,480,0,0.0,0,derived,Derived from synthetic FinalFlow scenario inputs; not observed event operations.
rain,2026-07-19T16:00:00Z,60,second_half,penn_station_to_midtown,0,480,0,0.0,0,derived,Derived from synthetic FinalFlow scenario inputs; not observed event operations.
rain,2026-07-19T16:00:00Z,60,second_half,penn_station_to_secaucus,0,720,0,0.0,0,derived,Derived from synthetic FinalFlow scenario inputs; not observed event operations.
rain,2026-07-19T16:00:00Z,60,second_half,secaucus_to_penn_station,0,720,0,0.0,0,derived,Derived from synthetic FinalFlow scenario inputs; not observed event operations.
rain,2026-07-19T16:00:00Z,60,second_half,secaucus_to_meadowlands,0,480,0,0.0,0,derived,Derived from synthetic FinalFlow scenario inputs; not observed event operations.
rain,2026-07-19T16:00:00Z,60,second_half,meadowlands_to_secaucus,0,480,0,0.0,0,derived,Derived from synthetic FinalFlow scenario inputs; not observed event operations.
rain,2026-07-19T16:00:00Z,60,second_half,meadowlands_to_stadium,0,720,0,0.0,0,derived,Derived from synthetic FinalFlow scenario inputs; not observed event operations.
rain,2026-07-19T16:00:00Z,60,second_half,stadium_to_meadowlands,0,720,0,0.0,0,derived,Derived from synthetic FinalFlow scenario inputs; not observed event operations.
rain,2026-07-19T16:05:00Z,65,second_half,midtown_to_penn_station,0,480,0,0.0,0,derived,Derived from synthetic FinalFlow scenario inputs; not observed event operations.
rain,2026-07-19T16:05:00Z,65,second_half,penn_station_to_midtown,0,480,0,0.0,0,derived,Derived from synthetic FinalFlow scenario inputs; not observed event operations.
rain,2026-07-19T16:05:00Z,65,second_half,penn_station_to_secaucus,0,720,0,0.0,0,derived,Derived from synthetic FinalFlow scenario inputs; not observed event operations.
rain,2026-07-19T16:05:00Z,65,second_half,secaucus_to_penn_station,0,720,0,0.0,0,derived,Derived from synthetic FinalFlow scenario inputs; not observed event operations.
rain,2026-07-19T16:05:00Z,65,second_half,secaucus_to_meadowlands,0,480,0,0.0,0,derived,Derived from synthetic FinalFlow scenario inputs; not observed event operations.
rain,2026-07-19T16:05:00Z,65,second_half,meadowlands_to_secaucus,0,480,0,0.0,0,derived,Derived from synthetic FinalFlow scenario inputs; not observed event operations.
rain,2026-07-19T16:05:00Z,65,second_half,meadowlands_to_stadium,0,720,0,0.0,0,derived,Derived from synthetic FinalFlow scenario inputs; not observed event operations.
rain,2026-07-19T16:05:00Z,65,second_half,stadium_to_meadowlands,0,720,0,0.0,0,derived,Derived from synthetic FinalFlow scenario inputs; not observed event operations.
rain,2026-07-19T16:10:00Z,70,second_half,midtown_to_penn_station,0,480,0,0.0,0,derived,Derived from synthetic FinalFlow scenario inputs; not observed event operations.
rain,2026-07-19T16:10:00Z,70,second_half,penn_station_to_midtown,0,480,0,0.0,0,derived,Derived from synthetic FinalFlow scenario inputs; not observed event operations.
rain,2026-07-19T16:10:00Z,70,second_half,penn_station_to_secaucus,0,720,0,0.0,0,derived,Derived from synthetic FinalFlow scenario inputs; not observed event operations.
rain,2026-07-19T16:10:00Z,70,second_half,secaucus_to_penn_station,0,720,0,0.0,0,derived,Derived from synthetic FinalFlow scenario inputs; not observed event operations.
rain,2026-07-19T16:10:00Z,70,second_half,secaucus_to_meadowlands,0,480,0,0.0,0,derived,Derived from synthetic FinalFlow scenario inputs; not observed event operations.
rain,2026-07-19T16:10:00Z,70,second_half,meadowlands_to_secaucus,0,480,0,0.0,0,derived,Derived from synthetic FinalFlow scenario inputs; not observed event operations.
rain,2026-07-19T16:10:00Z,70,second_half,meadowlands_to_stadium,0,720,0,0.0,0,derived,Derived from synthetic FinalFlow scenario inputs; not observed event operations.
rain,2026-07-19T16:10:00Z,70,second_half,stadium_to_meadowlands,0,720,0,0.0,0,derived,Derived from synthetic FinalFlow scenario inputs; not observed event operations.
rain,2026-07-19T16:15:00Z,75,second_half,midtown_to_penn_station,0,480,0,0.0,0,derived,Derived from synthetic FinalFlow scenario inputs; not observed event operations.
rain,2026-07-19T16:15:00Z,75,second_half,penn_station_to_midtown,0,480,0,0.0,0,derived,Derived from synthetic FinalFlow scenario inputs; not observed event operations.
rain,2026-07-19T16:15:00Z,75,second_half,penn_station_to_secaucus,0,720,0,0.0,0,derived,Derived from synthetic FinalFlow scenario inputs; not observed event operations.
rain,2026-07-19T16:15:00Z,75,second_half,secaucus_to_penn_station,0,720,0,0.0,0,derived,Derived from synthetic FinalFlow scenario inputs; not observed event operations.
rain,2026-07-19T16:15:00Z,75,second_half,secaucus_to_meadowlands,0,480,0,0.0,0,derived,Derived from synthetic FinalFlow scenario inputs; not observed event operations.
rain,2026-07-19T16:15:00Z,75,second_half,meadowlands_to_secaucus,0,480,0,0.0,0,derived,Derived from synthetic FinalFlow scenario inputs; not observed event operations.
rain,2026-07-19T16:15:00Z,75,second_half,meadowlands_to_stadium,0,720,0,0.0,0,derived,Derived from synthetic FinalFlow scenario inputs; not observed event operations.
rain,2026-07-19T16:15:00Z,75,second_half,stadium_to_meadowlands,0,720,0,0.0,0,derived,Derived from synthetic FinalFlow scenario inputs; not observed event operations.
rain,2026-07-19T16:20:00Z,80,second_half,midtown_to_penn_station,0,480,0,0.0,0,derived,Derived from synthetic FinalFlow scenario inputs; not observed event operations.
rain,2026-07-19T16:20:00Z,80,second_half,penn_station_to_midtown,0,480,0,0.0,0,derived,Derived from synthetic FinalFlow scenario inputs; not observed event operations.
rain,2026-07-19T16:20:00Z,80,second_half,penn_station_to_secaucus,0,720,0,0.0,0,derived,Derived from synthetic FinalFlow scenario inputs; not observed event operations.
rain,2026-07-19T16:20:00Z,80,second_half,secaucus_to_penn_station,0,720,0,0.0,0,derived,Derived from synthetic FinalFlow scenario inputs; not observed event operations.
rain,2026-07-19T16:20:00Z,80,second_half,secaucus_to_meadowlands,0,480,0,0.0,0,derived,Derived from synthetic FinalFlow scenario inputs; not observed event operations.
rain,2026-07-19T16:20:00Z,80,second_half,meadowlands_to_secaucus,0,480,0,0.0,0,derived,Derived from synthetic FinalFlow scenario inputs; not observed event operations.
rain,2026-07-19T16:20:00Z,80,second_half,meadowlands_to_stadium,0,720,0,0.0,0,derived,Derived from synthetic FinalFlow scenario inputs; not observed event operations.
rain,2026-07-19T16:20:00Z,80,second_half,stadium_to_meadowlands,0,720,0,0.0,0,derived,Derived from synthetic FinalFlow scenario inputs; not observed event operations.
rain,2026-07-19T16:25:00Z,85,second_half,midtown_to_penn_station,0,480,0,0.0,0,derived,Derived from synthetic FinalFlow scenario inputs; not observed event operations.
rain,2026-07-19T16:25:00Z,85,second_half,penn_station_to_midtown,0,480,0,0.0,0,derived,Derived from synthetic FinalFlow scenario inputs; not observed event operations.
rain,2026-07-19T16:25:00Z,85,second_half,penn_station_to_secaucus,0,720,0,0.0,0,derived,Derived from synthetic FinalFlow scenario inputs; not observed event operations.
rain,2026-07-19T16:25:00Z,85,second_half,secaucus_to_penn_station,0,720,0,0.0,0,derived,Derived from synthetic FinalFlow scenario inputs; not observed event operations.
rain,2026-07-19T16:25:00Z,85,second_half,secaucus_to_meadowlands,0,480,0,0.0,0,derived,Derived from synthetic FinalFlow scenario inputs; not observed event operations.
rain,2026-07-19T16:25:00Z,85,second_half,meadowlands_to_secaucus,0,480,0,0.0,0,derived,Derived from synthetic FinalFlow scenario inputs; not observed event operations.
rain,2026-07-19T16:25:00Z,85,second_half,meadowlands_to_stadium,0,720,0,0.0,0,derived,Derived from synthetic FinalFlow scenario inputs; not observed event operations.
rain,2026-07-19T16:25:00Z,85,second_half,stadium_to_meadowlands,0,720,0,0.0,0,derived,Derived from synthetic FinalFlow scenario inputs; not observed event operations.
rain,2026-07-19T16:30:00Z,90,second_half,midtown_to_penn_station,0,480,0,0.0,0,derived,Derived from synthetic FinalFlow scenario inputs; not observed event operations.
rain,2026-07-19T16:30:00Z,90,second_half,penn_station_to_midtown,0,480,0,0.0,0,derived,Derived from synthetic FinalFlow scenario inputs; not observed event operations.
rain,2026-07-19T16:30:00Z,90,second_half,penn_station_to_secaucus,0,720,0,0.0,0,derived,Derived from synthetic FinalFlow scenario inputs; not observed event operations.
rain,2026-07-19T16:30:00Z,90,second_half,secaucus_to_penn_station,0,720,0,0.0,0,derived,Derived from synthetic FinalFlow scenario inputs; not observed event operations.
rain,2026-07-19T16:30:00Z,90,second_half,secaucus_to_meadowlands,0,480,0,0.0,0,derived,Derived from synthetic FinalFlow scenario inputs; not observed event operations.
rain,2026-07-19T16:30:00Z,90,second_half,meadowlands_to_secaucus,0,480,0,0.0,0,derived,Derived from synthetic FinalFlow scenario inputs; not observed event operations.
rain,2026-07-19T16:30:00Z,90,second_half,meadowlands_to_stadium,0,720,0,0.0,0,derived,Derived from synthetic FinalFlow scenario inputs; not observed event operations.
rain,2026-07-19T16:30:00Z,90,second_half,stadium_to_meadowlands,0,720,0,0.0,0,derived,Derived from synthetic FinalFlow scenario inputs; not observed event operations.
rain,2026-07-19T16:35:00Z,95,second_half,midtown_to_penn_station,0,480,0,0.0,0,derived,Derived from synthetic FinalFlow scenario inputs; not observed event operations.
rain,2026-07-19T16:35:00Z,95,second_half,penn_station_to_midtown,0,480,0,0.0,0,derived,Derived from synthetic FinalFlow scenario inputs; not observed event operations.
rain,2026-07-19T16:35:00Z,95,second_half,penn_station_to_secaucus,0,720,0,0.0,0,derived,Derived from synthetic FinalFlow scenario inputs; not observed event operations.
rain,2026-07-19T16:35:00Z,95,second_half,secaucus_to_penn_station,0,720,0,0.0,0,derived,Derived from synthetic FinalFlow scenario inputs; not observed event operations.
rain,2026-07-19T16:35:00Z,95,second_half,secaucus_to_meadowlands,0,480,0,0.0,0,derived,Derived from synthetic FinalFlow scenario inputs; not observed event operations.
rain,2026-07-19T16:35:00Z,95,second_half,meadowlands_to_secaucus,0,480,0,0.0,0,derived,Derived from synthetic FinalFlow scenario inputs; not observed event operations.
rain,2026-07-19T16:35:00Z,95,second_half,meadowlands_to_stadium,0,720,0,0.0,0,derived,Derived from synthetic FinalFlow scenario inputs; not observed event operations.
rain,2026-07-19T16:35:00Z,95,second_half,stadium_to_meadowlands,0,720,0,0.0,0,derived,Derived from synthetic FinalFlow scenario inputs; not observed event operations.
rain,2026-07-19T16:40:00Z,100,second_half,midtown_to_penn_station,0,480,0,0.0,0,derived,Derived from synthetic FinalFlow scenario inputs; not observed event operations.
rain,2026-07-19T16:40:00Z,100,second_half,penn_station_to_midtown,0,480,0,0.0,0,derived,Derived from synthetic FinalFlow scenario inputs; not observed event operations.
rain,2026-07-19T16:40:00Z,100,second_half,penn_station_to_secaucus,0,720,0,0.0,0,derived,Derived from synthetic FinalFlow scenario inputs; not observed event operations.
rain,2026-07-19T16:40:00Z,100,second_half,secaucus_to_penn_station,0,720,0,0.0,0,derived,Derived from synthetic FinalFlow scenario inputs; not observed event operations.
rain,2026-07-19T16:40:00Z,100,second_half,secaucus_to_meadowlands,0,480,0,0.0,0,derived,Derived from synthetic FinalFlow scenario inputs; not observed event operations.
rain,2026-07-19T16:40:00Z,100,second_half,meadowlands_to_secaucus,0,480,0,0.0,0,derived,Derived from synthetic FinalFlow scenario inputs; not observed event operations.
rain,2026-07-19T16:40:00Z,100,second_half,meadowlands_to_stadium,0,720,0,0.0,0,derived,Derived from synthetic FinalFlow scenario inputs; not observed event operations.
rain,2026-07-19T16:40:00Z,100,second_half,stadium_to_meadowlands,0,720,0,0.0,0,derived,Derived from synthetic FinalFlow scenario inputs; not observed event operations.
rain,2026-07-19T16:45:00Z,105,regulation_end,midtown_to_penn_station,0,480,0,0.0,0,derived,Derived from synthetic FinalFlow scenario inputs; not observed event operations.
rain,2026-07-19T16:45:00Z,105,regulation_end,penn_station_to_midtown,0,480,0,0.0,0,derived,Derived from synthetic FinalFlow scenario inputs; not observed event operations.
rain,2026-07-19T16:45:00Z,105,regulation_end,penn_station_to_secaucus,0,720,0,0.0,0,derived,Derived from synthetic FinalFlow scenario inputs; not observed event operations.
rain,2026-07-19T16:45:00Z,105,regulation_end,secaucus_to_penn_station,0,720,0,0.0,0,derived,Derived from synthetic FinalFlow scenario inputs; not observed event operations.
rain,2026-07-19T16:45:00Z,105,regulation_end,secaucus_to_meadowlands,0,480,0,0.0,0,derived,Derived from synthetic FinalFlow scenario inputs; not observed event operations.
rain,2026-07-19T16:45:00Z,105,regulation_end,meadowlands_to_secaucus,0,480,0,0.0,0,derived,Derived from synthetic FinalFlow scenario inputs; not observed event operations.
rain,2026-07-19T16:45:00Z,105,regulation_end,meadowlands_to_stadium,0,720,0,0.0,0,derived,Derived from synthetic FinalFlow scenario inputs; not observed event operations.
rain,2026-07-19T16:45:00Z,105,regulation_end,stadium_to_meadowlands,0,720,0,0.0,0,derived,Derived from synthetic FinalFlow scenario inputs; not observed event operations.
rain,2026-07-19T16:50:00Z,110,extra_time,midtown_to_penn_station,0,480,0,0.0,0,derived,Derived from synthetic FinalFlow scenario inputs; not observed event operations.
rain,2026-07-19T16:50:00Z,110,extra_time,penn_station_to_midtown,0,480,0,0.0,0,derived,Derived from synthetic FinalFlow scenario inputs; not observed event operations.
rain,2026-07-19T16:50:00Z,110,extra_time,penn_station_to_secaucus,0,720,0,0.0,0,derived,Derived from synthetic FinalFlow scenario inputs; not observed event operations.
rain,2026-07-19T16:50:00Z,110,extra_time,secaucus_to_penn_station,0,720,0,0.0,0,derived,Derived from synthetic FinalFlow scenario inputs; not observed event operations.
rain,2026-07-19T16:50:00Z,110,extra_time,secaucus_to_meadowlands,0,480,0,0.0,0,derived,Derived from synthetic FinalFlow scenario inputs; not observed event operations.
rain,2026-07-19T16:50:00Z,110,extra_time,meadowlands_to_secaucus,0,480,0,0.0,0,derived,Derived from synthetic FinalFlow scenario inputs; not observed event operations.
rain,2026-07-19T16:50:00Z,110,extra_time,meadowlands_to_stadium,0,720,0,0.0,0,derived,Derived from synthetic FinalFlow scenario inputs; not observed event operations.
rain,2026-07-19T16:50:00Z,110,extra_time,stadium_to_meadowlands,0,720,0,0.0,0,derived,Derived from synthetic FinalFlow scenario inputs; not observed event operations.
rain,2026-07-19T16:55:00Z,115,extra_time,midtown_to_penn_station,0,480,0,0.0,0,derived,Derived from synthetic FinalFlow scenario inputs; not observed event operations.
rain,2026-07-19T16:55:00Z,115,extra_time,penn_station_to_midtown,0,480,0,0.0,0,derived,Derived from synthetic FinalFlow scenario inputs; not observed event operations.
rain,2026-07-19T16:55:00Z,115,extra_time,penn_station_to_secaucus,0,720,0,0.0,0,derived,Derived from synthetic FinalFlow scenario inputs; not observed event operations.
rain,2026-07-19T16:55:00Z,115,extra_time,secaucus_to_penn_station,0,720,0,0.0,0,derived,Derived from synthetic FinalFlow scenario inputs; not observed event operations.
rain,2026-07-19T16:55:00Z,115,extra_time,secaucus_to_meadowlands,0,480,0,0.0,0,derived,Derived from synthetic FinalFlow scenario inputs; not observed event operations.
rain,2026-07-19T16:55:00Z,115,extra_time,meadowlands_to_secaucus,0,480,0,0.0,0,derived,Derived from synthetic FinalFlow scenario inputs; not observed event operations.
rain,2026-07-19T16:55:00Z,115,extra_time,meadowlands_to_stadium,0,720,0,0.0,0,derived,Derived from synthetic FinalFlow scenario inputs; not observed event operations.
rain,2026-07-19T16:55:00Z,115,extra_time,stadium_to_meadowlands,0,720,0,0.0,0,derived,Derived from synthetic FinalFlow scenario inputs; not observed event operations.
rain,2026-07-19T17:00:00Z,120,extra_time,midtown_to_penn_station,0,480,0,0.0,0,derived,Derived from synthetic FinalFlow scenario inputs; not observed event operations.
rain,2026-07-19T17:00:00Z,120,extra_time,penn_station_to_midtown,0,480,0,0.0,0,derived,Derived from synthetic FinalFlow scenario inputs; not observed event operations.
rain,2026-07-19T17:00:00Z,120,extra_time,penn_station_to_secaucus,0,720,0,0.0,0,derived,Derived from synthetic FinalFlow scenario inputs; not observed event operations.
rain,2026-07-19T17:00:00Z,120,extra_time,secaucus_to_penn_station,0,720,0,0.0,0,derived,Derived from synthetic FinalFlow scenario inputs; not observed event operations.
rain,2026-07-19T17:00:00Z,120,extra_time,secaucus_to_meadowlands,0,480,0,0.0,0,derived,Derived from synthetic FinalFlow scenario inputs; not observed event operations.
rain,2026-07-19T17:00:00Z,120,extra_time,meadowlands_to_secaucus,0,480,0,0.0,0,derived,Derived from synthetic FinalFlow scenario inputs; not observed event operations.
rain,2026-07-19T17:00:00Z,120,extra_time,meadowlands_to_stadium,0,720,0,0.0,0,derived,Derived from synthetic FinalFlow scenario inputs; not observed event operations.
rain,2026-07-19T17:00:00Z,120,extra_time,stadium_to_meadowlands,0,720,0,0.0,0,derived,Derived from synthetic FinalFlow scenario inputs; not observed event operations.
rain,2026-07-19T17:05:00Z,125,extra_time,midtown_to_penn_station,0,480,0,0.0,0,derived,Derived from synthetic FinalFlow scenario inputs; not observed event operations.
rain,2026-07-19T17:05:00Z,125,extra_time,penn_station_to_midtown,0,480,0,0.0,0,derived,Derived from synthetic FinalFlow scenario inputs; not observed event operations.
rain,2026-07-19T17:05:00Z,125,extra_time,penn_station_to_secaucus,0,720,0,0.0,0,derived,Derived from synthetic FinalFlow scenario inputs; not observed event operations.
rain,2026-07-19T17:05:00Z,125,extra_time,secaucus_to_penn_station,0,720,0,0.0,0,derived,Derived from synthetic FinalFlow scenario inputs; not observed event operations.
rain,2026-07-19T17:05:00Z,125,extra_time,secaucus_to_meadowlands,0,480,0,0.0,0,derived,Derived from synthetic FinalFlow scenario inputs; not observed event operations.
rain,2026-07-19T17:05:00Z,125,extra_time,meadowlands_to_secaucus,0,480,0,0.0,0,derived,Derived from synthetic FinalFlow scenario inputs; not observed event operations.
rain,2026-07-19T17:05:00Z,125,extra_time,meadowlands_to_stadium,0,720,0,0.0,0,derived,Derived from synthetic FinalFlow scenario inputs; not observed event operations.
rain,2026-07-19T17:05:00Z,125,extra_time,stadium_to_meadowlands,0,720,0,0.0,0,derived,Derived from synthetic FinalFlow scenario inputs; not observed event operations.
rain,2026-07-19T17:10:00Z,130,extra_time,midtown_to_penn_station,0,480,0,0.0,0,derived,Derived from synthetic FinalFlow scenario inputs; not observed event operations.
rain,2026-07-19T17:10:00Z,130,extra_time,penn_station_to_midtown,0,480,0,0.0,0,derived,Derived from synthetic FinalFlow scenario inputs; not observed event operations.
rain,2026-07-19T17:10:00Z,130,extra_time,penn_station_to_secaucus,0,720,0,0.0,0,derived,Derived from synthetic FinalFlow scenario inputs; not observed event operations.
rain,2026-07-19T17:10:00Z,130,extra_time,secaucus_to_penn_station,0,720,0,0.0,0,derived,Derived from synthetic FinalFlow scenario inputs; not observed event operations.
rain,2026-07-19T17:10:00Z,130,extra_time,secaucus_to_meadowlands,0,480,0,0.0,0,derived,Derived from synthetic FinalFlow scenario inputs; not observed event operations.
rain,2026-07-19T17:10:00Z,130,extra_time,meadowlands_to_secaucus,0,480,0,0.0,0,derived,Derived from synthetic FinalFlow scenario inputs; not observed event operations.
rain,2026-07-19T17:10:00Z,130,extra_time,meadowlands_to_stadium,0,720,0,0.0,0,derived,Derived from synthetic FinalFlow scenario inputs; not observed event operations.
rain,2026-07-19T17:10:00Z,130,extra_time,stadium_to_meadowlands,0,720,0,0.0,0,derived,Derived from synthetic FinalFlow scenario inputs; not observed event operations.
rain,2026-07-19T17:15:00Z,135,final_whistle,midtown_to_penn_station,0,480,0,0.0,0,derived,Derived from synthetic FinalFlow scenario inputs; not observed event operations.
rain,2026-07-19T17:15:00Z,135,final_whistle,penn_station_to_midtown,0,480,0,0.0,0,derived,Derived from synthetic FinalFlow scenario inputs; not observed event operations.
rain,2026-07-19T17:15:00Z,135,final_whistle,penn_station_to_secaucus,0,720,0,0.0,0,derived,Derived from synthetic FinalFlow scenario inputs; not observed event operations.
rain,2026-07-19T17:15:00Z,135,final_whistle,secaucus_to_penn_station,0,720,0,0.0,0,derived,Derived from synthetic FinalFlow scenario inputs; not observed event operations.
rain,2026-07-19T17:15:00Z,135,final_whistle,secaucus_to_meadowlands,0,480,0,0.0,0,derived,Derived from synthetic FinalFlow scenario inputs; not observed event operations.
rain,2026-07-19T17:15:00Z,135,final_whistle,meadowlands_to_secaucus,0,480,0,0.0,0,derived,Derived from synthetic FinalFlow scenario inputs; not observed event operations.
rain,2026-07-19T17:15:00Z,135,final_whistle,meadowlands_to_stadium,0,720,0,0.0,0,derived,Derived from synthetic FinalFlow scenario inputs; not observed event operations.
rain,2026-07-19T17:15:00Z,135,final_whistle,stadium_to_meadowlands,526,720,526,0.7305555555555555,526,derived,Derived from synthetic FinalFlow scenario inputs; not observed event operations.
rain,2026-07-19T17:20:00Z,140,post_match,midtown_to_penn_station,0,480,0,0.0,0,derived,Derived from synthetic FinalFlow scenario inputs; not observed event operations.
rain,2026-07-19T17:20:00Z,140,post_match,penn_station_to_midtown,0,480,0,0.0,0,derived,Derived from synthetic FinalFlow scenario inputs; not observed event operations.
rain,2026-07-19T17:20:00Z,140,post_match,penn_station_to_secaucus,0,720,0,0.0,0,derived,Derived from synthetic FinalFlow scenario inputs; not observed event operations.
rain,2026-07-19T17:20:00Z,140,post_match,secaucus_to_penn_station,0,720,0,0.0,0,derived,Derived from synthetic FinalFlow scenario inputs; not observed event operations.
rain,2026-07-19T17:20:00Z,140,post_match,secaucus_to_meadowlands,0,480,0,0.0,0,derived,Derived from synthetic FinalFlow scenario inputs; not observed event operations.
rain,2026-07-19T17:20:00Z,140,post_match,meadowlands_to_secaucus,0,480,0,0.0,0,derived,Derived from synthetic FinalFlow scenario inputs; not observed event operations.
rain,2026-07-19T17:20:00Z,140,post_match,meadowlands_to_stadium,0,720,0,0.0,0,derived,Derived from synthetic FinalFlow scenario inputs; not observed event operations.
rain,2026-07-19T17:20:00Z,140,post_match,stadium_to_meadowlands,493,720,493,0.6847222222222222,1019,derived,Derived from synthetic FinalFlow scenario inputs; not observed event operations.
rain,2026-07-19T17:25:00Z,145,post_match,midtown_to_penn_station,0,480,0,0.0,0,derived,Derived from synthetic FinalFlow scenario inputs; not observed event operations.
rain,2026-07-19T17:25:00Z,145,post_match,penn_station_to_midtown,0,480,0,0.0,0,derived,Derived from synthetic FinalFlow scenario inputs; not observed event operations.
rain,2026-07-19T17:25:00Z,145,post_match,penn_station_to_secaucus,0,720,0,0.0,0,derived,Derived from synthetic FinalFlow scenario inputs; not observed event operations.
rain,2026-07-19T17:25:00Z,145,post_match,secaucus_to_penn_station,0,720,0,0.0,0,derived,Derived from synthetic FinalFlow scenario inputs; not observed event operations.
rain,2026-07-19T17:25:00Z,145,post_match,secaucus_to_meadowlands,0,480,0,0.0,0,derived,Derived from synthetic FinalFlow scenario inputs; not observed event operations.
rain,2026-07-19T17:25:00Z,145,post_match,meadowlands_to_secaucus,0,480,0,0.0,0,derived,Derived from synthetic FinalFlow scenario inputs; not observed event operations.
rain,2026-07-19T17:25:00Z,145,post_match,meadowlands_to_stadium,0,720,0,0.0,0,derived,Derived from synthetic FinalFlow scenario inputs; not observed event operations.
rain,2026-07-19T17:25:00Z,145,post_match,stadium_to_meadowlands,353,720,353,0.49027777777777776,1372,derived,Derived from synthetic FinalFlow scenario inputs; not observed event operations.
rain,2026-07-19T17:30:00Z,150,post_match,midtown_to_penn_station,0,480,0,0.0,0,derived,Derived from synthetic FinalFlow scenario inputs; not observed event operations.
rain,2026-07-19T17:30:00Z,150,post_match,penn_station_to_midtown,0,480,0,0.0,0,derived,Derived from synthetic FinalFlow scenario inputs; not observed event operations.
rain,2026-07-19T17:30:00Z,150,post_match,penn_station_to_secaucus,0,720,0,0.0,0,derived,Derived from synthetic FinalFlow scenario inputs; not observed event operations.
rain,2026-07-19T17:30:00Z,150,post_match,secaucus_to_penn_station,0,720,0,0.0,0,derived,Derived from synthetic FinalFlow scenario inputs; not observed event operations.
rain,2026-07-19T17:30:00Z,150,post_match,secaucus_to_meadowlands,0,480,0,0.0,0,derived,Derived from synthetic FinalFlow scenario inputs; not observed event operations.
rain,2026-07-19T17:30:00Z,150,post_match,meadowlands_to_secaucus,484,480,480,1.0,480,derived,Derived from synthetic FinalFlow scenario inputs; not observed event operations.
rain,2026-07-19T17:30:00Z,150,post_match,meadowlands_to_stadium,0,720,0,0.0,0,derived,Derived from synthetic FinalFlow scenario inputs; not observed event operations.
rain,2026-07-19T17:30:00Z,150,post_match,stadium_to_meadowlands,328,720,328,0.45555555555555555,1174,derived,Derived from synthetic FinalFlow scenario inputs; not observed event operations.
rain,2026-07-19T17:35:00Z,155,post_match,midtown_to_penn_station,0,480,0,0.0,0,derived,Derived from synthetic FinalFlow scenario inputs; not observed event operations.
rain,2026-07-19T17:35:00Z,155,post_match,penn_station_to_midtown,0,480,0,0.0,0,derived,Derived from synthetic FinalFlow scenario inputs; not observed event operations.
rain,2026-07-19T17:35:00Z,155,post_match,penn_station_to_secaucus,0,720,0,0.0,0,derived,Derived from synthetic FinalFlow scenario inputs; not observed event operations.
rain,2026-07-19T17:35:00Z,155,post_match,secaucus_to_penn_station,0,720,0,0.0,0,derived,Derived from synthetic FinalFlow scenario inputs; not observed event operations.
rain,2026-07-19T17:35:00Z,155,post_match,secaucus_to_meadowlands,0,480,0,0.0,0,derived,Derived from synthetic FinalFlow scenario inputs; not observed event operations.
rain,2026-07-19T17:35:00Z,155,post_match,meadowlands_to_secaucus,458,480,458,0.9541666666666667,938,derived,Derived from synthetic FinalFlow scenario inputs; not observed event operations.
rain,2026-07-19T17:35:00Z,155,post_match,meadowlands_to_stadium,0,720,0,0.0,0,derived,Derived from synthetic FinalFlow scenario inputs; not observed event operations.
rain,2026-07-19T17:35:00Z,155,post_match,stadium_to_meadowlands,303,720,303,0.42083333333333334,984,derived,Derived from synthetic FinalFlow scenario inputs; not observed event operations.
rain,2026-07-19T17:40:00Z,160,post_match,midtown_to_penn_station,0,480,0,0.0,0,derived,Derived from synthetic FinalFlow scenario inputs; not observed event operations.
rain,2026-07-19T17:40:00Z,160,post_match,penn_station_to_midtown,0,480,0,0.0,0,derived,Derived from synthetic FinalFlow scenario inputs; not observed event operations.
rain,2026-07-19T17:40:00Z,160,post_match,penn_station_to_secaucus,0,720,0,0.0,0,derived,Derived from synthetic FinalFlow scenario inputs; not observed event operations.
rain,2026-07-19T17:40:00Z,160,post_match,secaucus_to_penn_station,0,720,0,0.0,0,derived,Derived from synthetic FinalFlow scenario inputs; not observed event operations.
rain,2026-07-19T17:40:00Z,160,post_match,secaucus_to_meadowlands,0,480,0,0.0,0,derived,Derived from synthetic FinalFlow scenario inputs; not observed event operations.
rain,2026-07-19T17:40:00Z,160,post_match,meadowlands_to_secaucus,325,480,325,0.6770833333333334,1263,derived,Derived from synthetic FinalFlow scenario inputs; not observed event operations.
rain,2026-07-19T17:40:00Z,160,post_match,meadowlands_to_stadium,0,720,0,0.0,0,derived,Derived from synthetic FinalFlow scenario inputs; not observed event operations.
rain,2026-07-19T17:40:00Z,160,post_match,stadium_to_meadowlands,277,720,277,0.38472222222222224,908,derived,Derived from synthetic FinalFlow scenario inputs; not observed event operations.
rain,2026-07-19T17:45:00Z,165,post_match,midtown_to_penn_station,0,480,0,0.0,0,derived,Derived from synthetic FinalFlow scenario inputs; not observed event operations.
rain,2026-07-19T17:45:00Z,165,post_match,penn_station_to_midtown,0,480,0,0.0,0,derived,Derived from synthetic FinalFlow scenario inputs; not observed event operations.
rain,2026-07-19T17:45:00Z,165,post_match,penn_station_to_secaucus,0,720,0,0.0,0,derived,Derived from synthetic FinalFlow scenario inputs; not observed event operations.
rain,2026-07-19T17:45:00Z,165,post_match,secaucus_to_penn_station,0,720,0,0.0,0,derived,Derived from synthetic FinalFlow scenario inputs; not observed event operations.
rain,2026-07-19T17:45:00Z,165,post_match,secaucus_to_meadowlands,0,480,0,0.0,0,derived,Derived from synthetic FinalFlow scenario inputs; not observed event operations.
rain,2026-07-19T17:45:00Z,165,post_match,meadowlands_to_secaucus,301,480,301,0.6270833333333333,1564,derived,Derived from synthetic FinalFlow scenario inputs; not observed event operations.
rain,2026-07-19T17:45:00Z,165,post_match,meadowlands_to_stadium,0,720,0,0.0,0,derived,Derived from synthetic FinalFlow scenario inputs; not observed event operations.
rain,2026-07-19T17:45:00Z,165,post_match,stadium_to_meadowlands,252,720,252,0.35,832,derived,Derived from synthetic FinalFlow scenario inputs; not observed event operations.
rain,2026-07-19T17:50:00Z,170,post_match,midtown_to_penn_station,0,480,0,0.0,0,derived,Derived from synthetic FinalFlow scenario inputs; not observed event operations.
rain,2026-07-19T17:50:00Z,170,post_match,penn_station_to_midtown,0,480,0,0.0,0,derived,Derived from synthetic FinalFlow scenario inputs; not observed event operations.
rain,2026-07-19T17:50:00Z,170,post_match,penn_station_to_secaucus,0,720,0,0.0,0,derived,Derived from synthetic FinalFlow scenario inputs; not observed event operations.
rain,2026-07-19T17:50:00Z,170,post_match,secaucus_to_penn_station,420,720,420,0.5833333333333334,420,derived,Derived from synthetic FinalFlow scenario inputs; not observed event operations.
rain,2026-07-19T17:50:00Z,170,post_match,secaucus_to_meadowlands,0,480,0,0.0,0,derived,Derived from synthetic FinalFlow scenario inputs; not observed event operations.
rain,2026-07-19T17:50:00Z,170,post_match,meadowlands_to_secaucus,279,480,279,0.58125,1363,derived,Derived from synthetic FinalFlow scenario inputs; not observed event operations.
rain,2026-07-19T17:50:00Z,170,post_match,meadowlands_to_stadium,0,720,0,0.0,0,derived,Derived from synthetic FinalFlow scenario inputs; not observed event operations.
rain,2026-07-19T17:50:00Z,170,post_match,stadium_to_meadowlands,227,720,227,0.31527777777777777,756,derived,Derived from synthetic FinalFlow scenario inputs; not observed event operations.
rain,2026-07-19T17:55:00Z,175,post_match,midtown_to_penn_station,0,480,0,0.0,0,derived,Derived from synthetic FinalFlow scenario inputs; not observed event operations.
rain,2026-07-19T17:55:00Z,175,post_match,penn_station_to_midtown,0,480,0,0.0,0,derived,Derived from synthetic FinalFlow scenario inputs; not observed event operations.
rain,2026-07-19T17:55:00Z,175,post_match,penn_station_to_secaucus,0,720,0,0.0,0,derived,Derived from synthetic FinalFlow scenario inputs; not observed event operations.
rain,2026-07-19T17:55:00Z,175,post_match,secaucus_to_penn_station,394,720,394,0.5472222222222223,814,derived,Derived from synthetic FinalFlow scenario inputs; not observed event operations.
rain,2026-07-19T17:55:00Z,175,post_match,secaucus_to_meadowlands,0,480,0,0.0,0,derived,Derived from synthetic FinalFlow scenario inputs; not observed event operations.
rain,2026-07-19T17:55:00Z,175,post_match,meadowlands_to_secaucus,255,480,255,0.53125,1160,derived,Derived from synthetic FinalFlow scenario inputs; not observed event operations.
rain,2026-07-19T17:55:00Z,175,post_match,meadowlands_to_stadium,0,720,0,0.0,0,derived,Derived from synthetic FinalFlow scenario inputs; not observed event operations.
rain,2026-07-19T17:55:00Z,175,post_match,stadium_to_meadowlands,202,720,202,0.28055555555555556,681,derived,Derived from synthetic FinalFlow scenario inputs; not observed event operations.
rain,2026-07-19T18:00:00Z,180,post_match,midtown_to_penn_station,0,480,0,0.0,0,derived,Derived from synthetic FinalFlow scenario inputs; not observed event operations.
rain,2026-07-19T18:00:00Z,180,post_match,penn_station_to_midtown,0,480,0,0.0,0,derived,Derived from synthetic FinalFlow scenario inputs; not observed event operations.
rain,2026-07-19T18:00:00Z,180,post_match,penn_station_to_secaucus,0,720,0,0.0,0,derived,Derived from synthetic FinalFlow scenario inputs; not observed event operations.
rain,2026-07-19T18:00:00Z,180,post_match,secaucus_to_penn_station,283,720,283,0.39305555555555555,1097,derived,Derived from synthetic FinalFlow scenario inputs; not observed event operations.
rain,2026-07-19T18:00:00Z,180,post_match,secaucus_to_meadowlands,0,480,0,0.0,0,derived,Derived from synthetic FinalFlow scenario inputs; not observed event operations.
rain,2026-07-19T18:00:00Z,180,post_match,meadowlands_to_secaucus,232,480,232,0.48333333333333334,1067,derived,Derived from synthetic FinalFlow scenario inputs; not observed event operations.
rain,2026-07-19T18:00:00Z,180,post_match,meadowlands_to_stadium,0,720,0,0.0,0,derived,Derived from synthetic FinalFlow scenario inputs; not observed event operations.
rain,2026-07-19T18:00:00Z,180,post_match,stadium_to_meadowlands,176,720,176,0.24444444444444444,605,derived,Derived from synthetic FinalFlow scenario inputs; not observed event operations.
rain,2026-07-19T18:05:00Z,185,post_match,midtown_to_penn_station,0,480,0,0.0,0,derived,Derived from synthetic FinalFlow scenario inputs; not observed event operations.
rain,2026-07-19T18:05:00Z,185,post_match,penn_station_to_midtown,0,480,0,0.0,0,derived,Derived from synthetic FinalFlow scenario inputs; not observed event operations.
rain,2026-07-19T18:05:00Z,185,post_match,penn_station_to_secaucus,0,720,0,0.0,0,derived,Derived from synthetic FinalFlow scenario inputs; not observed event operations.
rain,2026-07-19T18:05:00Z,185,post_match,secaucus_to_penn_station,262,720,262,0.3638888888888889,1359,derived,Derived from synthetic FinalFlow scenario inputs; not observed event operations.
rain,2026-07-19T18:05:00Z,185,post_match,secaucus_to_meadowlands,0,480,0,0.0,0,derived,Derived from synthetic FinalFlow scenario inputs; not observed event operations.
rain,2026-07-19T18:05:00Z,185,post_match,meadowlands_to_secaucus,209,480,209,0.4354166666666667,975,derived,Derived from synthetic FinalFlow scenario inputs; not observed event operations.
rain,2026-07-19T18:05:00Z,185,post_match,meadowlands_to_stadium,0,720,0,0.0,0,derived,Derived from synthetic FinalFlow scenario inputs; not observed event operations.
rain,2026-07-19T18:05:00Z,185,post_match,stadium_to_meadowlands,152,720,152,0.2111111111111111,530,derived,Derived from synthetic FinalFlow scenario inputs; not observed event operations.
rain,2026-07-19T18:10:00Z,190,post_match,midtown_to_penn_station,0,480,0,0.0,0,derived,Derived from synthetic FinalFlow scenario inputs; not observed event operations.
rain,2026-07-19T18:10:00Z,190,post_match,penn_station_to_midtown,342,480,342,0.7125,342,derived,Derived from synthetic FinalFlow scenario inputs; not observed event operations.
rain,2026-07-19T18:10:00Z,190,post_match,penn_station_to_secaucus,0,720,0,0.0,0,derived,Derived from synthetic FinalFlow scenario inputs; not observed event operations.
rain,2026-07-19T18:10:00Z,190,post_match,secaucus_to_penn_station,243,720,243,0.3375,1182,derived,Derived from synthetic FinalFlow scenario inputs; not observed event operations.
rain,2026-07-19T18:10:00Z,190,post_match,secaucus_to_meadowlands,0,480,0,0.0,0,derived,Derived from synthetic FinalFlow scenario inputs; not observed event operations.
rain,2026-07-19T18:10:00Z,190,post_match,meadowlands_to_secaucus,186,480,186,0.3875,882,derived,Derived from synthetic FinalFlow scenario inputs; not observed event operations.
rain,2026-07-19T18:10:00Z,190,post_match,meadowlands_to_stadium,0,720,0,0.0,0,derived,Derived from synthetic FinalFlow scenario inputs; not observed event operations.
rain,2026-07-19T18:10:00Z,190,post_match,stadium_to_meadowlands,126,720,126,0.175,454,derived,Derived from synthetic FinalFlow scenario inputs; not observed event operations.
rain,2026-07-19T18:15:00Z,195,post_match,midtown_to_penn_station,0,480,0,0.0,0,derived,Derived from synthetic FinalFlow scenario inputs; not observed event operations.
rain,2026-07-19T18:15:00Z,195,post_match,penn_station_to_midtown,320,480,320,0.6666666666666666,662,derived,Derived from synthetic FinalFlow scenario inputs; not observed event operations.
rain,2026-07-19T18:15:00Z,195,post_match,penn_station_to_secaucus,0,720,0,0.0,0,derived,Derived from synthetic FinalFlow scenario inputs; not observed event operations.
rain,2026-07-19T18:15:00Z,195,post_match,secaucus_to_penn_station,222,720,222,0.30833333333333335,1010,derived,Derived from synthetic FinalFlow scenario inputs; not observed event operations.
rain,2026-07-19T18:15:00Z,195,post_match,secaucus_to_meadowlands,0,480,0,0.0,0,derived,Derived from synthetic FinalFlow scenario inputs; not observed event operations.
rain,2026-07-19T18:15:00Z,195,post_match,meadowlands_to_secaucus,162,480,162,0.3375,789,derived,Derived from synthetic FinalFlow scenario inputs; not observed event operations.
rain,2026-07-19T18:15:00Z,195,post_match,meadowlands_to_stadium,0,720,0,0.0,0,derived,Derived from synthetic FinalFlow scenario inputs; not observed event operations.
rain,2026-07-19T18:15:00Z,195,post_match,stadium_to_meadowlands,0,720,0,0.0,278,derived,Derived from synthetic FinalFlow scenario inputs; not observed event operations.
rain,2026-07-19T18:20:00Z,200,post_match,midtown_to_penn_station,0,480,0,0.0,0,derived,Derived from synthetic FinalFlow scenario inputs; not observed event operations.
rain,2026-07-19T18:20:00Z,200,post_match,penn_station_to_midtown,230,480,230,0.4791666666666667,892,derived,Derived from synthetic FinalFlow scenario inputs; not observed event operations.
rain,2026-07-19T18:20:00Z,200,post_match,penn_station_to_secaucus,0,720,0,0.0,0,derived,Derived from synthetic FinalFlow scenario inputs; not observed event operations.
rain,2026-07-19T18:20:00Z,200,post_match,secaucus_to_penn_station,202,720,202,0.28055555555555556,929,derived,Derived from synthetic FinalFlow scenario inputs; not observed event operations.
rain,2026-07-19T18:20:00Z,200,post_match,secaucus_to_meadowlands,0,480,0,0.0,0,derived,Derived from synthetic FinalFlow scenario inputs; not observed event operations.
rain,2026-07-19T18:20:00Z,200,post_match,meadowlands_to_secaucus,140,480,140,0.2916666666666667,697,derived,Derived from synthetic FinalFlow scenario inputs; not observed event operations.
rain,2026-07-19T18:20:00Z,200,post_match,meadowlands_to_stadium,0,720,0,0.0,0,derived,Derived from synthetic FinalFlow scenario inputs; not observed event operations.
rain,2026-07-19T18:20:00Z,200,post_match,stadium_to_meadowlands,0,720,0,0.0,126,derived,Derived from synthetic FinalFlow scenario inputs; not observed event operations.
rain,2026-07-19T18:25:00Z,205,post_match,midtown_to_penn_station,0,480,0,0.0,0,derived,Derived from synthetic FinalFlow scenario inputs; not observed event operations.
rain,2026-07-19T18:25:00Z,205,post_match,penn_station_to_midtown,213,480,213,0.44375,1105,derived,Derived from synthetic FinalFlow scenario inputs; not observed event operations.
rain,2026-07-19T18:25:00Z,205,post_match,penn_station_to_secaucus,0,720,0,0.0,0,derived,Derived from synthetic FinalFlow scenario inputs; not observed event operations.
rain,2026-07-19T18:25:00Z,205,post_match,secaucus_to_penn_station,182,720,182,0.25277777777777777,849,derived,Derived from synthetic FinalFlow scenario inputs; not observed event operations.
rain,2026-07-19T18:25:00Z,205,post_match,secaucus_to_meadowlands,0,480,0,0.0,0,derived,Derived from synthetic FinalFlow scenario inputs; not observed event operations.
rain,2026-07-19T18:25:00Z,205,post_match,meadowlands_to_secaucus,116,480,116,0.24166666666666667,604,derived,Derived from synthetic FinalFlow scenario inputs; not observed event operations.
rain,2026-07-19T18:25:00Z,205,post_match,meadowlands_to_stadium,0,720,0,0.0,0,derived,Derived from synthetic FinalFlow scenario inputs; not observed event operations.
rain,2026-07-19T18:25:00Z,205,post_match,stadium_to_meadowlands,0,720,0,0.0,0,derived,Derived from synthetic FinalFlow scenario inputs; not observed event operations.
rain,2026-07-19T18:30:00Z,210,post_match,midtown_to_penn_station,0,480,0,0.0,0,derived,Derived from synthetic FinalFlow scenario inputs; not observed event operations.
rain,2026-07-19T18:30:00Z,210,post_match,penn_station_to_midtown,197,480,197,0.41041666666666665,960,derived,Derived from synthetic FinalFlow scenario inputs; not observed event operations.
rain,2026-07-19T18:30:00Z,210,post_match,penn_station_to_secaucus,0,720,0,0.0,0,derived,Derived from synthetic FinalFlow scenario inputs; not observed event operations.
rain,2026-07-19T18:30:00Z,210,post_match,secaucus_to_penn_station,162,720,162,0.225,768,derived,Derived from synthetic FinalFlow scenario inputs; not observed event operations.
rain,2026-07-19T18:30:00Z,210,post_match,secaucus_to_meadowlands,0,480,0,0.0,0,derived,Derived from synthetic FinalFlow scenario inputs; not observed event operations.
rain,2026-07-19T18:30:00Z,210,post_match,meadowlands_to_secaucus,0,480,0,0.0,418,derived,Derived from synthetic FinalFlow scenario inputs; not observed event operations.
rain,2026-07-19T18:30:00Z,210,post_match,meadowlands_to_stadium,0,720,0,0.0,0,derived,Derived from synthetic FinalFlow scenario inputs; not observed event operations.
rain,2026-07-19T18:30:00Z,210,post_match,stadium_to_meadowlands,0,720,0,0.0,0,derived,Derived from synthetic FinalFlow scenario inputs; not observed event operations.
rain,2026-07-19T18:35:00Z,215,post_match,midtown_to_penn_station,0,480,0,0.0,0,derived,Derived from synthetic FinalFlow scenario inputs; not observed event operations.
rain,2026-07-19T18:35:00Z,215,post_match,penn_station_to_midtown,181,480,181,0.3770833333333333,821,derived,Derived from synthetic FinalFlow scenario inputs; not observed event operations.
rain,2026-07-19T18:35:00Z,215,post_match,penn_station_to_secaucus,0,720,0,0.0,0,derived,Derived from synthetic FinalFlow scenario inputs; not observed event operations.
rain,2026-07-19T18:35:00Z,215,post_match,secaucus_to_penn_station,141,720,141,0.19583333333333333,687,derived,Derived from synthetic FinalFlow scenario inputs; not observed event operations.
rain,2026-07-19T18:35:00Z,215,post_match,secaucus_to_meadowlands,0,480,0,0.0,0,derived,Derived from synthetic FinalFlow scenario inputs; not observed event operations.
rain,2026-07-19T18:35:00Z,215,post_match,meadowlands_to_secaucus,0,480,0,0.0,256,derived,Derived from synthetic FinalFlow scenario inputs; not observed event operations.
rain,2026-07-19T18:35:00Z,215,post_match,meadowlands_to_stadium,0,720,0,0.0,0,derived,Derived from synthetic FinalFlow scenario inputs; not observed event operations.
rain,2026-07-19T18:35:00Z,215,post_match,stadium_to_meadowlands,0,720,0,0.0,0,derived,Derived from synthetic FinalFlow scenario inputs; not observed event operations.
rain,2026-07-19T18:40:00Z,220,post_match,midtown_to_penn_station,0,480,0,0.0,0,derived,Derived from synthetic FinalFlow scenario inputs; not observed event operations.
rain,2026-07-19T18:40:00Z,220,post_match,penn_station_to_midtown,164,480,164,0.3416666666666667,755,derived,Derived from synthetic FinalFlow scenario inputs; not observed event operations.
rain,2026-07-19T18:40:00Z,220,post_match,penn_station_to_secaucus,0,720,0,0.0,0,derived,Derived from synthetic FinalFlow scenario inputs; not observed event operations.
rain,2026-07-19T18:40:00Z,220,post_match,secaucus_to_penn_station,122,720,122,0.16944444444444445,607,derived,Derived from synthetic FinalFlow scenario inputs; not observed event operations.
rain,2026-07-19T18:40:00Z,220,post_match,secaucus_to_meadowlands,0,480,0,0.0,0,derived,Derived from synthetic FinalFlow scenario inputs; not observed event operations.
rain,2026-07-19T18:40:00Z,220,post_match,meadowlands_to_secaucus,0,480,0,0.0,116,derived,Derived from synthetic FinalFlow scenario inputs; not observed event operations.
rain,2026-07-19T18:40:00Z,220,post_match,meadowlands_to_stadium,0,720,0,0.0,0,derived,Derived from synthetic FinalFlow scenario inputs; not observed event operations.
rain,2026-07-19T18:40:00Z,220,post_match,stadium_to_meadowlands,0,720,0,0.0,0,derived,Derived from synthetic FinalFlow scenario inputs; not observed event operations.
rain,2026-07-19T18:45:00Z,225,post_match,midtown_to_penn_station,0,480,0,0.0,0,derived,Derived from synthetic FinalFlow scenario inputs; not observed event operations.
rain,2026-07-19T18:45:00Z,225,post_match,penn_station_to_midtown,148,480,148,0.30833333333333335,690,derived,Derived from synthetic FinalFlow scenario inputs; not observed event operations.
rain,2026-07-19T18:45:00Z,225,post_match,penn_station_to_secaucus,0,720,0,0.0,0,derived,Derived from synthetic FinalFlow scenario inputs; not observed event operations.
rain,2026-07-19T18:45:00Z,225,post_match,secaucus_to_penn_station,101,720,101,0.14027777777777778,526,derived,Derived from synthetic FinalFlow scenario inputs; not observed event operations.
rain,2026-07-19T18:45:00Z,225,post_match,secaucus_to_meadowlands,0,480,0,0.0,0,derived,Derived from synthetic FinalFlow scenario inputs; not observed event operations.
rain,2026-07-19T18:45:00Z,225,post_match,meadowlands_to_secaucus,0,480,0,0.0,0,derived,Derived from synthetic FinalFlow scenario inputs; not observed event operations.
rain,2026-07-19T18:45:00Z,225,post_match,meadowlands_to_stadium,0,720,0,0.0,0,derived,Derived from synthetic FinalFlow scenario inputs; not observed event operations.
rain,2026-07-19T18:45:00Z,225,post_match,stadium_to_meadowlands,0,720,0,0.0,0,derived,Derived from synthetic FinalFlow scenario inputs; not observed event operations.
rain,2026-07-19T18:50:00Z,230,post_match,midtown_to_penn_station,0,480,0,0.0,0,derived,Derived from synthetic FinalFlow scenario inputs; not observed event operations.
rain,2026-07-19T18:50:00Z,230,post_match,penn_station_to_midtown,132,480,132,0.275,625,derived,Derived from synthetic FinalFlow scenario inputs; not observed event operations.
rain,2026-07-19T18:50:00Z,230,post_match,penn_station_to_secaucus,0,720,0,0.0,0,derived,Derived from synthetic FinalFlow scenario inputs; not observed event operations.
rain,2026-07-19T18:50:00Z,230,post_match,secaucus_to_penn_station,0,720,0,0.0,364,derived,Derived from synthetic FinalFlow scenario inputs; not observed event operations.
rain,2026-07-19T18:50:00Z,230,post_match,secaucus_to_meadowlands,0,480,0,0.0,0,derived,Derived from synthetic FinalFlow scenario inputs; not observed event operations.
rain,2026-07-19T18:50:00Z,230,post_match,meadowlands_to_secaucus,0,480,0,0.0,0,derived,Derived from synthetic FinalFlow scenario inputs; not observed event operations.
rain,2026-07-19T18:50:00Z,230,post_match,meadowlands_to_stadium,0,720,0,0.0,0,derived,Derived from synthetic FinalFlow scenario inputs; not observed event operations.
rain,2026-07-19T18:50:00Z,230,post_match,stadium_to_meadowlands,0,720,0,0.0,0,derived,Derived from synthetic FinalFlow scenario inputs; not observed event operations.
rain,2026-07-19T18:55:00Z,235,post_match,midtown_to_penn_station,0,480,0,0.0,0,derived,Derived from synthetic FinalFlow scenario inputs; not observed event operations.
rain,2026-07-19T18:55:00Z,235,post_match,penn_station_to_midtown,114,480,114,0.2375,558,derived,Derived from synthetic FinalFlow scenario inputs; not observed event operations.
rain,2026-07-19T18:55:00Z,235,post_match,penn_station_to_secaucus,0,720,0,0.0,0,derived,Derived from synthetic FinalFlow scenario inputs; not observed event operations.
rain,2026-07-19T18:55:00Z,235,post_match,secaucus_to_penn_station,0,720,0,0.0,223,derived,Derived from synthetic FinalFlow scenario inputs; not observed event operations.
rain,2026-07-19T18:55:00Z,235,post_match,secaucus_to_meadowlands,0,480,0,0.0,0,derived,Derived from synthetic FinalFlow scenario inputs; not observed event operations.
rain,2026-07-19T18:55:00Z,235,post_match,meadowlands_to_secaucus,0,480,0,0.0,0,derived,Derived from synthetic FinalFlow scenario inputs; not observed event operations.
rain,2026-07-19T18:55:00Z,235,post_match,meadowlands_to_stadium,0,720,0,0.0,0,derived,Derived from synthetic FinalFlow scenario inputs; not observed event operations.
rain,2026-07-19T18:55:00Z,235,post_match,stadium_to_meadowlands,0,720,0,0.0,0,derived,Derived from synthetic FinalFlow scenario inputs; not observed event operations.
rain,2026-07-19T19:00:00Z,240,post_match,midtown_to_penn_station,0,480,0,0.0,0,derived,Derived from synthetic FinalFlow scenario inputs; not observed event operations.
rain,2026-07-19T19:00:00Z,240,post_match,penn_station_to_midtown,99,480,99,0.20625,493,derived,Derived from synthetic FinalFlow scenario inputs; not observed event operations.
rain,2026-07-19T19:00:00Z,240,post_match,penn_station_to_secaucus,0,720,0,0.0,0,derived,Derived from synthetic FinalFlow scenario inputs; not observed event operations.
rain,2026-07-19T19:00:00Z,240,post_match,secaucus_to_penn_station,0,720,0,0.0,101,derived,Derived from synthetic FinalFlow scenario inputs; not observed event operations.
rain,2026-07-19T19:00:00Z,240,post_match,secaucus_to_meadowlands,0,480,0,0.0,0,derived,Derived from synthetic FinalFlow scenario inputs; not observed event operations.
rain,2026-07-19T19:00:00Z,240,post_match,meadowlands_to_secaucus,0,480,0,0.0,0,derived,Derived from synthetic FinalFlow scenario inputs; not observed event operations.
rain,2026-07-19T19:00:00Z,240,post_match,meadowlands_to_stadium,0,720,0,0.0,0,derived,Derived from synthetic FinalFlow scenario inputs; not observed event operations.
rain,2026-07-19T19:00:00Z,240,post_match,stadium_to_meadowlands,0,720,0,0.0,0,derived,Derived from synthetic FinalFlow scenario inputs; not observed event operations.
rain,2026-07-19T19:05:00Z,245,post_match,midtown_to_penn_station,0,480,0,0.0,0,derived,Derived from synthetic FinalFlow scenario inputs; not observed event operations.
rain,2026-07-19T19:05:00Z,245,post_match,penn_station_to_midtown,82,480,82,0.17083333333333334,427,derived,Derived from synthetic FinalFlow scenario inputs; not observed event operations.
rain,2026-07-19T19:05:00Z,245,post_match,penn_station_to_secaucus,0,720,0,0.0,0,derived,Derived from synthetic FinalFlow scenario inputs; not observed event operations.
rain,2026-07-19T19:05:00Z,245,post_match,secaucus_to_penn_station,0,720,0,0.0,0,derived,Derived from synthetic FinalFlow scenario inputs; not observed event operations.
rain,2026-07-19T19:05:00Z,245,post_match,secaucus_to_meadowlands,0,480,0,0.0,0,derived,Derived from synthetic FinalFlow scenario inputs; not observed event operations.
rain,2026-07-19T19:05:00Z,245,post_match,meadowlands_to_secaucus,0,480,0,0.0,0,derived,Derived from synthetic FinalFlow scenario inputs; not observed event operations.
rain,2026-07-19T19:05:00Z,245,post_match,meadowlands_to_stadium,0,720,0,0.0,0,derived,Derived from synthetic FinalFlow scenario inputs; not observed event operations.
rain,2026-07-19T19:05:00Z,245,post_match,stadium_to_meadowlands,0,720,0,0.0,0,derived,Derived from synthetic FinalFlow scenario inputs; not observed event operations.
rain,2026-07-19T19:10:00Z,250,post_match,midtown_to_penn_station,0,480,0,0.0,0,derived,Derived from synthetic FinalFlow scenario inputs; not observed event operations.
rain,2026-07-19T19:10:00Z,250,post_match,penn_station_to_midtown,0,480,0,0.0,295,derived,Derived from synthetic FinalFlow scenario inputs; not observed event operations.
rain,2026-07-19T19:10:00Z,250,post_match,penn_station_to_secaucus,0,720,0,0.0,0,derived,Derived from synthetic FinalFlow scenario inputs; not observed event operations.
rain,2026-07-19T19:10:00Z,250,post_match,secaucus_to_penn_station,0,720,0,0.0,0,derived,Derived from synthetic FinalFlow scenario inputs; not observed event operations.
rain,2026-07-19T19:10:00Z,250,post_match,secaucus_to_meadowlands,0,480,0,0.0,0,derived,Derived from synthetic FinalFlow scenario inputs; not observed event operations.
rain,2026-07-19T19:10:00Z,250,post_match,meadowlands_to_secaucus,0,480,0,0.0,0,derived,Derived from synthetic FinalFlow scenario inputs; not observed event operations.
rain,2026-07-19T19:10:00Z,250,post_match,meadowlands_to_stadium,0,720,0,0.0,0,derived,Derived from synthetic FinalFlow scenario inputs; not observed event operations.
rain,2026-07-19T19:10:00Z,250,post_match,stadium_to_meadowlands,0,720,0,0.0,0,derived,Derived from synthetic FinalFlow scenario inputs; not observed event operations.
rain,2026-07-19T19:15:00Z,255,post_match,midtown_to_penn_station,0,480,0,0.0,0,derived,Derived from synthetic FinalFlow scenario inputs; not observed event operations.
rain,2026-07-19T19:15:00Z,255,post_match,penn_station_to_midtown,0,480,0,0.0,181,derived,Derived from synthetic FinalFlow scenario inputs; not observed event operations.
rain,2026-07-19T19:15:00Z,255,post_match,penn_station_to_secaucus,0,720,0,0.0,0,derived,Derived from synthetic FinalFlow scenario inputs; not observed event operations.
rain,2026-07-19T19:15:00Z,255,post_match,secaucus_to_penn_station,0,720,0,0.0,0,derived,Derived from synthetic FinalFlow scenario inputs; not observed event operations.
rain,2026-07-19T19:15:00Z,255,post_match,secaucus_to_meadowlands,0,480,0,0.0,0,derived,Derived from synthetic FinalFlow scenario inputs; not observed event operations.
rain,2026-07-19T19:15:00Z,255,post_match,meadowlands_to_secaucus,0,480,0,0.0,0,derived,Derived from synthetic FinalFlow scenario inputs; not observed event operations.
rain,2026-07-19T19:15:00Z,255,post_match,meadowlands_to_stadium,0,720,0,0.0,0,derived,Derived from synthetic FinalFlow scenario inputs; not observed event operations.
rain,2026-07-19T19:15:00Z,255,post_match,stadium_to_meadowlands,0,720,0,0.0,0,derived,Derived from synthetic FinalFlow scenario inputs; not observed event operations.
rain,2026-07-19T19:20:00Z,260,post_match,midtown_to_penn_station,0,480,0,0.0,0,derived,Derived from synthetic FinalFlow scenario inputs; not observed event operations.
rain,2026-07-19T19:20:00Z,260,post_match,penn_station_to_midtown,0,480,0,0.0,82,derived,Derived from synthetic FinalFlow scenario inputs; not observed event operations.
rain,2026-07-19T19:20:00Z,260,post_match,penn_station_to_secaucus,0,720,0,0.0,0,derived,Derived from synthetic FinalFlow scenario inputs; not observed event operations.
rain,2026-07-19T19:20:00Z,260,post_match,secaucus_to_penn_station,0,720,0,0.0,0,derived,Derived from synthetic FinalFlow scenario inputs; not observed event operations.
rain,2026-07-19T19:20:00Z,260,post_match,secaucus_to_meadowlands,0,480,0,0.0,0,derived,Derived from synthetic FinalFlow scenario inputs; not observed event operations.
rain,2026-07-19T19:20:00Z,260,post_match,meadowlands_to_secaucus,0,480,0,0.0,0,derived,Derived from synthetic FinalFlow scenario inputs; not observed event operations.
rain,2026-07-19T19:20:00Z,260,post_match,meadowlands_to_stadium,0,720,0,0.0,0,derived,Derived from synthetic FinalFlow scenario inputs; not observed event operations.
rain,2026-07-19T19:20:00Z,260,post_match,stadium_to_meadowlands,0,720,0,0.0,0,derived,Derived from synthetic FinalFlow scenario inputs; not observed event operations.
rain,2026-07-19T19:25:00Z,265,post_match,midtown_to_penn_station,0,480,0,0.0,0,derived,Derived from synthetic FinalFlow scenario inputs; not observed event operations.
rain,2026-07-19T19:25:00Z,265,post_match,penn_station_to_midtown,0,480,0,0.0,0,derived,Derived from synthetic FinalFlow scenario inputs; not observed event operations.
rain,2026-07-19T19:25:00Z,265,post_match,penn_station_to_secaucus,0,720,0,0.0,0,derived,Derived from synthetic FinalFlow scenario inputs; not observed event operations.
rain,2026-07-19T19:25:00Z,265,post_match,secaucus_to_penn_station,0,720,0,0.0,0,derived,Derived from synthetic FinalFlow scenario inputs; not observed event operations.
rain,2026-07-19T19:25:00Z,265,post_match,secaucus_to_meadowlands,0,480,0,0.0,0,derived,Derived from synthetic FinalFlow scenario inputs; not observed event operations.
rain,2026-07-19T19:25:00Z,265,post_match,meadowlands_to_secaucus,0,480,0,0.0,0,derived,Derived from synthetic FinalFlow scenario inputs; not observed event operations.
rain,2026-07-19T19:25:00Z,265,post_match,meadowlands_to_stadium,0,720,0,0.0,0,derived,Derived from synthetic FinalFlow scenario inputs; not observed event operations.
rain,2026-07-19T19:25:00Z,265,post_match,stadium_to_meadowlands,0,720,0,0.0,0,derived,Derived from synthetic FinalFlow scenario inputs; not observed event operations.
rain,2026-07-19T19:30:00Z,270,post_match,midtown_to_penn_station,0,480,0,0.0,0,derived,Derived from synthetic FinalFlow scenario inputs; not observed event operations.
rain,2026-07-19T19:30:00Z,270,post_match,penn_station_to_midtown,0,480,0,0.0,0,derived,Derived from synthetic FinalFlow scenario inputs; not observed event operations.
rain,2026-07-19T19:30:00Z,270,post_match,penn_station_to_secaucus,0,720,0,0.0,0,derived,Derived from synthetic FinalFlow scenario inputs; not observed event operations.
rain,2026-07-19T19:30:00Z,270,post_match,secaucus_to_penn_station,0,720,0,0.0,0,derived,Derived from synthetic FinalFlow scenario inputs; not observed event operations.
rain,2026-07-19T19:30:00Z,270,post_match,secaucus_to_meadowlands,0,480,0,0.0,0,derived,Derived from synthetic FinalFlow scenario inputs; not observed event operations.
rain,2026-07-19T19:30:00Z,270,post_match,meadowlands_to_secaucus,0,480,0,0.0,0,derived,Derived from synthetic FinalFlow scenario inputs; not observed event operations.
rain,2026-07-19T19:30:00Z,270,post_match,meadowlands_to_stadium,0,720,0,0.0,0,derived,Derived from synthetic FinalFlow scenario inputs; not observed event operations.
rain,2026-07-19T19:30:00Z,270,post_match,stadium_to_meadowlands,0,720,0,0.0,0,derived,Derived from synthetic FinalFlow scenario inputs; not observed event operations.
rain,2026-07-19T19:35:00Z,275,post_match,midtown_to_penn_station,0,480,0,0.0,0,derived,Derived from synthetic FinalFlow scenario inputs; not observed event operations.
rain,2026-07-19T19:35:00Z,275,post_match,penn_station_to_midtown,0,480,0,0.0,0,derived,Derived from synthetic FinalFlow scenario inputs; not observed event operations.
rain,2026-07-19T19:35:00Z,275,post_match,penn_station_to_secaucus,0,720,0,0.0,0,derived,Derived from synthetic FinalFlow scenario inputs; not observed event operations.
rain,2026-07-19T19:35:00Z,275,post_match,secaucus_to_penn_station,0,720,0,0.0,0,derived,Derived from synthetic FinalFlow scenario inputs; not observed event operations.
rain,2026-07-19T19:35:00Z,275,post_match,secaucus_to_meadowlands,0,480,0,0.0,0,derived,Derived from synthetic FinalFlow scenario inputs; not observed event operations.
rain,2026-07-19T19:35:00Z,275,post_match,meadowlands_to_secaucus,0,480,0,0.0,0,derived,Derived from synthetic FinalFlow scenario inputs; not observed event operations.
rain,2026-07-19T19:35:00Z,275,post_match,meadowlands_to_stadium,0,720,0,0.0,0,derived,Derived from synthetic FinalFlow scenario inputs; not observed event operations.
rain,2026-07-19T19:35:00Z,275,post_match,stadium_to_meadowlands,0,720,0,0.0,0,derived,Derived from synthetic FinalFlow scenario inputs; not observed event operations.
rain,2026-07-19T19:40:00Z,280,post_match,midtown_to_penn_station,0,480,0,0.0,0,derived,Derived from synthetic FinalFlow scenario inputs; not observed event operations.
rain,2026-07-19T19:40:00Z,280,post_match,penn_station_to_midtown,0,480,0,0.0,0,derived,Derived from synthetic FinalFlow scenario inputs; not observed event operations.
rain,2026-07-19T19:40:00Z,280,post_match,penn_station_to_secaucus,0,720,0,0.0,0,derived,Derived from synthetic FinalFlow scenario inputs; not observed event operations.
rain,2026-07-19T19:40:00Z,280,post_match,secaucus_to_penn_station,0,720,0,0.0,0,derived,Derived from synthetic FinalFlow scenario inputs; not observed event operations.
rain,2026-07-19T19:40:00Z,280,post_match,secaucus_to_meadowlands,0,480,0,0.0,0,derived,Derived from synthetic FinalFlow scenario inputs; not observed event operations.
rain,2026-07-19T19:40:00Z,280,post_match,meadowlands_to_secaucus,0,480,0,0.0,0,derived,Derived from synthetic FinalFlow scenario inputs; not observed event operations.
rain,2026-07-19T19:40:00Z,280,post_match,meadowlands_to_stadium,0,720,0,0.0,0,derived,Derived from synthetic FinalFlow scenario inputs; not observed event operations.
rain,2026-07-19T19:40:00Z,280,post_match,stadium_to_meadowlands,0,720,0,0.0,0,derived,Derived from synthetic FinalFlow scenario inputs; not observed event operations.
rain,2026-07-19T19:45:00Z,285,post_match,midtown_to_penn_station,0,480,0,0.0,0,derived,Derived from synthetic FinalFlow scenario inputs; not observed event operations.
rain,2026-07-19T19:45:00Z,285,post_match,penn_station_to_midtown,0,480,0,0.0,0,derived,Derived from synthetic FinalFlow scenario inputs; not observed event operations.
rain,2026-07-19T19:45:00Z,285,post_match,penn_station_to_secaucus,0,720,0,0.0,0,derived,Derived from synthetic FinalFlow scenario inputs; not observed event operations.
rain,2026-07-19T19:45:00Z,285,post_match,secaucus_to_penn_station,0,720,0,0.0,0,derived,Derived from synthetic FinalFlow scenario inputs; not observed event operations.
rain,2026-07-19T19:45:00Z,285,post_match,secaucus_to_meadowlands,0,480,0,0.0,0,derived,Derived from synthetic FinalFlow scenario inputs; not observed event operations.
rain,2026-07-19T19:45:00Z,285,post_match,meadowlands_to_secaucus,0,480,0,0.0,0,derived,Derived from synthetic FinalFlow scenario inputs; not observed event operations.
rain,2026-07-19T19:45:00Z,285,post_match,meadowlands_to_stadium,0,720,0,0.0,0,derived,Derived from synthetic FinalFlow scenario inputs; not observed event operations.
rain,2026-07-19T19:45:00Z,285,post_match,stadium_to_meadowlands,0,720,0,0.0,0,derived,Derived from synthetic FinalFlow scenario inputs; not observed event operations.
rain,2026-07-19T19:50:00Z,290,post_match,midtown_to_penn_station,0,480,0,0.0,0,derived,Derived from synthetic FinalFlow scenario inputs; not observed event operations.
rain,2026-07-19T19:50:00Z,290,post_match,penn_station_to_midtown,0,480,0,0.0,0,derived,Derived from synthetic FinalFlow scenario inputs; not observed event operations.
rain,2026-07-19T19:50:00Z,290,post_match,penn_station_to_secaucus,0,720,0,0.0,0,derived,Derived from synthetic FinalFlow scenario inputs; not observed event operations.
rain,2026-07-19T19:50:00Z,290,post_match,secaucus_to_penn_station,0,720,0,0.0,0,derived,Derived from synthetic FinalFlow scenario inputs; not observed event operations.
rain,2026-07-19T19:50:00Z,290,post_match,secaucus_to_meadowlands,0,480,0,0.0,0,derived,Derived from synthetic FinalFlow scenario inputs; not observed event operations.
rain,2026-07-19T19:50:00Z,290,post_match,meadowlands_to_secaucus,0,480,0,0.0,0,derived,Derived from synthetic FinalFlow scenario inputs; not observed event operations.
rain,2026-07-19T19:50:00Z,290,post_match,meadowlands_to_stadium,0,720,0,0.0,0,derived,Derived from synthetic FinalFlow scenario inputs; not observed event operations.
rain,2026-07-19T19:50:00Z,290,post_match,stadium_to_meadowlands,0,720,0,0.0,0,derived,Derived from synthetic FinalFlow scenario inputs; not observed event operations.
rain,2026-07-19T19:55:00Z,295,post_match,midtown_to_penn_station,0,480,0,0.0,0,derived,Derived from synthetic FinalFlow scenario inputs; not observed event operations.
rain,2026-07-19T19:55:00Z,295,post_match,penn_station_to_midtown,0,480,0,0.0,0,derived,Derived from synthetic FinalFlow scenario inputs; not observed event operations.
rain,2026-07-19T19:55:00Z,295,post_match,penn_station_to_secaucus,0,720,0,0.0,0,derived,Derived from synthetic FinalFlow scenario inputs; not observed event operations.
rain,2026-07-19T19:55:00Z,295,post_match,secaucus_to_penn_station,0,720,0,0.0,0,derived,Derived from synthetic FinalFlow scenario inputs; not observed event operations.
rain,2026-07-19T19:55:00Z,295,post_match,secaucus_to_meadowlands,0,480,0,0.0,0,derived,Derived from synthetic FinalFlow scenario inputs; not observed event operations.
rain,2026-07-19T19:55:00Z,295,post_match,meadowlands_to_secaucus,0,480,0,0.0,0,derived,Derived from synthetic FinalFlow scenario inputs; not observed event operations.
rain,2026-07-19T19:55:00Z,295,post_match,meadowlands_to_stadium,0,720,0,0.0,0,derived,Derived from synthetic FinalFlow scenario inputs; not observed event operations.
rain,2026-07-19T19:55:00Z,295,post_match,stadium_to_meadowlands,0,720,0,0.0,0,derived,Derived from synthetic FinalFlow scenario inputs; not observed event operations.
rain,2026-07-19T20:00:00Z,300,post_match,midtown_to_penn_station,0,480,0,0.0,0,derived,Derived from synthetic FinalFlow scenario inputs; not observed event operations.
rain,2026-07-19T20:00:00Z,300,post_match,penn_station_to_midtown,0,480,0,0.0,0,derived,Derived from synthetic FinalFlow scenario inputs; not observed event operations.
rain,2026-07-19T20:00:00Z,300,post_match,penn_station_to_secaucus,0,720,0,0.0,0,derived,Derived from synthetic FinalFlow scenario inputs; not observed event operations.
rain,2026-07-19T20:00:00Z,300,post_match,secaucus_to_penn_station,0,720,0,0.0,0,derived,Derived from synthetic FinalFlow scenario inputs; not observed event operations.
rain,2026-07-19T20:00:00Z,300,post_match,secaucus_to_meadowlands,0,480,0,0.0,0,derived,Derived from synthetic FinalFlow scenario inputs; not observed event operations.
rain,2026-07-19T20:00:00Z,300,post_match,meadowlands_to_secaucus,0,480,0,0.0,0,derived,Derived from synthetic FinalFlow scenario inputs; not observed event operations.
rain,2026-07-19T20:00:00Z,300,post_match,meadowlands_to_stadium,0,720,0,0.0,0,derived,Derived from synthetic FinalFlow scenario inputs; not observed event operations.
rain,2026-07-19T20:00:00Z,300,post_match,stadium_to_meadowlands,0,720,0,0.0,0,derived,Derived from synthetic FinalFlow scenario inputs; not observed event operations.
rain,2026-07-19T20:05:00Z,305,post_match,midtown_to_penn_station,0,480,0,0.0,0,derived,Derived from synthetic FinalFlow scenario inputs; not observed event operations.
rain,2026-07-19T20:05:00Z,305,post_match,penn_station_to_midtown,0,480,0,0.0,0,derived,Derived from synthetic FinalFlow scenario inputs; not observed event operations.
rain,2026-07-19T20:05:00Z,305,post_match,penn_station_to_secaucus,0,720,0,0.0,0,derived,Derived from synthetic FinalFlow scenario inputs; not observed event operations.
rain,2026-07-19T20:05:00Z,305,post_match,secaucus_to_penn_station,0,720,0,0.0,0,derived,Derived from synthetic FinalFlow scenario inputs; not observed event operations.
rain,2026-07-19T20:05:00Z,305,post_match,secaucus_to_meadowlands,0,480,0,0.0,0,derived,Derived from synthetic FinalFlow scenario inputs; not observed event operations.
rain,2026-07-19T20:05:00Z,305,post_match,meadowlands_to_secaucus,0,480,0,0.0,0,derived,Derived from synthetic FinalFlow scenario inputs; not observed event operations.
rain,2026-07-19T20:05:00Z,305,post_match,meadowlands_to_stadium,0,720,0,0.0,0,derived,Derived from synthetic FinalFlow scenario inputs; not observed event operations.
rain,2026-07-19T20:05:00Z,305,post_match,stadium_to_meadowlands,0,720,0,0.0,0,derived,Derived from synthetic FinalFlow scenario inputs; not observed event operations.
rain,2026-07-19T20:10:00Z,310,post_match,midtown_to_penn_station,0,480,0,0.0,0,derived,Derived from synthetic FinalFlow scenario inputs; not observed event operations.
rain,2026-07-19T20:10:00Z,310,post_match,penn_station_to_midtown,0,480,0,0.0,0,derived,Derived from synthetic FinalFlow scenario inputs; not observed event operations.
rain,2026-07-19T20:10:00Z,310,post_match,penn_station_to_secaucus,0,720,0,0.0,0,derived,Derived from synthetic FinalFlow scenario inputs; not observed event operations.
rain,2026-07-19T20:10:00Z,310,post_match,secaucus_to_penn_station,0,720,0,0.0,0,derived,Derived from synthetic FinalFlow scenario inputs; not observed event operations.
rain,2026-07-19T20:10:00Z,310,post_match,secaucus_to_meadowlands,0,480,0,0.0,0,derived,Derived from synthetic FinalFlow scenario inputs; not observed event operations.
rain,2026-07-19T20:10:00Z,310,post_match,meadowlands_to_secaucus,0,480,0,0.0,0,derived,Derived from synthetic FinalFlow scenario inputs; not observed event operations.
rain,2026-07-19T20:10:00Z,310,post_match,meadowlands_to_stadium,0,720,0,0.0,0,derived,Derived from synthetic FinalFlow scenario inputs; not observed event operations.
rain,2026-07-19T20:10:00Z,310,post_match,stadium_to_meadowlands,0,720,0,0.0,0,derived,Derived from synthetic FinalFlow scenario inputs; not observed event operations.
rain,2026-07-19T20:15:00Z,315,post_match,midtown_to_penn_station,0,480,0,0.0,0,derived,Derived from synthetic FinalFlow scenario inputs; not observed event operations.
rain,2026-07-19T20:15:00Z,315,post_match,penn_station_to_midtown,0,480,0,0.0,0,derived,Derived from synthetic FinalFlow scenario inputs; not observed event operations.
rain,2026-07-19T20:15:00Z,315,post_match,penn_station_to_secaucus,0,720,0,0.0,0,derived,Derived from synthetic FinalFlow scenario inputs; not observed event operations.
rain,2026-07-19T20:15:00Z,315,post_match,secaucus_to_penn_station,0,720,0,0.0,0,derived,Derived from synthetic FinalFlow scenario inputs; not observed event operations.
rain,2026-07-19T20:15:00Z,315,post_match,secaucus_to_meadowlands,0,480,0,0.0,0,derived,Derived from synthetic FinalFlow scenario inputs; not observed event operations.
rain,2026-07-19T20:15:00Z,315,post_match,meadowlands_to_secaucus,0,480,0,0.0,0,derived,Derived from synthetic FinalFlow scenario inputs; not observed event operations.
rain,2026-07-19T20:15:00Z,315,post_match,meadowlands_to_stadium,0,720,0,0.0,0,derived,Derived from synthetic FinalFlow scenario inputs; not observed event operations.
rain,2026-07-19T20:15:00Z,315,post_match,stadium_to_meadowlands,0,720,0,0.0,0,derived,Derived from synthetic FinalFlow scenario inputs; not observed event operations.
staggered_departure,2026-07-19T12:00:00Z,-180,pre_match,midtown_to_penn_station,0,600,0,0.0,0,derived,Derived from synthetic FinalFlow scenario inputs; not observed event operations.
staggered_departure,2026-07-19T12:00:00Z,-180,pre_match,penn_station_to_midtown,0,600,0,0.0,0,derived,Derived from synthetic FinalFlow scenario inputs; not observed event operations.
staggered_departure,2026-07-19T12:00:00Z,-180,pre_match,penn_station_to_secaucus,0,900,0,0.0,0,derived,Derived from synthetic FinalFlow scenario inputs; not observed event operations.
staggered_departure,2026-07-19T12:00:00Z,-180,pre_match,secaucus_to_penn_station,0,900,0,0.0,0,derived,Derived from synthetic FinalFlow scenario inputs; not observed event operations.
staggered_departure,2026-07-19T12:00:00Z,-180,pre_match,secaucus_to_meadowlands,0,600,0,0.0,0,derived,Derived from synthetic FinalFlow scenario inputs; not observed event operations.
staggered_departure,2026-07-19T12:00:00Z,-180,pre_match,meadowlands_to_secaucus,0,600,0,0.0,0,derived,Derived from synthetic FinalFlow scenario inputs; not observed event operations.
staggered_departure,2026-07-19T12:00:00Z,-180,pre_match,meadowlands_to_stadium,0,900,0,0.0,0,derived,Derived from synthetic FinalFlow scenario inputs; not observed event operations.
staggered_departure,2026-07-19T12:00:00Z,-180,pre_match,stadium_to_meadowlands,0,900,0,0.0,0,derived,Derived from synthetic FinalFlow scenario inputs; not observed event operations.
staggered_departure,2026-07-19T12:05:00Z,-175,pre_match,midtown_to_penn_station,0,600,0,0.0,0,derived,Derived from synthetic FinalFlow scenario inputs; not observed event operations.
staggered_departure,2026-07-19T12:05:00Z,-175,pre_match,penn_station_to_midtown,0,600,0,0.0,0,derived,Derived from synthetic FinalFlow scenario inputs; not observed event operations.
staggered_departure,2026-07-19T12:05:00Z,-175,pre_match,penn_station_to_secaucus,0,900,0,0.0,0,derived,Derived from synthetic FinalFlow scenario inputs; not observed event operations.
staggered_departure,2026-07-19T12:05:00Z,-175,pre_match,secaucus_to_penn_station,0,900,0,0.0,0,derived,Derived from synthetic FinalFlow scenario inputs; not observed event operations.
staggered_departure,2026-07-19T12:05:00Z,-175,pre_match,secaucus_to_meadowlands,0,600,0,0.0,0,derived,Derived from synthetic FinalFlow scenario inputs; not observed event operations.
staggered_departure,2026-07-19T12:05:00Z,-175,pre_match,meadowlands_to_secaucus,0,600,0,0.0,0,derived,Derived from synthetic FinalFlow scenario inputs; not observed event operations.
staggered_departure,2026-07-19T12:05:00Z,-175,pre_match,meadowlands_to_stadium,0,900,0,0.0,0,derived,Derived from synthetic FinalFlow scenario inputs; not observed event operations.
staggered_departure,2026-07-19T12:05:00Z,-175,pre_match,stadium_to_meadowlands,0,900,0,0.0,0,derived,Derived from synthetic FinalFlow scenario inputs; not observed event operations.
staggered_departure,2026-07-19T12:10:00Z,-170,pre_match,midtown_to_penn_station,0,600,0,0.0,0,derived,Derived from synthetic FinalFlow scenario inputs; not observed event operations.
staggered_departure,2026-07-19T12:10:00Z,-170,pre_match,penn_station_to_midtown,0,600,0,0.0,0,derived,Derived from synthetic FinalFlow scenario inputs; not observed event operations.
staggered_departure,2026-07-19T12:10:00Z,-170,pre_match,penn_station_to_secaucus,0,900,0,0.0,0,derived,Derived from synthetic FinalFlow scenario inputs; not observed event operations.
staggered_departure,2026-07-19T12:10:00Z,-170,pre_match,secaucus_to_penn_station,0,900,0,0.0,0,derived,Derived from synthetic FinalFlow scenario inputs; not observed event operations.
staggered_departure,2026-07-19T12:10:00Z,-170,pre_match,secaucus_to_meadowlands,0,600,0,0.0,0,derived,Derived from synthetic FinalFlow scenario inputs; not observed event operations.
staggered_departure,2026-07-19T12:10:00Z,-170,pre_match,meadowlands_to_secaucus,0,600,0,0.0,0,derived,Derived from synthetic FinalFlow scenario inputs; not observed event operations.
staggered_departure,2026-07-19T12:10:00Z,-170,pre_match,meadowlands_to_stadium,0,900,0,0.0,0,derived,Derived from synthetic FinalFlow scenario inputs; not observed event operations.
staggered_departure,2026-07-19T12:10:00Z,-170,pre_match,stadium_to_meadowlands,0,900,0,0.0,0,derived,Derived from synthetic FinalFlow scenario inputs; not observed event operations.
staggered_departure,2026-07-19T12:15:00Z,-165,pre_match,midtown_to_penn_station,0,600,0,0.0,0,derived,Derived from synthetic FinalFlow scenario inputs; not observed event operations.
staggered_departure,2026-07-19T12:15:00Z,-165,pre_match,penn_station_to_midtown,0,600,0,0.0,0,derived,Derived from synthetic FinalFlow scenario inputs; not observed event operations.
staggered_departure,2026-07-19T12:15:00Z,-165,pre_match,penn_station_to_secaucus,0,900,0,0.0,0,derived,Derived from synthetic FinalFlow scenario inputs; not observed event operations.
staggered_departure,2026-07-19T12:15:00Z,-165,pre_match,secaucus_to_penn_station,0,900,0,0.0,0,derived,Derived from synthetic FinalFlow scenario inputs; not observed event operations.
staggered_departure,2026-07-19T12:15:00Z,-165,pre_match,secaucus_to_meadowlands,0,600,0,0.0,0,derived,Derived from synthetic FinalFlow scenario inputs; not observed event operations.
staggered_departure,2026-07-19T12:15:00Z,-165,pre_match,meadowlands_to_secaucus,0,600,0,0.0,0,derived,Derived from synthetic FinalFlow scenario inputs; not observed event operations.
staggered_departure,2026-07-19T12:15:00Z,-165,pre_match,meadowlands_to_stadium,0,900,0,0.0,0,derived,Derived from synthetic FinalFlow scenario inputs; not observed event operations.
staggered_departure,2026-07-19T12:15:00Z,-165,pre_match,stadium_to_meadowlands,0,900,0,0.0,0,derived,Derived from synthetic FinalFlow scenario inputs; not observed event operations.
staggered_departure,2026-07-19T12:20:00Z,-160,pre_match,midtown_to_penn_station,0,600,0,0.0,0,derived,Derived from synthetic FinalFlow scenario inputs; not observed event operations.
staggered_departure,2026-07-19T12:20:00Z,-160,pre_match,penn_station_to_midtown,0,600,0,0.0,0,derived,Derived from synthetic FinalFlow scenario inputs; not observed event operations.
staggered_departure,2026-07-19T12:20:00Z,-160,pre_match,penn_station_to_secaucus,0,900,0,0.0,0,derived,Derived from synthetic FinalFlow scenario inputs; not observed event operations.
staggered_departure,2026-07-19T12:20:00Z,-160,pre_match,secaucus_to_penn_station,0,900,0,0.0,0,derived,Derived from synthetic FinalFlow scenario inputs; not observed event operations.
staggered_departure,2026-07-19T12:20:00Z,-160,pre_match,secaucus_to_meadowlands,0,600,0,0.0,0,derived,Derived from synthetic FinalFlow scenario inputs; not observed event operations.
staggered_departure,2026-07-19T12:20:00Z,-160,pre_match,meadowlands_to_secaucus,0,600,0,0.0,0,derived,Derived from synthetic FinalFlow scenario inputs; not observed event operations.
staggered_departure,2026-07-19T12:20:00Z,-160,pre_match,meadowlands_to_stadium,0,900,0,0.0,0,derived,Derived from synthetic FinalFlow scenario inputs; not observed event operations.
staggered_departure,2026-07-19T12:20:00Z,-160,pre_match,stadium_to_meadowlands,0,900,0,0.0,0,derived,Derived from synthetic FinalFlow scenario inputs; not observed event operations.
staggered_departure,2026-07-19T12:25:00Z,-155,pre_match,midtown_to_penn_station,0,600,0,0.0,0,derived,Derived from synthetic FinalFlow scenario inputs; not observed event operations.
staggered_departure,2026-07-19T12:25:00Z,-155,pre_match,penn_station_to_midtown,0,600,0,0.0,0,derived,Derived from synthetic FinalFlow scenario inputs; not observed event operations.
staggered_departure,2026-07-19T12:25:00Z,-155,pre_match,penn_station_to_secaucus,0,900,0,0.0,0,derived,Derived from synthetic FinalFlow scenario inputs; not observed event operations.
staggered_departure,2026-07-19T12:25:00Z,-155,pre_match,secaucus_to_penn_station,0,900,0,0.0,0,derived,Derived from synthetic FinalFlow scenario inputs; not observed event operations.
staggered_departure,2026-07-19T12:25:00Z,-155,pre_match,secaucus_to_meadowlands,0,600,0,0.0,0,derived,Derived from synthetic FinalFlow scenario inputs; not observed event operations.
staggered_departure,2026-07-19T12:25:00Z,-155,pre_match,meadowlands_to_secaucus,0,600,0,0.0,0,derived,Derived from synthetic FinalFlow scenario inputs; not observed event operations.
staggered_departure,2026-07-19T12:25:00Z,-155,pre_match,meadowlands_to_stadium,0,900,0,0.0,0,derived,Derived from synthetic FinalFlow scenario inputs; not observed event operations.
staggered_departure,2026-07-19T12:25:00Z,-155,pre_match,stadium_to_meadowlands,0,900,0,0.0,0,derived,Derived from synthetic FinalFlow scenario inputs; not observed event operations.
staggered_departure,2026-07-19T12:30:00Z,-150,pre_match,midtown_to_penn_station,12,600,12,0.02,12,derived,Derived from synthetic FinalFlow scenario inputs; not observed event operations.
staggered_departure,2026-07-19T12:30:00Z,-150,pre_match,penn_station_to_midtown,0,600,0,0.0,0,derived,Derived from synthetic FinalFlow scenario inputs; not observed event operations.
staggered_departure,2026-07-19T12:30:00Z,-150,pre_match,penn_station_to_secaucus,3,900,3,0.0033333333333333335,3,derived,Derived from synthetic FinalFlow scenario inputs; not observed event operations.
staggered_departure,2026-07-19T12:30:00Z,-150,pre_match,secaucus_to_penn_station,0,900,0,0.0,0,derived,Derived from synthetic FinalFlow scenario inputs; not observed event operations.
staggered_departure,2026-07-19T12:30:00Z,-150,pre_match,secaucus_to_meadowlands,3,600,3,0.005,3,derived,Derived from synthetic FinalFlow scenario inputs; not observed event operations.
staggered_departure,2026-07-19T12:30:00Z,-150,pre_match,meadowlands_to_secaucus,0,600,0,0.0,0,derived,Derived from synthetic FinalFlow scenario inputs; not observed event operations.
staggered_departure,2026-07-19T12:30:00Z,-150,pre_match,meadowlands_to_stadium,1,900,1,0.0011111111111111111,1,derived,Derived from synthetic FinalFlow scenario inputs; not observed event operations.
staggered_departure,2026-07-19T12:30:00Z,-150,pre_match,stadium_to_meadowlands,0,900,0,0.0,0,derived,Derived from synthetic FinalFlow scenario inputs; not observed event operations.
staggered_departure,2026-07-19T12:35:00Z,-145,pre_match,midtown_to_penn_station,12,600,12,0.02,24,derived,Derived from synthetic FinalFlow scenario inputs; not observed event operations.
staggered_departure,2026-07-19T12:35:00Z,-145,pre_match,penn_station_to_midtown,0,600,0,0.0,0,derived,Derived from synthetic FinalFlow scenario inputs; not observed event operations.
staggered_departure,2026-07-19T12:35:00Z,-145,pre_match,penn_station_to_secaucus,3,900,3,0.0033333333333333335,6,derived,Derived from synthetic FinalFlow scenario inputs; not observed event operations.
staggered_departure,2026-07-19T12:35:00Z,-145,pre_match,secaucus_to_penn_station,0,900,0,0.0,0,derived,Derived from synthetic FinalFlow scenario inputs; not observed event operations.
staggered_departure,2026-07-19T12:35:00Z,-145,pre_match,secaucus_to_meadowlands,3,600,3,0.005,6,derived,Derived from synthetic FinalFlow scenario inputs; not observed event operations.
staggered_departure,2026-07-19T12:35:00Z,-145,pre_match,meadowlands_to_secaucus,0,600,0,0.0,0,derived,Derived from synthetic FinalFlow scenario inputs; not observed event operations.
staggered_departure,2026-07-19T12:35:00Z,-145,pre_match,meadowlands_to_stadium,1,900,1,0.0011111111111111111,2,derived,Derived from synthetic FinalFlow scenario inputs; not observed event operations.
staggered_departure,2026-07-19T12:35:00Z,-145,pre_match,stadium_to_meadowlands,0,900,0,0.0,0,derived,Derived from synthetic FinalFlow scenario inputs; not observed event operations.
staggered_departure,2026-07-19T12:40:00Z,-140,pre_match,midtown_to_penn_station,12,600,12,0.02,36,derived,Derived from synthetic FinalFlow scenario inputs; not observed event operations.
staggered_departure,2026-07-19T12:40:00Z,-140,pre_match,penn_station_to_midtown,0,600,0,0.0,0,derived,Derived from synthetic FinalFlow scenario inputs; not observed event operations.
staggered_departure,2026-07-19T12:40:00Z,-140,pre_match,penn_station_to_secaucus,3,900,3,0.0033333333333333335,9,derived,Derived from synthetic FinalFlow scenario inputs; not observed event operations.
staggered_departure,2026-07-19T12:40:00Z,-140,pre_match,secaucus_to_penn_station,0,900,0,0.0,0,derived,Derived from synthetic FinalFlow scenario inputs; not observed event operations.
staggered_departure,2026-07-19T12:40:00Z,-140,pre_match,secaucus_to_meadowlands,3,600,3,0.005,9,derived,Derived from synthetic FinalFlow scenario inputs; not observed event operations.
staggered_departure,2026-07-19T12:40:00Z,-140,pre_match,meadowlands_to_secaucus,0,600,0,0.0,0,derived,Derived from synthetic FinalFlow scenario inputs; not observed event operations.
staggered_departure,2026-07-19T12:40:00Z,-140,pre_match,meadowlands_to_stadium,1,900,1,0.0011111111111111111,2,derived,Derived from synthetic FinalFlow scenario inputs; not observed event operations.
staggered_departure,2026-07-19T12:40:00Z,-140,pre_match,stadium_to_meadowlands,0,900,0,0.0,0,derived,Derived from synthetic FinalFlow scenario inputs; not observed event operations.
staggered_departure,2026-07-19T12:45:00Z,-135,pre_match,midtown_to_penn_station,23,600,23,0.03833333333333333,47,derived,Derived from synthetic FinalFlow scenario inputs; not observed event operations.
staggered_departure,2026-07-19T12:45:00Z,-135,pre_match,penn_station_to_midtown,0,600,0,0.0,0,derived,Derived from synthetic FinalFlow scenario inputs; not observed event operations.
staggered_departure,2026-07-19T12:45:00Z,-135,pre_match,penn_station_to_secaucus,17,900,17,0.01888888888888889,23,derived,Derived from synthetic FinalFlow scenario inputs; not observed event operations.
staggered_departure,2026-07-19T12:45:00Z,-135,pre_match,secaucus_to_penn_station,0,900,0,0.0,0,derived,Derived from synthetic FinalFlow scenario inputs; not observed event operations.
staggered_departure,2026-07-19T12:45:00Z,-135,pre_match,secaucus_to_meadowlands,7,600,7,0.011666666666666667,13,derived,Derived from synthetic FinalFlow scenario inputs; not observed event operations.
staggered_departure,2026-07-19T12:45:00Z,-135,pre_match,meadowlands_to_secaucus,0,600,0,0.0,0,derived,Derived from synthetic FinalFlow scenario inputs; not observed event operations.
staggered_departure,2026-07-19T12:45:00Z,-135,pre_match,meadowlands_to_stadium,6,900,6,0.006666666666666667,7,derived,Derived from synthetic FinalFlow scenario inputs; not observed event operations.
staggered_departure,2026-07-19T12:45:00Z,-135,pre_match,stadium_to_meadowlands,0,900,0,0.0,0,derived,Derived from synthetic FinalFlow scenario inputs; not observed event operations.
staggered_departure,2026-07-19T12:50:00Z,-130,pre_match,midtown_to_penn_station,23,600,23,0.03833333333333333,58,derived,Derived from synthetic FinalFlow scenario inputs; not observed event operations.
staggered_departure,2026-07-19T12:50:00Z,-130,pre_match,penn_station_to_midtown,0,600,0,0.0,0,derived,Derived from synthetic FinalFlow scenario inputs; not observed event operations.
staggered_departure,2026-07-19T12:50:00Z,-130,pre_match,penn_station_to_secaucus,17,900,17,0.01888888888888889,37,derived,Derived from synthetic FinalFlow scenario inputs; not observed event operations.
staggered_departure,2026-07-19T12:50:00Z,-130,pre_match,secaucus_to_penn_station,0,900,0,0.0,0,derived,Derived from synthetic FinalFlow scenario inputs; not observed event operations.
staggered_departure,2026-07-19T12:50:00Z,-130,pre_match,secaucus_to_meadowlands,7,600,7,0.011666666666666667,17,derived,Derived from synthetic FinalFlow scenario inputs; not observed event operations.
staggered_departure,2026-07-19T12:50:00Z,-130,pre_match,meadowlands_to_secaucus,0,600,0,0.0,0,derived,Derived from synthetic FinalFlow scenario inputs; not observed event operations.
staggered_departure,2026-07-19T12:50:00Z,-130,pre_match,meadowlands_to_stadium,6,900,6,0.006666666666666667,12,derived,Derived from synthetic FinalFlow scenario inputs; not observed event operations.
staggered_departure,2026-07-19T12:50:00Z,-130,pre_match,stadium_to_meadowlands,0,900,0,0.0,0,derived,Derived from synthetic FinalFlow scenario inputs; not observed event operations.
staggered_departure,2026-07-19T12:55:00Z,-125,pre_match,midtown_to_penn_station,35,600,35,0.058333333333333334,81,derived,Derived from synthetic FinalFlow scenario inputs; not observed event operations.
staggered_departure,2026-07-19T12:55:00Z,-125,pre_match,penn_station_to_midtown,0,600,0,0.0,0,derived,Derived from synthetic FinalFlow scenario inputs; not observed event operations.
staggered_departure,2026-07-19T12:55:00Z,-125,pre_match,penn_station_to_secaucus,20,900,20,0.022222222222222223,54,derived,Derived from synthetic FinalFlow scenario inputs; not observed event operations.
staggered_departure,2026-07-19T12:55:00Z,-125,pre_match,secaucus_to_penn_station,0,900,0,0.0,0,derived,Derived from synthetic FinalFlow scenario inputs; not observed event operations.
staggered_departure,2026-07-19T12:55:00Z,-125,pre_match,secaucus_to_meadowlands,10,600,10,0.016666666666666666,24,derived,Derived from synthetic FinalFlow scenario inputs; not observed event operations.
staggered_departure,2026-07-19T12:55:00Z,-125,pre_match,meadowlands_to_secaucus,0,600,0,0.0,0,derived,Derived from synthetic FinalFlow scenario inputs; not observed event operations.
staggered_departure,2026-07-19T12:55:00Z,-125,pre_match,meadowlands_to_stadium,7,900,7,0.0077777777777777776,13,derived,Derived from synthetic FinalFlow scenario inputs; not observed event operations.
staggered_departure,2026-07-19T12:55:00Z,-125,pre_match,stadium_to_meadowlands,0,900,0,0.0,0,derived,Derived from synthetic FinalFlow scenario inputs; not observed event operations.
staggered_departure,2026-07-19T13:00:00Z,-120,gates_open,midtown_to_penn_station,35,600,35,0.058333333333333334,93,derived,Derived from synthetic FinalFlow scenario inputs; not observed event operations.
staggered_departure,2026-07-19T13:00:00Z,-120,gates_open,penn_station_to_midtown,0,600,0,0.0,0,derived,Derived from synthetic FinalFlow scenario inputs; not observed event operations.
staggered_departure,2026-07-19T13:00:00Z,-120,gates_open,penn_station_to_secaucus,31,900,31,0.034444444444444444,68,derived,Derived from synthetic FinalFlow scenario inputs; not observed event operations.
staggered_departure,2026-07-19T13:00:00Z,-120,gates_open,secaucus_to_penn_station,0,900,0,0.0,0,derived,Derived from synthetic FinalFlow scenario inputs; not observed event operations.
staggered_departure,2026-07-19T13:00:00Z,-120,gates_open,secaucus_to_meadowlands,24,600,24,0.04,41,derived,Derived from synthetic FinalFlow scenario inputs; not observed event operations.
staggered_departure,2026-07-19T13:00:00Z,-120,gates_open,meadowlands_to_secaucus,0,600,0,0.0,0,derived,Derived from synthetic FinalFlow scenario inputs; not observed event operations.
staggered_departure,2026-07-19T13:00:00Z,-120,gates_open,meadowlands_to_stadium,11,900,11,0.012222222222222223,18,derived,Derived from synthetic FinalFlow scenario inputs; not observed event operations.
staggered_departure,2026-07-19T13:00:00Z,-120,gates_open,stadium_to_meadowlands,0,900,0,0.0,0,derived,Derived from synthetic FinalFlow scenario inputs; not observed event operations.
staggered_departure,2026-07-19T13:05:00Z,-115,pre_match,midtown_to_penn_station,47,600,47,0.07833333333333334,117,derived,Derived from synthetic FinalFlow scenario inputs; not observed event operations.
staggered_departure,2026-07-19T13:05:00Z,-115,pre_match,penn_station_to_midtown,0,600,0,0.0,0,derived,Derived from synthetic FinalFlow scenario inputs; not observed event operations.
staggered_departure,2026-07-19T13:05:00Z,-115,pre_match,penn_station_to_secaucus,34,900,34,0.03777777777777778,85,derived,Derived from synthetic FinalFlow scenario inputs; not observed event operations.
staggered_departure,2026-07-19T13:05:00Z,-115,pre_match,secaucus_to_penn_station,0,900,0,0.0,0,derived,Derived from synthetic FinalFlow scenario inputs; not observed event operations.
staggered_departure,2026-07-19T13:05:00Z,-115,pre_match,secaucus_to_meadowlands,25,600,25,0.041666666666666664,59,derived,Derived from synthetic FinalFlow scenario inputs; not observed event operations.
staggered_departure,2026-07-19T13:05:00Z,-115,pre_match,meadowlands_to_secaucus,0,600,0,0.0,0,derived,Derived from synthetic FinalFlow scenario inputs; not observed event operations.
staggered_departure,2026-07-19T13:05:00Z,-115,pre_match,meadowlands_to_stadium,13,900,13,0.014444444444444444,24,derived,Derived from synthetic FinalFlow scenario inputs; not observed event operations.
staggered_departure,2026-07-19T13:05:00Z,-115,pre_match,stadium_to_meadowlands,0,900,0,0.0,0,derived,Derived from synthetic FinalFlow scenario inputs; not observed event operations.
staggered_departure,2026-07-19T13:10:00Z,-110,pre_match,midtown_to_penn_station,59,600,59,0.09833333333333333,141,derived,Derived from synthetic FinalFlow scenario inputs; not observed event operations.
staggered_departure,2026-07-19T13:10:00Z,-110,pre_match,penn_station_to_midtown,0,600,0,0.0,0,derived,Derived from synthetic FinalFlow scenario inputs; not observed event operations.
staggered_departure,2026-07-19T13:10:00Z,-110,pre_match,penn_station_to_secaucus,48,900,48,0.05333333333333334,113,derived,Derived from synthetic FinalFlow scenario inputs; not observed event operations.
staggered_departure,2026-07-19T13:10:00Z,-110,pre_match,secaucus_to_penn_station,0,900,0,0.0,0,derived,Derived from synthetic FinalFlow scenario inputs; not observed event operations.
staggered_departure,2026-07-19T13:10:00Z,-110,pre_match,secaucus_to_meadowlands,31,600,31,0.051666666666666666,80,derived,Derived from synthetic FinalFlow scenario inputs; not observed event operations.
staggered_departure,2026-07-19T13:10:00Z,-110,pre_match,meadowlands_to_secaucus,0,600,0,0.0,0,derived,Derived from synthetic FinalFlow scenario inputs; not observed event operations.
staggered_departure,2026-07-19T13:10:00Z,-110,pre_match,meadowlands_to_stadium,17,900,17,0.01888888888888889,30,derived,Derived from synthetic FinalFlow scenario inputs; not observed event operations.
staggered_departure,2026-07-19T13:10:00Z,-110,pre_match,stadium_to_meadowlands,0,900,0,0.0,0,derived,Derived from synthetic FinalFlow scenario inputs; not observed event operations.
staggered_departure,2026-07-19T13:15:00Z,-105,pre_match,midtown_to_penn_station,70,600,70,0.11666666666666667,176,derived,Derived from synthetic FinalFlow scenario inputs; not observed event operations.
staggered_departure,2026-07-19T13:15:00Z,-105,pre_match,penn_station_to_midtown,0,600,0,0.0,0,derived,Derived from synthetic FinalFlow scenario inputs; not observed event operations.
staggered_departure,2026-07-19T13:15:00Z,-105,pre_match,penn_station_to_secaucus,51,900,51,0.056666666666666664,133,derived,Derived from synthetic FinalFlow scenario inputs; not observed event operations.
staggered_departure,2026-07-19T13:15:00Z,-105,pre_match,secaucus_to_penn_station,0,900,0,0.0,0,derived,Derived from synthetic FinalFlow scenario inputs; not observed event operations.
staggered_departure,2026-07-19T13:15:00Z,-105,pre_match,secaucus_to_meadowlands,44,600,44,0.07333333333333333,100,derived,Derived from synthetic FinalFlow scenario inputs; not observed event operations.
staggered_departure,2026-07-19T13:15:00Z,-105,pre_match,meadowlands_to_secaucus,0,600,0,0.0,0,derived,Derived from synthetic FinalFlow scenario inputs; not observed event operations.
staggered_departure,2026-07-19T13:15:00Z,-105,pre_match,meadowlands_to_stadium,32,900,32,0.035555555555555556,49,derived,Derived from synthetic FinalFlow scenario inputs; not observed event operations.
staggered_departure,2026-07-19T13:15:00Z,-105,pre_match,stadium_to_meadowlands,0,900,0,0.0,0,derived,Derived from synthetic FinalFlow scenario inputs; not observed event operations.
staggered_departure,2026-07-19T13:20:00Z,-100,pre_match,midtown_to_penn_station,82,600,82,0.13666666666666666,211,derived,Derived from synthetic FinalFlow scenario inputs; not observed event operations.
staggered_departure,2026-07-19T13:20:00Z,-100,pre_match,penn_station_to_midtown,0,600,0,0.0,0,derived,Derived from synthetic FinalFlow scenario inputs; not observed event operations.
staggered_departure,2026-07-19T13:20:00Z,-100,pre_match,penn_station_to_secaucus,66,900,66,0.07333333333333333,165,derived,Derived from synthetic FinalFlow scenario inputs; not observed event operations.
staggered_departure,2026-07-19T13:20:00Z,-100,pre_match,secaucus_to_penn_station,0,900,0,0.0,0,derived,Derived from synthetic FinalFlow scenario inputs; not observed event operations.
staggered_departure,2026-07-19T13:20:00Z,-100,pre_match,secaucus_to_meadowlands,49,600,49,0.08166666666666667,124,derived,Derived from synthetic FinalFlow scenario inputs; not observed event operations.
staggered_departure,2026-07-19T13:20:00Z,-100,pre_match,meadowlands_to_secaucus,0,600,0,0.0,0,derived,Derived from synthetic FinalFlow scenario inputs; not observed event operations.
staggered_departure,2026-07-19T13:20:00Z,-100,pre_match,meadowlands_to_stadium,35,900,35,0.03888888888888889,67,derived,Derived from synthetic FinalFlow scenario inputs; not observed event operations.
staggered_departure,2026-07-19T13:20:00Z,-100,pre_match,stadium_to_meadowlands,0,900,0,0.0,0,derived,Derived from synthetic FinalFlow scenario inputs; not observed event operations.
staggered_departure,2026-07-19T13:25:00Z,-95,pre_match,midtown_to_penn_station,93,600,93,0.155,245,derived,Derived from synthetic FinalFlow scenario inputs; not observed event operations.
staggered_departure,2026-07-19T13:25:00Z,-95,pre_match,penn_station_to_midtown,0,600,0,0.0,0,derived,Derived from synthetic FinalFlow scenario inputs; not observed event operations.
staggered_departure,2026-07-19T13:25:00Z,-95,pre_match,penn_station_to_secaucus,80,900,80,0.08888888888888889,197,derived,Derived from synthetic FinalFlow scenario inputs; not observed event operations.
staggered_departure,2026-07-19T13:25:00Z,-95,pre_match,secaucus_to_penn_station,0,900,0,0.0,0,derived,Derived from synthetic FinalFlow scenario inputs; not observed event operations.
staggered_departure,2026-07-19T13:25:00Z,-95,pre_match,secaucus_to_meadowlands,65,600,65,0.10833333333333334,158,derived,Derived from synthetic FinalFlow scenario inputs; not observed event operations.
staggered_departure,2026-07-19T13:25:00Z,-95,pre_match,meadowlands_to_secaucus,0,600,0,0.0,0,derived,Derived from synthetic FinalFlow scenario inputs; not observed event operations.
staggered_departure,2026-07-19T13:25:00Z,-95,pre_match,meadowlands_to_stadium,42,900,42,0.04666666666666667,77,derived,Derived from synthetic FinalFlow scenario inputs; not observed event operations.
staggered_departure,2026-07-19T13:25:00Z,-95,pre_match,stadium_to_meadowlands,0,900,0,0.0,0,derived,Derived from synthetic FinalFlow scenario inputs; not observed event operations.
staggered_departure,2026-07-19T13:30:00Z,-90,pre_match,midtown_to_penn_station,105,600,105,0.175,280,derived,Derived from synthetic FinalFlow scenario inputs; not observed event operations.
staggered_departure,2026-07-19T13:30:00Z,-90,pre_match,penn_station_to_midtown,0,600,0,0.0,0,derived,Derived from synthetic FinalFlow scenario inputs; not observed event operations.
staggered_departure,2026-07-19T13:30:00Z,-90,pre_match,penn_station_to_secaucus,94,900,94,0.10444444444444445,240,derived,Derived from synthetic FinalFlow scenario inputs; not observed event operations.
staggered_departure,2026-07-19T13:30:00Z,-90,pre_match,secaucus_to_penn_station,0,900,0,0.0,0,derived,Derived from synthetic FinalFlow scenario inputs; not observed event operations.
staggered_departure,2026-07-19T13:30:00Z,-90,pre_match,secaucus_to_meadowlands,70,600,70,0.11666666666666667,184,derived,Derived from synthetic FinalFlow scenario inputs; not observed event operations.
staggered_departure,2026-07-19T13:30:00Z,-90,pre_match,meadowlands_to_secaucus,0,600,0,0.0,0,derived,Derived from synthetic FinalFlow scenario inputs; not observed event operations.
staggered_departure,2026-07-19T13:30:00Z,-90,pre_match,meadowlands_to_stadium,57,900,57,0.06333333333333334,99,derived,Derived from synthetic FinalFlow scenario inputs; not observed event operations.
staggered_departure,2026-07-19T13:30:00Z,-90,pre_match,stadium_to_meadowlands,0,900,0,0.0,0,derived,Derived from synthetic FinalFlow scenario inputs; not observed event operations.
staggered_departure,2026-07-19T13:35:00Z,-85,pre_match,midtown_to_penn_station,117,600,117,0.195,315,derived,Derived from synthetic FinalFlow scenario inputs; not observed event operations.
staggered_departure,2026-07-19T13:35:00Z,-85,pre_match,penn_station_to_midtown,0,600,0,0.0,0,derived,Derived from synthetic FinalFlow scenario inputs; not observed event operations.
staggered_departure,2026-07-19T13:35:00Z,-85,pre_match,penn_station_to_secaucus,109,900,109,0.12111111111111111,283,derived,Derived from synthetic FinalFlow scenario inputs; not observed event operations.
staggered_departure,2026-07-19T13:35:00Z,-85,pre_match,secaucus_to_penn_station,0,900,0,0.0,0,derived,Derived from synthetic FinalFlow scenario inputs; not observed event operations.
staggered_departure,2026-07-19T13:35:00Z,-85,pre_match,secaucus_to_meadowlands,87,600,87,0.145,222,derived,Derived from synthetic FinalFlow scenario inputs; not observed event operations.
staggered_departure,2026-07-19T13:35:00Z,-85,pre_match,meadowlands_to_secaucus,0,600,0,0.0,0,derived,Derived from synthetic FinalFlow scenario inputs; not observed event operations.
staggered_departure,2026-07-19T13:35:00Z,-85,pre_match,meadowlands_to_stadium,64,900,64,0.07111111111111111,121,derived,Derived from synthetic FinalFlow scenario inputs; not observed event operations.
staggered_departure,2026-07-19T13:35:00Z,-85,pre_match,stadium_to_meadowlands,0,900,0,0.0,0,derived,Derived from synthetic FinalFlow scenario inputs; not observed event operations.
staggered_departure,2026-07-19T13:40:00Z,-80,pre_match,midtown_to_penn_station,129,600,129,0.215,351,derived,Derived from synthetic FinalFlow scenario inputs; not observed event operations.
staggered_departure,2026-07-19T13:40:00Z,-80,pre_match,penn_station_to_midtown,0,600,0,0.0,0,derived,Derived from synthetic FinalFlow scenario inputs; not observed event operations.
staggered_departure,2026-07-19T13:40:00Z,-80,pre_match,penn_station_to_secaucus,122,900,122,0.13555555555555557,325,derived,Derived from synthetic FinalFlow scenario inputs; not observed event operations.
staggered_departure,2026-07-19T13:40:00Z,-80,pre_match,secaucus_to_penn_station,0,900,0,0.0,0,derived,Derived from synthetic FinalFlow scenario inputs; not observed event operations.
staggered_departure,2026-07-19T13:40:00Z,-80,pre_match,secaucus_to_meadowlands,104,600,104,0.17333333333333334,261,derived,Derived from synthetic FinalFlow scenario inputs; not observed event operations.
staggered_departure,2026-07-19T13:40:00Z,-80,pre_match,meadowlands_to_secaucus,0,600,0,0.0,0,derived,Derived from synthetic FinalFlow scenario inputs; not observed event operations.
staggered_departure,2026-07-19T13:40:00Z,-80,pre_match,meadowlands_to_stadium,81,900,81,0.09,145,derived,Derived from synthetic FinalFlow scenario inputs; not observed event operations.
staggered_departure,2026-07-19T13:40:00Z,-80,pre_match,stadium_to_meadowlands,0,900,0,0.0,0,derived,Derived from synthetic FinalFlow scenario inputs; not observed event operations.
staggered_departure,2026-07-19T13:45:00Z,-75,pre_match,midtown_to_penn_station,140,600,140,0.23333333333333334,386,derived,Derived from synthetic FinalFlow scenario inputs; not observed event operations.
staggered_departure,2026-07-19T13:45:00Z,-75,pre_match,penn_station_to_midtown,0,600,0,0.0,0,derived,Derived from synthetic FinalFlow scenario inputs; not observed event operations.
staggered_departure,2026-07-19T13:45:00Z,-75,pre_match,penn_station_to_secaucus,137,900,137,0.15222222222222223,368,derived,Derived from synthetic FinalFlow scenario inputs; not observed event operations.
staggered_departure,2026-07-19T13:45:00Z,-75,pre_match,secaucus_to_penn_station,0,900,0,0.0,0,derived,Derived from synthetic FinalFlow scenario inputs; not observed event operations.
staggered_departure,2026-07-19T13:45:00Z,-75,pre_match,secaucus_to_meadowlands,120,600,120,0.2,311,derived,Derived from synthetic FinalFlow scenario inputs; not observed event operations.
staggered_departure,2026-07-19T13:45:00Z,-75,pre_match,meadowlands_to_secaucus,0,600,0,0.0,0,derived,Derived from synthetic FinalFlow scenario inputs; not observed event operations.
staggered_departure,2026-07-19T13:45:00Z,-75,pre_match,meadowlands_to_stadium,87,900,87,0.09666666666666666,168,derived,Derived from synthetic FinalFlow scenario inputs; not observed event operations.
staggered_departure,2026-07-19T13:45:00Z,-75,pre_match,stadium_to_meadowlands,0,900,0,0.0,0,derived,Derived from synthetic FinalFlow scenario inputs; not observed event operations.
staggered_departure,2026-07-19T13:50:00Z,-70,pre_match,midtown_to_penn_station,152,600,152,0.25333333333333335,421,derived,Derived from synthetic FinalFlow scenario inputs; not observed event operations.
staggered_departure,2026-07-19T13:50:00Z,-70,pre_match,penn_station_to_midtown,0,600,0,0.0,0,derived,Derived from synthetic FinalFlow scenario inputs; not observed event operations.
staggered_departure,2026-07-19T13:50:00Z,-70,pre_match,penn_station_to_secaucus,152,900,152,0.1688888888888889,411,derived,Derived from synthetic FinalFlow scenario inputs; not observed event operations.
staggered_departure,2026-07-19T13:50:00Z,-70,pre_match,secaucus_to_penn_station,0,900,0,0.0,0,derived,Derived from synthetic FinalFlow scenario inputs; not observed event operations.
staggered_departure,2026-07-19T13:50:00Z,-70,pre_match,secaucus_to_meadowlands,137,600,137,0.22833333333333333,361,derived,Derived from synthetic FinalFlow scenario inputs; not observed event operations.
staggered_departure,2026-07-19T13:50:00Z,-70,pre_match,meadowlands_to_secaucus,0,600,0,0.0,0,derived,Derived from synthetic FinalFlow scenario inputs; not observed event operations.
staggered_departure,2026-07-19T13:50:00Z,-70,pre_match,meadowlands_to_stadium,106,900,106,0.11777777777777777,193,derived,Derived from synthetic FinalFlow scenario inputs; not observed event operations.
staggered_departure,2026-07-19T13:50:00Z,-70,pre_match,stadium_to_meadowlands,0,900,0,0.0,0,derived,Derived from synthetic FinalFlow scenario inputs; not observed event operations.
staggered_departure,2026-07-19T13:55:00Z,-65,pre_match,midtown_to_penn_station,164,600,164,0.2733333333333333,456,derived,Derived from synthetic FinalFlow scenario inputs; not observed event operations.
staggered_departure,2026-07-19T13:55:00Z,-65,pre_match,penn_station_to_midtown,0,600,0,0.0,0,derived,Derived from synthetic FinalFlow scenario inputs; not observed event operations.
staggered_departure,2026-07-19T13:55:00Z,-65,pre_match,penn_station_to_secaucus,167,900,167,0.18555555555555556,456,derived,Derived from synthetic FinalFlow scenario inputs; not observed event operations.
staggered_departure,2026-07-19T13:55:00Z,-65,pre_match,secaucus_to_penn_station,0,900,0,0.0,0,derived,Derived from synthetic FinalFlow scenario inputs; not observed event operations.
staggered_departure,2026-07-19T13:55:00Z,-65,pre_match,secaucus_to_meadowlands,152,600,152,0.25333333333333335,409,derived,Derived from synthetic FinalFlow scenario inputs; not observed event operations.
staggered_departure,2026-07-19T13:55:00Z,-65,pre_match,meadowlands_to_secaucus,0,600,0,0.0,0,derived,Derived from synthetic FinalFlow scenario inputs; not observed event operations.
staggered_departure,2026-07-19T13:55:00Z,-65,pre_match,meadowlands_to_stadium,124,900,124,0.13777777777777778,230,derived,Derived from synthetic FinalFlow scenario inputs; not observed event operations.
staggered_departure,2026-07-19T13:55:00Z,-65,pre_match,stadium_to_meadowlands,0,900,0,0.0,0,derived,Derived from synthetic FinalFlow scenario inputs; not observed event operations.
staggered_departure,2026-07-19T14:00:00Z,-60,pre_match,midtown_to_penn_station,176,600,176,0.29333333333333333,492,derived,Derived from synthetic FinalFlow scenario inputs; not observed event operations.
staggered_departure,2026-07-19T14:00:00Z,-60,pre_match,penn_station_to_midtown,0,600,0,0.0,0,derived,Derived from synthetic FinalFlow scenario inputs; not observed event operations.
staggered_departure,2026-07-19T14:00:00Z,-60,pre_match,penn_station_to_secaucus,180,900,180,0.2,499,derived,Derived from synthetic FinalFlow scenario inputs; not observed event operations.
staggered_departure,2026-07-19T14:00:00Z,-60,pre_match,secaucus_to_penn_station,0,900,0,0.0,0,derived,Derived from synthetic FinalFlow scenario inputs; not observed event operations.
staggered_departure,2026-07-19T14:00:00Z,-60,pre_match,secaucus_to_meadowlands,169,600,169,0.2816666666666667,458,derived,Derived from synthetic FinalFlow scenario inputs; not observed event operations.
staggered_departure,2026-07-19T14:00:00Z,-60,pre_match,meadowlands_to_secaucus,0,600,0,0.0,0,derived,Derived from synthetic FinalFlow scenario inputs; not observed event operations.
staggered_departure,2026-07-19T14:00:00Z,-60,pre_match,meadowlands_to_stadium,141,900,141,0.15666666666666668,265,derived,Derived from synthetic FinalFlow scenario inputs; not observed event operations.
staggered_departure,2026-07-19T14:00:00Z,-60,pre_match,stadium_to_meadowlands,0,900,0,0.0,0,derived,Derived from synthetic FinalFlow scenario inputs; not observed event operations.
staggered_departure,2026-07-19T14:05:00Z,-55,pre_match,midtown_to_penn_station,187,600,187,0.31166666666666665,527,derived,Derived from synthetic FinalFlow scenario inputs; not observed event operations.
staggered_departure,2026-07-19T14:05:00Z,-55,pre_match,penn_station_to_midtown,0,600,0,0.0,0,derived,Derived from synthetic FinalFlow scenario inputs; not observed event operations.
staggered_departure,2026-07-19T14:05:00Z,-55,pre_match,penn_station_to_secaucus,195,900,195,0.21666666666666667,542,derived,Derived from synthetic FinalFlow scenario inputs; not observed event operations.
staggered_departure,2026-07-19T14:05:00Z,-55,pre_match,secaucus_to_penn_station,0,900,0,0.0,0,derived,Derived from synthetic FinalFlow scenario inputs; not observed event operations.
staggered_departure,2026-07-19T14:05:00Z,-55,pre_match,secaucus_to_meadowlands,187,600,187,0.31166666666666665,508,derived,Derived from synthetic FinalFlow scenario inputs; not observed event operations.
staggered_departure,2026-07-19T14:05:00Z,-55,pre_match,meadowlands_to_secaucus,0,600,0,0.0,0,derived,Derived from synthetic FinalFlow scenario inputs; not observed event operations.
staggered_departure,2026-07-19T14:05:00Z,-55,pre_match,meadowlands_to_stadium,160,900,160,0.17777777777777778,301,derived,Derived from synthetic FinalFlow scenario inputs; not observed event operations.
staggered_departure,2026-07-19T14:05:00Z,-55,pre_match,stadium_to_meadowlands,0,900,0,0.0,0,derived,Derived from synthetic FinalFlow scenario inputs; not observed event operations.
staggered_departure,2026-07-19T14:10:00Z,-50,pre_match,midtown_to_penn_station,187,600,187,0.31166666666666665,550,derived,Derived from synthetic FinalFlow scenario inputs; not observed event operations.
staggered_departure,2026-07-19T14:10:00Z,-50,pre_match,penn_station_to_midtown,0,600,0,0.0,0,derived,Derived from synthetic FinalFlow scenario inputs; not observed event operations.
staggered_departure,2026-07-19T14:10:00Z,-50,pre_match,penn_station_to_secaucus,207,900,207,0.23,582,derived,Derived from synthetic FinalFlow scenario inputs; not observed event operations.
staggered_departure,2026-07-19T14:10:00Z,-50,pre_match,secaucus_to_penn_station,0,900,0,0.0,0,derived,Derived from synthetic FinalFlow scenario inputs; not observed event operations.
staggered_departure,2026-07-19T14:10:00Z,-50,pre_match,secaucus_to_meadowlands,202,600,202,0.33666666666666667,558,derived,Derived from synthetic FinalFlow scenario inputs; not observed event operations.
staggered_departure,2026-07-19T14:10:00Z,-50,pre_match,meadowlands_to_secaucus,0,600,0,0.0,0,derived,Derived from synthetic FinalFlow scenario inputs; not observed event operations.
staggered_departure,2026-07-19T14:10:00Z,-50,pre_match,meadowlands_to_stadium,175,900,175,0.19444444444444445,335,derived,Derived from synthetic FinalFlow scenario inputs; not observed event operations.
staggered_departure,2026-07-19T14:10:00Z,-50,pre_match,stadium_to_meadowlands,0,900,0,0.0,0,derived,Derived from synthetic FinalFlow scenario inputs; not observed event operations.
staggered_departure,2026-07-19T14:15:00Z,-45,pre_match,midtown_to_penn_station,176,600,176,0.29333333333333333,550,derived,Derived from synthetic FinalFlow scenario inputs; not observed event operations.
staggered_departure,2026-07-19T14:15:00Z,-45,pre_match,penn_station_to_midtown,0,600,0,0.0,0,derived,Derived from synthetic FinalFlow scenario inputs; not observed event operations.
staggered_departure,2026-07-19T14:15:00Z,-45,pre_match,penn_station_to_secaucus,216,900,216,0.24,618,derived,Derived from synthetic FinalFlow scenario inputs; not observed event operations.
staggered_departure,2026-07-19T14:15:00Z,-45,pre_match,secaucus_to_penn_station,0,900,0,0.0,0,derived,Derived from synthetic FinalFlow scenario inputs; not observed event operations.
staggered_departure,2026-07-19T14:15:00Z,-45,pre_match,secaucus_to_meadowlands,212,600,212,0.35333333333333333,601,derived,Derived from synthetic FinalFlow scenario inputs; not observed event operations.
staggered_departure,2026-07-19T14:15:00Z,-45,pre_match,meadowlands_to_secaucus,0,600,0,0.0,0,derived,Derived from synthetic FinalFlow scenario inputs; not observed event operations.
staggered_departure,2026-07-19T14:15:00Z,-45,pre_match,meadowlands_to_stadium,190,900,190,0.2111111111111111,365,derived,Derived from synthetic FinalFlow scenario inputs; not observed event operations.
staggered_departure,2026-07-19T14:15:00Z,-45,pre_match,stadium_to_meadowlands,0,900,0,0.0,0,derived,Derived from synthetic FinalFlow scenario inputs; not observed event operations.
staggered_departure,2026-07-19T14:20:00Z,-40,pre_match,midtown_to_penn_station,164,600,164,0.2733333333333333,527,derived,Derived from synthetic FinalFlow scenario inputs; not observed event operations.
staggered_departure,2026-07-19T14:20:00Z,-40,pre_match,penn_station_to_midtown,0,600,0,0.0,0,derived,Derived from synthetic FinalFlow scenario inputs; not observed event operations.
staggered_departure,2026-07-19T14:20:00Z,-40,pre_match,penn_station_to_secaucus,225,900,225,0.25,648,derived,Derived from synthetic FinalFlow scenario inputs; not observed event operations.
staggered_departure,2026-07-19T14:20:00Z,-40,pre_match,secaucus_to_penn_station,0,900,0,0.0,0,derived,Derived from synthetic FinalFlow scenario inputs; not observed event operations.
staggered_departure,2026-07-19T14:20:00Z,-40,pre_match,secaucus_to_meadowlands,225,600,225,0.375,639,derived,Derived from synthetic FinalFlow scenario inputs; not observed event operations.
staggered_departure,2026-07-19T14:20:00Z,-40,pre_match,meadowlands_to_secaucus,0,600,0,0.0,0,derived,Derived from synthetic FinalFlow scenario inputs; not observed event operations.
staggered_departure,2026-07-19T14:20:00Z,-40,pre_match,meadowlands_to_stadium,207,900,207,0.23,397,derived,Derived from synthetic FinalFlow scenario inputs; not observed event operations.
staggered_departure,2026-07-19T14:20:00Z,-40,pre_match,stadium_to_meadowlands,0,900,0,0.0,0,derived,Derived from synthetic FinalFlow scenario inputs; not observed event operations.
staggered_departure,2026-07-19T14:25:00Z,-35,pre_match,midtown_to_penn_station,140,600,140,0.23333333333333334,480,derived,Derived from synthetic FinalFlow scenario inputs; not observed event operations.
staggered_departure,2026-07-19T14:25:00Z,-35,pre_match,penn_station_to_midtown,0,600,0,0.0,0,derived,Derived from synthetic FinalFlow scenario inputs; not observed event operations.
staggered_departure,2026-07-19T14:25:00Z,-35,pre_match,penn_station_to_secaucus,219,900,219,0.24333333333333335,660,derived,Derived from synthetic FinalFlow scenario inputs; not observed event operations.
staggered_departure,2026-07-19T14:25:00Z,-35,pre_match,secaucus_to_penn_station,0,900,0,0.0,0,derived,Derived from synthetic FinalFlow scenario inputs; not observed event operations.
staggered_departure,2026-07-19T14:25:00Z,-35,pre_match,secaucus_to_meadowlands,233,600,233,0.3883333333333333,670,derived,Derived from synthetic FinalFlow scenario inputs; not observed event operations.
staggered_departure,2026-07-19T14:25:00Z,-35,pre_match,meadowlands_to_secaucus,0,600,0,0.0,0,derived,Derived from synthetic FinalFlow scenario inputs; not observed event operations.
staggered_departure,2026-07-19T14:25:00Z,-35,pre_match,meadowlands_to_stadium,219,900,219,0.24333333333333335,426,derived,Derived from synthetic FinalFlow scenario inputs; not observed event operations.
staggered_departure,2026-07-19T14:25:00Z,-35,pre_match,stadium_to_meadowlands,0,900,0,0.0,0,derived,Derived from synthetic FinalFlow scenario inputs; not observed event operations.
staggered_departure,2026-07-19T14:30:00Z,-30,ceremony,midtown_to_penn_station,0,600,0,0.0,304,derived,Derived from synthetic FinalFlow scenario inputs; not observed event operations.
staggered_departure,2026-07-19T14:30:00Z,-30,ceremony,penn_station_to_midtown,0,600,0,0.0,0,derived,Derived from synthetic FinalFlow scenario inputs; not observed event operations.
staggered_departure,2026-07-19T14:30:00Z,-30,ceremony,penn_station_to_secaucus,176,900,176,0.19555555555555557,620,derived,Derived from synthetic FinalFlow scenario inputs; not observed event operations.
staggered_departure,2026-07-19T14:30:00Z,-30,ceremony,secaucus_to_penn_station,0,900,0,0.0,0,derived,Derived from synthetic FinalFlow scenario inputs; not observed event operations.
staggered_departure,2026-07-19T14:30:00Z,-30,ceremony,secaucus_to_meadowlands,216,600,216,0.36,674,derived,Derived from synthetic FinalFlow scenario inputs; not observed event operations.
staggered_departure,2026-07-19T14:30:00Z,-30,ceremony,meadowlands_to_secaucus,0,600,0,0.0,0,derived,Derived from synthetic FinalFlow scenario inputs; not observed event operations.
staggered_departure,2026-07-19T14:30:00Z,-30,ceremony,meadowlands_to_stadium,212,900,212,0.23555555555555555,431,derived,Derived from synthetic FinalFlow scenario inputs; not observed event operations.
staggered_departure,2026-07-19T14:30:00Z,-30,ceremony,stadium_to_meadowlands,0,900,0,0.0,0,derived,Derived from synthetic FinalFlow scenario inputs; not observed event operations.
staggered_departure,2026-07-19T14:35:00Z,-25,ceremony,midtown_to_penn_station,0,600,0,0.0,140,derived,Derived from synthetic FinalFlow scenario inputs; not observed event operations.
staggered_departure,2026-07-19T14:35:00Z,-25,ceremony,penn_station_to_midtown,0,600,0,0.0,0,derived,Derived from synthetic FinalFlow scenario inputs; not observed event operations.
staggered_departure,2026-07-19T14:35:00Z,-25,ceremony,penn_station_to_secaucus,164,900,164,0.18222222222222223,559,derived,Derived from synthetic FinalFlow scenario inputs; not observed event operations.
staggered_departure,2026-07-19T14:35:00Z,-25,ceremony,secaucus_to_penn_station,0,900,0,0.0,0,derived,Derived from synthetic FinalFlow scenario inputs; not observed event operations.
staggered_departure,2026-07-19T14:35:00Z,-25,ceremony,secaucus_to_meadowlands,225,600,225,0.375,674,derived,Derived from synthetic FinalFlow scenario inputs; not observed event operations.
staggered_departure,2026-07-19T14:35:00Z,-25,ceremony,meadowlands_to_secaucus,0,600,0,0.0,0,derived,Derived from synthetic FinalFlow scenario inputs; not observed event operations.
staggered_departure,2026-07-19T14:35:00Z,-25,ceremony,meadowlands_to_stadium,225,900,225,0.25,437,derived,Derived from synthetic FinalFlow scenario inputs; not observed event operations.
staggered_departure,2026-07-19T14:35:00Z,-25,ceremony,stadium_to_meadowlands,0,900,0,0.0,0,derived,Derived from synthetic FinalFlow scenario inputs; not observed event operations.
staggered_departure,2026-07-19T14:40:00Z,-20,ceremony,midtown_to_penn_station,0,600,0,0.0,0,derived,Derived from synthetic FinalFlow scenario inputs; not observed event operations.
staggered_departure,2026-07-19T14:40:00Z,-20,ceremony,penn_station_to_midtown,0,600,0,0.0,0,derived,Derived from synthetic FinalFlow scenario inputs; not observed event operations.
staggered_departure,2026-07-19T14:40:00Z,-20,ceremony,penn_station_to_secaucus,140,900,140,0.15555555555555556,480,derived,Derived from synthetic FinalFlow scenario inputs; not observed event operations.
staggered_departure,2026-07-19T14:40:00Z,-20,ceremony,secaucus_to_penn_station,0,900,0,0.0,0,derived,Derived from synthetic FinalFlow scenario inputs; not observed event operations.
staggered_departure,2026-07-19T14:40:00Z,-20,ceremony,secaucus_to_meadowlands,219,600,219,0.365,660,derived,Derived from synthetic FinalFlow scenario inputs; not observed event operations.
staggered_departure,2026-07-19T14:40:00Z,-20,ceremony,meadowlands_to_secaucus,0,600,0,0.0,0,derived,Derived from synthetic FinalFlow scenario inputs; not observed event operations.
staggered_departure,2026-07-19T14:40:00Z,-20,ceremony,meadowlands_to_stadium,233,900,233,0.2588888888888889,458,derived,Derived from synthetic FinalFlow scenario inputs; not observed event operations.
staggered_departure,2026-07-19T14:40:00Z,-20,ceremony,stadium_to_meadowlands,0,900,0,0.0,0,derived,Derived from synthetic FinalFlow scenario inputs; not observed event operations.
staggered_departure,2026-07-19T14:45:00Z,-15,ceremony,midtown_to_penn_station,0,600,0,0.0,0,derived,Derived from synthetic FinalFlow scenario inputs; not observed event operations.
staggered_departure,2026-07-19T14:45:00Z,-15,ceremony,penn_station_to_midtown,0,600,0,0.0,0,derived,Derived from synthetic FinalFlow scenario inputs; not observed event operations.
staggered_departure,2026-07-19T14:45:00Z,-15,ceremony,penn_station_to_secaucus,0,900,0,0.0,304,derived,Derived from synthetic FinalFlow scenario inputs; not observed event operations.
staggered_departure,2026-07-19T14:45:00Z,-15,ceremony,secaucus_to_penn_station,0,900,0,0.0,0,derived,Derived from synthetic FinalFlow scenario inputs; not observed event operations.
staggered_departure,2026-07-19T14:45:00Z,-15,ceremony,secaucus_to_meadowlands,176,600,176,0.29333333333333333,620,derived,Derived from synthetic FinalFlow scenario inputs; not observed event operations.
staggered_departure,2026-07-19T14:45:00Z,-15,ceremony,meadowlands_to_secaucus,0,600,0,0.0,0,derived,Derived from synthetic FinalFlow scenario inputs; not observed event operations.
staggered_departure,2026-07-19T14:45:00Z,-15,ceremony,meadowlands_to_stadium,216,900,216,0.24,449,derived,Derived from synthetic FinalFlow scenario inputs; not observed event operations.
staggered_departure,2026-07-19T14:45:00Z,-15,ceremony,stadium_to_meadowlands,0,900,0,0.0,0,derived,Derived from synthetic FinalFlow scenario inputs; not observed event operations.
staggered_departure,2026-07-19T14:50:00Z,-10,ceremony,midtown_to_penn_station,0,600,0,0.0,0,derived,Derived from synthetic FinalFlow scenario inputs; not observed event operations.
staggered_departure,2026-07-19T14:50:00Z,-10,ceremony,penn_station_to_midtown,0,600,0,0.0,0,derived,Derived from synthetic FinalFlow scenario inputs; not observed event operations.
staggered_departure,2026-07-19T14:50:00Z,-10,ceremony,penn_station_to_secaucus,0,900,0,0.0,140,derived,Derived from synthetic FinalFlow scenario inputs; not observed event operations.
staggered_departure,2026-07-19T14:50:00Z,-10,ceremony,secaucus_to_penn_station,0,900,0,0.0,0,derived,Derived from synthetic FinalFlow scenario inputs; not observed event operations.
staggered_departure,2026-07-19T14:50:00Z,-10,ceremony,secaucus_to_meadowlands,164,600,164,0.2733333333333333,559,derived,Derived from synthetic FinalFlow scenario inputs; not observed event operations.
staggered_departure,2026-07-19T14:50:00Z,-10,ceremony,meadowlands_to_secaucus,0,600,0,0.0,0,derived,Derived from synthetic FinalFlow scenario inputs; not observed event operations.
staggered_departure,2026-07-19T14:50:00Z,-10,ceremony,meadowlands_to_stadium,225,900,225,0.25,441,derived,Derived from synthetic FinalFlow scenario inputs; not observed event operations.
staggered_departure,2026-07-19T14:50:00Z,-10,ceremony,stadium_to_meadowlands,0,900,0,0.0,0,derived,Derived from synthetic FinalFlow scenario inputs; not observed event operations.
staggered_departure,2026-07-19T14:55:00Z,-5,ceremony,midtown_to_penn_station,0,600,0,0.0,0,derived,Derived from synthetic FinalFlow scenario inputs; not observed event operations.
staggered_departure,2026-07-19T14:55:00Z,-5,ceremony,penn_station_to_midtown,0,600,0,0.0,0,derived,Derived from synthetic FinalFlow scenario inputs; not observed event operations.
staggered_departure,2026-07-19T14:55:00Z,-5,ceremony,penn_station_to_secaucus,0,900,0,0.0,0,derived,Derived from synthetic FinalFlow scenario inputs; not observed event operations.
staggered_departure,2026-07-19T14:55:00Z,-5,ceremony,secaucus_to_penn_station,0,900,0,0.0,0,derived,Derived from synthetic FinalFlow scenario inputs; not observed event operations.
staggered_departure,2026-07-19T14:55:00Z,-5,ceremony,secaucus_to_meadowlands,140,600,140,0.23333333333333334,480,derived,Derived from synthetic FinalFlow scenario inputs; not observed event operations.
staggered_departure,2026-07-19T14:55:00Z,-5,ceremony,meadowlands_to_secaucus,0,600,0,0.0,0,derived,Derived from synthetic FinalFlow scenario inputs; not observed event operations.
staggered_departure,2026-07-19T14:55:00Z,-5,ceremony,meadowlands_to_stadium,219,900,219,0.24333333333333335,444,derived,Derived from synthetic FinalFlow scenario inputs; not observed event operations.
staggered_departure,2026-07-19T14:55:00Z,-5,ceremony,stadium_to_meadowlands,0,900,0,0.0,0,derived,Derived from synthetic FinalFlow scenario inputs; not observed event operations.
staggered_departure,2026-07-19T15:00:00Z,0,kickoff,midtown_to_penn_station,0,600,0,0.0,0,derived,Derived from synthetic FinalFlow scenario inputs; not observed event operations.
staggered_departure,2026-07-19T15:00:00Z,0,kickoff,penn_station_to_midtown,0,600,0,0.0,0,derived,Derived from synthetic FinalFlow scenario inputs; not observed event operations.
staggered_departure,2026-07-19T15:00:00Z,0,kickoff,penn_station_to_secaucus,0,900,0,0.0,0,derived,Derived from synthetic FinalFlow scenario inputs; not observed event operations.
staggered_departure,2026-07-19T15:00:00Z,0,kickoff,secaucus_to_penn_station,0,900,0,0.0,0,derived,Derived from synthetic FinalFlow scenario inputs; not observed event operations.
staggered_departure,2026-07-19T15:00:00Z,0,kickoff,secaucus_to_meadowlands,0,600,0,0.0,304,derived,Derived from synthetic FinalFlow scenario inputs; not observed event operations.
staggered_departure,2026-07-19T15:00:00Z,0,kickoff,meadowlands_to_secaucus,0,600,0,0.0,0,derived,Derived from synthetic FinalFlow scenario inputs; not observed event operations.
staggered_departure,2026-07-19T15:00:00Z,0,kickoff,meadowlands_to_stadium,176,900,176,0.19555555555555557,395,derived,Derived from synthetic FinalFlow scenario inputs; not observed event operations.
staggered_departure,2026-07-19T15:00:00Z,0,kickoff,stadium_to_meadowlands,0,900,0,0.0,0,derived,Derived from synthetic FinalFlow scenario inputs; not observed event operations.
staggered_departure,2026-07-19T15:05:00Z,5,first_half,midtown_to_penn_station,0,600,0,0.0,0,derived,Derived from synthetic FinalFlow scenario inputs; not observed event operations.
staggered_departure,2026-07-19T15:05:00Z,5,first_half,penn_station_to_midtown,0,600,0,0.0,0,derived,Derived from synthetic FinalFlow scenario inputs; not observed event operations.
staggered_departure,2026-07-19T15:05:00Z,5,first_half,penn_station_to_secaucus,0,900,0,0.0,0,derived,Derived from synthetic FinalFlow scenario inputs; not observed event operations.
staggered_departure,2026-07-19T15:05:00Z,5,first_half,secaucus_to_penn_station,0,900,0,0.0,0,derived,Derived from synthetic FinalFlow scenario inputs; not observed event operations.
staggered_departure,2026-07-19T15:05:00Z,5,first_half,secaucus_to_meadowlands,0,600,0,0.0,140,derived,Derived from synthetic FinalFlow scenario inputs; not observed event operations.
staggered_departure,2026-07-19T15:05:00Z,5,first_half,meadowlands_to_secaucus,0,600,0,0.0,0,derived,Derived from synthetic FinalFlow scenario inputs; not observed event operations.
staggered_departure,2026-07-19T15:05:00Z,5,first_half,meadowlands_to_stadium,164,900,164,0.18222222222222223,340,derived,Derived from synthetic FinalFlow scenario inputs; not observed event operations.
staggered_departure,2026-07-19T15:05:00Z,5,first_half,stadium_to_meadowlands,0,900,0,0.0,0,derived,Derived from synthetic FinalFlow scenario inputs; not observed event operations.
staggered_departure,2026-07-19T15:10:00Z,10,first_half,midtown_to_penn_station,0,600,0,0.0,0,derived,Derived from synthetic FinalFlow scenario inputs; not observed event operations.
staggered_departure,2026-07-19T15:10:00Z,10,first_half,penn_station_to_midtown,0,600,0,0.0,0,derived,Derived from synthetic FinalFlow scenario inputs; not observed event operations.
staggered_departure,2026-07-19T15:10:00Z,10,first_half,penn_station_to_secaucus,0,900,0,0.0,0,derived,Derived from synthetic FinalFlow scenario inputs; not observed event operations.
staggered_departure,2026-07-19T15:10:00Z,10,first_half,secaucus_to_penn_station,0,900,0,0.0,0,derived,Derived from synthetic FinalFlow scenario inputs; not observed event operations.
staggered_departure,2026-07-19T15:10:00Z,10,first_half,secaucus_to_meadowlands,0,600,0,0.0,0,derived,Derived from synthetic FinalFlow scenario inputs; not observed event operations.
staggered_departure,2026-07-19T15:10:00Z,10,first_half,meadowlands_to_secaucus,0,600,0,0.0,0,derived,Derived from synthetic FinalFlow scenario inputs; not observed event operations.
staggered_departure,2026-07-19T15:10:00Z,10,first_half,meadowlands_to_stadium,140,900,140,0.15555555555555556,304,derived,Derived from synthetic FinalFlow scenario inputs; not observed event operations.
staggered_departure,2026-07-19T15:10:00Z,10,first_half,stadium_to_meadowlands,0,900,0,0.0,0,derived,Derived from synthetic FinalFlow scenario inputs; not observed event operations.
staggered_departure,2026-07-19T15:15:00Z,15,first_half,midtown_to_penn_station,0,600,0,0.0,0,derived,Derived from synthetic FinalFlow scenario inputs; not observed event operations.
staggered_departure,2026-07-19T15:15:00Z,15,first_half,penn_station_to_midtown,0,600,0,0.0,0,derived,Derived from synthetic FinalFlow scenario inputs; not observed event operations.
staggered_departure,2026-07-19T15:15:00Z,15,first_half,penn_station_to_secaucus,0,900,0,0.0,0,derived,Derived from synthetic FinalFlow scenario inputs; not observed event operations.
staggered_departure,2026-07-19T15:15:00Z,15,first_half,secaucus_to_penn_station,0,900,0,0.0,0,derived,Derived from synthetic FinalFlow scenario inputs; not observed event operations.
staggered_departure,2026-07-19T15:15:00Z,15,first_half,secaucus_to_meadowlands,0,600,0,0.0,0,derived,Derived from synthetic FinalFlow scenario inputs; not observed event operations.
staggered_departure,2026-07-19T15:15:00Z,15,first_half,meadowlands_to_secaucus,0,600,0,0.0,0,derived,Derived from synthetic FinalFlow scenario inputs; not observed event operations.
staggered_departure,2026-07-19T15:15:00Z,15,first_half,meadowlands_to_stadium,0,900,0,0.0,140,derived,Derived from synthetic FinalFlow scenario inputs; not observed event operations.
staggered_departure,2026-07-19T15:15:00Z,15,first_half,stadium_to_meadowlands,0,900,0,0.0,0,derived,Derived from synthetic FinalFlow scenario inputs; not observed event operations.
staggered_departure,2026-07-19T15:20:00Z,20,first_half,midtown_to_penn_station,0,600,0,0.0,0,derived,Derived from synthetic FinalFlow scenario inputs; not observed event operations.
staggered_departure,2026-07-19T15:20:00Z,20,first_half,penn_station_to_midtown,0,600,0,0.0,0,derived,Derived from synthetic FinalFlow scenario inputs; not observed event operations.
staggered_departure,2026-07-19T15:20:00Z,20,first_half,penn_station_to_secaucus,0,900,0,0.0,0,derived,Derived from synthetic FinalFlow scenario inputs; not observed event operations.
staggered_departure,2026-07-19T15:20:00Z,20,first_half,secaucus_to_penn_station,0,900,0,0.0,0,derived,Derived from synthetic FinalFlow scenario inputs; not observed event operations.
staggered_departure,2026-07-19T15:20:00Z,20,first_half,secaucus_to_meadowlands,0,600,0,0.0,0,derived,Derived from synthetic FinalFlow scenario inputs; not observed event operations.
staggered_departure,2026-07-19T15:20:00Z,20,first_half,meadowlands_to_secaucus,0,600,0,0.0,0,derived,Derived from synthetic FinalFlow scenario inputs; not observed event operations.
staggered_departure,2026-07-19T15:20:00Z,20,first_half,meadowlands_to_stadium,0,900,0,0.0,0,derived,Derived from synthetic FinalFlow scenario inputs; not observed event operations.
staggered_departure,2026-07-19T15:20:00Z,20,first_half,stadium_to_meadowlands,0,900,0,0.0,0,derived,Derived from synthetic FinalFlow scenario inputs; not observed event operations.
staggered_departure,2026-07-19T15:25:00Z,25,first_half,midtown_to_penn_station,0,600,0,0.0,0,derived,Derived from synthetic FinalFlow scenario inputs; not observed event operations.
staggered_departure,2026-07-19T15:25:00Z,25,first_half,penn_station_to_midtown,0,600,0,0.0,0,derived,Derived from synthetic FinalFlow scenario inputs; not observed event operations.
staggered_departure,2026-07-19T15:25:00Z,25,first_half,penn_station_to_secaucus,0,900,0,0.0,0,derived,Derived from synthetic FinalFlow scenario inputs; not observed event operations.
staggered_departure,2026-07-19T15:25:00Z,25,first_half,secaucus_to_penn_station,0,900,0,0.0,0,derived,Derived from synthetic FinalFlow scenario inputs; not observed event operations.
staggered_departure,2026-07-19T15:25:00Z,25,first_half,secaucus_to_meadowlands,0,600,0,0.0,0,derived,Derived from synthetic FinalFlow scenario inputs; not observed event operations.
staggered_departure,2026-07-19T15:25:00Z,25,first_half,meadowlands_to_secaucus,0,600,0,0.0,0,derived,Derived from synthetic FinalFlow scenario inputs; not observed event operations.
staggered_departure,2026-07-19T15:25:00Z,25,first_half,meadowlands_to_stadium,0,900,0,0.0,0,derived,Derived from synthetic FinalFlow scenario inputs; not observed event operations.
staggered_departure,2026-07-19T15:25:00Z,25,first_half,stadium_to_meadowlands,0,900,0,0.0,0,derived,Derived from synthetic FinalFlow scenario inputs; not observed event operations.
staggered_departure,2026-07-19T15:30:00Z,30,first_half,midtown_to_penn_station,0,600,0,0.0,0,derived,Derived from synthetic FinalFlow scenario inputs; not observed event operations.
staggered_departure,2026-07-19T15:30:00Z,30,first_half,penn_station_to_midtown,0,600,0,0.0,0,derived,Derived from synthetic FinalFlow scenario inputs; not observed event operations.
staggered_departure,2026-07-19T15:30:00Z,30,first_half,penn_station_to_secaucus,0,900,0,0.0,0,derived,Derived from synthetic FinalFlow scenario inputs; not observed event operations.
staggered_departure,2026-07-19T15:30:00Z,30,first_half,secaucus_to_penn_station,0,900,0,0.0,0,derived,Derived from synthetic FinalFlow scenario inputs; not observed event operations.
staggered_departure,2026-07-19T15:30:00Z,30,first_half,secaucus_to_meadowlands,0,600,0,0.0,0,derived,Derived from synthetic FinalFlow scenario inputs; not observed event operations.
staggered_departure,2026-07-19T15:30:00Z,30,first_half,meadowlands_to_secaucus,0,600,0,0.0,0,derived,Derived from synthetic FinalFlow scenario inputs; not observed event operations.
staggered_departure,2026-07-19T15:30:00Z,30,first_half,meadowlands_to_stadium,0,900,0,0.0,0,derived,Derived from synthetic FinalFlow scenario inputs; not observed event operations.
staggered_departure,2026-07-19T15:30:00Z,30,first_half,stadium_to_meadowlands,0,900,0,0.0,0,derived,Derived from synthetic FinalFlow scenario inputs; not observed event operations.
staggered_departure,2026-07-19T15:35:00Z,35,first_half,midtown_to_penn_station,0,600,0,0.0,0,derived,Derived from synthetic FinalFlow scenario inputs; not observed event operations.
staggered_departure,2026-07-19T15:35:00Z,35,first_half,penn_station_to_midtown,0,600,0,0.0,0,derived,Derived from synthetic FinalFlow scenario inputs; not observed event operations.
staggered_departure,2026-07-19T15:35:00Z,35,first_half,penn_station_to_secaucus,0,900,0,0.0,0,derived,Derived from synthetic FinalFlow scenario inputs; not observed event operations.
staggered_departure,2026-07-19T15:35:00Z,35,first_half,secaucus_to_penn_station,0,900,0,0.0,0,derived,Derived from synthetic FinalFlow scenario inputs; not observed event operations.
staggered_departure,2026-07-19T15:35:00Z,35,first_half,secaucus_to_meadowlands,0,600,0,0.0,0,derived,Derived from synthetic FinalFlow scenario inputs; not observed event operations.
staggered_departure,2026-07-19T15:35:00Z,35,first_half,meadowlands_to_secaucus,0,600,0,0.0,0,derived,Derived from synthetic FinalFlow scenario inputs; not observed event operations.
staggered_departure,2026-07-19T15:35:00Z,35,first_half,meadowlands_to_stadium,0,900,0,0.0,0,derived,Derived from synthetic FinalFlow scenario inputs; not observed event operations.
staggered_departure,2026-07-19T15:35:00Z,35,first_half,stadium_to_meadowlands,0,900,0,0.0,0,derived,Derived from synthetic FinalFlow scenario inputs; not observed event operations.
staggered_departure,2026-07-19T15:40:00Z,40,first_half,midtown_to_penn_station,0,600,0,0.0,0,derived,Derived from synthetic FinalFlow scenario inputs; not observed event operations.
staggered_departure,2026-07-19T15:40:00Z,40,first_half,penn_station_to_midtown,0,600,0,0.0,0,derived,Derived from synthetic FinalFlow scenario inputs; not observed event operations.
staggered_departure,2026-07-19T15:40:00Z,40,first_half,penn_station_to_secaucus,0,900,0,0.0,0,derived,Derived from synthetic FinalFlow scenario inputs; not observed event operations.
staggered_departure,2026-07-19T15:40:00Z,40,first_half,secaucus_to_penn_station,0,900,0,0.0,0,derived,Derived from synthetic FinalFlow scenario inputs; not observed event operations.
staggered_departure,2026-07-19T15:40:00Z,40,first_half,secaucus_to_meadowlands,0,600,0,0.0,0,derived,Derived from synthetic FinalFlow scenario inputs; not observed event operations.
staggered_departure,2026-07-19T15:40:00Z,40,first_half,meadowlands_to_secaucus,0,600,0,0.0,0,derived,Derived from synthetic FinalFlow scenario inputs; not observed event operations.
staggered_departure,2026-07-19T15:40:00Z,40,first_half,meadowlands_to_stadium,0,900,0,0.0,0,derived,Derived from synthetic FinalFlow scenario inputs; not observed event operations.
staggered_departure,2026-07-19T15:40:00Z,40,first_half,stadium_to_meadowlands,0,900,0,0.0,0,derived,Derived from synthetic FinalFlow scenario inputs; not observed event operations.
staggered_departure,2026-07-19T15:45:00Z,45,first_half_end,midtown_to_penn_station,0,600,0,0.0,0,derived,Derived from synthetic FinalFlow scenario inputs; not observed event operations.
staggered_departure,2026-07-19T15:45:00Z,45,first_half_end,penn_station_to_midtown,0,600,0,0.0,0,derived,Derived from synthetic FinalFlow scenario inputs; not observed event operations.
staggered_departure,2026-07-19T15:45:00Z,45,first_half_end,penn_station_to_secaucus,0,900,0,0.0,0,derived,Derived from synthetic FinalFlow scenario inputs; not observed event operations.
staggered_departure,2026-07-19T15:45:00Z,45,first_half_end,secaucus_to_penn_station,0,900,0,0.0,0,derived,Derived from synthetic FinalFlow scenario inputs; not observed event operations.
staggered_departure,2026-07-19T15:45:00Z,45,first_half_end,secaucus_to_meadowlands,0,600,0,0.0,0,derived,Derived from synthetic FinalFlow scenario inputs; not observed event operations.
staggered_departure,2026-07-19T15:45:00Z,45,first_half_end,meadowlands_to_secaucus,0,600,0,0.0,0,derived,Derived from synthetic FinalFlow scenario inputs; not observed event operations.
staggered_departure,2026-07-19T15:45:00Z,45,first_half_end,meadowlands_to_stadium,0,900,0,0.0,0,derived,Derived from synthetic FinalFlow scenario inputs; not observed event operations.
staggered_departure,2026-07-19T15:45:00Z,45,first_half_end,stadium_to_meadowlands,0,900,0,0.0,0,derived,Derived from synthetic FinalFlow scenario inputs; not observed event operations.
staggered_departure,2026-07-19T15:50:00Z,50,halftime,midtown_to_penn_station,0,600,0,0.0,0,derived,Derived from synthetic FinalFlow scenario inputs; not observed event operations.
staggered_departure,2026-07-19T15:50:00Z,50,halftime,penn_station_to_midtown,0,600,0,0.0,0,derived,Derived from synthetic FinalFlow scenario inputs; not observed event operations.
staggered_departure,2026-07-19T15:50:00Z,50,halftime,penn_station_to_secaucus,0,900,0,0.0,0,derived,Derived from synthetic FinalFlow scenario inputs; not observed event operations.
staggered_departure,2026-07-19T15:50:00Z,50,halftime,secaucus_to_penn_station,0,900,0,0.0,0,derived,Derived from synthetic FinalFlow scenario inputs; not observed event operations.
staggered_departure,2026-07-19T15:50:00Z,50,halftime,secaucus_to_meadowlands,0,600,0,0.0,0,derived,Derived from synthetic FinalFlow scenario inputs; not observed event operations.
staggered_departure,2026-07-19T15:50:00Z,50,halftime,meadowlands_to_secaucus,0,600,0,0.0,0,derived,Derived from synthetic FinalFlow scenario inputs; not observed event operations.
staggered_departure,2026-07-19T15:50:00Z,50,halftime,meadowlands_to_stadium,0,900,0,0.0,0,derived,Derived from synthetic FinalFlow scenario inputs; not observed event operations.
staggered_departure,2026-07-19T15:50:00Z,50,halftime,stadium_to_meadowlands,0,900,0,0.0,0,derived,Derived from synthetic FinalFlow scenario inputs; not observed event operations.
staggered_departure,2026-07-19T15:55:00Z,55,halftime,midtown_to_penn_station,0,600,0,0.0,0,derived,Derived from synthetic FinalFlow scenario inputs; not observed event operations.
staggered_departure,2026-07-19T15:55:00Z,55,halftime,penn_station_to_midtown,0,600,0,0.0,0,derived,Derived from synthetic FinalFlow scenario inputs; not observed event operations.
staggered_departure,2026-07-19T15:55:00Z,55,halftime,penn_station_to_secaucus,0,900,0,0.0,0,derived,Derived from synthetic FinalFlow scenario inputs; not observed event operations.
staggered_departure,2026-07-19T15:55:00Z,55,halftime,secaucus_to_penn_station,0,900,0,0.0,0,derived,Derived from synthetic FinalFlow scenario inputs; not observed event operations.
staggered_departure,2026-07-19T15:55:00Z,55,halftime,secaucus_to_meadowlands,0,600,0,0.0,0,derived,Derived from synthetic FinalFlow scenario inputs; not observed event operations.
staggered_departure,2026-07-19T15:55:00Z,55,halftime,meadowlands_to_secaucus,0,600,0,0.0,0,derived,Derived from synthetic FinalFlow scenario inputs; not observed event operations.
staggered_departure,2026-07-19T15:55:00Z,55,halftime,meadowlands_to_stadium,0,900,0,0.0,0,derived,Derived from synthetic FinalFlow scenario inputs; not observed event operations.
staggered_departure,2026-07-19T15:55:00Z,55,halftime,stadium_to_meadowlands,0,900,0,0.0,0,derived,Derived from synthetic FinalFlow scenario inputs; not observed event operations.
staggered_departure,2026-07-19T16:00:00Z,60,second_half,midtown_to_penn_station,0,600,0,0.0,0,derived,Derived from synthetic FinalFlow scenario inputs; not observed event operations.
staggered_departure,2026-07-19T16:00:00Z,60,second_half,penn_station_to_midtown,0,600,0,0.0,0,derived,Derived from synthetic FinalFlow scenario inputs; not observed event operations.
staggered_departure,2026-07-19T16:00:00Z,60,second_half,penn_station_to_secaucus,0,900,0,0.0,0,derived,Derived from synthetic FinalFlow scenario inputs; not observed event operations.
staggered_departure,2026-07-19T16:00:00Z,60,second_half,secaucus_to_penn_station,0,900,0,0.0,0,derived,Derived from synthetic FinalFlow scenario inputs; not observed event operations.
staggered_departure,2026-07-19T16:00:00Z,60,second_half,secaucus_to_meadowlands,0,600,0,0.0,0,derived,Derived from synthetic FinalFlow scenario inputs; not observed event operations.
staggered_departure,2026-07-19T16:00:00Z,60,second_half,meadowlands_to_secaucus,0,600,0,0.0,0,derived,Derived from synthetic FinalFlow scenario inputs; not observed event operations.
staggered_departure,2026-07-19T16:00:00Z,60,second_half,meadowlands_to_stadium,0,900,0,0.0,0,derived,Derived from synthetic FinalFlow scenario inputs; not observed event operations.
staggered_departure,2026-07-19T16:00:00Z,60,second_half,stadium_to_meadowlands,0,900,0,0.0,0,derived,Derived from synthetic FinalFlow scenario inputs; not observed event operations.
staggered_departure,2026-07-19T16:05:00Z,65,second_half,midtown_to_penn_station,0,600,0,0.0,0,derived,Derived from synthetic FinalFlow scenario inputs; not observed event operations.
staggered_departure,2026-07-19T16:05:00Z,65,second_half,penn_station_to_midtown,0,600,0,0.0,0,derived,Derived from synthetic FinalFlow scenario inputs; not observed event operations.
staggered_departure,2026-07-19T16:05:00Z,65,second_half,penn_station_to_secaucus,0,900,0,0.0,0,derived,Derived from synthetic FinalFlow scenario inputs; not observed event operations.
staggered_departure,2026-07-19T16:05:00Z,65,second_half,secaucus_to_penn_station,0,900,0,0.0,0,derived,Derived from synthetic FinalFlow scenario inputs; not observed event operations.
staggered_departure,2026-07-19T16:05:00Z,65,second_half,secaucus_to_meadowlands,0,600,0,0.0,0,derived,Derived from synthetic FinalFlow scenario inputs; not observed event operations.
staggered_departure,2026-07-19T16:05:00Z,65,second_half,meadowlands_to_secaucus,0,600,0,0.0,0,derived,Derived from synthetic FinalFlow scenario inputs; not observed event operations.
staggered_departure,2026-07-19T16:05:00Z,65,second_half,meadowlands_to_stadium,0,900,0,0.0,0,derived,Derived from synthetic FinalFlow scenario inputs; not observed event operations.
staggered_departure,2026-07-19T16:05:00Z,65,second_half,stadium_to_meadowlands,0,900,0,0.0,0,derived,Derived from synthetic FinalFlow scenario inputs; not observed event operations.
staggered_departure,2026-07-19T16:10:00Z,70,second_half,midtown_to_penn_station,0,600,0,0.0,0,derived,Derived from synthetic FinalFlow scenario inputs; not observed event operations.
staggered_departure,2026-07-19T16:10:00Z,70,second_half,penn_station_to_midtown,0,600,0,0.0,0,derived,Derived from synthetic FinalFlow scenario inputs; not observed event operations.
staggered_departure,2026-07-19T16:10:00Z,70,second_half,penn_station_to_secaucus,0,900,0,0.0,0,derived,Derived from synthetic FinalFlow scenario inputs; not observed event operations.
staggered_departure,2026-07-19T16:10:00Z,70,second_half,secaucus_to_penn_station,0,900,0,0.0,0,derived,Derived from synthetic FinalFlow scenario inputs; not observed event operations.
staggered_departure,2026-07-19T16:10:00Z,70,second_half,secaucus_to_meadowlands,0,600,0,0.0,0,derived,Derived from synthetic FinalFlow scenario inputs; not observed event operations.
staggered_departure,2026-07-19T16:10:00Z,70,second_half,meadowlands_to_secaucus,0,600,0,0.0,0,derived,Derived from synthetic FinalFlow scenario inputs; not observed event operations.
staggered_departure,2026-07-19T16:10:00Z,70,second_half,meadowlands_to_stadium,0,900,0,0.0,0,derived,Derived from synthetic FinalFlow scenario inputs; not observed event operations.
staggered_departure,2026-07-19T16:10:00Z,70,second_half,stadium_to_meadowlands,0,900,0,0.0,0,derived,Derived from synthetic FinalFlow scenario inputs; not observed event operations.
staggered_departure,2026-07-19T16:15:00Z,75,second_half,midtown_to_penn_station,0,600,0,0.0,0,derived,Derived from synthetic FinalFlow scenario inputs; not observed event operations.
staggered_departure,2026-07-19T16:15:00Z,75,second_half,penn_station_to_midtown,0,600,0,0.0,0,derived,Derived from synthetic FinalFlow scenario inputs; not observed event operations.
staggered_departure,2026-07-19T16:15:00Z,75,second_half,penn_station_to_secaucus,0,900,0,0.0,0,derived,Derived from synthetic FinalFlow scenario inputs; not observed event operations.
staggered_departure,2026-07-19T16:15:00Z,75,second_half,secaucus_to_penn_station,0,900,0,0.0,0,derived,Derived from synthetic FinalFlow scenario inputs; not observed event operations.
staggered_departure,2026-07-19T16:15:00Z,75,second_half,secaucus_to_meadowlands,0,600,0,0.0,0,derived,Derived from synthetic FinalFlow scenario inputs; not observed event operations.
staggered_departure,2026-07-19T16:15:00Z,75,second_half,meadowlands_to_secaucus,0,600,0,0.0,0,derived,Derived from synthetic FinalFlow scenario inputs; not observed event operations.
staggered_departure,2026-07-19T16:15:00Z,75,second_half,meadowlands_to_stadium,0,900,0,0.0,0,derived,Derived from synthetic FinalFlow scenario inputs; not observed event operations.
staggered_departure,2026-07-19T16:15:00Z,75,second_half,stadium_to_meadowlands,0,900,0,0.0,0,derived,Derived from synthetic FinalFlow scenario inputs; not observed event operations.
staggered_departure,2026-07-19T16:20:00Z,80,second_half,midtown_to_penn_station,0,600,0,0.0,0,derived,Derived from synthetic FinalFlow scenario inputs; not observed event operations.
staggered_departure,2026-07-19T16:20:00Z,80,second_half,penn_station_to_midtown,0,600,0,0.0,0,derived,Derived from synthetic FinalFlow scenario inputs; not observed event operations.
staggered_departure,2026-07-19T16:20:00Z,80,second_half,penn_station_to_secaucus,0,900,0,0.0,0,derived,Derived from synthetic FinalFlow scenario inputs; not observed event operations.
staggered_departure,2026-07-19T16:20:00Z,80,second_half,secaucus_to_penn_station,0,900,0,0.0,0,derived,Derived from synthetic FinalFlow scenario inputs; not observed event operations.
staggered_departure,2026-07-19T16:20:00Z,80,second_half,secaucus_to_meadowlands,0,600,0,0.0,0,derived,Derived from synthetic FinalFlow scenario inputs; not observed event operations.
staggered_departure,2026-07-19T16:20:00Z,80,second_half,meadowlands_to_secaucus,0,600,0,0.0,0,derived,Derived from synthetic FinalFlow scenario inputs; not observed event operations.
staggered_departure,2026-07-19T16:20:00Z,80,second_half,meadowlands_to_stadium,0,900,0,0.0,0,derived,Derived from synthetic FinalFlow scenario inputs; not observed event operations.
staggered_departure,2026-07-19T16:20:00Z,80,second_half,stadium_to_meadowlands,0,900,0,0.0,0,derived,Derived from synthetic FinalFlow scenario inputs; not observed event operations.
staggered_departure,2026-07-19T16:25:00Z,85,second_half,midtown_to_penn_station,0,600,0,0.0,0,derived,Derived from synthetic FinalFlow scenario inputs; not observed event operations.
staggered_departure,2026-07-19T16:25:00Z,85,second_half,penn_station_to_midtown,0,600,0,0.0,0,derived,Derived from synthetic FinalFlow scenario inputs; not observed event operations.
staggered_departure,2026-07-19T16:25:00Z,85,second_half,penn_station_to_secaucus,0,900,0,0.0,0,derived,Derived from synthetic FinalFlow scenario inputs; not observed event operations.
staggered_departure,2026-07-19T16:25:00Z,85,second_half,secaucus_to_penn_station,0,900,0,0.0,0,derived,Derived from synthetic FinalFlow scenario inputs; not observed event operations.
staggered_departure,2026-07-19T16:25:00Z,85,second_half,secaucus_to_meadowlands,0,600,0,0.0,0,derived,Derived from synthetic FinalFlow scenario inputs; not observed event operations.
staggered_departure,2026-07-19T16:25:00Z,85,second_half,meadowlands_to_secaucus,0,600,0,0.0,0,derived,Derived from synthetic FinalFlow scenario inputs; not observed event operations.
staggered_departure,2026-07-19T16:25:00Z,85,second_half,meadowlands_to_stadium,0,900,0,0.0,0,derived,Derived from synthetic FinalFlow scenario inputs; not observed event operations.
staggered_departure,2026-07-19T16:25:00Z,85,second_half,stadium_to_meadowlands,0,900,0,0.0,0,derived,Derived from synthetic FinalFlow scenario inputs; not observed event operations.
staggered_departure,2026-07-19T16:30:00Z,90,second_half,midtown_to_penn_station,0,600,0,0.0,0,derived,Derived from synthetic FinalFlow scenario inputs; not observed event operations.
staggered_departure,2026-07-19T16:30:00Z,90,second_half,penn_station_to_midtown,0,600,0,0.0,0,derived,Derived from synthetic FinalFlow scenario inputs; not observed event operations.
staggered_departure,2026-07-19T16:30:00Z,90,second_half,penn_station_to_secaucus,0,900,0,0.0,0,derived,Derived from synthetic FinalFlow scenario inputs; not observed event operations.
staggered_departure,2026-07-19T16:30:00Z,90,second_half,secaucus_to_penn_station,0,900,0,0.0,0,derived,Derived from synthetic FinalFlow scenario inputs; not observed event operations.
staggered_departure,2026-07-19T16:30:00Z,90,second_half,secaucus_to_meadowlands,0,600,0,0.0,0,derived,Derived from synthetic FinalFlow scenario inputs; not observed event operations.
staggered_departure,2026-07-19T16:30:00Z,90,second_half,meadowlands_to_secaucus,0,600,0,0.0,0,derived,Derived from synthetic FinalFlow scenario inputs; not observed event operations.
staggered_departure,2026-07-19T16:30:00Z,90,second_half,meadowlands_to_stadium,0,900,0,0.0,0,derived,Derived from synthetic FinalFlow scenario inputs; not observed event operations.
staggered_departure,2026-07-19T16:30:00Z,90,second_half,stadium_to_meadowlands,0,900,0,0.0,0,derived,Derived from synthetic FinalFlow scenario inputs; not observed event operations.
staggered_departure,2026-07-19T16:35:00Z,95,second_half,midtown_to_penn_station,0,600,0,0.0,0,derived,Derived from synthetic FinalFlow scenario inputs; not observed event operations.
staggered_departure,2026-07-19T16:35:00Z,95,second_half,penn_station_to_midtown,0,600,0,0.0,0,derived,Derived from synthetic FinalFlow scenario inputs; not observed event operations.
staggered_departure,2026-07-19T16:35:00Z,95,second_half,penn_station_to_secaucus,0,900,0,0.0,0,derived,Derived from synthetic FinalFlow scenario inputs; not observed event operations.
staggered_departure,2026-07-19T16:35:00Z,95,second_half,secaucus_to_penn_station,0,900,0,0.0,0,derived,Derived from synthetic FinalFlow scenario inputs; not observed event operations.
staggered_departure,2026-07-19T16:35:00Z,95,second_half,secaucus_to_meadowlands,0,600,0,0.0,0,derived,Derived from synthetic FinalFlow scenario inputs; not observed event operations.
staggered_departure,2026-07-19T16:35:00Z,95,second_half,meadowlands_to_secaucus,0,600,0,0.0,0,derived,Derived from synthetic FinalFlow scenario inputs; not observed event operations.
staggered_departure,2026-07-19T16:35:00Z,95,second_half,meadowlands_to_stadium,0,900,0,0.0,0,derived,Derived from synthetic FinalFlow scenario inputs; not observed event operations.
staggered_departure,2026-07-19T16:35:00Z,95,second_half,stadium_to_meadowlands,0,900,0,0.0,0,derived,Derived from synthetic FinalFlow scenario inputs; not observed event operations.
staggered_departure,2026-07-19T16:40:00Z,100,second_half,midtown_to_penn_station,0,600,0,0.0,0,derived,Derived from synthetic FinalFlow scenario inputs; not observed event operations.
staggered_departure,2026-07-19T16:40:00Z,100,second_half,penn_station_to_midtown,0,600,0,0.0,0,derived,Derived from synthetic FinalFlow scenario inputs; not observed event operations.
staggered_departure,2026-07-19T16:40:00Z,100,second_half,penn_station_to_secaucus,0,900,0,0.0,0,derived,Derived from synthetic FinalFlow scenario inputs; not observed event operations.
staggered_departure,2026-07-19T16:40:00Z,100,second_half,secaucus_to_penn_station,0,900,0,0.0,0,derived,Derived from synthetic FinalFlow scenario inputs; not observed event operations.
staggered_departure,2026-07-19T16:40:00Z,100,second_half,secaucus_to_meadowlands,0,600,0,0.0,0,derived,Derived from synthetic FinalFlow scenario inputs; not observed event operations.
staggered_departure,2026-07-19T16:40:00Z,100,second_half,meadowlands_to_secaucus,0,600,0,0.0,0,derived,Derived from synthetic FinalFlow scenario inputs; not observed event operations.
staggered_departure,2026-07-19T16:40:00Z,100,second_half,meadowlands_to_stadium,0,900,0,0.0,0,derived,Derived from synthetic FinalFlow scenario inputs; not observed event operations.
staggered_departure,2026-07-19T16:40:00Z,100,second_half,stadium_to_meadowlands,0,900,0,0.0,0,derived,Derived from synthetic FinalFlow scenario inputs; not observed event operations.
staggered_departure,2026-07-19T16:45:00Z,105,regulation_end,midtown_to_penn_station,0,600,0,0.0,0,derived,Derived from synthetic FinalFlow scenario inputs; not observed event operations.
staggered_departure,2026-07-19T16:45:00Z,105,regulation_end,penn_station_to_midtown,0,600,0,0.0,0,derived,Derived from synthetic FinalFlow scenario inputs; not observed event operations.
staggered_departure,2026-07-19T16:45:00Z,105,regulation_end,penn_station_to_secaucus,0,900,0,0.0,0,derived,Derived from synthetic FinalFlow scenario inputs; not observed event operations.
staggered_departure,2026-07-19T16:45:00Z,105,regulation_end,secaucus_to_penn_station,0,900,0,0.0,0,derived,Derived from synthetic FinalFlow scenario inputs; not observed event operations.
staggered_departure,2026-07-19T16:45:00Z,105,regulation_end,secaucus_to_meadowlands,0,600,0,0.0,0,derived,Derived from synthetic FinalFlow scenario inputs; not observed event operations.
staggered_departure,2026-07-19T16:45:00Z,105,regulation_end,meadowlands_to_secaucus,0,600,0,0.0,0,derived,Derived from synthetic FinalFlow scenario inputs; not observed event operations.
staggered_departure,2026-07-19T16:45:00Z,105,regulation_end,meadowlands_to_stadium,0,900,0,0.0,0,derived,Derived from synthetic FinalFlow scenario inputs; not observed event operations.
staggered_departure,2026-07-19T16:45:00Z,105,regulation_end,stadium_to_meadowlands,0,900,0,0.0,0,derived,Derived from synthetic FinalFlow scenario inputs; not observed event operations.
staggered_departure,2026-07-19T16:50:00Z,110,extra_time,midtown_to_penn_station,0,600,0,0.0,0,derived,Derived from synthetic FinalFlow scenario inputs; not observed event operations.
staggered_departure,2026-07-19T16:50:00Z,110,extra_time,penn_station_to_midtown,0,600,0,0.0,0,derived,Derived from synthetic FinalFlow scenario inputs; not observed event operations.
staggered_departure,2026-07-19T16:50:00Z,110,extra_time,penn_station_to_secaucus,0,900,0,0.0,0,derived,Derived from synthetic FinalFlow scenario inputs; not observed event operations.
staggered_departure,2026-07-19T16:50:00Z,110,extra_time,secaucus_to_penn_station,0,900,0,0.0,0,derived,Derived from synthetic FinalFlow scenario inputs; not observed event operations.
staggered_departure,2026-07-19T16:50:00Z,110,extra_time,secaucus_to_meadowlands,0,600,0,0.0,0,derived,Derived from synthetic FinalFlow scenario inputs; not observed event operations.
staggered_departure,2026-07-19T16:50:00Z,110,extra_time,meadowlands_to_secaucus,0,600,0,0.0,0,derived,Derived from synthetic FinalFlow scenario inputs; not observed event operations.
staggered_departure,2026-07-19T16:50:00Z,110,extra_time,meadowlands_to_stadium,0,900,0,0.0,0,derived,Derived from synthetic FinalFlow scenario inputs; not observed event operations.
staggered_departure,2026-07-19T16:50:00Z,110,extra_time,stadium_to_meadowlands,0,900,0,0.0,0,derived,Derived from synthetic FinalFlow scenario inputs; not observed event operations.
staggered_departure,2026-07-19T16:55:00Z,115,extra_time,midtown_to_penn_station,0,600,0,0.0,0,derived,Derived from synthetic FinalFlow scenario inputs; not observed event operations.
staggered_departure,2026-07-19T16:55:00Z,115,extra_time,penn_station_to_midtown,0,600,0,0.0,0,derived,Derived from synthetic FinalFlow scenario inputs; not observed event operations.
staggered_departure,2026-07-19T16:55:00Z,115,extra_time,penn_station_to_secaucus,0,900,0,0.0,0,derived,Derived from synthetic FinalFlow scenario inputs; not observed event operations.
staggered_departure,2026-07-19T16:55:00Z,115,extra_time,secaucus_to_penn_station,0,900,0,0.0,0,derived,Derived from synthetic FinalFlow scenario inputs; not observed event operations.
staggered_departure,2026-07-19T16:55:00Z,115,extra_time,secaucus_to_meadowlands,0,600,0,0.0,0,derived,Derived from synthetic FinalFlow scenario inputs; not observed event operations.
staggered_departure,2026-07-19T16:55:00Z,115,extra_time,meadowlands_to_secaucus,0,600,0,0.0,0,derived,Derived from synthetic FinalFlow scenario inputs; not observed event operations.
staggered_departure,2026-07-19T16:55:00Z,115,extra_time,meadowlands_to_stadium,0,900,0,0.0,0,derived,Derived from synthetic FinalFlow scenario inputs; not observed event operations.
staggered_departure,2026-07-19T16:55:00Z,115,extra_time,stadium_to_meadowlands,0,900,0,0.0,0,derived,Derived from synthetic FinalFlow scenario inputs; not observed event operations.
staggered_departure,2026-07-19T17:00:00Z,120,extra_time,midtown_to_penn_station,0,600,0,0.0,0,derived,Derived from synthetic FinalFlow scenario inputs; not observed event operations.
staggered_departure,2026-07-19T17:00:00Z,120,extra_time,penn_station_to_midtown,0,600,0,0.0,0,derived,Derived from synthetic FinalFlow scenario inputs; not observed event operations.
staggered_departure,2026-07-19T17:00:00Z,120,extra_time,penn_station_to_secaucus,0,900,0,0.0,0,derived,Derived from synthetic FinalFlow scenario inputs; not observed event operations.
staggered_departure,2026-07-19T17:00:00Z,120,extra_time,secaucus_to_penn_station,0,900,0,0.0,0,derived,Derived from synthetic FinalFlow scenario inputs; not observed event operations.
staggered_departure,2026-07-19T17:00:00Z,120,extra_time,secaucus_to_meadowlands,0,600,0,0.0,0,derived,Derived from synthetic FinalFlow scenario inputs; not observed event operations.
staggered_departure,2026-07-19T17:00:00Z,120,extra_time,meadowlands_to_secaucus,0,600,0,0.0,0,derived,Derived from synthetic FinalFlow scenario inputs; not observed event operations.
staggered_departure,2026-07-19T17:00:00Z,120,extra_time,meadowlands_to_stadium,0,900,0,0.0,0,derived,Derived from synthetic FinalFlow scenario inputs; not observed event operations.
staggered_departure,2026-07-19T17:00:00Z,120,extra_time,stadium_to_meadowlands,0,900,0,0.0,0,derived,Derived from synthetic FinalFlow scenario inputs; not observed event operations.
staggered_departure,2026-07-19T17:05:00Z,125,extra_time,midtown_to_penn_station,0,600,0,0.0,0,derived,Derived from synthetic FinalFlow scenario inputs; not observed event operations.
staggered_departure,2026-07-19T17:05:00Z,125,extra_time,penn_station_to_midtown,0,600,0,0.0,0,derived,Derived from synthetic FinalFlow scenario inputs; not observed event operations.
staggered_departure,2026-07-19T17:05:00Z,125,extra_time,penn_station_to_secaucus,0,900,0,0.0,0,derived,Derived from synthetic FinalFlow scenario inputs; not observed event operations.
staggered_departure,2026-07-19T17:05:00Z,125,extra_time,secaucus_to_penn_station,0,900,0,0.0,0,derived,Derived from synthetic FinalFlow scenario inputs; not observed event operations.
staggered_departure,2026-07-19T17:05:00Z,125,extra_time,secaucus_to_meadowlands,0,600,0,0.0,0,derived,Derived from synthetic FinalFlow scenario inputs; not observed event operations.
staggered_departure,2026-07-19T17:05:00Z,125,extra_time,meadowlands_to_secaucus,0,600,0,0.0,0,derived,Derived from synthetic FinalFlow scenario inputs; not observed event operations.
staggered_departure,2026-07-19T17:05:00Z,125,extra_time,meadowlands_to_stadium,0,900,0,0.0,0,derived,Derived from synthetic FinalFlow scenario inputs; not observed event operations.
staggered_departure,2026-07-19T17:05:00Z,125,extra_time,stadium_to_meadowlands,0,900,0,0.0,0,derived,Derived from synthetic FinalFlow scenario inputs; not observed event operations.
staggered_departure,2026-07-19T17:10:00Z,130,extra_time,midtown_to_penn_station,0,600,0,0.0,0,derived,Derived from synthetic FinalFlow scenario inputs; not observed event operations.
staggered_departure,2026-07-19T17:10:00Z,130,extra_time,penn_station_to_midtown,0,600,0,0.0,0,derived,Derived from synthetic FinalFlow scenario inputs; not observed event operations.
staggered_departure,2026-07-19T17:10:00Z,130,extra_time,penn_station_to_secaucus,0,900,0,0.0,0,derived,Derived from synthetic FinalFlow scenario inputs; not observed event operations.
staggered_departure,2026-07-19T17:10:00Z,130,extra_time,secaucus_to_penn_station,0,900,0,0.0,0,derived,Derived from synthetic FinalFlow scenario inputs; not observed event operations.
staggered_departure,2026-07-19T17:10:00Z,130,extra_time,secaucus_to_meadowlands,0,600,0,0.0,0,derived,Derived from synthetic FinalFlow scenario inputs; not observed event operations.
staggered_departure,2026-07-19T17:10:00Z,130,extra_time,meadowlands_to_secaucus,0,600,0,0.0,0,derived,Derived from synthetic FinalFlow scenario inputs; not observed event operations.
staggered_departure,2026-07-19T17:10:00Z,130,extra_time,meadowlands_to_stadium,0,900,0,0.0,0,derived,Derived from synthetic FinalFlow scenario inputs; not observed event operations.
staggered_departure,2026-07-19T17:10:00Z,130,extra_time,stadium_to_meadowlands,0,900,0,0.0,0,derived,Derived from synthetic FinalFlow scenario inputs; not observed event operations.
staggered_departure,2026-07-19T17:15:00Z,135,final_whistle,midtown_to_penn_station,0,600,0,0.0,0,derived,Derived from synthetic FinalFlow scenario inputs; not observed event operations.
staggered_departure,2026-07-19T17:15:00Z,135,final_whistle,penn_station_to_midtown,0,600,0,0.0,0,derived,Derived from synthetic FinalFlow scenario inputs; not observed event operations.
staggered_departure,2026-07-19T17:15:00Z,135,final_whistle,penn_station_to_secaucus,0,900,0,0.0,0,derived,Derived from synthetic FinalFlow scenario inputs; not observed event operations.
staggered_departure,2026-07-19T17:15:00Z,135,final_whistle,secaucus_to_penn_station,0,900,0,0.0,0,derived,Derived from synthetic FinalFlow scenario inputs; not observed event operations.
staggered_departure,2026-07-19T17:15:00Z,135,final_whistle,secaucus_to_meadowlands,0,600,0,0.0,0,derived,Derived from synthetic FinalFlow scenario inputs; not observed event operations.
staggered_departure,2026-07-19T17:15:00Z,135,final_whistle,meadowlands_to_secaucus,0,600,0,0.0,0,derived,Derived from synthetic FinalFlow scenario inputs; not observed event operations.
staggered_departure,2026-07-19T17:15:00Z,135,final_whistle,meadowlands_to_stadium,0,900,0,0.0,0,derived,Derived from synthetic FinalFlow scenario inputs; not observed event operations.
staggered_departure,2026-07-19T17:15:00Z,135,final_whistle,stadium_to_meadowlands,42,900,42,0.04666666666666667,42,derived,Derived from synthetic FinalFlow scenario inputs; not observed event operations.
staggered_departure,2026-07-19T17:20:00Z,140,post_match,midtown_to_penn_station,0,600,0,0.0,0,derived,Derived from synthetic FinalFlow scenario inputs; not observed event operations.
staggered_departure,2026-07-19T17:20:00Z,140,post_match,penn_station_to_midtown,0,600,0,0.0,0,derived,Derived from synthetic FinalFlow scenario inputs; not observed event operations.
staggered_departure,2026-07-19T17:20:00Z,140,post_match,penn_station_to_secaucus,0,900,0,0.0,0,derived,Derived from synthetic FinalFlow scenario inputs; not observed event operations.
staggered_departure,2026-07-19T17:20:00Z,140,post_match,secaucus_to_penn_station,0,900,0,0.0,0,derived,Derived from synthetic FinalFlow scenario inputs; not observed event operations.
staggered_departure,2026-07-19T17:20:00Z,140,post_match,secaucus_to_meadowlands,0,600,0,0.0,0,derived,Derived from synthetic FinalFlow scenario inputs; not observed event operations.
staggered_departure,2026-07-19T17:20:00Z,140,post_match,meadowlands_to_secaucus,0,600,0,0.0,0,derived,Derived from synthetic FinalFlow scenario inputs; not observed event operations.
staggered_departure,2026-07-19T17:20:00Z,140,post_match,meadowlands_to_stadium,0,900,0,0.0,0,derived,Derived from synthetic FinalFlow scenario inputs; not observed event operations.
staggered_departure,2026-07-19T17:20:00Z,140,post_match,stadium_to_meadowlands,64,900,64,0.07111111111111111,106,derived,Derived from synthetic FinalFlow scenario inputs; not observed event operations.
staggered_departure,2026-07-19T17:25:00Z,145,post_match,midtown_to_penn_station,0,600,0,0.0,0,derived,Derived from synthetic FinalFlow scenario inputs; not observed event operations.
staggered_departure,2026-07-19T17:25:00Z,145,post_match,penn_station_to_midtown,0,600,0,0.0,0,derived,Derived from synthetic FinalFlow scenario inputs; not observed event operations.
staggered_departure,2026-07-19T17:25:00Z,145,post_match,penn_station_to_secaucus,0,900,0,0.0,0,derived,Derived from synthetic FinalFlow scenario inputs; not observed event operations.
staggered_departure,2026-07-19T17:25:00Z,145,post_match,secaucus_to_penn_station,0,900,0,0.0,0,derived,Derived from synthetic FinalFlow scenario inputs; not observed event operations.
staggered_departure,2026-07-19T17:25:00Z,145,post_match,secaucus_to_meadowlands,0,600,0,0.0,0,derived,Derived from synthetic FinalFlow scenario inputs; not observed event operations.
staggered_departure,2026-07-19T17:25:00Z,145,post_match,meadowlands_to_secaucus,39,600,39,0.065,39,derived,Derived from synthetic FinalFlow scenario inputs; not observed event operations.
staggered_departure,2026-07-19T17:25:00Z,145,post_match,meadowlands_to_stadium,0,900,0,0.0,0,derived,Derived from synthetic FinalFlow scenario inputs; not observed event operations.
staggered_departure,2026-07-19T17:25:00Z,145,post_match,stadium_to_meadowlands,59,900,59,0.06555555555555556,123,derived,Derived from synthetic FinalFlow scenario inputs; not observed event operations.
staggered_departure,2026-07-19T17:30:00Z,150,post_match,midtown_to_penn_station,0,600,0,0.0,0,derived,Derived from synthetic FinalFlow scenario inputs; not observed event operations.
staggered_departure,2026-07-19T17:30:00Z,150,post_match,penn_station_to_midtown,0,600,0,0.0,0,derived,Derived from synthetic FinalFlow scenario inputs; not observed event operations.
staggered_departure,2026-07-19T17:30:00Z,150,post_match,penn_station_to_secaucus,0,900,0,0.0,0,derived,Derived from synthetic FinalFlow scenario inputs; not observed event operations.
staggered_departure,2026-07-19T17:30:00Z,150,post_match,secaucus_to_penn_station,0,900,0,0.0,0,derived,Derived from synthetic FinalFlow scenario inputs; not observed event operations.
staggered_departure,2026-07-19T17:30:00Z,150,post_match,secaucus_to_meadowlands,0,600,0,0.0,0,derived,Derived from synthetic FinalFlow scenario inputs; not observed event operations.
staggered_departure,2026-07-19T17:30:00Z,150,post_match,meadowlands_to_secaucus,59,600,59,0.09833333333333333,98,derived,Derived from synthetic FinalFlow scenario inputs; not observed event operations.
staggered_departure,2026-07-19T17:30:00Z,150,post_match,meadowlands_to_stadium,0,900,0,0.0,0,derived,Derived from synthetic FinalFlow scenario inputs; not observed event operations.
staggered_departure,2026-07-19T17:30:00Z,150,post_match,stadium_to_meadowlands,73,900,73,0.0811111111111111,132,derived,Derived from synthetic FinalFlow scenario inputs; not observed event operations.
staggered_departure,2026-07-19T17:35:00Z,155,post_match,midtown_to_penn_station,0,600,0,0.0,0,derived,Derived from synthetic FinalFlow scenario inputs; not observed event operations.
staggered_departure,2026-07-19T17:35:00Z,155,post_match,penn_station_to_midtown,0,600,0,0.0,0,derived,Derived from synthetic FinalFlow scenario inputs; not observed event operations.
staggered_departure,2026-07-19T17:35:00Z,155,post_match,penn_station_to_secaucus,0,900,0,0.0,0,derived,Derived from synthetic FinalFlow scenario inputs; not observed event operations.
staggered_departure,2026-07-19T17:35:00Z,155,post_match,secaucus_to_penn_station,0,900,0,0.0,0,derived,Derived from synthetic FinalFlow scenario inputs; not observed event operations.
staggered_departure,2026-07-19T17:35:00Z,155,post_match,secaucus_to_meadowlands,0,600,0,0.0,0,derived,Derived from synthetic FinalFlow scenario inputs; not observed event operations.
staggered_departure,2026-07-19T17:35:00Z,155,post_match,meadowlands_to_secaucus,54,600,54,0.09,152,derived,Derived from synthetic FinalFlow scenario inputs; not observed event operations.
staggered_departure,2026-07-19T17:35:00Z,155,post_match,meadowlands_to_stadium,0,900,0,0.0,0,derived,Derived from synthetic FinalFlow scenario inputs; not observed event operations.
staggered_departure,2026-07-19T17:35:00Z,155,post_match,stadium_to_meadowlands,87,900,87,0.09666666666666666,160,derived,Derived from synthetic FinalFlow scenario inputs; not observed event operations.
staggered_departure,2026-07-19T17:40:00Z,160,post_match,midtown_to_penn_station,0,600,0,0.0,0,derived,Derived from synthetic FinalFlow scenario inputs; not observed event operations.
staggered_departure,2026-07-19T17:40:00Z,160,post_match,penn_station_to_midtown,0,600,0,0.0,0,derived,Derived from synthetic FinalFlow scenario inputs; not observed event operations.
staggered_departure,2026-07-19T17:40:00Z,160,post_match,penn_station_to_secaucus,0,900,0,0.0,0,derived,Derived from synthetic FinalFlow scenario inputs; not observed event operations.
staggered_departure,2026-07-19T17:40:00Z,160,post_match,secaucus_to_penn_station,34,900,34,0.03777777777777778,34,derived,Derived from synthetic FinalFlow scenario inputs; not observed event operations.
staggered_departure,2026-07-19T17:40:00Z,160,post_match,secaucus_to_meadowlands,0,600,0,0.0,0,derived,Derived from synthetic FinalFlow scenario inputs; not observed event operations.
staggered_departure,2026-07-19T17:40:00Z,160,post_match,meadowlands_to_secaucus,67,600,67,0.11166666666666666,180,derived,Derived from synthetic FinalFlow scenario inputs; not observed event operations.
staggered_departure,2026-07-19T17:40:00Z,160,post_match,meadowlands_to_stadium,0,900,0,0.0,0,derived,Derived from synthetic FinalFlow scenario inputs; not observed event operations.
staggered_departure,2026-07-19T17:40:00Z,160,post_match,stadium_to_meadowlands,103,900,103,0.11444444444444445,190,derived,Derived from synthetic FinalFlow scenario inputs; not observed event operations.
staggered_departure,2026-07-19T17:45:00Z,165,post_match,midtown_to_penn_station,0,600,0,0.0,0,derived,Derived from synthetic FinalFlow scenario inputs; not observed event operations.
staggered_departure,2026-07-19T17:45:00Z,165,post_match,penn_station_to_midtown,0,600,0,0.0,0,derived,Derived from synthetic FinalFlow scenario inputs; not observed event operations.
staggered_departure,2026-07-19T17:45:00Z,165,post_match,penn_station_to_secaucus,0,900,0,0.0,0,derived,Derived from synthetic FinalFlow scenario inputs; not observed event operations.
staggered_departure,2026-07-19T17:45:00Z,165,post_match,secaucus_to_penn_station,51,900,51,0.056666666666666664,85,derived,Derived from synthetic FinalFlow scenario inputs; not observed event operations.
staggered_departure,2026-07-19T17:45:00Z,165,post_match,secaucus_to_meadowlands,0,600,0,0.0,0,derived,Derived from synthetic FinalFlow scenario inputs; not observed event operations.
staggered_departure,2026-07-19T17:45:00Z,165,post_match,meadowlands_to_secaucus,80,600,80,0.13333333333333333,201,derived,Derived from synthetic FinalFlow scenario inputs; not observed event operations.
staggered_departure,2026-07-19T17:45:00Z,165,post_match,meadowlands_to_stadium,0,900,0,0.0,0,derived,Derived from synthetic FinalFlow scenario inputs; not observed event operations.
staggered_departure,2026-07-19T17:45:00Z,165,post_match,stadium_to_meadowlands,116,900,116,0.1288888888888889,219,derived,Derived from synthetic FinalFlow scenario inputs; not observed event operations.
staggered_departure,2026-07-19T17:50:00Z,170,post_match,midtown_to_penn_station,0,600,0,0.0,0,derived,Derived from synthetic FinalFlow scenario inputs; not observed event operations.
staggered_departure,2026-07-19T17:50:00Z,170,post_match,penn_station_to_midtown,0,600,0,0.0,0,derived,Derived from synthetic FinalFlow scenario inputs; not observed event operations.
staggered_departure,2026-07-19T17:50:00Z,170,post_match,penn_station_to_secaucus,0,900,0,0.0,0,derived,Derived from synthetic FinalFlow scenario inputs; not observed event operations.
staggered_departure,2026-07-19T17:50:00Z,170,post_match,secaucus_to_penn_station,47,900,47,0.052222222222222225,132,derived,Derived from synthetic FinalFlow scenario inputs; not observed event operations.
staggered_departure,2026-07-19T17:50:00Z,170,post_match,secaucus_to_meadowlands,0,600,0,0.0,0,derived,Derived from synthetic FinalFlow scenario inputs; not observed event operations.
staggered_departure,2026-07-19T17:50:00Z,170,post_match,meadowlands_to_secaucus,95,600,95,0.15833333333333333,242,derived,Derived from synthetic FinalFlow scenario inputs; not observed event operations.
staggered_departure,2026-07-19T17:50:00Z,170,post_match,meadowlands_to_stadium,0,900,0,0.0,0,derived,Derived from synthetic FinalFlow scenario inputs; not observed event operations.
staggered_departure,2026-07-19T17:50:00Z,170,post_match,stadium_to_meadowlands,133,900,133,0.14777777777777779,249,derived,Derived from synthetic FinalFlow scenario inputs; not observed event operations.
staggered_departure,2026-07-19T17:55:00Z,175,post_match,midtown_to_penn_station,0,600,0,0.0,0,derived,Derived from synthetic FinalFlow scenario inputs; not observed event operations.
staggered_departure,2026-07-19T17:55:00Z,175,post_match,penn_station_to_midtown,28,600,28,0.04666666666666667,28,derived,Derived from synthetic FinalFlow scenario inputs; not observed event operations.
staggered_departure,2026-07-19T17:55:00Z,175,post_match,penn_station_to_secaucus,0,900,0,0.0,0,derived,Derived from synthetic FinalFlow scenario inputs; not observed event operations.
staggered_departure,2026-07-19T17:55:00Z,175,post_match,secaucus_to_penn_station,58,900,58,0.06444444444444444,156,derived,Derived from synthetic FinalFlow scenario inputs; not observed event operations.
staggered_departure,2026-07-19T17:55:00Z,175,post_match,secaucus_to_meadowlands,0,600,0,0.0,0,derived,Derived from synthetic FinalFlow scenario inputs; not observed event operations.
staggered_departure,2026-07-19T17:55:00Z,175,post_match,meadowlands_to_secaucus,107,600,107,0.17833333333333334,282,derived,Derived from synthetic FinalFlow scenario inputs; not observed event operations.
staggered_departure,2026-07-19T17:55:00Z,175,post_match,meadowlands_to_stadium,0,900,0,0.0,0,derived,Derived from synthetic FinalFlow scenario inputs; not observed event operations.
staggered_departure,2026-07-19T17:55:00Z,175,post_match,stadium_to_meadowlands,145,900,145,0.16111111111111112,278,derived,Derived from synthetic FinalFlow scenario inputs; not observed event operations.
staggered_departure,2026-07-19T18:00:00Z,180,post_match,midtown_to_penn_station,0,600,0,0.0,0,derived,Derived from synthetic FinalFlow scenario inputs; not observed event operations.
staggered_departure,2026-07-19T18:00:00Z,180,post_match,penn_station_to_midtown,41,600,41,0.06833333333333333,69,derived,Derived from synthetic FinalFlow scenario inputs; not observed event operations.
staggered_departure,2026-07-19T18:00:00Z,180,post_match,penn_station_to_secaucus,0,900,0,0.0,0,derived,Derived from synthetic FinalFlow scenario inputs; not observed event operations.
staggered_departure,2026-07-19T18:00:00Z,180,post_match,secaucus_to_penn_station,70,900,70,0.07777777777777778,175,derived,Derived from synthetic FinalFlow scenario inputs; not observed event operations.
staggered_departure,2026-07-19T18:00:00Z,180,post_match,secaucus_to_meadowlands,0,600,0,0.0,0,derived,Derived from synthetic FinalFlow scenario inputs; not observed event operations.
staggered_departure,2026-07-19T18:00:00Z,180,post_match,meadowlands_to_secaucus,122,600,122,0.20333333333333334,324,derived,Derived from synthetic FinalFlow scenario inputs; not observed event operations.
staggered_departure,2026-07-19T18:00:00Z,180,post_match,meadowlands_to_stadium,0,900,0,0.0,0,derived,Derived from synthetic FinalFlow scenario inputs; not observed event operations.
staggered_departure,2026-07-19T18:00:00Z,180,post_match,stadium_to_meadowlands,160,900,160,0.17777777777777778,305,derived,Derived from synthetic FinalFlow scenario inputs; not observed event operations.
staggered_departure,2026-07-19T18:05:00Z,185,post_match,midtown_to_penn_station,0,600,0,0.0,0,derived,Derived from synthetic FinalFlow scenario inputs; not observed event operations.
staggered_departure,2026-07-19T18:05:00Z,185,post_match,penn_station_to_midtown,39,600,39,0.065,108,derived,Derived from synthetic FinalFlow scenario inputs; not observed event operations.
staggered_departure,2026-07-19T18:05:00Z,185,post_match,penn_station_to_secaucus,0,900,0,0.0,0,derived,Derived from synthetic FinalFlow scenario inputs; not observed event operations.
staggered_departure,2026-07-19T18:05:00Z,185,post_match,secaucus_to_penn_station,83,900,83,0.09222222222222222,211,derived,Derived from synthetic FinalFlow scenario inputs; not observed event operations.
staggered_departure,2026-07-19T18:05:00Z,185,post_match,secaucus_to_meadowlands,0,600,0,0.0,0,derived,Derived from synthetic FinalFlow scenario inputs; not observed event operations.
staggered_departure,2026-07-19T18:05:00Z,185,post_match,meadowlands_to_secaucus,134,600,134,0.22333333333333333,363,derived,Derived from synthetic FinalFlow scenario inputs; not observed event operations.
staggered_departure,2026-07-19T18:05:00Z,185,post_match,meadowlands_to_stadium,0,900,0,0.0,0,derived,Derived from synthetic FinalFlow scenario inputs; not observed event operations.
staggered_departure,2026-07-19T18:05:00Z,185,post_match,stadium_to_meadowlands,177,900,177,0.19666666666666666,337,derived,Derived from synthetic FinalFlow scenario inputs; not observed event operations.
staggered_departure,2026-07-19T18:10:00Z,190,post_match,midtown_to_penn_station,0,600,0,0.0,0,derived,Derived from synthetic FinalFlow scenario inputs; not observed event operations.
staggered_departure,2026-07-19T18:10:00Z,190,post_match,penn_station_to_midtown,47,600,47,0.07833333333333334,127,derived,Derived from synthetic FinalFlow scenario inputs; not observed event operations.
staggered_departure,2026-07-19T18:10:00Z,190,post_match,penn_station_to_secaucus,0,900,0,0.0,0,derived,Derived from synthetic FinalFlow scenario inputs; not observed event operations.
staggered_departure,2026-07-19T18:10:00Z,190,post_match,secaucus_to_penn_station,93,900,93,0.10333333333333333,246,derived,Derived from synthetic FinalFlow scenario inputs; not observed event operations.
staggered_departure,2026-07-19T18:10:00Z,190,post_match,secaucus_to_meadowlands,0,600,0,0.0,0,derived,Derived from synthetic FinalFlow scenario inputs; not observed event operations.
staggered_departure,2026-07-19T18:10:00Z,190,post_match,meadowlands_to_secaucus,147,600,147,0.245,403,derived,Derived from synthetic FinalFlow scenario inputs; not observed event operations.
staggered_departure,2026-07-19T18:10:00Z,190,post_match,meadowlands_to_stadium,0,900,0,0.0,0,derived,Derived from synthetic FinalFlow scenario inputs; not observed event operations.
staggered_departure,2026-07-19T18:10:00Z,190,post_match,stadium_to_meadowlands,191,900,191,0.21222222222222223,368,derived,Derived from synthetic FinalFlow scenario inputs; not observed event operations.
staggered_departure,2026-07-19T18:15:00Z,195,post_match,midtown_to_penn_station,0,600,0,0.0,0,derived,Derived from synthetic FinalFlow scenario inputs; not observed event operations.
staggered_departure,2026-07-19T18:15:00Z,195,post_match,penn_station_to_midtown,57,600,57,0.095,143,derived,Derived from synthetic FinalFlow scenario inputs; not observed event operations.
staggered_departure,2026-07-19T18:15:00Z,195,post_match,penn_station_to_secaucus,0,900,0,0.0,0,derived,Derived from synthetic FinalFlow scenario inputs; not observed event operations.
staggered_departure,2026-07-19T18:15:00Z,195,post_match,secaucus_to_penn_station,106,900,106,0.11777777777777777,282,derived,Derived from synthetic FinalFlow scenario inputs; not observed event operations.
staggered_departure,2026-07-19T18:15:00Z,195,post_match,secaucus_to_meadowlands,0,600,0,0.0,0,derived,Derived from synthetic FinalFlow scenario inputs; not observed event operations.
staggered_departure,2026-07-19T18:15:00Z,195,post_match,meadowlands_to_secaucus,163,600,163,0.27166666666666667,444,derived,Derived from synthetic FinalFlow scenario inputs; not observed event operations.
staggered_departure,2026-07-19T18:15:00Z,195,post_match,meadowlands_to_stadium,0,900,0,0.0,0,derived,Derived from synthetic FinalFlow scenario inputs; not observed event operations.
staggered_departure,2026-07-19T18:15:00Z,195,post_match,stadium_to_meadowlands,191,900,191,0.21222222222222223,382,derived,Derived from synthetic FinalFlow scenario inputs; not observed event operations.
staggered_departure,2026-07-19T18:20:00Z,200,post_match,midtown_to_penn_station,0,600,0,0.0,0,derived,Derived from synthetic FinalFlow scenario inputs; not observed event operations.
staggered_departure,2026-07-19T18:20:00Z,200,post_match,penn_station_to_midtown,67,600,67,0.11166666666666666,171,derived,Derived from synthetic FinalFlow scenario inputs; not observed event operations.
staggered_departure,2026-07-19T18:20:00Z,200,post_match,penn_station_to_secaucus,0,900,0,0.0,0,derived,Derived from synthetic FinalFlow scenario inputs; not observed event operations.
staggered_departure,2026-07-19T18:20:00Z,200,post_match,secaucus_to_penn_station,117,900,117,0.13,316,derived,Derived from synthetic FinalFlow scenario inputs; not observed event operations.
staggered_departure,2026-07-19T18:20:00Z,200,post_match,secaucus_to_meadowlands,0,600,0,0.0,0,derived,Derived from synthetic FinalFlow scenario inputs; not observed event operations.
staggered_departure,2026-07-19T18:20:00Z,200,post_match,meadowlands_to_secaucus,176,600,176,0.29333333333333333,486,derived,Derived from synthetic FinalFlow scenario inputs; not observed event operations.
staggered_departure,2026-07-19T18:20:00Z,200,post_match,meadowlands_to_stadium,0,900,0,0.0,0,derived,Derived from synthetic FinalFlow scenario inputs; not observed event operations.
staggered_departure,2026-07-19T18:20:00Z,200,post_match,stadium_to_meadowlands,191,900,191,0.21222222222222223,382,derived,Derived from synthetic FinalFlow scenario inputs; not observed event operations.
staggered_departure,2026-07-19T18:25:00Z,205,post_match,midtown_to_penn_station,0,600,0,0.0,0,derived,Derived from synthetic FinalFlow scenario inputs; not observed event operations.
staggered_departure,2026-07-19T18:25:00Z,205,post_match,penn_station_to_midtown,76,600,76,0.12666666666666668,200,derived,Derived from synthetic FinalFlow scenario inputs; not observed event operations.
staggered_departure,2026-07-19T18:25:00Z,205,post_match,penn_station_to_secaucus,0,900,0,0.0,0,derived,Derived from synthetic FinalFlow scenario inputs; not observed event operations.
staggered_departure,2026-07-19T18:25:00Z,205,post_match,secaucus_to_penn_station,128,900,128,0.14222222222222222,351,derived,Derived from synthetic FinalFlow scenario inputs; not observed event operations.
staggered_departure,2026-07-19T18:25:00Z,205,post_match,secaucus_to_meadowlands,0,600,0,0.0,0,derived,Derived from synthetic FinalFlow scenario inputs; not observed event operations.
staggered_departure,2026-07-19T18:25:00Z,205,post_match,meadowlands_to_secaucus,176,600,176,0.29333333333333333,515,derived,Derived from synthetic FinalFlow scenario inputs; not observed event operations.
staggered_departure,2026-07-19T18:25:00Z,205,post_match,meadowlands_to_stadium,0,900,0,0.0,0,derived,Derived from synthetic FinalFlow scenario inputs; not observed event operations.
staggered_departure,2026-07-19T18:25:00Z,205,post_match,stadium_to_meadowlands,191,900,191,0.21222222222222223,382,derived,Derived from synthetic FinalFlow scenario inputs; not observed event operations.
staggered_departure,2026-07-19T18:30:00Z,210,post_match,midtown_to_penn_station,0,600,0,0.0,0,derived,Derived from synthetic FinalFlow scenario inputs; not observed event operations.
staggered_departure,2026-07-19T18:30:00Z,210,post_match,penn_station_to_midtown,86,600,86,0.14333333333333334,229,derived,Derived from synthetic FinalFlow scenario inputs; not observed event operations.
staggered_departure,2026-07-19T18:30:00Z,210,post_match,penn_station_to_secaucus,0,900,0,0.0,0,derived,Derived from synthetic FinalFlow scenario inputs; not observed event operations.
staggered_departure,2026-07-19T18:30:00Z,210,post_match,secaucus_to_penn_station,142,900,142,0.15777777777777777,387,derived,Derived from synthetic FinalFlow scenario inputs; not observed event operations.
staggered_departure,2026-07-19T18:30:00Z,210,post_match,secaucus_to_meadowlands,0,600,0,0.0,0,derived,Derived from synthetic FinalFlow scenario inputs; not observed event operations.
staggered_departure,2026-07-19T18:30:00Z,210,post_match,meadowlands_to_secaucus,176,600,176,0.29333333333333333,528,derived,Derived from synthetic FinalFlow scenario inputs; not observed event operations.
staggered_departure,2026-07-19T18:30:00Z,210,post_match,meadowlands_to_stadium,0,900,0,0.0,0,derived,Derived from synthetic FinalFlow scenario inputs; not observed event operations.
staggered_departure,2026-07-19T18:30:00Z,210,post_match,stadium_to_meadowlands,191,900,191,0.21222222222222223,382,derived,Derived from synthetic FinalFlow scenario inputs; not observed event operations.
staggered_departure,2026-07-19T18:35:00Z,215,post_match,midtown_to_penn_station,0,600,0,0.0,0,derived,Derived from synthetic FinalFlow scenario inputs; not observed event operations.
staggered_departure,2026-07-19T18:35:00Z,215,post_match,penn_station_to_midtown,95,600,95,0.15833333333333333,257,derived,Derived from synthetic FinalFlow scenario inputs; not observed event operations.
staggered_departure,2026-07-19T18:35:00Z,215,post_match,penn_station_to_secaucus,0,900,0,0.0,0,derived,Derived from synthetic FinalFlow scenario inputs; not observed event operations.
staggered_departure,2026-07-19T18:35:00Z,215,post_match,secaucus_to_penn_station,153,900,153,0.17,423,derived,Derived from synthetic FinalFlow scenario inputs; not observed event operations.
staggered_departure,2026-07-19T18:35:00Z,215,post_match,secaucus_to_meadowlands,0,600,0,0.0,0,derived,Derived from synthetic FinalFlow scenario inputs; not observed event operations.
staggered_departure,2026-07-19T18:35:00Z,215,post_match,meadowlands_to_secaucus,176,600,176,0.29333333333333333,528,derived,Derived from synthetic FinalFlow scenario inputs; not observed event operations.
staggered_departure,2026-07-19T18:35:00Z,215,post_match,meadowlands_to_stadium,0,900,0,0.0,0,derived,Derived from synthetic FinalFlow scenario inputs; not observed event operations.
staggered_departure,2026-07-19T18:35:00Z,215,post_match,stadium_to_meadowlands,191,900,191,0.21222222222222223,382,derived,Derived from synthetic FinalFlow scenario inputs; not observed event operations.
staggered_departure,2026-07-19T18:40:00Z,220,post_match,midtown_to_penn_station,0,600,0,0.0,0,derived,Derived from synthetic FinalFlow scenario inputs; not observed event operations.
staggered_departure,2026-07-19T18:40:00Z,220,post_match,penn_station_to_midtown,104,600,104,0.17333333333333334,285,derived,Derived from synthetic FinalFlow scenario inputs; not observed event operations.
staggered_departure,2026-07-19T18:40:00Z,220,post_match,penn_station_to_secaucus,0,900,0,0.0,0,derived,Derived from synthetic FinalFlow scenario inputs; not observed event operations.
staggered_departure,2026-07-19T18:40:00Z,220,post_match,secaucus_to_penn_station,153,900,153,0.17,448,derived,Derived from synthetic FinalFlow scenario inputs; not observed event operations.
staggered_departure,2026-07-19T18:40:00Z,220,post_match,secaucus_to_meadowlands,0,600,0,0.0,0,derived,Derived from synthetic FinalFlow scenario inputs; not observed event operations.
staggered_departure,2026-07-19T18:40:00Z,220,post_match,meadowlands_to_secaucus,176,600,176,0.29333333333333333,528,derived,Derived from synthetic FinalFlow scenario inputs; not observed event operations.
staggered_departure,2026-07-19T18:40:00Z,220,post_match,meadowlands_to_stadium,0,900,0,0.0,0,derived,Derived from synthetic FinalFlow scenario inputs; not observed event operations.
staggered_departure,2026-07-19T18:40:00Z,220,post_match,stadium_to_meadowlands,191,900,191,0.21222222222222223,382,derived,Derived from synthetic FinalFlow scenario inputs; not observed event operations.
staggered_departure,2026-07-19T18:45:00Z,225,post_match,midtown_to_penn_station,0,600,0,0.0,0,derived,Derived from synthetic FinalFlow scenario inputs; not observed event operations.
staggered_departure,2026-07-19T18:45:00Z,225,post_match,penn_station_to_midtown,115,600,115,0.19166666666666668,314,derived,Derived from synthetic FinalFlow scenario inputs; not observed event operations.
staggered_departure,2026-07-19T18:45:00Z,225,post_match,penn_station_to_secaucus,0,900,0,0.0,0,derived,Derived from synthetic FinalFlow scenario inputs; not observed event operations.
staggered_departure,2026-07-19T18:45:00Z,225,post_match,secaucus_to_penn_station,153,900,153,0.17,459,derived,Derived from synthetic FinalFlow scenario inputs; not observed event operations.
staggered_departure,2026-07-19T18:45:00Z,225,post_match,secaucus_to_meadowlands,0,600,0,0.0,0,derived,Derived from synthetic FinalFlow scenario inputs; not observed event operations.
staggered_departure,2026-07-19T18:45:00Z,225,post_match,meadowlands_to_secaucus,176,600,176,0.29333333333333333,528,derived,Derived from synthetic FinalFlow scenario inputs; not observed event operations.
staggered_departure,2026-07-19T18:45:00Z,225,post_match,meadowlands_to_stadium,0,900,0,0.0,0,derived,Derived from synthetic FinalFlow scenario inputs; not observed event operations.
staggered_departure,2026-07-19T18:45:00Z,225,post_match,stadium_to_meadowlands,191,900,191,0.21222222222222223,382,derived,Derived from synthetic FinalFlow scenario inputs; not observed event operations.
staggered_departure,2026-07-19T18:50:00Z,230,post_match,midtown_to_penn_station,0,600,0,0.0,0,derived,Derived from synthetic FinalFlow scenario inputs; not observed event operations.
staggered_departure,2026-07-19T18:50:00Z,230,post_match,penn_station_to_midtown,124,600,124,0.20666666666666667,343,derived,Derived from synthetic FinalFlow scenario inputs; not observed event operations.
staggered_departure,2026-07-19T18:50:00Z,230,post_match,penn_station_to_secaucus,0,900,0,0.0,0,derived,Derived from synthetic FinalFlow scenario inputs; not observed event operations.
staggered_departure,2026-07-19T18:50:00Z,230,post_match,secaucus_to_penn_station,153,900,153,0.17,459,derived,Derived from synthetic FinalFlow scenario inputs; not observed event operations.
staggered_departure,2026-07-19T18:50:00Z,230,post_match,secaucus_to_meadowlands,0,600,0,0.0,0,derived,Derived from synthetic FinalFlow scenario inputs; not observed event operations.
staggered_departure,2026-07-19T18:50:00Z,230,post_match,meadowlands_to_secaucus,176,600,176,0.29333333333333333,528,derived,Derived from synthetic FinalFlow scenario inputs; not observed event operations.
staggered_departure,2026-07-19T18:50:00Z,230,post_match,meadowlands_to_stadium,0,900,0,0.0,0,derived,Derived from synthetic FinalFlow scenario inputs; not observed event operations.
staggered_departure,2026-07-19T18:50:00Z,230,post_match,stadium_to_meadowlands,191,900,191,0.21222222222222223,382,derived,Derived from synthetic FinalFlow scenario inputs; not observed event operations.
staggered_departure,2026-07-19T18:55:00Z,235,post_match,midtown_to_penn_station,0,600,0,0.0,0,derived,Derived from synthetic FinalFlow scenario inputs; not observed event operations.
staggered_departure,2026-07-19T18:55:00Z,235,post_match,penn_station_to_midtown,124,600,124,0.20666666666666667,363,derived,Derived from synthetic FinalFlow scenario inputs; not observed event operations.
staggered_departure,2026-07-19T18:55:00Z,235,post_match,penn_station_to_secaucus,0,900,0,0.0,0,derived,Derived from synthetic FinalFlow scenario inputs; not observed event operations.
staggered_departure,2026-07-19T18:55:00Z,235,post_match,secaucus_to_penn_station,153,900,153,0.17,459,derived,Derived from synthetic FinalFlow scenario inputs; not observed event operations.
staggered_departure,2026-07-19T18:55:00Z,235,post_match,secaucus_to_meadowlands,0,600,0,0.0,0,derived,Derived from synthetic FinalFlow scenario inputs; not observed event operations.
staggered_departure,2026-07-19T18:55:00Z,235,post_match,meadowlands_to_secaucus,176,600,176,0.29333333333333333,528,derived,Derived from synthetic FinalFlow scenario inputs; not observed event operations.
staggered_departure,2026-07-19T18:55:00Z,235,post_match,meadowlands_to_stadium,0,900,0,0.0,0,derived,Derived from synthetic FinalFlow scenario inputs; not observed event operations.
staggered_departure,2026-07-19T18:55:00Z,235,post_match,stadium_to_meadowlands,191,900,191,0.21222222222222223,382,derived,Derived from synthetic FinalFlow scenario inputs; not observed event operations.
staggered_departure,2026-07-19T19:00:00Z,240,post_match,midtown_to_penn_station,0,600,0,0.0,0,derived,Derived from synthetic FinalFlow scenario inputs; not observed event operations.
staggered_departure,2026-07-19T19:00:00Z,240,post_match,penn_station_to_midtown,124,600,124,0.20666666666666667,372,derived,Derived from synthetic FinalFlow scenario inputs; not observed event operations.
staggered_departure,2026-07-19T19:00:00Z,240,post_match,penn_station_to_secaucus,0,900,0,0.0,0,derived,Derived from synthetic FinalFlow scenario inputs; not observed event operations.
staggered_departure,2026-07-19T19:00:00Z,240,post_match,secaucus_to_penn_station,153,900,153,0.17,459,derived,Derived from synthetic FinalFlow scenario inputs; not observed event operations.
staggered_departure,2026-07-19T19:00:00Z,240,post_match,secaucus_to_meadowlands,0,600,0,0.0,0,derived,Derived from synthetic FinalFlow scenario inputs; not observed event operations.
staggered_departure,2026-07-19T19:00:00Z,240,post_match,meadowlands_to_secaucus,176,600,176,0.29333333333333333,528,derived,Derived from synthetic FinalFlow scenario inputs; not observed event operations.
staggered_departure,2026-07-19T19:00:00Z,240,post_match,meadowlands_to_stadium,0,900,0,0.0,0,derived,Derived from synthetic FinalFlow scenario inputs; not observed event operations.
staggered_departure,2026-07-19T19:00:00Z,240,post_match,stadium_to_meadowlands,191,900,191,0.21222222222222223,382,derived,Derived from synthetic FinalFlow scenario inputs; not observed event operations.
staggered_departure,2026-07-19T19:05:00Z,245,post_match,midtown_to_penn_station,0,600,0,0.0,0,derived,Derived from synthetic FinalFlow scenario inputs; not observed event operations.
staggered_departure,2026-07-19T19:05:00Z,245,post_match,penn_station_to_midtown,124,600,124,0.20666666666666667,372,derived,Derived from synthetic FinalFlow scenario inputs; not observed event operations.
staggered_departure,2026-07-19T19:05:00Z,245,post_match,penn_station_to_secaucus,0,900,0,0.0,0,derived,Derived from synthetic FinalFlow scenario inputs; not observed event operations.
staggered_departure,2026-07-19T19:05:00Z,245,post_match,secaucus_to_penn_station,153,900,153,0.17,459,derived,Derived from synthetic FinalFlow scenario inputs; not observed event operations.
staggered_departure,2026-07-19T19:05:00Z,245,post_match,secaucus_to_meadowlands,0,600,0,0.0,0,derived,Derived from synthetic FinalFlow scenario inputs; not observed event operations.
staggered_departure,2026-07-19T19:05:00Z,245,post_match,meadowlands_to_secaucus,176,600,176,0.29333333333333333,528,derived,Derived from synthetic FinalFlow scenario inputs; not observed event operations.
staggered_departure,2026-07-19T19:05:00Z,245,post_match,meadowlands_to_stadium,0,900,0,0.0,0,derived,Derived from synthetic FinalFlow scenario inputs; not observed event operations.
staggered_departure,2026-07-19T19:05:00Z,245,post_match,stadium_to_meadowlands,191,900,191,0.21222222222222223,382,derived,Derived from synthetic FinalFlow scenario inputs; not observed event operations.
staggered_departure,2026-07-19T19:10:00Z,250,post_match,midtown_to_penn_station,0,600,0,0.0,0,derived,Derived from synthetic FinalFlow scenario inputs; not observed event operations.
staggered_departure,2026-07-19T19:10:00Z,250,post_match,penn_station_to_midtown,124,600,124,0.20666666666666667,372,derived,Derived from synthetic FinalFlow scenario inputs; not observed event operations.
staggered_departure,2026-07-19T19:10:00Z,250,post_match,penn_station_to_secaucus,0,900,0,0.0,0,derived,Derived from synthetic FinalFlow scenario inputs; not observed event operations.
staggered_departure,2026-07-19T19:10:00Z,250,post_match,secaucus_to_penn_station,153,900,153,0.17,459,derived,Derived from synthetic FinalFlow scenario inputs; not observed event operations.
staggered_departure,2026-07-19T19:10:00Z,250,post_match,secaucus_to_meadowlands,0,600,0,0.0,0,derived,Derived from synthetic FinalFlow scenario inputs; not observed event operations.
staggered_departure,2026-07-19T19:10:00Z,250,post_match,meadowlands_to_secaucus,176,600,176,0.29333333333333333,528,derived,Derived from synthetic FinalFlow scenario inputs; not observed event operations.
staggered_departure,2026-07-19T19:10:00Z,250,post_match,meadowlands_to_stadium,0,900,0,0.0,0,derived,Derived from synthetic FinalFlow scenario inputs; not observed event operations.
staggered_departure,2026-07-19T19:10:00Z,250,post_match,stadium_to_meadowlands,191,900,191,0.21222222222222223,382,derived,Derived from synthetic FinalFlow scenario inputs; not observed event operations.
staggered_departure,2026-07-19T19:15:00Z,255,post_match,midtown_to_penn_station,0,600,0,0.0,0,derived,Derived from synthetic FinalFlow scenario inputs; not observed event operations.
staggered_departure,2026-07-19T19:15:00Z,255,post_match,penn_station_to_midtown,124,600,124,0.20666666666666667,372,derived,Derived from synthetic FinalFlow scenario inputs; not observed event operations.
staggered_departure,2026-07-19T19:15:00Z,255,post_match,penn_station_to_secaucus,0,900,0,0.0,0,derived,Derived from synthetic FinalFlow scenario inputs; not observed event operations.
staggered_departure,2026-07-19T19:15:00Z,255,post_match,secaucus_to_penn_station,153,900,153,0.17,459,derived,Derived from synthetic FinalFlow scenario inputs; not observed event operations.
staggered_departure,2026-07-19T19:15:00Z,255,post_match,secaucus_to_meadowlands,0,600,0,0.0,0,derived,Derived from synthetic FinalFlow scenario inputs; not observed event operations.
staggered_departure,2026-07-19T19:15:00Z,255,post_match,meadowlands_to_secaucus,176,600,176,0.29333333333333333,528,derived,Derived from synthetic FinalFlow scenario inputs; not observed event operations.
staggered_departure,2026-07-19T19:15:00Z,255,post_match,meadowlands_to_stadium,0,900,0,0.0,0,derived,Derived from synthetic FinalFlow scenario inputs; not observed event operations.
staggered_departure,2026-07-19T19:15:00Z,255,post_match,stadium_to_meadowlands,0,900,0,0.0,191,derived,Derived from synthetic FinalFlow scenario inputs; not observed event operations.
staggered_departure,2026-07-19T19:20:00Z,260,post_match,midtown_to_penn_station,0,600,0,0.0,0,derived,Derived from synthetic FinalFlow scenario inputs; not observed event operations.
staggered_departure,2026-07-19T19:20:00Z,260,post_match,penn_station_to_midtown,124,600,124,0.20666666666666667,372,derived,Derived from synthetic FinalFlow scenario inputs; not observed event operations.
staggered_departure,2026-07-19T19:20:00Z,260,post_match,penn_station_to_secaucus,0,900,0,0.0,0,derived,Derived from synthetic FinalFlow scenario inputs; not observed event operations.
staggered_departure,2026-07-19T19:20:00Z,260,post_match,secaucus_to_penn_station,153,900,153,0.17,459,derived,Derived from synthetic FinalFlow scenario inputs; not observed event operations.
staggered_departure,2026-07-19T19:20:00Z,260,post_match,secaucus_to_meadowlands,0,600,0,0.0,0,derived,Derived from synthetic FinalFlow scenario inputs; not observed event operations.
staggered_departure,2026-07-19T19:20:00Z,260,post_match,meadowlands_to_secaucus,176,600,176,0.29333333333333333,528,derived,Derived from synthetic FinalFlow scenario inputs; not observed event operations.
staggered_departure,2026-07-19T19:20:00Z,260,post_match,meadowlands_to_stadium,0,900,0,0.0,0,derived,Derived from synthetic FinalFlow scenario inputs; not observed event operations.
staggered_departure,2026-07-19T19:20:00Z,260,post_match,stadium_to_meadowlands,0,900,0,0.0,0,derived,Derived from synthetic FinalFlow scenario inputs; not observed event operations.
staggered_departure,2026-07-19T19:25:00Z,265,post_match,midtown_to_penn_station,0,600,0,0.0,0,derived,Derived from synthetic FinalFlow scenario inputs; not observed event operations.
staggered_departure,2026-07-19T19:25:00Z,265,post_match,penn_station_to_midtown,124,600,124,0.20666666666666667,372,derived,Derived from synthetic FinalFlow scenario inputs; not observed event operations.
staggered_departure,2026-07-19T19:25:00Z,265,post_match,penn_station_to_secaucus,0,900,0,0.0,0,derived,Derived from synthetic FinalFlow scenario inputs; not observed event operations.
staggered_departure,2026-07-19T19:25:00Z,265,post_match,secaucus_to_penn_station,153,900,153,0.17,459,derived,Derived from synthetic FinalFlow scenario inputs; not observed event operations.
staggered_departure,2026-07-19T19:25:00Z,265,post_match,secaucus_to_meadowlands,0,600,0,0.0,0,derived,Derived from synthetic FinalFlow scenario inputs; not observed event operations.
staggered_departure,2026-07-19T19:25:00Z,265,post_match,meadowlands_to_secaucus,0,600,0,0.0,352,derived,Derived from synthetic FinalFlow scenario inputs; not observed event operations.
staggered_departure,2026-07-19T19:25:00Z,265,post_match,meadowlands_to_stadium,0,900,0,0.0,0,derived,Derived from synthetic FinalFlow scenario inputs; not observed event operations.
staggered_departure,2026-07-19T19:25:00Z,265,post_match,stadium_to_meadowlands,0,900,0,0.0,0,derived,Derived from synthetic FinalFlow scenario inputs; not observed event operations.
staggered_departure,2026-07-19T19:30:00Z,270,post_match,midtown_to_penn_station,0,600,0,0.0,0,derived,Derived from synthetic FinalFlow scenario inputs; not observed event operations.
staggered_departure,2026-07-19T19:30:00Z,270,post_match,penn_station_to_midtown,124,600,124,0.20666666666666667,372,derived,Derived from synthetic FinalFlow scenario inputs; not observed event operations.
staggered_departure,2026-07-19T19:30:00Z,270,post_match,penn_station_to_secaucus,0,900,0,0.0,0,derived,Derived from synthetic FinalFlow scenario inputs; not observed event operations.
staggered_departure,2026-07-19T19:30:00Z,270,post_match,secaucus_to_penn_station,153,900,153,0.17,459,derived,Derived from synthetic FinalFlow scenario inputs; not observed event operations.
staggered_departure,2026-07-19T19:30:00Z,270,post_match,secaucus_to_meadowlands,0,600,0,0.0,0,derived,Derived from synthetic FinalFlow scenario inputs; not observed event operations.
staggered_departure,2026-07-19T19:30:00Z,270,post_match,meadowlands_to_secaucus,0,600,0,0.0,176,derived,Derived from synthetic FinalFlow scenario inputs; not observed event operations.
staggered_departure,2026-07-19T19:30:00Z,270,post_match,meadowlands_to_stadium,0,900,0,0.0,0,derived,Derived from synthetic FinalFlow scenario inputs; not observed event operations.
staggered_departure,2026-07-19T19:30:00Z,270,post_match,stadium_to_meadowlands,0,900,0,0.0,0,derived,Derived from synthetic FinalFlow scenario inputs; not observed event operations.
staggered_departure,2026-07-19T19:35:00Z,275,post_match,midtown_to_penn_station,0,600,0,0.0,0,derived,Derived from synthetic FinalFlow scenario inputs; not observed event operations.
staggered_departure,2026-07-19T19:35:00Z,275,post_match,penn_station_to_midtown,124,600,124,0.20666666666666667,372,derived,Derived from synthetic FinalFlow scenario inputs; not observed event operations.
staggered_departure,2026-07-19T19:35:00Z,275,post_match,penn_station_to_secaucus,0,900,0,0.0,0,derived,Derived from synthetic FinalFlow scenario inputs; not observed event operations.
staggered_departure,2026-07-19T19:35:00Z,275,post_match,secaucus_to_penn_station,153,900,153,0.17,459,derived,Derived from synthetic FinalFlow scenario inputs; not observed event operations.
staggered_departure,2026-07-19T19:35:00Z,275,post_match,secaucus_to_meadowlands,0,600,0,0.0,0,derived,Derived from synthetic FinalFlow scenario inputs; not observed event operations.
staggered_departure,2026-07-19T19:35:00Z,275,post_match,meadowlands_to_secaucus,0,600,0,0.0,0,derived,Derived from synthetic FinalFlow scenario inputs; not observed event operations.
staggered_departure,2026-07-19T19:35:00Z,275,post_match,meadowlands_to_stadium,0,900,0,0.0,0,derived,Derived from synthetic FinalFlow scenario inputs; not observed event operations.
staggered_departure,2026-07-19T19:35:00Z,275,post_match,stadium_to_meadowlands,0,900,0,0.0,0,derived,Derived from synthetic FinalFlow scenario inputs; not observed event operations.
staggered_departure,2026-07-19T19:40:00Z,280,post_match,midtown_to_penn_station,0,600,0,0.0,0,derived,Derived from synthetic FinalFlow scenario inputs; not observed event operations.
staggered_departure,2026-07-19T19:40:00Z,280,post_match,penn_station_to_midtown,124,600,124,0.20666666666666667,372,derived,Derived from synthetic FinalFlow scenario inputs; not observed event operations.
staggered_departure,2026-07-19T19:40:00Z,280,post_match,penn_station_to_secaucus,0,900,0,0.0,0,derived,Derived from synthetic FinalFlow scenario inputs; not observed event operations.
staggered_departure,2026-07-19T19:40:00Z,280,post_match,secaucus_to_penn_station,0,900,0,0.0,306,derived,Derived from synthetic FinalFlow scenario inputs; not observed event operations.
staggered_departure,2026-07-19T19:40:00Z,280,post_match,secaucus_to_meadowlands,0,600,0,0.0,0,derived,Derived from synthetic FinalFlow scenario inputs; not observed event operations.
staggered_departure,2026-07-19T19:40:00Z,280,post_match,meadowlands_to_secaucus,0,600,0,0.0,0,derived,Derived from synthetic FinalFlow scenario inputs; not observed event operations.
staggered_departure,2026-07-19T19:40:00Z,280,post_match,meadowlands_to_stadium,0,900,0,0.0,0,derived,Derived from synthetic FinalFlow scenario inputs; not observed event operations.
staggered_departure,2026-07-19T19:40:00Z,280,post_match,stadium_to_meadowlands,0,900,0,0.0,0,derived,Derived from synthetic FinalFlow scenario inputs; not observed event operations.
staggered_departure,2026-07-19T19:45:00Z,285,post_match,midtown_to_penn_station,0,600,0,0.0,0,derived,Derived from synthetic FinalFlow scenario inputs; not observed event operations.
staggered_departure,2026-07-19T19:45:00Z,285,post_match,penn_station_to_midtown,124,600,124,0.20666666666666667,372,derived,Derived from synthetic FinalFlow scenario inputs; not observed event operations.
staggered_departure,2026-07-19T19:45:00Z,285,post_match,penn_station_to_secaucus,0,900,0,0.0,0,derived,Derived from synthetic FinalFlow scenario inputs; not observed event operations.
staggered_departure,2026-07-19T19:45:00Z,285,post_match,secaucus_to_penn_station,0,900,0,0.0,153,derived,Derived from synthetic FinalFlow scenario inputs; not observed event operations.
staggered_departure,2026-07-19T19:45:00Z,285,post_match,secaucus_to_meadowlands,0,600,0,0.0,0,derived,Derived from synthetic FinalFlow scenario inputs; not observed event operations.
staggered_departure,2026-07-19T19:45:00Z,285,post_match,meadowlands_to_secaucus,0,600,0,0.0,0,derived,Derived from synthetic FinalFlow scenario inputs; not observed event operations.
staggered_departure,2026-07-19T19:45:00Z,285,post_match,meadowlands_to_stadium,0,900,0,0.0,0,derived,Derived from synthetic FinalFlow scenario inputs; not observed event operations.
staggered_departure,2026-07-19T19:45:00Z,285,post_match,stadium_to_meadowlands,0,900,0,0.0,0,derived,Derived from synthetic FinalFlow scenario inputs; not observed event operations.
staggered_departure,2026-07-19T19:50:00Z,290,post_match,midtown_to_penn_station,0,600,0,0.0,0,derived,Derived from synthetic FinalFlow scenario inputs; not observed event operations.
staggered_departure,2026-07-19T19:50:00Z,290,post_match,penn_station_to_midtown,124,600,124,0.20666666666666667,372,derived,Derived from synthetic FinalFlow scenario inputs; not observed event operations.
staggered_departure,2026-07-19T19:50:00Z,290,post_match,penn_station_to_secaucus,0,900,0,0.0,0,derived,Derived from synthetic FinalFlow scenario inputs; not observed event operations.
staggered_departure,2026-07-19T19:50:00Z,290,post_match,secaucus_to_penn_station,0,900,0,0.0,0,derived,Derived from synthetic FinalFlow scenario inputs; not observed event operations.
staggered_departure,2026-07-19T19:50:00Z,290,post_match,secaucus_to_meadowlands,0,600,0,0.0,0,derived,Derived from synthetic FinalFlow scenario inputs; not observed event operations.
staggered_departure,2026-07-19T19:50:00Z,290,post_match,meadowlands_to_secaucus,0,600,0,0.0,0,derived,Derived from synthetic FinalFlow scenario inputs; not observed event operations.
staggered_departure,2026-07-19T19:50:00Z,290,post_match,meadowlands_to_stadium,0,900,0,0.0,0,derived,Derived from synthetic FinalFlow scenario inputs; not observed event operations.
staggered_departure,2026-07-19T19:50:00Z,290,post_match,stadium_to_meadowlands,0,900,0,0.0,0,derived,Derived from synthetic FinalFlow scenario inputs; not observed event operations.
staggered_departure,2026-07-19T19:55:00Z,295,post_match,midtown_to_penn_station,0,600,0,0.0,0,derived,Derived from synthetic FinalFlow scenario inputs; not observed event operations.
staggered_departure,2026-07-19T19:55:00Z,295,post_match,penn_station_to_midtown,0,600,0,0.0,248,derived,Derived from synthetic FinalFlow scenario inputs; not observed event operations.
staggered_departure,2026-07-19T19:55:00Z,295,post_match,penn_station_to_secaucus,0,900,0,0.0,0,derived,Derived from synthetic FinalFlow scenario inputs; not observed event operations.
staggered_departure,2026-07-19T19:55:00Z,295,post_match,secaucus_to_penn_station,0,900,0,0.0,0,derived,Derived from synthetic FinalFlow scenario inputs; not observed event operations.
staggered_departure,2026-07-19T19:55:00Z,295,post_match,secaucus_to_meadowlands,0,600,0,0.0,0,derived,Derived from synthetic FinalFlow scenario inputs; not observed event operations.
staggered_departure,2026-07-19T19:55:00Z,295,post_match,meadowlands_to_secaucus,0,600,0,0.0,0,derived,Derived from synthetic FinalFlow scenario inputs; not observed event operations.
staggered_departure,2026-07-19T19:55:00Z,295,post_match,meadowlands_to_stadium,0,900,0,0.0,0,derived,Derived from synthetic FinalFlow scenario inputs; not observed event operations.
staggered_departure,2026-07-19T19:55:00Z,295,post_match,stadium_to_meadowlands,0,900,0,0.0,0,derived,Derived from synthetic FinalFlow scenario inputs; not observed event operations.
staggered_departure,2026-07-19T20:00:00Z,300,post_match,midtown_to_penn_station,0,600,0,0.0,0,derived,Derived from synthetic FinalFlow scenario inputs; not observed event operations.
staggered_departure,2026-07-19T20:00:00Z,300,post_match,penn_station_to_midtown,0,600,0,0.0,124,derived,Derived from synthetic FinalFlow scenario inputs; not observed event operations.
staggered_departure,2026-07-19T20:00:00Z,300,post_match,penn_station_to_secaucus,0,900,0,0.0,0,derived,Derived from synthetic FinalFlow scenario inputs; not observed event operations.
staggered_departure,2026-07-19T20:00:00Z,300,post_match,secaucus_to_penn_station,0,900,0,0.0,0,derived,Derived from synthetic FinalFlow scenario inputs; not observed event operations.
staggered_departure,2026-07-19T20:00:00Z,300,post_match,secaucus_to_meadowlands,0,600,0,0.0,0,derived,Derived from synthetic FinalFlow scenario inputs; not observed event operations.
staggered_departure,2026-07-19T20:00:00Z,300,post_match,meadowlands_to_secaucus,0,600,0,0.0,0,derived,Derived from synthetic FinalFlow scenario inputs; not observed event operations.
staggered_departure,2026-07-19T20:00:00Z,300,post_match,meadowlands_to_stadium,0,900,0,0.0,0,derived,Derived from synthetic FinalFlow scenario inputs; not observed event operations.
staggered_departure,2026-07-19T20:00:00Z,300,post_match,stadium_to_meadowlands,0,900,0,0.0,0,derived,Derived from synthetic FinalFlow scenario inputs; not observed event operations.
staggered_departure,2026-07-19T20:05:00Z,305,post_match,midtown_to_penn_station,0,600,0,0.0,0,derived,Derived from synthetic FinalFlow scenario inputs; not observed event operations.
staggered_departure,2026-07-19T20:05:00Z,305,post_match,penn_station_to_midtown,0,600,0,0.0,0,derived,Derived from synthetic FinalFlow scenario inputs; not observed event operations.
staggered_departure,2026-07-19T20:05:00Z,305,post_match,penn_station_to_secaucus,0,900,0,0.0,0,derived,Derived from synthetic FinalFlow scenario inputs; not observed event operations.
staggered_departure,2026-07-19T20:05:00Z,305,post_match,secaucus_to_penn_station,0,900,0,0.0,0,derived,Derived from synthetic FinalFlow scenario inputs; not observed event operations.
staggered_departure,2026-07-19T20:05:00Z,305,post_match,secaucus_to_meadowlands,0,600,0,0.0,0,derived,Derived from synthetic FinalFlow scenario inputs; not observed event operations.
staggered_departure,2026-07-19T20:05:00Z,305,post_match,meadowlands_to_secaucus,0,600,0,0.0,0,derived,Derived from synthetic FinalFlow scenario inputs; not observed event operations.
staggered_departure,2026-07-19T20:05:00Z,305,post_match,meadowlands_to_stadium,0,900,0,0.0,0,derived,Derived from synthetic FinalFlow scenario inputs; not observed event operations.
staggered_departure,2026-07-19T20:05:00Z,305,post_match,stadium_to_meadowlands,0,900,0,0.0,0,derived,Derived from synthetic FinalFlow scenario inputs; not observed event operations.
staggered_departure,2026-07-19T20:10:00Z,310,post_match,midtown_to_penn_station,0,600,0,0.0,0,derived,Derived from synthetic FinalFlow scenario inputs; not observed event operations.
staggered_departure,2026-07-19T20:10:00Z,310,post_match,penn_station_to_midtown,0,600,0,0.0,0,derived,Derived from synthetic FinalFlow scenario inputs; not observed event operations.
staggered_departure,2026-07-19T20:10:00Z,310,post_match,penn_station_to_secaucus,0,900,0,0.0,0,derived,Derived from synthetic FinalFlow scenario inputs; not observed event operations.
staggered_departure,2026-07-19T20:10:00Z,310,post_match,secaucus_to_penn_station,0,900,0,0.0,0,derived,Derived from synthetic FinalFlow scenario inputs; not observed event operations.
staggered_departure,2026-07-19T20:10:00Z,310,post_match,secaucus_to_meadowlands,0,600,0,0.0,0,derived,Derived from synthetic FinalFlow scenario inputs; not observed event operations.
staggered_departure,2026-07-19T20:10:00Z,310,post_match,meadowlands_to_secaucus,0,600,0,0.0,0,derived,Derived from synthetic FinalFlow scenario inputs; not observed event operations.
staggered_departure,2026-07-19T20:10:00Z,310,post_match,meadowlands_to_stadium,0,900,0,0.0,0,derived,Derived from synthetic FinalFlow scenario inputs; not observed event operations.
staggered_departure,2026-07-19T20:10:00Z,310,post_match,stadium_to_meadowlands,0,900,0,0.0,0,derived,Derived from synthetic FinalFlow scenario inputs; not observed event operations.
staggered_departure,2026-07-19T20:15:00Z,315,post_match,midtown_to_penn_station,0,600,0,0.0,0,derived,Derived from synthetic FinalFlow scenario inputs; not observed event operations.
staggered_departure,2026-07-19T20:15:00Z,315,post_match,penn_station_to_midtown,0,600,0,0.0,0,derived,Derived from synthetic FinalFlow scenario inputs; not observed event operations.
staggered_departure,2026-07-19T20:15:00Z,315,post_match,penn_station_to_secaucus,0,900,0,0.0,0,derived,Derived from synthetic FinalFlow scenario inputs; not observed event operations.
staggered_departure,2026-07-19T20:15:00Z,315,post_match,secaucus_to_penn_station,0,900,0,0.0,0,derived,Derived from synthetic FinalFlow scenario inputs; not observed event operations.
staggered_departure,2026-07-19T20:15:00Z,315,post_match,secaucus_to_meadowlands,0,600,0,0.0,0,derived,Derived from synthetic FinalFlow scenario inputs; not observed event operations.
staggered_departure,2026-07-19T20:15:00Z,315,post_match,meadowlands_to_secaucus,0,600,0,0.0,0,derived,Derived from synthetic FinalFlow scenario inputs; not observed event operations.
staggered_departure,2026-07-19T20:15:00Z,315,post_match,meadowlands_to_stadium,0,900,0,0.0,0,derived,Derived from synthetic FinalFlow scenario inputs; not observed event operations.
staggered_departure,2026-07-19T20:15:00Z,315,post_match,stadium_to_meadowlands,0,900,0,0.0,0,derived,Derived from synthetic FinalFlow scenario inputs; not observed event operations.
